name,handle,root_category_name,second_category_name,third_category_name,website,metadata,rank,ispopular
Coco & Eve,coco-eve,Beauty,Skin Care,Body,,,,
Aiyorse,aiyorse,Beauty,Makeup,Makeup Palettes,,,,
Glutanex,glutanex,Beauty,Skin Care,Face,,,,
Hauojaus,hauojaus,Beauty,Hair Care,Hair Cutting Tools,,,,
Stacool,stacool,Electronics,Car & Vehicle Electronics,Vehicle GPS,,,,
Techkey,techkey,Electronics,Computers & Accessories,Networking Products,,,,
DENTTACH,denttach,Beauty,Oral Care,Denture Care,,,,
Aster,aster,Beauty,Personal Care,Piercing & Tattoo Supplies,,,,
HEARTIT,heartit,Beauty,Hair Care,Hair Coloring Products,,,,
ACUMEN,acumen,Electronics,Car & Vehicle Electronics,Car Electronics,,,,
Aswewamt,aswewamt,Beauty,Shave & Hair Removal,Women's,,,,
MIG4U,mig4u,Beauty,"Foot, Hand & Nail Care",Foot & Hand Care,,,,
VITMOORY,vitmoory,Beauty,Hair Care,Styling Tools & Appliances,,,,
PandaShield,pandashield,Electronics,eBook Readers & Accessories,Screen Protectors,,,,
theBalm,thebalm,Beauty,Skin Care,Face,,,,
lilybyred,lilybyred,Beauty,Makeup,Lips,,,,
Rercarre,rercarre,Beauty,"Foot, Hand & Nail Care",Nail Care,,,,
The Honest Company,the-honest-company,Beauty,Skin Care,Maternity,,,,
REVLON,revlon,Beauty,Skin Care,Lip Care,revlon.com,,,1
ASA,asa,Electronics,Car & Vehicle Electronics,Aviation Electronics,,,,
V&CO,v-co,Beauty,Hair Care,Shampoo & Conditioner,,,,
ShowOffs Body Art,showoffs-body-art,Beauty,Makeup,Body,,,,
KECUCO,kecuco,Beauty,Personal Care,Bath & Bathing Accessories,,,,
FELICON,felicon,Electronics,Accessories & Supplies,Computer Accessories,,,,
Tengchi,tengchi,Electronics,Accessories & Supplies,Television Accessories,,,,
Philips Sonicare,philips-sonicare,Beauty,Oral Care,Dental Floss & Picks,,,,
NYX PROFESSIONAL MAKEUP,nyx-professional-makeup,Beauty,Makeup,Eyes,nyxcosmetics.com,,,1
Favorict,favorict,Beauty,Shave & Hair Removal,Men's,,,,
Poshe,poshe,Beauty,"Foot, Hand & Nail Care",Nail Art & Polish,,,,
Shaver Aid,shaver-aid,Beauty,Shave & Hair Removal,Men's,,,,
ARCSTILL,arcstill,Electronics,Accessories & Supplies,Computer Accessories,,,,
RNVEASS,rnveass,Electronics,Accessories & Supplies,Vehicle Electronics Accessories,,,,
Jack Black,jack-black,Beauty,Skin Care,Lip Care,,,,
Siveit,siveit,Electronics,Accessories & Supplies,Audio & Video Accessories,,,,
RUGLAMZHIP,ruglamzhip,Electronics,Accessories & Supplies,Cord Management,,,,
DeEnti,deenti,Beauty,"Foot, Hand & Nail Care",Tools & Accessories,,,,
R+Co,r-co,Beauty,Hair Care,Hair Masks,,,,
HAWINK,hawink,Beauty,Personal Care,Piercing & Tattoo Supplies,,,,
MORELECS,morelecs,Electronics,Accessories & Supplies,Cables,,,,
MeLE,mele,Electronics,Computers & Accessories,Computers & Tablets,,,,
South Of France,south-of-france,Beauty,"Foot, Hand & Nail Care",Foot & Hand Care,,,,
ANKHOH,ankhoh,Electronics,Accessories & Supplies,Cell Phone Accessories,,,,
IMAGE Skincare,image-skincare,Beauty,Skin Care,Face,,,,
Licoseam,licoseam,Beauty,Hair Care,Styling Tools & Appliances,,,,
Snpurdiri,snpurdiri,Electronics,Accessories & Supplies,Computer Accessories,,,,
Generic,generic,Beauty,Makeup,Makeup Remover,,,,
Mudder,mudder,Beauty,Shave & Hair Removal,Women's,,,,
Equinox International,equinox-international,Beauty,Hair Care,Hair Cutting Tools,,,,
SORMÉ,sorm-,Beauty,Makeup,Lips,,,,
InstallGear,installgear,Electronics,Accessories & Supplies,Vehicle Electronics Accessories,,,,
KUGEW,kugew,Electronics,Cell Phones & Accessories,"Cases, Holsters & Clips",,,,
YETLEBOX,yetlebox,Electronics,Accessories & Supplies,Vehicle Electronics Accessories,,,,
KLIM,klim,Electronics,Accessories & Supplies,Computer Accessories,,,,
Ipetboom,ipetboom,Beauty,Shave & Hair Removal,Women's,,,,
LAMEIZ,lameiz,Beauty,Oral Care,Dental Floss & Picks,,,,
T.TAOMI,t-taomi,Electronics,Portable Audio & Video,Radios,,,,
CourtStencil,courtstencil,Beauty,Hair Care,Hair Coloring Products,,,,
LyxPro,lyxpro,Electronics,Accessories & Supplies,Microphones,,,,
Crosseagle,crosseagle,Electronics,Portable Audio & Video,Digital Voice Recorders,,,,
Allies of Skin,allies-of-skin,Beauty,Skin Care,Sunscreens & Tanning Products,,,,
Chemailon,chemailon,Beauty,"Foot, Hand & Nail Care",Nail Art & Polish,,,,
Panasonic,panasonic,Electronics,Accessories & Supplies,"Batteries, Chargers & Accessories",panasonic.com,,,
QRxLabs,qrxlabs,Beauty,Skin Care,Face,,,,
LONDONTOWN,londontown,Beauty,"Foot, Hand & Nail Care",Tools & Accessories,,,,
3zorqinron,3zorqinron,Beauty,"Foot, Hand & Nail Care",Nail Art & Polish,,,,
YHFGTTIO,yhfgttio,Beauty,Skin Care,Face,,,,
XHUCHINMAL,xhuchinmal,Electronics,Accessories & Supplies,"Batteries, Chargers & Accessories",,,,
Rose bud,rose-bud,Beauty,Hair Care,"Extensions, Wigs & Accessories",,,,
ZYBER,zyber,Electronics,Wearable Technology,Accessories,,,,
LoveBB,lovebb,Beauty,"Foot, Hand & Nail Care",Nail Art & Polish,,,,
YMCRLUX,ymcrlux,Electronics,Accessories & Supplies,Cord Management,,,,
ARRIS,arris,Electronics,Computers & Accessories,Networking Products,arris.com,,,
Vanfa,vanfa,Beauty,"Foot, Hand & Nail Care",Nail Art & Polish,,,,
LAIKOU,laikou,Beauty,Skin Care,Sets & Kits,,,,
Explore Scientific,explore-scientific,Electronics,Camera & Photo,Binoculars & Scopes,,,,
Vzesavc,vzesavc,Electronics,Accessories & Supplies,Vehicle Electronics Accessories,,,,
MOSISO,mosiso,Electronics,Accessories & Supplies,Computer Accessories,,,,
QXA,qxa,Electronics,Accessories & Supplies,Cell Phone Accessories,,,,
CAN-MEAGEREN,can-meageren,Electronics,Accessories & Supplies,Computer Accessories,,,,
The Pultool,the-pultool,Beauty,Oral Care,Denture Care,,,,
Strpump,strpump,Electronics,Car & Vehicle Electronics,Car Electronics,,,,
OSTENT,ostent,Electronics,Video Game Consoles & Accessories,Xbox 360,,,,
Sunicon,sunicon,Beauty,Shave & Hair Removal,Women's,,,,
Electrohome,electrohome,Electronics,Home Audio,Speakers,,,,
MAGNAVOX,magnavox,Electronics,Television & Video,DVD Players & Recorders,magnavox.com,,,
LAJCAEN,lajcaen,Beauty,Shave & Hair Removal,Women's,,,,
HORI,hori,Electronics,Video Game Consoles & Accessories,Wii,,,,
Mugler,mugler,Beauty,Fragrance,Women's,,,,
SUNMON,sunmon,Electronics,Accessories & Supplies,Microphones,,,,
Psalmonica,psalmonica,Beauty,Hair Care,Hair Loss Products,,,,
SFOPORD,sfopord,Beauty,"Foot, Hand & Nail Care",Foot & Hand Care,,,,
Herbal Essences,herbal-essences,Beauty,Hair Care,Styling Products,,,,
LU2000,lu2000,Electronics,Accessories & Supplies,Computer Accessories,,,,
ATTITUDE,attitude,Beauty,Skin Care,Body,,,,
Frida Mom,frida-mom,Beauty,Skin Care,Maternity,,,,
depology,depology,Beauty,Skin Care,Face,,,,
SubSahara,subsahara,Beauty,Personal Care,Bath & Bathing Accessories,,,,
MARLOWE.,marlowe-,Beauty,Skin Care,Face,,,,
SPGUARD,spguard,Electronics,Wearable Technology,Accessories,,,,
AJP,ajp,Beauty,"Foot, Hand & Nail Care",Nail Art & Polish,,,,
Red Heart,red-heart,Electronics,Computers & Accessories,Computers & Tablets,,,,
OneLeaf,oneleaf,Electronics,Accessories & Supplies,Cord Management,,,,
Oben,oben,Electronics,Accessories & Supplies,Camera & Photo Accessories,,,,
CUCESH,cucesh,Electronics,Accessories & Supplies,Telephone Accessories,,,,
BLACK GIRL SUNSCREEN,black-girl-sunscreen,Beauty,Skin Care,Sunscreens & Tanning Products,,,,
Ark Lighting,ark-lighting,Electronics,Accessories & Supplies,Camera & Photo Accessories,,,,
Auphonix,auphonix,Electronics,Accessories & Supplies,Microphones,,,,
BODY & EARTH,body-earth,Beauty,Skin Care,Body,,,,
TOOLETRIES,tooletries,Beauty,Personal Care,Bath & Bathing Accessories,,,,
Sony,sony,Electronics,Accessories & Supplies,Camera & Photo Accessories,sony.com,,,
The Ayurveda Experience,the-ayurveda-experience,Beauty,Skin Care,Face,,,,
BTDCVS,btdcvs,Electronics,Accessories & Supplies,Cables,,,,
The Grandpa Soap Company,the-grandpa-soap-company,Beauty,Skin Care,Body,,,,
Belkin,belkin,Electronics,Accessories & Supplies,Vehicle Electronics Accessories,belkin.com,,,
BLADE PRO,blade-pro,Beauty,Shave & Hair Removal,Men's,,,,
Unilever,unilever,Beauty,"Foot, Hand & Nail Care",Foot & Hand Care,,,,
philosophy,philosophy,Beauty,Skin Care,Body,,,,
CALA,cala,Beauty,"Foot, Hand & Nail Care",Nail Art & Polish,,,,
MIILYE BEAUTY,miilye-beauty,Beauty,Hair Care,"Extensions, Wigs & Accessories",,,,
Teyomi,teyomi,Electronics,Accessories & Supplies,Office Electronics Accessories,,,,
Easkep,easkep,Beauty,"Foot, Hand & Nail Care",Nail Art & Polish,,,,
HdtvHookup,hdtvhookup,Electronics,Accessories & Supplies,Television Accessories,,,,
sourcing map,sourcing-map,Electronics,Accessories & Supplies,Audio & Video Accessories,,,,
COSULAN,cosulan,Electronics,Accessories & Supplies,Cell Phone Accessories,,,,
JAETON,jaeton,Beauty,Hair Care,Styling Tools & Appliances,,,,
JOHNNY B.,johnny-b-,Beauty,Hair Care,Styling Products,,,,
NovelGoal,novelgoal,Electronics,Accessories & Supplies,Camera & Photo Accessories,,,,
Bydezcon,bydezcon,Beauty,"Foot, Hand & Nail Care",Nail Art & Polish,,,,
GANDASHI,gandashi,Electronics,Accessories & Supplies,Camera & Photo Accessories,,,,
Epsoak,epsoak,Beauty,Personal Care,Bath & Bathing Accessories,,,,
PRETYZOOM,pretyzoom,Electronics,Accessories & Supplies,Vehicle Electronics Accessories,,,,
Somime,somime,Electronics,Accessories & Supplies,Camera & Photo Accessories,,,,
Clarins,clarins,Beauty,Skin Care,Sunscreens & Tanning Products,clarins.com,,,1
A|K|И Cosmetix,a-k-cosmetix,Beauty,Makeup,Eyes,,,,
EWA,ewa,Electronics,Accessories & Supplies,Cell Phone Accessories,,,,
HVMLAK,hvmlak,Electronics,Accessories & Supplies,Vehicle Electronics Accessories,,,,
Perfumer's Workshop,perfumer-s-workshop,Beauty,Fragrance,Women's,,,,
ABUSVEX,abusvex,Electronics,Accessories & Supplies,Cell Phone Accessories,,,,
GELLEN,gellen,Beauty,"Foot, Hand & Nail Care",Nail Art & Polish,,,,
TOPESEL,topesel,Electronics,Accessories & Supplies,Camera & Photo Accessories,,,,
BPrettier,bprettier,Beauty,"Foot, Hand & Nail Care",Tools & Accessories,,,,
GuruNanda,gurunanda,Beauty,Oral Care,Teeth Whitening,,,,
Xzrucst,xzrucst,Electronics,Accessories & Supplies,Vehicle Electronics Accessories,,,,
KING,king,Electronics,Accessories & Supplies,Cell Phone Accessories,,,,
TRESemmé,tresemm-,Beauty,Hair Care,Hair Coloring Products,,,,
Tamron,tamron,Electronics,Camera & Photo,Lenses,tamron.com,,,1
ARTDECO,artdeco,Beauty,Makeup,Eyes,,,,
Latika,latika,Beauty,Personal Care,Bath & Bathing Accessories,,,,
fafortune,fafortune,Beauty,Shave & Hair Removal,Women's,,,,
PIIHUSW,piihusw,Electronics,Accessories & Supplies,Cables,,,,
Eynshoo,eynshoo,Electronics,Wearable Technology,Glasses,,,,
ConnBull,connbull,Electronics,Accessories & Supplies,Computer Accessories,,,,
Bivisen,bivisen,Electronics,Accessories & Supplies,Vehicle Electronics Accessories,,,,
IMC Audio,imc-audio,Electronics,Accessories & Supplies,Vehicle Electronics Accessories,,,,
Skar Audio,skar-audio,Electronics,Accessories & Supplies,Audio & Video Accessories,,,,
YIMU,yimu,Electronics,Car & Vehicle Electronics,Car Electronics,,,,
Elmchee,elmchee,Beauty,"Foot, Hand & Nail Care",Tools & Accessories,,,,
QUEENTI,queenti,Electronics,Computers & Accessories,Networking Products,,,,
Stealth Balms,stealth-balms,Beauty,Skin Care,Lip Care,,,,
Baypify,baypify,Electronics,Accessories & Supplies,Camera & Photo Accessories,,,,
BINGFU,bingfu,Electronics,Accessories & Supplies,Vehicle Electronics Accessories,,,,
LIJIANI,lijiani,Electronics,Portable Audio & Video,Radios,,,,
HAIFOTRVA,haifotrva,Beauty,Oral Care,Mouthwash,,,,
Protescreen,protescreen,Electronics,Computers & Accessories,Laptop Accessories,,,,
Lure Essentials,lure-essentials,Beauty,Skin Care,Eyes,,,,
BENSN,bensn,Electronics,Accessories & Supplies,Camera & Photo Accessories,,,,
XQ XIAO QIAO,xq-xiao-qiao,Electronics,Accessories & Supplies,Television Accessories,,,,
SleekSnip,sleeksnip,Beauty,Shave & Hair Removal,Men's,,,,
ZAPOGO,zapogo,Electronics,Accessories & Supplies,Cell Phone Accessories,,,,
Soft & Beautiful,soft-beautiful,Beauty,Hair Care,"Hair Perms, Relaxers & Texturizers",,,,
DTianSir,dtiansir,Electronics,Video Game Consoles & Accessories,Wii,,,,
Garmin,garmin,Electronics,Wearable Technology,Accessories,garmin.com,,,
Ryo,ryo,Beauty,Hair Care,Hair Loss Products,,,,
Alagoo,alagoo,Electronics,Accessories & Supplies,Vehicle Electronics Accessories,,,,
KAKAPOZO,kakapozo,Electronics,Accessories & Supplies,Computer Accessories,,,,
SHUNJINRUN,shunjinrun,Electronics,Accessories & Supplies,Computer Accessories,,,,
SAISZE,saisze,Beauty,"Foot, Hand & Nail Care",Tools & Accessories,,,,
PBAEGAV,pbaegav,Electronics,Accessories & Supplies,Audio & Video Accessories,,,,
PXLISIE,pxlisie,Beauty,Shave & Hair Removal,Men's,,,,
DHYANAOM,dhyanaom,Electronics,Accessories & Supplies,Vehicle Electronics Accessories,,,,
ElySeoul,elyseoul,Beauty,Skin Care,Face,,,,
Elemental Herbology,elemental-herbology,Beauty,Personal Care,Bath & Bathing Accessories,,,,
Lutrace,lutrace,Electronics,Accessories & Supplies,Audio & Video Accessories,,,,
LOONASA,loonasa,Electronics,Accessories & Supplies,Computer Accessories,,,,
Z ZOTHINGTON,z-zothington,Electronics,Car & Vehicle Electronics,Car Electronics,,,,
Setonia,setonia,Beauty,Shave & Hair Removal,Men's,,,,
Viclowlpfe,viclowlpfe,Electronics,Computers & Accessories,Tablet Accessories,,,,
Nikon,nikon,Electronics,Accessories & Supplies,Camera & Photo Accessories,nikon.com,,,
RASTKY,rastky,Electronics,Accessories & Supplies,Television Accessories,,,,
ssouwao,ssouwao,Electronics,Accessories & Supplies,Cell Phone Accessories,,,,
Shears Professional,shears-professional,Beauty,Hair Care,Hair Cutting Tools,,,,
Crusellas,crusellas,Beauty,Fragrance,Women's,,,,
BenLiDianYe,benlidianye,Electronics,Accessories & Supplies,Cell Phone Accessories,,,,
QincLing,qincling,Electronics,Accessories & Supplies,Vehicle Electronics Accessories,,,,
YKL,ykl,Beauty,Oral Care,Denture Care,,,,
Mantello,mantello,Beauty,"Foot, Hand & Nail Care",Tools & Accessories,,,,
Tomotato,tomotato,Electronics,Accessories & Supplies,Computer Accessories,,,,
LZEOY,lzeoy,Electronics,Accessories & Supplies,Cord Management,,,,
APC,apc,Electronics,Accessories & Supplies,"Batteries, Chargers & Accessories",apc.com,,,
PHOLSY,pholsy,Electronics,Accessories & Supplies,Camera & Photo Accessories,,,,
AddFavor,addfavor,Beauty,"Foot, Hand & Nail Care",Nail Art & Polish,,,,
Cicatricure,cicatricure,Beauty,Skin Care,Eyes,,,,
OLDCAMS,oldcams,Electronics,Camera & Photo,Film Photography,,,,
Mdmcjmzj,mdmcjmzj,Electronics,Accessories & Supplies,Office Electronics Accessories,,,,
Abaodam,abaodam,Electronics,Accessories & Supplies,Microphones,,,,
Public Goods,public-goods,Beauty,Makeup,Makeup Remover,,,,
YOUYIEN,youyien,Electronics,Accessories & Supplies,Vehicle Electronics Accessories,,,,
Purgenic,purgenic,Beauty,"Foot, Hand & Nail Care",Nail Art & Polish,,,,
HJHYUL,hjhyul,Electronics,Accessories & Supplies,Computer Accessories,,,,
WOWSAI,wowsai,Electronics,Accessories & Supplies,Audio & Video Accessories,,,,
FUNSHOWCASE,funshowcase,Beauty,"Foot, Hand & Nail Care",Nail Art & Polish,,,,
Bawanfa Plus,bawanfa-plus,Electronics,Accessories & Supplies,Computer Accessories,,,,
MXBR.BORIS-DC,mxbr-boris-dc,Electronics,Accessories & Supplies,Computer Accessories,,,,
MaximalPower,maximalpower,Electronics,Accessories & Supplies,"Batteries, Chargers & Accessories",,,,
elxjar,elxjar,Electronics,Accessories & Supplies,"Batteries, Chargers & Accessories",,,,
Culnflun,culnflun,Electronics,Accessories & Supplies,Cell Phone Accessories,,,,
JIANYANG,jianyang,Electronics,Accessories & Supplies,Computer Accessories,,,,
VC VERTICAL CABLE,vc-vertical-cable,Electronics,Accessories & Supplies,Computer Accessories,,,,
Tweezerman,tweezerman,Beauty,"Foot, Hand & Nail Care",Nail Care,,,,
Daeng Gi Meo Ri,daeng-gi-meo-ri,Beauty,Hair Care,Hair Loss Products,,,,
NooElec,nooelec,Electronics,Computers & Accessories,Computer Components,,,,
Oplope,oplope,Beauty,Shave & Hair Removal,Women's,,,,
Calvin Klein,calvin-klein,Beauty,Shave & Hair Removal,Men's,,,,
JZko,jzko,Beauty,Hair Care,Hair Cutting Tools,,,,
Chimailong,chimailong,Electronics,Accessories & Supplies,Vehicle Electronics Accessories,,,,
MuagoChic,muagochic,Electronics,Wearable Technology,Accessories,,,,
PDEEY,pdeey,Beauty,Shave & Hair Removal,Women's,,,,
Ramzi,ramzi,Electronics,Accessories & Supplies,Microphones,,,,
BELOMI,belomi,Electronics,Accessories & Supplies,Vehicle Electronics Accessories,,,,
Medpeel,medpeel,Beauty,Skin Care,Face,,,,
qiipii,qiipii,Beauty,"Foot, Hand & Nail Care",Nail Art & Polish,,,,
XINLEI,xinlei,Electronics,Accessories & Supplies,Computer Accessories,,,,
Strand Builder,strand-builder,Beauty,Hair Care,Hair Loss Products,,,,
KITNOBLIS,kitnoblis,Beauty,"Foot, Hand & Nail Care",Nail Care,,,,
Mario Badescu,mario-badescu,Beauty,Skin Care,Lip Care,mariobadescu.com,,,1
TSSRadio,tssradio,Electronics,Car & Vehicle Electronics,Car Electronics,,,,
FANSHI,fanshi,Beauty,"Foot, Hand & Nail Care",Nail Care,,,,
Epilady,epilady,Beauty,Shave & Hair Removal,Women's,,,,
Wahl,wahl,Beauty,Shave & Hair Removal,Women's,wahl.com,,,
Haosie,haosie,Beauty,Shave & Hair Removal,Men's,,,,
MOOKEERF,mookeerf,Electronics,Accessories & Supplies,Cables,,,,
UGREEN,ugreen,Electronics,Accessories & Supplies,Cell Phone Accessories,ugreen.com,,,
Wellrox,wellrox,Beauty,Skin Care,Eyes,,,,
Rós de Mer,r-s-de-mer,Beauty,Hair Care,Hair Loss Products,,,,
SOME BY MI,some-by-mi,Beauty,Skin Care,Face,,,,
AMZAIZO,amzaizo,Electronics,Wearable Technology,Rings,,,,
GUESS,guess,Beauty,Fragrance,Men's,,,,
ZERNBER,zernber,Electronics,Accessories & Supplies,Television Accessories,,,,
gülsha,g-lsha,Beauty,Skin Care,Face,,,,
USR,usr,Electronics,Computers & Accessories,Computer Components,,,,
SafeAMP,safeamp,Electronics,Accessories & Supplies,"Batteries, Chargers & Accessories",,,,
Outdoor Guardian,outdoor-guardian,Electronics,Camera & Photo,Binoculars & Scopes,,,,
Fancy Land,fancy-land,Beauty,Makeup,Body,,,,
YANDY,yandy,Beauty,Oral Care,Orthodontic Supplies,,,,
CENYIDU,cenyidu,Electronics,Computers & Accessories,Laptop Accessories,,,,
BOENFU,boenfu,Electronics,Accessories & Supplies,Computer Accessories,,,,
JNGOODS,jngoods,Beauty,Oral Care,Dental Floss & Picks,,,,
POSUGEAR,posugear,Electronics,Accessories & Supplies,Computer Accessories,,,,
Beauty Star,beauty-star,Beauty,Skin Care,Face,,,,
MFLDSFLHM,mfldsflhm,Electronics,Computers & Accessories,Tablet Replacement Parts,,,,
InnoGear,innogear,Electronics,Accessories & Supplies,Microphones,,,,
ANUA,anua,Beauty,Skin Care,Eyes,,,,
biaze,biaze,Electronics,Accessories & Supplies,Computer Accessories,,,,
MXCZBSM,mxczbsm,Beauty,"Foot, Hand & Nail Care",Foot & Hand Care,,,,
GE,ge,Electronics,Accessories & Supplies,Home Audio Accessories,,,,
cotsoco,cotsoco,Electronics,Home Audio,Turntables & Accessories,,,,
VVHOOY,vvhooy,Electronics,Camera & Photo,Video,,,,
Gonine,gonine,Electronics,Computers & Accessories,Tablet Accessories,,,,
NIMOSA,nimosa,Electronics,Computers & Accessories,Tablet Accessories,,,,
imComor,imcomor,Electronics,Accessories & Supplies,Computer Accessories,,,,
VBESTLIFE,vbestlife,Electronics,Accessories & Supplies,Camera & Photo Accessories,,,,
SUPERNIGHT,supernight,Electronics,Computers & Accessories,Computer Components,,,,
Questyle,questyle,Electronics,Accessories & Supplies,Audio & Video Accessories,,,,
ALTO,alto,Electronics,Accessories & Supplies,Microphones,,,,
Fujifilm,fujifilm,Electronics,Accessories & Supplies,Camera & Photo Accessories,fujifilm.com,,,1
Dwellacy,dwellacy,Beauty,Shave & Hair Removal,Men's,,,,
MUESO,mueso,Beauty,Shave & Hair Removal,Men's,,,,
Flatoedu,flatoedu,Beauty,Personal Care,Piercing & Tattoo Supplies,,,,
IRESTCLH,irestclh,Electronics,Accessories & Supplies,Computer Accessories,,,,
Drealoe,drealoe,Beauty,Hair Care,Hair Accessories,,,,
KUNSI,kunsi,Electronics,Accessories & Supplies,Computer Accessories,,,,
PRITECH,pritech,Beauty,Shave & Hair Removal,Women's,,,,
Syntech,syntech,Electronics,Accessories & Supplies,Computer Accessories,,,,
Iconikal,iconikal,Beauty,"Foot, Hand & Nail Care",Tools & Accessories,,,,
Huda,huda,Beauty,Makeup,Makeup Palettes,,,,
Aiweiwa,aiweiwa,Electronics,Accessories & Supplies,Mounts,,,,
Electriduct,electriduct,Electronics,Accessories & Supplies,Vehicle Electronics Accessories,,,,
Nu Skin,nu-skin,Beauty,Skin Care,Body,,,,
M3 Naturals,m3-naturals,Beauty,Skin Care,Face,,,,
JOTO,joto,Electronics,Cell Phones & Accessories,"Cases, Holsters & Clips",,,,
BEST CONNECTIONS,best-connections,Electronics,Accessories & Supplies,Vehicle Electronics Accessories,,,,
Prequel,prequel,Beauty,Skin Care,Sunscreens & Tanning Products,,,,
GF GOFREETECH,gf-gofreetech,Electronics,Accessories & Supplies,Computer Accessories,,,,
GUNMJO,gunmjo,Electronics,Accessories & Supplies,Cell Phone Accessories,,,,
LXUEJIE,lxuejie,Beauty,Hair Care,Hair Accessories,,,,
Geiomoo,geiomoo,Electronics,Accessories & Supplies,Audio & Video Accessories,,,,
ZyraGloz,zyragloz,Beauty,"Foot, Hand & Nail Care",Foot & Hand Care,,,,
General Wire,general-wire,Electronics,Accessories & Supplies,Camera & Photo Accessories,,,,
IPENCILLO,ipencillo,Beauty,"Foot, Hand & Nail Care",Nail Art & Polish,,,,
Tantea,tantea,Beauty,Skin Care,Face,,,,
intpw,intpw,Electronics,Computers & Accessories,Laptop Accessories,,,,
Eight Saints,eight-saints,Beauty,Skin Care,Eyes,,,,
newplenty,newplenty,Electronics,Computers & Accessories,Laptop Accessories,,,,
FOCMKEAS,focmkeas,Electronics,Accessories & Supplies,Audio & Video Accessories,,,,
PHOFAY,phofay,Beauty,Shave & Hair Removal,Women's,,,,
Patchouli Garden,patchouli-garden,Beauty,Fragrance,Children's,,,,
No7,no7,Beauty,Skin Care,Eyes,,,,
Moschino,moschino,Beauty,Fragrance,Sets,,,,
DHNMSYTLF,dhnmsytlf,Beauty,Makeup,Body,,,,
TEREBENTO,terebento,Electronics,Camera & Photo,Video,,,,
SLIK,slik,Electronics,Accessories & Supplies,Camera & Photo Accessories,,,,
Zenithra,zenithra,Electronics,Accessories & Supplies,Cables,,,,
LUKCOZMO,lukcozmo,Electronics,Computers & Accessories,Laptop Accessories,,,,
Mediheal,mediheal,Beauty,Skin Care,Face,,,,
Ptwola,ptwola,Beauty,Hair Care,Hair Coloring Products,,,,
MHADBKH,mhadbkh,Electronics,Accessories & Supplies,Computer Accessories,,,,
K&M,k-m,Electronics,Accessories & Supplies,Microphones,,,,
Hsility,hsility,Electronics,Accessories & Supplies,Cell Phone Accessories,,,,
CCeCCe,ccecce,Electronics,Accessories & Supplies,Vehicle Electronics Accessories,,,,
Ragkun,ragkun,Beauty,Skin Care,Face,,,,
AUEAR,auear,Beauty,Personal Care,Piercing & Tattoo Supplies,,,,
YARCHONN,yarchonn,Electronics,Accessories & Supplies,Cables,,,,
SLON,slon,Electronics,Accessories & Supplies,Computer Accessories,,,,
RALPH LAUREN FRAGRANCES,ralph-lauren-fragrances,Beauty,Fragrance,Men's,,,,
Yardwe,yardwe,Electronics,Accessories & Supplies,Computer Accessories,,,,
PRACOA,pracoa,Electronics,Accessories & Supplies,Cell Phone Accessories,,,,
URBAN DECAY,urban-decay,Beauty,Makeup,Face,urbandecay.com,,,
Simply Vera Vera Wang,simply-vera-vera-wang,Beauty,Makeup,Lips,,,,
GOPOSOO,goposoo,Electronics,Portable Audio & Video,Digital Voice Recorders,,,,
Ultrbeka,ultrbeka,Electronics,"GPS, Finders & Accessories",Item Finders,,,,
Lovaky,lovaky,Electronics,Accessories & Supplies,Computer Accessories,,,,
AIDEA,aidea,Beauty,Hair Care,Hair Accessories,,,,
Heclia,heclia,Beauty,"Foot, Hand & Nail Care",Foot & Hand Care,,,,
RIG,rig,Electronics,Accessories & Supplies,Computer Accessories,,,,
DGK Color Tools,dgk-color-tools,Electronics,Accessories & Supplies,Camera & Photo Accessories,,,,
zdyCGTime,zdycgtime,Electronics,Accessories & Supplies,Cables,,,,
The Men Pen,the-men-pen,Beauty,Hair Care,Hair Coloring Products,,,,
AmRunJe,amrunje,Electronics,Accessories & Supplies,Computer Accessories,,,,
Admire My Skin,admire-my-skin,Beauty,Skin Care,Face,,,,
WintopScope,wintopscope,Electronics,Accessories & Supplies,Camera & Photo Accessories,,,,
Jonsbo,jonsbo,Electronics,Computers & Accessories,Computer Components,,,,
GLOSO,gloso,Electronics,Accessories & Supplies,Vehicle Electronics Accessories,,,,
Antrader,antrader,Electronics,Accessories & Supplies,Computer Accessories,,,,
Zerodeko,zerodeko,Electronics,Accessories & Supplies,Cables,,,,
uxcell,uxcell,Electronics,Accessories & Supplies,Camera & Photo Accessories,,,,
Technical Precision,technical-precision,Electronics,Accessories & Supplies,"Batteries, Chargers & Accessories",,,,
Pumice Valley,pumice-valley,Beauty,"Foot, Hand & Nail Care",Tools & Accessories,,,,
AIYIBEN,aiyiben,Electronics,Accessories & Supplies,Cell Phone Accessories,,,,
Gxcdizx,gxcdizx,Beauty,Shave & Hair Removal,Women's,,,,
Ornan‌full,ornan-full,Beauty,Hair Care,Styling Tools & Appliances,,,,
ePartSolution,epartsolution,Electronics,eBook Readers & Accessories,Power Adapters,,,,
TEETHEORY,teetheory,Beauty,Oral Care,Toothbrushes & Accessories,,,,
Freetune,freetune,Beauty,Shave & Hair Removal,Men's,,,,
Compustar,compustar,Electronics,Car & Vehicle Electronics,Car Electronics,,,,
Automoness,automoness,Beauty,Shave & Hair Removal,Men's,,,,
GREEN ESTETICA,green-estetica,Beauty,"Foot, Hand & Nail Care",Tools & Accessories,,,,
"Dial Industries, Inc.",dial-industries-inc-,Electronics,Accessories & Supplies,"Batteries, Chargers & Accessories",,,,
worfty,worfty,Electronics,Accessories & Supplies,Vehicle Electronics Accessories,,,,
ASTRA,astra,Beauty,Shave & Hair Removal,Men's,,,,
BOHUIZ,bohuiz,Beauty,Hair Care,Hair Coloring Products,,,,
ZHU IN SY,zhu-in-sy,Beauty,"Foot, Hand & Nail Care",Foot & Hand Care,,,,
DLOMFVFQ,dlomfvfq,Beauty,"Foot, Hand & Nail Care",Foot & Hand Care,,,,
Dadanism,dadanism,Electronics,Computers & Accessories,Tablet Accessories,,,,
TNP Products,tnp-products,Electronics,Video Game Consoles & Accessories,Sony PSP,,,,
BulkSupplements,bulksupplements,Beauty,Shave & Hair Removal,Women's,,,,
eDealz,edealz,Electronics,Accessories & Supplies,Camera & Photo Accessories,,,,
PIONEER,pioneer,Electronics,Car & Vehicle Electronics,Car Electronics,,,,
ProtectHobby,protecthobby,Electronics,Accessories & Supplies,Vehicle Electronics Accessories,,,,
AngelReally,angelreally,Electronics,Accessories & Supplies,Camera & Photo Accessories,,,,
Dayton Audio,dayton-audio,Electronics,Accessories & Supplies,Audio & Video Accessories,,,,
WildTundra,wildtundra,Electronics,Accessories & Supplies,Vehicle Electronics Accessories,,,,
Apple,apple,Electronics,Wearable Technology,Accessories,apple.com,,,1
Trader Joe's,trader-joe-s,Beauty,Skin Care,Body,,,,
ORUNO,oruno,Electronics,Accessories & Supplies,Computer Accessories,,,,
Mr. Bubble,mr-bubble,Beauty,Personal Care,Bath & Bathing Accessories,,,,
Teac,teac,Electronics,Accessories & Supplies,Audio & Video Accessories,teac.com,,,
SEACRET,seacret,Beauty,Skin Care,Body,,,,
SUPERONE,superone,Electronics,Accessories & Supplies,Cell Phone Accessories,,,,
ADRICY,adricy,Electronics,Accessories & Supplies,Cell Phone Accessories,,,,
UPPERCASE,uppercase,Electronics,Accessories & Supplies,Computer Accessories,,,,
Victron Energy,victron-energy,Electronics,Accessories & Supplies,"Batteries, Chargers & Accessories",,,,
Probeautyco,probeautyco,Beauty,Makeup,Face,,,,
HiLetgo,hiletgo,Electronics,Accessories & Supplies,Television Accessories,,,,
ANMBEST,anmbest,Electronics,Accessories & Supplies,Computer Accessories,,,,
pureSCRUBS,purescrubs,Beauty,Skin Care,Body,,,,
Goaycer,goaycer,Electronics,Accessories & Supplies,Audio & Video Accessories,,,,
Crystal Pilot,crystal-pilot,Electronics,Car & Vehicle Electronics,Aviation Electronics,,,,
LIVINGTHING,livingthing,Electronics,Accessories & Supplies,Television Accessories,,,,
WALNEW,walnew,Electronics,eBook Readers & Accessories,Sleeves,,,,
PwrON,pwron,Electronics,Accessories & Supplies,Computer Accessories,,,,
FIFINE,fifine,Electronics,Accessories & Supplies,Microphones,,,,
Denorex,denorex,Beauty,Hair Care,Shampoo & Conditioner,,,,
SHOWAIST,showaist,Electronics,Accessories & Supplies,Camera & Photo Accessories,,,,
Equate,equate,Beauty,Hair Care,Hair Loss Products,,,,
Lenovo,lenovo,Electronics,Computers & Accessories,Computers & Tablets,lenovo.com,,,
Monoprice,monoprice,Electronics,Accessories & Supplies,Mounts,,,,
ALKOO,alkoo,Electronics,Accessories & Supplies,Camera & Photo Accessories,,,,
MAËLYS,ma-lys,Beauty,Skin Care,Sets & Kits,,,,
LAURA GELLER NEW YORK,laura-geller-new-york,Beauty,Makeup,Makeup Palettes,,,,
JEONEKID,jeonekid,Beauty,"Foot, Hand & Nail Care",Nail Art & Polish,,,,
Maternea,maternea,Beauty,Skin Care,Maternity,,,,
WEYMIC,weymic,Electronics,Accessories & Supplies,Microphones,,,,
jasavdio,jasavdio,Electronics,Accessories & Supplies,Cables,,,,
TRENDnet,trendnet,Electronics,Computers & Accessories,Networking Products,,,,
YOOGLOW,yooglow,Beauty,"Foot, Hand & Nail Care",Tools & Accessories,,,,
MaerWaw,maerwaw,Beauty,"Foot, Hand & Nail Care",Foot & Hand Care,,,,
Meliya,meliya,Electronics,Accessories & Supplies,Cell Phone Accessories,,,,
1Mii,1mii,Electronics,Accessories & Supplies,Microphones,,,,
BRDRC,brdrc,Electronics,Camera & Photo,Video,,,,
Anjumara,anjumara,Electronics,Accessories & Supplies,Vehicle Electronics Accessories,,,,
Artnaturals,artnaturals,Beauty,Skin Care,Body,,,,
iConcepts,iconcepts,Electronics,eBook Readers & Accessories,Power Adapters,,,,
Kopari,kopari,Beauty,Skin Care,Body,,,,
Out the Door,out-the-door,Beauty,"Foot, Hand & Nail Care",Nail Art & Polish,,,,
KEUYE,keuye,Electronics,Accessories & Supplies,Mounts,,,,
SPARX,sparx,Beauty,Oral Care,Toothbrushes & Accessories,,,,
Yohii,yohii,Electronics,Accessories & Supplies,Computer Accessories,,,,
SCUT,scut,Electronics,Accessories & Supplies,Cell Phone Accessories,,,,
Duke,duke,Beauty,Hair Care,"Hair Perms, Relaxers & Texturizers",,,,
Sunolga,sunolga,Beauty,Hair Care,Hair Accessories,,,,
GiLi,gili,Beauty,Hair Care,Hair Accessories,,,,
cobee,cobee,Beauty,"Foot, Hand & Nail Care",Tools & Accessories,,,,
JBKTD,jbktd,Electronics,Accessories & Supplies,Television Accessories,,,,
CA Perfume,ca-perfume,Beauty,Fragrance,Men's,,,,
LilyAna Naturals,lilyana-naturals,Beauty,Skin Care,Face,,,,
furtherpretty,furtherpretty,Beauty,"Foot, Hand & Nail Care",Nail Art & Polish,,,,
SheaMoisture,sheamoisture,Beauty,Hair Care,Hair Masks,,,,
Nixcer,nixcer,Beauty,Hair Care,Hair Cutting Tools,,,,
Kingston,kingston,Electronics,Accessories & Supplies,Camera & Photo Accessories,kingston.com,,,
Doracome,doracome,Beauty,Skin Care,Eyes,,,,
Gugxiom,gugxiom,Electronics,Computers & Accessories,Computers & Tablets,,,,
SUN COAST SCIENCES,sun-coast-sciences,Beauty,Skin Care,Face,,,,
Burris,burris,Electronics,Camera & Photo,Binoculars & Scopes,,,,
Amazon Basics,amazon-basics,Beauty,Personal Care,Bath & Bathing Accessories,,,,
DUYHBAWRS,duyhbawrs,Electronics,Home Audio,Stereo System Components,,,,
Smays,smays,Electronics,eBook Readers & Accessories,Power Cables,,,,
JNATER,jnater,Beauty,Shave & Hair Removal,Men's,,,,
Abeillo,abeillo,Beauty,Hair Care,Hair Coloring Products,,,,
Maxey Cosmetics,maxey-cosmetics,Beauty,Makeup,Eyes,,,,
DROK,drok,Electronics,Home Audio,Stereo System Components,,,,
CHROMAT,chromat,Beauty,Skin Care,Face,,,,
YIBEICO,yibeico,Electronics,Accessories & Supplies,Microphones,,,,
Estink,estink,Electronics,Accessories & Supplies,Audio & Video Accessories,,,,
Philips,philips,Beauty,Hair Care,Styling Tools & Appliances,philips.com,,,1
Gogoonike,gogoonike,Electronics,Computers & Accessories,Laptop Accessories,,,,
smaate,smaate,Electronics,Accessories & Supplies,Cell Phone Accessories,,,,
SAVUK,savuk,Electronics,Accessories & Supplies,Audio & Video Accessories,,,,
MaxiAids,maxiaids,Electronics,Accessories & Supplies,"Batteries, Chargers & Accessories",,,,
Wander Beauty,wander-beauty,Beauty,Makeup,Eyes,,,,
AKIROOD,akirood,Electronics,Accessories & Supplies,Camera & Photo Accessories,,,,
Neo3D Shop,neo3d-shop,Electronics,Accessories & Supplies,Camera & Photo Accessories,,,,
Hi Color,hi-color,Electronics,Accessories & Supplies,Computer Accessories,,,,
SALVMARY,salvmary,Beauty,"Foot, Hand & Nail Care",Tools & Accessories,,,,
ColourPop,colourpop,Beauty,Makeup,Lips,,,,
BUVLEY,buvley,Beauty,Skin Care,Face,,,,
Formatt Hitech,formatt-hitech,Electronics,Accessories & Supplies,Camera & Photo Accessories,,,,
ZURURU,zururu,Electronics,Wearable Technology,Accessories,,,,
INYFABEL,inyfabel,Beauty,Makeup,Body,,,,
Geti Beauty,geti-beauty,Beauty,Hair Care,Shampoo & Conditioner,,,,
Synergy Digital,synergy-digital,Electronics,Video Game Consoles & Accessories,PlayStation Vita,,,,
Silicherry,silicherry,Beauty,Skin Care,Eyes,,,,
Organic Nails,organic-nails,Beauty,"Foot, Hand & Nail Care",Nail Art & Polish,,,,
Cehony,cehony,Beauty,Hair Care,Hair Accessories,,,,
Chanaco,chanaco,Beauty,Hair Care,Hair Accessories,,,,
BE+WANTS,be-wants,Beauty,Skin Care,Face,,,,
ZENLICO,zenlico,Beauty,Shave & Hair Removal,Women's,,,,
A-Cell,a-cell,Electronics,Accessories & Supplies,Camera & Photo Accessories,,,,
Dr Dennis Gross,dr-dennis-gross,Beauty,Skin Care,Sunscreens & Tanning Products,,,,
WayinTop,wayintop,Electronics,Accessories & Supplies,"Batteries, Chargers & Accessories",,,,
Arvitek,arvitek,Electronics,Accessories & Supplies,Television Accessories,,,,
Roarhowl,roarhowl,Beauty,Makeup,Body,,,,
KORE AVIATION,kore-aviation,Electronics,Car & Vehicle Electronics,Aviation Electronics,,,,
Efsanony,efsanony,Beauty,Shave & Hair Removal,Women's,,,,
Ursa Major,ursa-major,Beauty,Shave & Hair Removal,Women's,,,,
TONOR,tonor,Electronics,Accessories & Supplies,Computer Accessories,,,,
UPTATSUPPLY,uptatsupply,Beauty,Personal Care,Piercing & Tattoo Supplies,,,,
gelike ec,gelike-ec,Beauty,"Foot, Hand & Nail Care",Nail Art & Polish,,,,
Schwarzkopf,schwarzkopf,Beauty,Hair Care,Hair Coloring Products,schwarzkopf.com,,,
QUZOC,quzoc,Electronics,Accessories & Supplies,Camera & Photo Accessories,,,,
Winsyison,winsyison,Beauty,"Foot, Hand & Nail Care",Nail Art & Polish,,,,
BYROKKO,byrokko,Beauty,Skin Care,Sunscreens & Tanning Products,,,,
AQUA BLANCE,aqua-blance,Beauty,Fragrance,Women's,,,,
KYAALN,kyaaln,Beauty,Skin Care,Sunscreens & Tanning Products,,,,
DANNEASY,danneasy,Beauty,"Foot, Hand & Nail Care",Nail Art & Polish,,,,
Moxa,moxa,Electronics,Computers & Accessories,Networking Products,,,,
apiker,apiker,Electronics,Computers & Accessories,Tablet Accessories,,,,
Metra,metra,Electronics,Accessories & Supplies,Vehicle Electronics Accessories,,,,
JiaheRuitai,jiaheruitai,Electronics,Accessories & Supplies,Television Accessories,,,,
MROCO,mroco,Electronics,Accessories & Supplies,Computer Accessories,,,,
Yogode,yogode,Beauty,Hair Care,Hair Accessories,,,,
WILLBOND,willbond,Electronics,Accessories & Supplies,Computer Accessories,,,,
Dyzeryk,dyzeryk,Electronics,Portable Audio & Video,MP3 & MP4 Players,,,,
Zopsc,zopsc,Electronics,Home Audio,Compact Radios & Stereos,,,,
Caress,caress,Beauty,Skin Care,Body,,,,
Tiege Hanley,tiege-hanley,Beauty,Skin Care,Face,,,,
OSTTMA,osttma,Beauty,"Foot, Hand & Nail Care",Nail Art & Polish,,,,
ThtRht,thtrht,Electronics,Computers & Accessories,Computer Components,,,,
Jade East,jade-east,Beauty,Shave & Hair Removal,Men's,,,,
Coty,coty,Beauty,Fragrance,Men's,,,,
SIIG,siig,Electronics,Accessories & Supplies,Television Accessories,,,,
GinTai,gintai,Electronics,Computers & Accessories,Computer Components,,,,
HAHIYO,hahiyo,Electronics,Accessories & Supplies,"Batteries, Chargers & Accessories",,,,
MANSCAPED,manscaped,Beauty,Personal Care,Bath & Bathing Accessories,,,,
Zadro,zadro,Beauty,Makeup,Makeup Remover,,,,
BEVIGOR,bevigor,Electronics,Accessories & Supplies,"Batteries, Chargers & Accessories",,,,
Marmol & Son,marmol-son,Beauty,Fragrance,Children's,,,,
Wet Shaving Products,wet-shaving-products,Beauty,Shave & Hair Removal,Men's,,,,
MOEV,moev,Beauty,Hair Care,Hair Loss Products,,,,
Vibriance,vibriance,Beauty,Skin Care,Face,,,,
RVIFY,rvify,Electronics,Accessories & Supplies,Vehicle Electronics Accessories,,,,
Pyle,pyle,Electronics,Television & Video,AV Receivers & Amplifiers,pyleusa.com,,,
GOSHI,goshi,Beauty,Personal Care,Bath & Bathing Accessories,,,,
ANRCOLLECT,anrcollect,Beauty,Skin Care,Lip Care,,,,
olcorife,olcorife,Electronics,Accessories & Supplies,Power Strips & Surge Protectors,,,,
YEALIR,yealir,Beauty,Shave & Hair Removal,Men's,,,,
DEEKA,deeka,Beauty,Hair Care,Hair Accessories,,,,
MoHern,mohern,Beauty,"Foot, Hand & Nail Care",Tools & Accessories,,,,
Topcolor,topcolor,Electronics,Accessories & Supplies,Office Electronics Accessories,,,,
PROZOR,prozor,Electronics,Accessories & Supplies,Audio & Video Accessories,,,,
MEROM,merom,Electronics,Accessories & Supplies,Camera & Photo Accessories,,,,
Sirona,sirona,Beauty,Personal Care,Deodorants & Antiperspirants,,,,
BEFIVECOK,befivecok,Beauty,Makeup,Body,,,,
Makartt,makartt,Beauty,"Foot, Hand & Nail Care",Tools & Accessories,,,,
Tmtop,tmtop,Beauty,Shave & Hair Removal,Men's,,,,
closewave,closewave,Beauty,"Foot, Hand & Nail Care",Foot & Hand Care,,,,
JFFX,jffx,Beauty,Hair Care,Hair Coloring Products,,,,
Elite Audio,elite-audio,Electronics,Accessories & Supplies,Cables,,,,
ULTCOVER,ultcover,Electronics,Accessories & Supplies,Television Accessories,,,,
Eightwood,eightwood,Electronics,Accessories & Supplies,Vehicle Electronics Accessories,,,,
aMZCaSE,amzcase,Electronics,Accessories & Supplies,Computer Accessories,,,,
BEUYI,beuyi,Electronics,Accessories & Supplies,Computer Accessories,,,,
XUMIUZIY,xumiuziy,Electronics,Accessories & Supplies,Cell Phone Accessories,,,,
EKOLVOSK,ekolvosk,Electronics,Camera & Photo,Video Surveillance,,,,
Crescina,crescina,Beauty,Hair Care,Hair Loss Products,,,,
Litbla,litbla,Electronics,Computers & Accessories,Networking Products,,,,
Homelyze,homelyze,Electronics,Computers & Accessories,Networking Products,,,,
Rigdance,rigdance,Electronics,Accessories & Supplies,Camera & Photo Accessories,,,,
MANE,mane,Beauty,Hair Care,Hair Loss Products,,,,
Diva Stuff,diva-stuff,Beauty,Shave & Hair Removal,Women's,,,,
Hejiushili,hejiushili,Electronics,Accessories & Supplies,Television Accessories,,,,
Sugaring NYC,sugaring-nyc,Beauty,Shave & Hair Removal,Women's,,,,
PartsCollection,partscollection,Electronics,Accessories & Supplies,Computer Accessories,,,,
Nail-Aid,nail-aid,Beauty,"Foot, Hand & Nail Care",Nail Art & Polish,,,,
Gremiamo,gremiamo,Beauty,Shave & Hair Removal,Women's,,,,
Mehayi,mehayi,Beauty,Hair Care,Hair Accessories,,,,
KUJOBUY,kujobuy,Electronics,Video Game Consoles & Accessories,Wii U,,,,
Kalokey,kalokey,Beauty,Skin Care,Body,,,,
Maxicrane,maxicrane,Electronics,Camera & Photo,Video,,,,
Osma,osma,Beauty,Shave & Hair Removal,Men's,,,,
Tainston,tainston,Electronics,Accessories & Supplies,Television Accessories,,,,
Amope,amope,Beauty,"Foot, Hand & Nail Care",Foot & Hand Care,,,,
Aplufine,aplufine,Electronics,eBook Readers & Accessories,Sleeves,,,,
UPBLOS,upblos,Beauty,"Foot, Hand & Nail Care",Tools & Accessories,,,,
JAKCOM,jakcom,Electronics,Wearable Technology,Rings,,,,
Ginger Lily Farms,ginger-lily-farms,Beauty,Skin Care,Body,,,,
Seamaka,seamaka,Electronics,Accessories & Supplies,Vehicle Electronics Accessories,,,,
DATAFY,datafy,Electronics,Accessories & Supplies,Camera & Photo Accessories,,,,
Vurkcy,vurkcy,Electronics,Car & Vehicle Electronics,Car Electronics,,,,
Solid As Mountain,solid-as-mountain,Electronics,Accessories & Supplies,Audio & Video Accessories,,,,
Jbery,jbery,Electronics,Computers & Accessories,Laptop Accessories,,,,
DGYLHBJ,dgylhbj,Beauty,"Foot, Hand & Nail Care",Foot & Hand Care,,,,
K KASONIC,k-kasonic,Electronics,Accessories & Supplies,Microphones,,,,
YiwerDer,yiwerder,Electronics,Accessories & Supplies,Cord Management,,,,
UNIS,unis,Electronics,Accessories & Supplies,Cord Management,,,,
AooKoNi,aookoni,Electronics,Accessories & Supplies,Computer Accessories,,,,
Vancle,vancle,Electronics,Accessories & Supplies,Office Electronics Accessories,,,,
CK FORMULA,ck-formula,Electronics,Accessories & Supplies,Vehicle Electronics Accessories,,,,
Versed,versed,Beauty,Skin Care,Eyes,,,,
OREI,orei,Electronics,Accessories & Supplies,Cables,,,,
GOLDEN STAR BEAUTY,golden-star-beauty,Beauty,Skin Care,Sunscreens & Tanning Products,,,,
JOY worker,joy-worker,Electronics,Accessories & Supplies,Computer Accessories,,,,
POCREATION,pocreation,Beauty,Shave & Hair Removal,Men's,,,,
OMKHE,omkhe,Electronics,Accessories & Supplies,Vehicle Electronics Accessories,,,,
CHARGEWORX,chargeworx,Beauty,Shave & Hair Removal,Men's,,,,
CENTROPOWER,centropower,Electronics,Accessories & Supplies,Camera & Photo Accessories,,,,
SANWA,sanwa,Beauty,Shave & Hair Removal,Men's,,,,
French Amie,french-amie,Beauty,Hair Care,Hair Accessories,,,,
KESMEDIK,kesmedik,Beauty,Personal Care,Bath & Bathing Accessories,,,,
Sol de Janeiro,sol-de-janeiro,Beauty,Skin Care,Sets & Kits,soldejaneiro.com,,,
YLYL,ylyl,Beauty,"Foot, Hand & Nail Care",Tools & Accessories,,,,
Lancer,lancer,Beauty,Skin Care,Body,,,,
VINATO,vinato,Beauty,Shave & Hair Removal,Men's,,,,
Agatige,agatige,Electronics,Accessories & Supplies,Office Electronics Accessories,,,,
Zesuti,zesuti,Beauty,Shave & Hair Removal,Women's,,,,
LONNKY,lonnky,Electronics,Accessories & Supplies,Camera & Photo Accessories,,,,
Millennium Tanning,millennium-tanning,Beauty,Skin Care,Sunscreens & Tanning Products,,,,
1st Choice,1st-choice,Beauty,Hair Care,Hair Coloring Products,,,,
WNJ,wnj,Beauty,Shave & Hair Removal,Women's,,,,
SUGARED + BRONZED,sugared-bronzed,Beauty,Skin Care,Sunscreens & Tanning Products,,,,
Qylara,qylara,Electronics,"GPS, Finders & Accessories",Item Finders,,,,
luzen,luzen,Beauty,Shave & Hair Removal,Men's,,,,
Tuanchuanrp,tuanchuanrp,Beauty,Hair Care,Hair Cutting Tools,,,,
Kerros,kerros,Electronics,Accessories & Supplies,Vehicle Electronics Accessories,,,,
ohora,ohora,Beauty,"Foot, Hand & Nail Care",Nail Art & Polish,,,,
HUPPY,huppy,Beauty,Oral Care,Mouthwash,,,,
Kitsch,kitsch,Beauty,Skin Care,Face,,,,
RA ROSA ACCA,ra-rosa-acca,Beauty,Skin Care,Face,,,,
Inesore,inesore,Electronics,Accessories & Supplies,Audio & Video Accessories,,,,
Wendry,wendry,Electronics,Accessories & Supplies,Camera & Photo Accessories,,,,
BRV MEN,brv-men,Beauty,Shave & Hair Removal,Men's,,,,
L'Oreal Paris,l-oreal-paris,Beauty,Skin Care,Face,loreal.com,,,1
Security-01,security-01,Electronics,Accessories & Supplies,Camera & Photo Accessories,,,,
MEIRIYFA,meiriyfa,Electronics,Computers & Accessories,Computer Components,,,,
Kuuleyn,kuuleyn,Beauty,Shave & Hair Removal,Women's,,,,
Herfair,herfair,Electronics,Accessories & Supplies,Television Accessories,,,,
FILFEEL,filfeel,Beauty,Shave & Hair Removal,Men's,,,,
LNDIEHS,lndiehs,Beauty,"Foot, Hand & Nail Care",Nail Art & Polish,,,,
Luwihou,luwihou,Beauty,Hair Care,Hair Cutting Tools,,,,
TXXTOL,txxtol,Electronics,Accessories & Supplies,Cell Phone Accessories,,,,
Euthymol,euthymol,Beauty,Oral Care,Toothpaste,,,,
Beverly Hills Polo Club,beverly-hills-polo-club,Beauty,Fragrance,Men's,,,,
DriveSlide,driveslide,Electronics,Accessories & Supplies,Computer Accessories,,,,
FANTIA,fantia,Beauty,Shave & Hair Removal,Men's,,,,
KUAUTD,kuautd,Electronics,Accessories & Supplies,Computer Accessories,,,,
AZIJYV,azijyv,Electronics,Car & Vehicle Electronics,Car Electronics,,,,
FUREIN SMILE,furein-smile,Beauty,Oral Care,Teeth Whitening,,,,
BlueFire,bluefire,Electronics,Accessories & Supplies,Computer Accessories,,,,
Keiby Citom,keiby-citom,Beauty,"Foot, Hand & Nail Care",Tools & Accessories,,,,
RCA,rca,Electronics,Portable Audio & Video,Cassette Players & Recorders,,,,
PLANTIFIQUE,plantifique,Beauty,Skin Care,Body,,,,
Yingsi-fty,yingsi-fty,Beauty,Hair Care,"Extensions, Wigs & Accessories",,,,
HFengQ,hfengq,Electronics,Accessories & Supplies,Cord Management,,,,
AMKEN,amken,Electronics,Accessories & Supplies,Computer Accessories,,,,
Samsung,samsung,Electronics,Accessories & Supplies,Camera & Photo Accessories,samsung.com,,,1
Dermablend,dermablend,Beauty,Makeup,Face,,,,
Fancy Buying,fancy-buying,Electronics,Computers & Accessories,Laptop Accessories,,,,
Mineral Fusion,mineral-fusion,Beauty,Makeup,Face,,,,
Luuao,luuao,Beauty,Hair Care,Hair Accessories,,,,
SEANCHEER,seancheer,Electronics,Portable Audio & Video,MP3 & MP4 Player Accessories,,,,
Bushnell,bushnell,Electronics,Camera & Photo,Binoculars & Scopes,bushnell.com,,,
Yunseity,yunseity,Electronics,Video Game Consoles & Accessories,Sony PSP,,,,
YINETTECH,yinettech,Electronics,Video Game Consoles & Accessories,Xbox 360,,,,
WishLotus,wishlotus,Electronics,Accessories & Supplies,Computer Accessories,,,,
Mr. Coffee,mr-coffee,Electronics,Accessories & Supplies,Computer Accessories,,,,
Nails Inc,nails-inc,Beauty,"Foot, Hand & Nail Care",Nail Care,,,,
U Beauty,u-beauty,Beauty,Skin Care,Eyes,,,,
Crux,crux,Electronics,Accessories & Supplies,Vehicle Electronics Accessories,,,,
Ayland,ayland,Beauty,Shave & Hair Removal,Women's,,,,
Alrhso,alrhso,Electronics,Accessories & Supplies,Computer Accessories,,,,
Viagkiki,viagkiki,Electronics,Accessories & Supplies,Audio & Video Accessories,,,,
Mustela,mustela,Beauty,Skin Care,Maternity,mustela.com,,,
ChurlChurl,churlchurl,Beauty,Makeup,Body,,,,
Qkansiw,qkansiw,Electronics,Accessories & Supplies,Computer Accessories,,,,
KCT,kct,Electronics,Car & Vehicle Electronics,Car Electronics,,,,
SPA REDI,spa-redi,Beauty,"Foot, Hand & Nail Care",Foot & Hand Care,,,,
Skytech Gaming,skytech-gaming,Electronics,Computers & Accessories,Computers & Tablets,,,,
Shure,shure,Electronics,Accessories & Supplies,Cell Phone Accessories,shure.com,,,
Supre,supre,Beauty,Makeup,Body,,,,
Aiboco,aiboco,Electronics,Portable Audio & Video,MP3 & MP4 Player Accessories,,,,
KICKER,kicker,Electronics,Accessories & Supplies,Audio & Video Accessories,,,,
JLB,jlb,Electronics,Accessories & Supplies,Microphones,,,,
MMBVSZ,mmbvsz,Beauty,Hair Care,Styling Tools & Appliances,,,,
Peslv,peslv,Electronics,Computers & Accessories,Laptop Accessories,,,,
SPIN CLEAN,spin-clean,Electronics,Accessories & Supplies,Television Accessories,,,,
CHIRAVITY,chiravity,Electronics,Accessories & Supplies,Camera & Photo Accessories,,,,
ULG,ulg,Beauty,Shave & Hair Removal,Men's,,,,
WUBOECE,wuboece,Electronics,Accessories & Supplies,Camera & Photo Accessories,,,,
Zafit,zafit,Beauty,Shave & Hair Removal,Women's,,,,
Skywalker,skywalker,Electronics,Accessories & Supplies,Microphones,,,,
starboosa,starboosa,Electronics,Accessories & Supplies,Camera & Photo Accessories,,,,
Yugui,yugui,Beauty,Personal Care,Piercing & Tattoo Supplies,,,,
Stetsom,stetsom,Electronics,Accessories & Supplies,Vehicle Electronics Accessories,,,,
BEAHOT,beahot,Beauty,Hair Care,"Extensions, Wigs & Accessories",,,,
Scientific Solutions Global,scientific-solutions-global,Beauty,"Foot, Hand & Nail Care",Nail Care,,,,
Estée Lauder,est-e-lauder,Beauty,Skin Care,Sets & Kits,,,,
MXMZHXU,mxmzhxu,Electronics,Accessories & Supplies,Computer Accessories,,,,
JINMEI,jinmei,Electronics,Portable Audio & Video,MP3 & MP4 Player Accessories,,,,
FULINJOY,fulinjoy,Beauty,"Foot, Hand & Nail Care",Nail Art & Polish,,,,
The Foot Medic,the-foot-medic,Beauty,"Foot, Hand & Nail Care",Tools & Accessories,,,,
mcwdoit,mcwdoit,Beauty,Skin Care,Face,,,,
Jxiwfvl,jxiwfvl,Beauty,Shave & Hair Removal,Men's,,,,
GAINWELL,gainwell,Beauty,Hair Care,Styling Tools & Appliances,,,,
Pocnsen,pocnsen,Electronics,Accessories & Supplies,Camera & Photo Accessories,,,,
Michel Design Works,michel-design-works,Beauty,"Foot, Hand & Nail Care",Foot & Hand Care,,,,
MediCleanse,medicleanse,Beauty,Personal Care,Piercing & Tattoo Supplies,,,,
FESHFEN,feshfen,Beauty,Hair Care,"Extensions, Wigs & Accessories",,,,
Didiseaon,didiseaon,Beauty,Shave & Hair Removal,Men's,,,,
SDSACZMU,sdsaczmu,Electronics,Accessories & Supplies,Vehicle Electronics Accessories,,,,
Cianyyee,cianyyee,Electronics,Accessories & Supplies,Cell Phone Accessories,,,,
Heyiarbeit,heyiarbeit,Electronics,Accessories & Supplies,Audio & Video Accessories,,,,
Minolta,minolta,Electronics,Camera & Photo,Underwater Photography,,,,
RAZOKO,razoko,Beauty,Oral Care,Dental Floss & Picks,,,,
JAOXISOU,jaoxisou,Electronics,Accessories & Supplies,Camera & Photo Accessories,,,,
ERYUE,eryue,Electronics,Accessories & Supplies,Audio & Video Accessories,,,,
Armaf,armaf,Beauty,Fragrance,Women's,,,,
Aura Cacia,aura-cacia,Beauty,Personal Care,Bath & Bathing Accessories,,,,
ProMaster,promaster,Electronics,Accessories & Supplies,Cord Management,,,,
Drsn,drsn,Electronics,Accessories & Supplies,Computer Accessories,,,,
Biotherm,biotherm,Beauty,Skin Care,Body,,,,
IDEASUM,ideasum,Electronics,Accessories & Supplies,Telephone Accessories,,,,
Fabulous Frannie,fabulous-frannie,Beauty,Shave & Hair Removal,Men's,,,,
APLZGMG,aplzgmg,Beauty,"Foot, Hand & Nail Care",Foot & Hand Care,,,,
QBLPOWER,qblpower,Electronics,Accessories & Supplies,Telephone Accessories,,,,
WanTuoluo,wantuoluo,Beauty,Makeup,Eyes,,,,
MAXWISDOM,maxwisdom,Beauty,Shave & Hair Removal,Men's,,,,
JCHPINE,jchpine,Electronics,Accessories & Supplies,Audio & Video Accessories,,,,
MTomatoVR,mtomatovr,Electronics,Wearable Technology,Accessories,,,,
LICHIFIT,lichifit,Electronics,Accessories & Supplies,Cell Phone Accessories,,,,
ROSALIND,rosalind,Beauty,"Foot, Hand & Nail Care",Nail Art & Polish,,,,
Sakar,sakar,Electronics,Camera & Photo,Underwater Photography,,,,
Hobbypower,hobbypower,Electronics,Camera & Photo,Video,,,,
Quacc,quacc,Beauty,Shave & Hair Removal,Men's,,,,
RAINFLOW,rainflow,Beauty,Personal Care,Bath & Bathing Accessories,,,,
dgudgu,dgudgu,Beauty,Shave & Hair Removal,Men's,,,,
SuperEar,superear,Electronics,Accessories & Supplies,Audio & Video Accessories,,,,
Jalupro,jalupro,Beauty,Makeup,Eyes,,,,
Orthoplast,orthoplast,Beauty,Makeup,Body,,,,
Futanwei,futanwei,Electronics,eBook Readers & Accessories,Screen Protectors,,,,
OETUIOW,oetuiow,Beauty,Makeup,Eyes,,,,
Gadhevia,gadhevia,Beauty,Shave & Hair Removal,Men's,,,,
Dahszhi,dahszhi,Electronics,Accessories & Supplies,Computer Accessories,,,,
Maccibelle,maccibelle,Beauty,"Foot, Hand & Nail Care",Tools & Accessories,,,,
XPCARE,xpcare,Beauty,Skin Care,Eyes,,,,
Sytsen,sytsen,Electronics,Car & Vehicle Electronics,Vehicle GPS,,,,
Polident,polident,Beauty,Oral Care,Denture Care,,,,
HONTEC,hontec,Beauty,Shave & Hair Removal,Men's,,,,
Yosoo Health Gear,yosoo-health-gear,Electronics,Accessories & Supplies,Computer Accessories,,,,
KS SHOP,ks-shop,Beauty,Shave & Hair Removal,Men's,,,,
SpaScriptions,spascriptions,Beauty,Skin Care,Face,,,,
Ranyi,ranyi,Electronics,Accessories & Supplies,Vehicle Electronics Accessories,,,,
SOONSUN,soonsun,Electronics,Camera & Photo,Underwater Photography,,,,
Vatika Naturals,vatika-naturals,Beauty,Hair Care,Hair Coloring Products,,,,
BBSDA,bbsda,Electronics,eBook Readers & Accessories,Bundles,,,,
TTFdacai,ttfdacai,Beauty,Hair Care,Hair Cutting Tools,,,,
Asterwood,asterwood,Beauty,Skin Care,Face,,,,
BQSS,bqss,Electronics,Accessories & Supplies,Computer Accessories,,,,
Coby,coby,Electronics,Portable Audio & Video,Cassette Players & Recorders,,,,
MZHOU,mzhou,Electronics,Accessories & Supplies,Computer Accessories,,,,
BoxWave,boxwave,Electronics,Computers & Accessories,Tablet Accessories,,,,
ESSENLIS,essenlis,Beauty,Skin Care,Face,,,,
Keychron,keychron,Electronics,Accessories & Supplies,Computer Accessories,,,,
BD&M,bd-m,Electronics,Accessories & Supplies,Audio & Video Accessories,,,,
PHOINIKAS,phoinikas,Electronics,Computers & Accessories,Computer Components,,,,
LightFairy,lightfairy,Electronics,Video Game Consoles & Accessories,Nintendo DS,,,,
Ivyu,ivyu,Beauty,Hair Care,Hair Accessories,,,,
3IDEE,3idee,Electronics,Accessories & Supplies,Computer Accessories,,,,
CeraVe,cerave,Beauty,Skin Care,Eyes,cerave.com,,,1
G Keni,g-keni,Electronics,Portable Audio & Video,Radios,,,,
NEGENTTREN,negenttren,Electronics,Accessories & Supplies,Cell Phone Accessories,,,,
Speick,speick,Beauty,Shave & Hair Removal,Men's,,,,
AKT,akt,Beauty,Skin Care,Body,,,,
FoxyBae,foxybae,Beauty,Hair Care,Shampoo & Conditioner,,,,
Senkiila,senkiila,Electronics,Accessories & Supplies,Vehicle Electronics Accessories,,,,
RULGOI,rulgoi,Electronics,Accessories & Supplies,Cables,,,,
Wosune,wosune,Beauty,Personal Care,Deodorants & Antiperspirants,,,,
Verizon,verizon,Electronics,Cell Phones & Accessories,Carrier Cell Phones,verizon.com,,,
Gsbnjuy,gsbnjuy,Electronics,Accessories & Supplies,Computer Accessories,,,,
suonee,suonee,Electronics,Accessories & Supplies,Cell Phone Accessories,,,,
ALFRED SUNG,alfred-sung,Beauty,Fragrance,Women's,,,,
Tapo,tapo,Electronics,Camera & Photo,Video Surveillance,,,,
Aina,aina,Beauty,Hair Care,Styling Tools & Appliances,,,,
Srliya,srliya,Electronics,Accessories & Supplies,Camera & Photo Accessories,,,,
Badger,badger,Beauty,Skin Care,Sunscreens & Tanning Products,,,,
Jadaol,jadaol,Electronics,Accessories & Supplies,Computer Accessories,,,,
Yazhiji,yazhiji,Beauty,Makeup,Body,,,,
L'eudine,l-eudine,Beauty,"Foot, Hand & Nail Care",Foot & Hand Care,,,,
BIRDROCK HOME,birdrock-home,Electronics,Computers & Accessories,Laptop Accessories,,,,
Talmosal,talmosal,Electronics,Accessories & Supplies,Computer Accessories,,,,
DF DUALFERV,df-dualferv,Beauty,Personal Care,Bath & Bathing Accessories,,,,
Rimmel,rimmel,Beauty,Makeup,Eyes,,,,
Gator Frameworks,gator-frameworks,Electronics,Accessories & Supplies,Microphones,,,,
medicube,medicube,Beauty,Skin Care,Face,,,,
iShoot,ishoot,Electronics,Accessories & Supplies,Camera & Photo Accessories,,,,
PAXCOO,paxcoo,Beauty,"Foot, Hand & Nail Care",Foot & Hand Care,,,,
Weipbwor,weipbwor,Beauty,Makeup,Body,,,,
Lumzist,lumzist,Beauty,"Foot, Hand & Nail Care",Nail Care,,,,
Ktryman,ktryman,Electronics,Computers & Accessories,Tablet Accessories,,,,
WELURE,welure,Electronics,Video Game Consoles & Accessories,Sony PSP,,,,
MECCANIXITY,meccanixity,Beauty,Shave & Hair Removal,Men's,,,,
Xalonsibaz,xalonsibaz,Electronics,Wearable Technology,Accessories,,,,
BoostWaves,boostwaves,Electronics,Accessories & Supplies,Telephone Accessories,,,,
Lulurose,lulurose,Beauty,Oral Care,Teeth Grinding Guards,,,,
Burt's Bees,burt-s-bees,Beauty,Skin Care,Body,burtsbees.com,,,
LeVaye',levaye-,Beauty,Skin Care,Face,,,,
DUKASOU,dukasou,Beauty,"Foot, Hand & Nail Care",Nail Art & Polish,,,,
USARMT,usarmt,Electronics,Accessories & Supplies,Cell Phone Accessories,,,,
CHMI,chmi,Beauty,Skin Care,Eyes,,,,
FIRSTEC,firstec,Electronics,Car & Vehicle Electronics,Car Electronics,,,,
MAREE,maree,Beauty,Makeup,Eyes,,,,
YOOHUA,yoohua,Beauty,Hair Care,Hair Coloring Products,,,,
Larrel,larrel,Beauty,Hair Care,Hair Coloring Products,,,,
S.S.S. CO.,s-s-s-co-,Beauty,Skin Care,Maternity,,,,
Hopack,hopack,Electronics,Accessories & Supplies,Computer Accessories,,,,
Exell Battery,exell-battery,Electronics,Accessories & Supplies,"Batteries, Chargers & Accessories",,,,
GCHMDE,gchmde,Electronics,Accessories & Supplies,Computer Accessories,,,,
Iduna Skincare,iduna-skincare,Beauty,Skin Care,Lip Care,,,,
UNIFREE,unifree,Beauty,Skin Care,Face,,,,
Komall,komall,Beauty,"Foot, Hand & Nail Care",Nail Art & Polish,,,,
NIVEA,nivea,Beauty,Skin Care,Face,,,,
Aocii,aocii,Electronics,Accessories & Supplies,Cord Management,,,,
Makerstep,makerstep,Beauty,Shave & Hair Removal,Women's,,,,
yddmyo,yddmyo,Electronics,Accessories & Supplies,Computer Accessories,,,,
Britney Spears,britney-spears,Beauty,Fragrance,Sets,,,,
bayfree,bayfree,Beauty,Makeup,Lips,,,,
TRIPP LITE,tripp-lite,Electronics,Accessories & Supplies,Power Strips & Surge Protectors,,,,
RECAMIER PROFESSIONAL SALON IN,recamier-professional-salon-in,Beauty,Hair Care,Hair Coloring Products,,,,
NKNZLY,nknzly,Electronics,Accessories & Supplies,Computer Accessories,,,,
Avène,av-ne,Beauty,Skin Care,Eyes,,,,
E ERSY,e-ersy,Electronics,Computers & Accessories,Laptop Accessories,,,,
Liaoan,liaoan,Electronics,Computers & Accessories,Tablet Accessories,,,,
KinYiLO,kinyilo,Electronics,Accessories & Supplies,Computer Accessories,,,,
Beauty by Earth,beauty-by-earth,Beauty,Skin Care,Sunscreens & Tanning Products,,,,
Duyasurs,duyasurs,Electronics,Accessories & Supplies,Computer Accessories,,,,
TAQIYEZ,taqiyez,Beauty,Hair Care,Hair Coloring Products,,,,
Canon,canon,Electronics,Accessories & Supplies,Computer Accessories,canon.com,,,
RLECS,rlecs,Electronics,Accessories & Supplies,Computer Accessories,,,,
LENCENT,lencent,Electronics,Accessories & Supplies,Vehicle Electronics Accessories,,,,
FOXSEA,foxsea,Electronics,Accessories & Supplies,Cell Phone Accessories,,,,
JAIRESTONE,jairestone,Beauty,Shave & Hair Removal,Men's,,,,
VYNELLE,vynelle,Beauty,"Foot, Hand & Nail Care",Nail Art & Polish,,,,
TASALON,tasalon,Beauty,Hair Care,Hair Coloring Products,,,,
Wanmu,wanmu,Beauty,Hair Care,Hair Coloring Products,,,,
Mwin,mwin,Electronics,Accessories & Supplies,Television Accessories,,,,
MEHIDFY,mehidfy,Electronics,Accessories & Supplies,Cell Phone Accessories,,,,
Coloplast,coloplast,Beauty,Skin Care,Body,,,,
NEBURORA,neburora,Beauty,"Foot, Hand & Nail Care",Nail Art & Polish,,,,
MCoBeauty,mcobeauty,Beauty,Makeup,Body,,,,
ASDAWN,asdawn,Electronics,Accessories & Supplies,Cell Phone Accessories,,,,
La Roche-Posay,la-roche-posay,Beauty,Skin Care,Body,laroche-posay.us,,,1
Xanorrg,xanorrg,Beauty,"Foot, Hand & Nail Care",Nail Art & Polish,,,,
BANTU,bantu,Beauty,Hair Care,"Hair Perms, Relaxers & Texturizers",,,,
Fandamei,fandamei,Beauty,Makeup,Body,,,,
LORADAR,loradar,Electronics,Computers & Accessories,Laptop Accessories,,,,
Kyper,kyper,Electronics,Accessories & Supplies,Cables,,,,
Pro-Ject,pro-ject,Electronics,Accessories & Supplies,Microphones,,,,
FURTAA,furtaa,Beauty,"Foot, Hand & Nail Care",Foot & Hand Care,,,,
JTEEY,jteey,Electronics,Accessories & Supplies,Computer Accessories,,,,
Lumasphere,lumasphere,Electronics,Accessories & Supplies,Microphones,,,,
GOWENIC,gowenic,Electronics,Accessories & Supplies,Vehicle Electronics Accessories,,,,
chenyang,chenyang,Electronics,Accessories & Supplies,Computer Accessories,,,,
Bestdealing,bestdealing,Electronics,Computers & Accessories,Tablet Replacement Parts,,,,
IREV,irev,Beauty,Skin Care,Face,,,,
ENSSU,enssu,Beauty,Hair Care,Hair Cutting Tools,,,,
Leupold,leupold,Electronics,Camera & Photo,Binoculars & Scopes,,,,
HANDWENG,handweng,Beauty,"Foot, Hand & Nail Care",Tools & Accessories,,,,
ALAZCO,alazco,Electronics,Accessories & Supplies,Television Accessories,,,,
Opluz,opluz,Electronics,Accessories & Supplies,Camera & Photo Accessories,,,,
OKLILI,oklili,Electronics,Accessories & Supplies,Computer Accessories,,,,
FosPower,fospower,Electronics,Accessories & Supplies,Cables,,,,
LAOION,laoion,Electronics,Accessories & Supplies,Computer Accessories,,,,
Tliffpaco,tliffpaco,Electronics,Computers & Accessories,Networking Products,,,,
KAGYOKU,kagyoku,Electronics,Accessories & Supplies,Camera & Photo Accessories,,,,
Aippdo,aippdo,Electronics,Accessories & Supplies,Vehicle Electronics Accessories,,,,
RPE Life,rpe-life,Beauty,Skin Care,Face,,,,
TCL,tcl,Electronics,Cell Phones & Accessories,Carrier Cell Phones,tcl.com,,,1
EBL,ebl,Electronics,Accessories & Supplies,"Batteries, Chargers & Accessories",,,,
SEMATA,semata,Beauty,"Foot, Hand & Nail Care",Nail Art & Polish,,,,
LANGHONG,langhong,Beauty,Hair Care,Hair Accessories,,,,
LAIKME,laikme,Beauty,Skin Care,Face,,,,
Starhemei,starhemei,Electronics,Cell Phones & Accessories,"Cases, Holsters & Clips",,,,
PROIMB,proimb,Electronics,Computers & Accessories,Networking Products,,,,
IO CREST,io-crest,Electronics,Computers & Accessories,Computer Components,,,,
Etersec,etersec,Electronics,Accessories & Supplies,Vehicle Electronics Accessories,,,,
PEGO,pego,Beauty,Oral Care,Breath Fresheners,,,,
Aveeno Baby,aveeno-baby,Beauty,Hair Care,Styling Products,,,,
Xiushumyi,xiushumyi,Beauty,Hair Care,"Extensions, Wigs & Accessories",,,,
EARLA TEC,earla-tec,Electronics,Accessories & Supplies,Audio & Video Accessories,,,,
JVC,jvc,Electronics,Television & Video,DVD-VCR Combos,jvc.com,,,
ceooe,ceooe,Beauty,Shave & Hair Removal,Women's,,,,
CLn,cln,Beauty,Hair Care,Shampoo & Conditioner,,,,
Honor Initiative,honor-initiative,Beauty,Shave & Hair Removal,Men's,,,,
WSICSE,wsicse,Beauty,Personal Care,Bath & Bathing Accessories,,,,
Labelwell,labelwell,Electronics,Accessories & Supplies,Office Electronics Accessories,,,,
Fibnek,fibnek,Electronics,Accessories & Supplies,Vehicle Electronics Accessories,,,,
ESSENTIAL TOOTHPASTE,essential-toothpaste,Beauty,Oral Care,Toothpaste,,,,
RONRONS,ronrons,Beauty,Makeup,Lips,,,,
SHANI DARDEN,shani-darden,Beauty,Skin Care,Face,,,,
Cable Matters,cable-matters,Electronics,Accessories & Supplies,Power Strips & Surge Protectors,,,,
HSK,hsk,Electronics,Accessories & Supplies,Camera & Photo Accessories,,,,
Flylin,flylin,Electronics,Accessories & Supplies,Computer Accessories,,,,
ENVISIONED,envisioned,Electronics,Accessories & Supplies,Cord Management,,,,
Shurhome,shurhome,Beauty,"Foot, Hand & Nail Care",Nail Art & Polish,,,,
Better Natured,better-natured,Beauty,Hair Care,Hair Coloring Products,,,,
EVER,ever,Beauty,Skin Care,Face,,,,
Cyber Acoustics,cyber-acoustics,Electronics,Accessories & Supplies,Computer Accessories,,,,
K-MAINS,k-mains,Electronics,Accessories & Supplies,Computer Accessories,,,,
HSTECH,hstech,Electronics,Accessories & Supplies,Vehicle Electronics Accessories,,,,
Joby,joby,Electronics,Accessories & Supplies,Computer Accessories,,,,
AIMSA,aimsa,Electronics,Computers & Accessories,Laptop Accessories,,,,
ALEX Toys,alex-toys,Beauty,Hair Care,Hair Coloring Products,,,,
KUAOOAUK,kuaooauk,Beauty,Hair Care,Hair Accessories,,,,
YUE SHEN NAN,yue-shen-nan,Beauty,Makeup,Eyes,,,,
Retekess,retekess,Electronics,Portable Audio & Video,Radios,,,,
BEAUTISILK,beautisilk,Beauty,Shave & Hair Removal,Women's,,,,
ZERTRAN,zertran,Electronics,Car & Vehicle Electronics,Car Electronics,,,,
RUBAN,ruban,Electronics,Accessories & Supplies,Computer Accessories,,,,
Gummy,gummy,Beauty,Shave & Hair Removal,Men's,,,,
Oilsky,oilsky,Electronics,Portable Audio & Video,MP3 & MP4 Player Accessories,,,,
W7,w7,Beauty,Skin Care,Sets & Kits,,,,
EBIN NEW YORK,ebin-new-york,Beauty,Hair Care,"Extensions, Wigs & Accessories",,,,
Wuqibawu,wuqibawu,Beauty,Hair Care,"Extensions, Wigs & Accessories",,,,
MOKiN,mokin,Electronics,Accessories & Supplies,Computer Accessories,,,,
Green Extreme,green-extreme,Electronics,Accessories & Supplies,Camera & Photo Accessories,,,,
GPX,gpx,Electronics,Home Audio,Compact Radios & Stereos,,,,
Kevin Murphy,kevin-murphy,Beauty,Hair Care,Hair Masks,,,,
BESARME,besarme,Beauty,Hair Care,Hair Coloring Products,,,,
HYYHFIX,hyyhfix,Electronics,Computers & Accessories,Tablet Replacement Parts,,,,
FULEEAN,fuleean,Beauty,"Foot, Hand & Nail Care",Tools & Accessories,,,,
JERCLITY,jerclity,Beauty,"Foot, Hand & Nail Care",Nail Art & Polish,,,,
NOVATECH,novatech,Electronics,Computers & Accessories,Computers & Tablets,,,,
RevereSport,reveresport,Electronics,Cell Phones & Accessories,"Cases, Holsters & Clips",,,,
SASHA SQUARE,sasha-square,Beauty,Shave & Hair Removal,Men's,,,,
HP,hp,Electronics,Computers & Accessories,Warranties & Services,hp.com,,,1
Juland,juland,Beauty,Hair Care,Hair Masks,,,,
G.S OTHER,g-s-other,Beauty,Shave & Hair Removal,Men's,,,,
CAVEEM,caveem,Beauty,"Foot, Hand & Nail Care",Foot & Hand Care,,,,
BEMAXYE,bemaxye,Electronics,Accessories & Supplies,Camera & Photo Accessories,,,,
Lixada,lixada,Electronics,Accessories & Supplies,Cell Phone Accessories,,,,
WIRWTRU,wirwtru,Electronics,Accessories & Supplies,Computer Accessories,,,,
TASOMUTY,tasomuty,Beauty,Hair Care,Styling Tools & Appliances,,,,
SNS Collections,sns-collections,Beauty,Shave & Hair Removal,Women's,,,,
Yetaida,yetaida,Electronics,Accessories & Supplies,Cables,,,,
JCTRIWAY,jctriway,Electronics,Accessories & Supplies,Vehicle Electronics Accessories,,,,
RANIT,ranit,Electronics,Accessories & Supplies,Vehicle Electronics Accessories,,,,
scalp delivery,scalp-delivery,Beauty,Hair Care,Hair Loss Products,,,,
Modu,modu,Beauty,Personal Care,Bath & Bathing Accessories,,,,
KEANBOLL,keanboll,Electronics,Accessories & Supplies,Computer Accessories,,,,
Akingdleo,akingdleo,Electronics,Accessories & Supplies,Microphones,,,,
Cerwin Vega,cerwin-vega,Electronics,Home Audio,Speakers,,,,
Daily Defense,daily-defense,Beauty,Hair Care,Shampoo & Conditioner,,,,
Desmond Photographic,desmond-photographic,Electronics,Accessories & Supplies,Camera & Photo Accessories,,,,
Gneinour,gneinour,Electronics,eBook Readers & Accessories,Power Cables,,,,
LaabelleGlow by Blaise Skincare,laabelleglow-by-blaise-skincare,Beauty,"Foot, Hand & Nail Care",Foot & Hand Care,,,,
St. Ives,st-ives,Beauty,Skin Care,Face,,,,
Stratux,stratux,Electronics,Car & Vehicle Electronics,Vehicle GPS,,,,
XINGO,xingo,Electronics,Accessories & Supplies,Computer Accessories,,,,
Ywmsfl,ywmsfl,Beauty,Shave & Hair Removal,Women's,,,,
F-HONG ELECTRONIC CO LIMITED,f-hong-electronic-co-limited,Electronics,Computers & Accessories,Computer Components,,,,
ZYIDBNG,zyidbng,Beauty,Personal Care,Bath & Bathing Accessories,,,,
EK,ek,Electronics,Computers & Accessories,Computer Components,,,,
Rneswi,rneswi,Beauty,"Foot, Hand & Nail Care",Tools & Accessories,,,,
Advanced Lamps,advanced-lamps,Electronics,Accessories & Supplies,Audio & Video Accessories,,,,
WYYUE,wyyue,Electronics,Accessories & Supplies,Cord Management,,,,
HydroPeptide,hydropeptide,Beauty,Skin Care,Eyes,,,,
JBL,jbl,Electronics,Car & Vehicle Electronics,Car Electronics,jbl.com,,,1
Milcraft,milcraft,Electronics,Accessories & Supplies,Cell Phone Accessories,,,,
Babilo,babilo,Beauty,Shave & Hair Removal,Women's,,,,
It's a 10 Haircare,it-s-a-10-haircare,Beauty,Hair Care,Shampoo & Conditioner,,,,
Teeaegis,teeaegis,Beauty,Oral Care,Toothbrushes & Accessories,,,,
Cucina,cucina,Beauty,Fragrance,Women's,,,,
TOHAKATA,tohakata,Electronics,Accessories & Supplies,Vehicle Electronics Accessories,,,,
Dr Adorable,dr-adorable,Beauty,Shave & Hair Removal,Women's,,,,
Pastall,pastall,Electronics,Accessories & Supplies,Computer Accessories,,,,
HONKYOB,honkyob,Electronics,Accessories & Supplies,Cell Phone Accessories,,,,
SENROU,senrou,Beauty,"Foot, Hand & Nail Care",Tools & Accessories,,,,
Aibilangose,aibilangose,Electronics,Computers & Accessories,Laptop Accessories,,,,
CLAR,clar,Electronics,Accessories & Supplies,Computer Accessories,,,,
ApplianPar,applianpar,Electronics,Accessories & Supplies,Vehicle Electronics Accessories,,,,
SUGODAEU,sugodaeu,Beauty,Oral Care,Toothbrushes & Accessories,,,,
KENTEK,kentek,Electronics,Accessories & Supplies,Computer Accessories,,,,
Hokafenle,hokafenle,Electronics,Accessories & Supplies,Computer Accessories,,,,
Goshyda,goshyda,Electronics,Computers & Accessories,Computer Components,,,,
FOOT CURE,foot-cure,Beauty,"Foot, Hand & Nail Care",Foot & Hand Care,,,,
Majestic Pure,majestic-pure,Beauty,Skin Care,Body,,,,
FASTROHY,fastrohy,Electronics,Home Audio,Stereo System Components,,,,
Naturtint,naturtint,Beauty,Hair Care,Hair Coloring Products,,,,
Cliganic,cliganic,Beauty,Skin Care,Face,,,,
RGBlink,rgblink,Electronics,Computers & Accessories,Computer Components,,,,
Goiicoln,goiicoln,Beauty,Fragrance,Women's,,,,
ATN,atn,Electronics,Camera & Photo,Binoculars & Scopes,,,,
Vivitar,vivitar,Electronics,Accessories & Supplies,Camera & Photo Accessories,vivitar.com,,,
MAOTTIE,maottie,Beauty,"Foot, Hand & Nail Care",Nail Art & Polish,,,,
SWEETFULL,sweetfull,Electronics,Accessories & Supplies,Computer Accessories,,,,
Le Monde Gourmand,le-monde-gourmand,Beauty,Skin Care,Body,,,,
Mendaping,mendaping,Beauty,Shave & Hair Removal,Women's,,,,
ELEMIS,elemis,Beauty,Skin Care,Face,,,,
adidas,adidas,Beauty,Fragrance,Men's,,,,
ZealSea,zealsea,Beauty,Skin Care,Face,,,,
NiHome,nihome,Beauty,Hair Care,Hair Coloring Products,,,,
MageGee,magegee,Electronics,Accessories & Supplies,Computer Accessories,,,,
Maitys,maitys,Beauty,Makeup,Lips,,,,
guduling,guduling,Beauty,Hair Care,"Extensions, Wigs & Accessories",,,,
Znoogrn,znoogrn,Electronics,Accessories & Supplies,Computer Accessories,,,,
CT TEK,ct-tek,Electronics,Accessories & Supplies,Cell Phone Accessories,,,,
abucow,abucow,Electronics,Accessories & Supplies,Computer Accessories,,,,
Carolina Herrera,carolina-herrera,Beauty,Fragrance,Men's,,,,
Xilecam,xilecam,Electronics,Camera & Photo,Video,,,,
Yxxyssc,yxxyssc,Beauty,Shave & Hair Removal,Women's,,,,
VAVANGA,vavanga,Beauty,Hair Care,"Extensions, Wigs & Accessories",,,,
GOSYSONG,gosysong,Electronics,Accessories & Supplies,Audio & Video Accessories,,,,
Bruni,bruni,Electronics,Video Game Consoles & Accessories,Wii U,,,,
Rainbow Research,rainbow-research,Beauty,Hair Care,Hair Coloring Products,,,,
numbuzin,numbuzin,Beauty,Skin Care,Face,,,,
Medix 5.5,medix-5-5,Beauty,Skin Care,Body,,,,
Kyabo,kyabo,Beauty,Personal Care,Bath & Bathing Accessories,,,,
Nearockle,nearockle,Electronics,Accessories & Supplies,Cord Management,,,,
SJOLOON,sjoloon,Electronics,Camera & Photo,Video,,,,
XIMISISE,ximisise,Electronics,Accessories & Supplies,Computer Accessories,,,,
atydkug,atydkug,Beauty,Makeup,Body,,,,
zutisay,zutisay,Electronics,Camera & Photo,Binoculars & Scopes,,,,
GGSTDDUP,ggstddup,Beauty,"Foot, Hand & Nail Care",Nail Art & Polish,,,,
DUADELI,duadeli,Electronics,Accessories & Supplies,Computer Accessories,,,,
BULIMICA,bulimica,Beauty,Shave & Hair Removal,Women's,,,,
Tower 28,tower-28,Beauty,Makeup,Lips,,,,
シンクイノベーション(SYNC INNOVATION),-sync-innovation-,Beauty,Shave & Hair Removal,Men's,,,,
ZEROLEMON,zerolemon,Electronics,Portable Audio & Video,MP3 & MP4 Player Accessories,,,,
ZGGAZCA,zggazca,Electronics,Accessories & Supplies,Camera & Photo Accessories,,,,
Yoocheese,yoocheese,Electronics,Accessories & Supplies,Camera & Photo Accessories,,,,
Trisonic,trisonic,Electronics,Accessories & Supplies,Telephone Accessories,,,,
XHDATA,xhdata,Electronics,Accessories & Supplies,Television Accessories,,,,
Discount Keyless,discount-keyless,Electronics,Car & Vehicle Electronics,Car Electronics,,,,
Snowflake Woodshavings - FSC,snowflake-woodshavings-fsc,Beauty,Shave & Hair Removal,Men's,,,,
Bzgnl,bzgnl,Electronics,Car & Vehicle Electronics,Car Electronics,,,,
HUFUOUT,hufuout,Electronics,Accessories & Supplies,Television Accessories,,,,
MAYA,maya,Beauty,"Foot, Hand & Nail Care",Nail Care,,,,
Rasenoo,rasenoo,Beauty,Personal Care,Bath & Bathing Accessories,,,,
Ocean Potion,ocean-potion,Beauty,Skin Care,Sunscreens & Tanning Products,,,,
Ruby Kisses,ruby-kisses,Beauty,Shave & Hair Removal,Women's,,,,
KONEUK,koneuk,Beauty,Skin Care,Face,,,,
Sheer White!,sheer-white-,Beauty,Oral Care,Teeth Whitening,,,,
SZCO,szco,Beauty,Shave & Hair Removal,Men's,,,,
Organys,organys,Beauty,Makeup,Eyes,,,,
SEPHORA,sephora,Beauty,Makeup,Makeup Sets,sephora.com,,,
Kastar,kastar,Electronics,Accessories & Supplies,Vehicle Electronics Accessories,,,,
SKYNEW,skynew,Electronics,Accessories & Supplies,Cell Phone Accessories,,,,
LaCie,lacie,Electronics,Computers & Accessories,Computer Components,lacie.com,,,1
Family Safe,family-safe,Electronics,Computers & Accessories,Networking Products,,,,
YLOGUY,yloguy,Beauty,Makeup,Body,,,,
オーム（OHM）,-ohm-,Electronics,Accessories & Supplies,Camera & Photo Accessories,,,,
Phyyixs,phyyixs,Beauty,Hair Care,Styling Tools & Appliances,,,,
NESDR,nesdr,Electronics,Computers & Accessories,Computer Components,,,,
EROWZOLA,erowzola,Beauty,Shave & Hair Removal,Women's,,,,
Mensure,mensure,Beauty,Hair Care,Hair Cutting Tools,,,,
iFixit,ifixit,Electronics,Accessories & Supplies,Cell Phone Accessories,,,,
Fastsun,fastsun,Electronics,Accessories & Supplies,Vehicle Electronics Accessories,,,,
Dorman,dorman,Electronics,Car & Vehicle Electronics,Car Electronics,,,,
KLIPP,klipp,Beauty,"Foot, Hand & Nail Care",Tools & Accessories,,,,
Gadgets World,gadgets-world,Electronics,Accessories & Supplies,Telephone Accessories,,,,
HIYNJLIK,hiynjlik,Electronics,Computers & Accessories,Laptop Accessories,,,,
10Gtek,10gtek,Electronics,Computers & Accessories,Networking Products,,,,
ZEYER,zeyer,Beauty,Makeup,Body,,,,
M&G Avenue,m-g-avenue,Beauty,"Foot, Hand & Nail Care",Nail Care,,,,
Carmesi,carmesi,Beauty,Shave & Hair Removal,Women's,,,,
HUMBLE SIMPLE AND TRUE.,humble-simple-and-true-,Beauty,Personal Care,Deodorants & Antiperspirants,,,,
Rolabling,rolabling,Beauty,"Foot, Hand & Nail Care",Nail Art & Polish,,,,
AVIERLL,avierll,Beauty,Makeup,Eyes,,,,
SiriusXM,siriusxm,Electronics,Car & Vehicle Electronics,Car Electronics,,,,
ALOESUN,aloesun,Beauty,Skin Care,Sunscreens & Tanning Products,,,,
Mabor,mabor,Beauty,Hair Care,Hair Accessories,,,,
Full Shine,full-shine,Beauty,Hair Care,"Extensions, Wigs & Accessories",,,,
Ejiubas,ejiubas,Beauty,"Foot, Hand & Nail Care",Nail Care,,,,
Shake Junt,shake-junt,Electronics,Accessories & Supplies,Computer Accessories,,,,
NaYiissi,nayiissi,Beauty,"Foot, Hand & Nail Care",Nail Art & Polish,,,,
Bearstar,bearstar,Electronics,Accessories & Supplies,Microphones,,,,
GaneTronic,ganetronic,Electronics,Wearable Technology,Accessories,,,,
REDRICH,redrich,Electronics,Accessories & Supplies,Television Accessories,,,,
LIZRROT,lizrrot,Electronics,Accessories & Supplies,Computer Accessories,,,,
Dream Tan,dream-tan,Beauty,Makeup,Body,,,,
Taimand,taimand,Beauty,Skin Care,Eyes,,,,
Girlactik,girlactik,Beauty,Makeup,Lips,,,,
Infinity,infinity,Electronics,Car & Vehicle Electronics,Car Electronics,,,,
FINTIE,fintie,Electronics,Computers & Accessories,Tablet Accessories,,,,
Beauty Power,beauty-power,Beauty,Shave & Hair Removal,Women's,,,,
CTTZCKJ,cttzckj,Electronics,Accessories & Supplies,Audio & Video Accessories,,,,
Pattaya,pattaya,Electronics,Video Game Consoles & Accessories,PlayStation Vita,,,,
JFBNXB,jfbnxb,Beauty,Personal Care,Bath & Bathing Accessories,,,,
Paul Mitchell,paul-mitchell,Beauty,Hair Care,Hair Coloring Products,paulmitchell.com,,,
Lake & Skye,lake-skye,Beauty,Fragrance,Sets,,,,
Tobeelec,tobeelec,Electronics,Accessories & Supplies,Audio & Video Accessories,,,,
Litwaro,litwaro,Electronics,Accessories & Supplies,Cord Management,,,,
LQT,lqt,Beauty,Hair Care,Hair Cutting Tools,,,,
pigtone,pigtone,Electronics,Accessories & Supplies,Microphones,,,,
newppon,newppon,Electronics,Cell Phones & Accessories,"Cases, Holsters & Clips",,,,
Gtheos,gtheos,Electronics,Accessories & Supplies,Computer Accessories,,,,
Tustao,tustao,Electronics,Video Game Consoles & Accessories,Sony PSP,,,,
Air-Val,air-val,Beauty,Fragrance,Children's,,,,
Suncala,suncala,Electronics,Video Game Consoles & Accessories,Sony PSP,,,,
Andalou Naturals,andalou-naturals,Beauty,"Foot, Hand & Nail Care",Foot & Hand Care,,,,
MiDenso,midenso,Beauty,"Foot, Hand & Nail Care",Nail Care,,,,
HaiNXC,hainxc,Electronics,Accessories & Supplies,"Batteries, Chargers & Accessories",,,,
Hawkins & Brimble,hawkins-brimble,Beauty,Shave & Hair Removal,Men's,,,,
AUGSUN,augsun,Electronics,Accessories & Supplies,Microphones,,,,
Afterplug,afterplug,Electronics,Accessories & Supplies,Computer Accessories,,,,
DEPOKA,depoka,Beauty,Hair Care,Hair Accessories,,,,
XOOL,xool,Electronics,Accessories & Supplies,Computer Accessories,,,,
Hayes,hayes,Electronics,Computers & Accessories,Computer Components,,,,
ella+mila,ella-mila,Beauty,"Foot, Hand & Nail Care",Nail Art & Polish,,,,
Hanacure,hanacure,Beauty,Skin Care,Face,,,,
MODUODUO,moduoduo,Electronics,Accessories & Supplies,Computer Accessories,,,,
Sunshine Tape,sunshine-tape,Beauty,Hair Care,"Extensions, Wigs & Accessories",,,,
Advanced Clinicals,advanced-clinicals,Beauty,Skin Care,Body,,,,
OSHEA COSMETICS,oshea-cosmetics,Beauty,Skin Care,Lip Care,,,,
Ohleats,ohleats,Electronics,Accessories & Supplies,Vehicle Electronics Accessories,,,,
SYLVANIA,sylvania,Electronics,Accessories & Supplies,Computer Accessories,,,,
Hot Stickers,hot-stickers,Beauty,Makeup,Body,,,,
Dove,dove,Beauty,Skin Care,Body,dove.com,,,1
HAIOLORPRO,haiolorpro,Electronics,Accessories & Supplies,Computer Accessories,,,,
ARMSTRONG AMERICA,armstrong-america,Beauty,"Foot, Hand & Nail Care",Foot & Hand Care,,,,
BATSOEASY,batsoeasy,Electronics,Video Game Consoles & Accessories,Nintendo DS,,,,
MAYBELLINE,maybelline,Beauty,Makeup,Eyes,,,,
VZZNN,vzznn,Electronics,Accessories & Supplies,Television Accessories,,,,
NLAIOUSL,nlaiousl,Electronics,Car & Vehicle Electronics,Aviation Electronics,,,,
Acoustic Audio by Goldwood,acoustic-audio-by-goldwood,Electronics,Television & Video,Home Theater Systems,goldwood.com,,,
Cmple,cmple,Electronics,Accessories & Supplies,Cables,,,,
CAMEDAFLX,camedaflx,Electronics,Camera & Photo,Film Photography,,,,
WSKEN,wsken,Electronics,Accessories & Supplies,Cell Phone Accessories,,,,
STYLANCE,stylance,Beauty,Hair Care,Hair Coloring Products,,,,
LZEXIN,lzexin,Electronics,Accessories & Supplies,Vehicle Electronics Accessories,,,,
SURITCH,suritch,Electronics,Accessories & Supplies,Cell Phone Accessories,,,,
Walfront,walfront,Electronics,Accessories & Supplies,Camera & Photo Accessories,,,,
Sanguine,sanguine,Beauty,Shave & Hair Removal,Men's,,,,
LIANGSTAR,liangstar,Electronics,Computers & Accessories,Laptop Accessories,,,,
PanOxyl,panoxyl,Beauty,Skin Care,Face,,,,
Body Boost,body-boost,Beauty,Skin Care,Maternity,,,,
DUSCOKE,duscoke,Electronics,Accessories & Supplies,Vehicle Electronics Accessories,,,,
WAHFOX,wahfox,Beauty,Shave & Hair Removal,Men's,,,,
MARTINELIA,martinelia,Beauty,Makeup,Makeup Sets,,,,
Nutrafol,nutrafol,Beauty,Hair Care,Hair Loss Products,,,,
Uniden,uniden,Electronics,Accessories & Supplies,Cell Phone Accessories,uniden.com,,,
Lancôme,lanc-me,Beauty,Skin Care,Eyes,,,,
Guzack,guzack,Electronics,Cell Phones & Accessories,"Cases, Holsters & Clips",,,,
Rybozen,rybozen,Electronics,Accessories & Supplies,Audio & Video Accessories,,,,
Latch,latch,Electronics,Wearable Technology,Accessories,,,,
Herban Essentials,herban-essentials,Beauty,Skin Care,Face,,,,
VINTAR,vintar,Electronics,Accessories & Supplies,"Batteries, Chargers & Accessories",,,,
ANYPLUS,anyplus,Electronics,Accessories & Supplies,Computer Accessories,,,,
Evereden,evereden,Beauty,Skin Care,Maternity,,,,
Ortarco,ortarco,Beauty,Personal Care,Bath & Bathing Accessories,,,,
Union Razors,union-razors,Beauty,Shave & Hair Removal,Men's,,,,
LUCOTIYA,lucotiya,Beauty,Skin Care,Body,,,,
Arae,arae,Electronics,Cell Phones & Accessories,"Cases, Holsters & Clips",,,,
Embleaf,embleaf,Beauty,Skin Care,Body,,,,
Oauee,oauee,Beauty,"Foot, Hand & Nail Care",Nail Art & Polish,,,,
Fidioto,fidioto,Electronics,Accessories & Supplies,Computer Accessories,,,,
APGLSXY,apglsxy,Electronics,Computers & Accessories,Computer Components,,,,
AGLIFEFY,aglifefy,Beauty,Hair Care,Hair Accessories,,,,
JESSINIE,jessinie,Electronics,Accessories & Supplies,Computer Accessories,,,,
everyone for every body,everyone-for-every-body,Beauty,Skin Care,Body,,,,
HONEYBULL,honeybull,Beauty,Oral Care,Teeth Grinding Guards,,,,
IGIYI,igiyi,Beauty,"Foot, Hand & Nail Care",Nail Art & Polish,,,,
Razer,razer,Electronics,Accessories & Supplies,Computer Accessories,razer.com,,,
humanroots,humanroots,Beauty,Skin Care,Face,,,,
GUY-TECH,guy-tech,Beauty,Shave & Hair Removal,Women's,,,,
HESPLUS,hesplus,Electronics,Accessories & Supplies,Vehicle Electronics Accessories,,,,
Oars + Alps,oars-alps,Beauty,Skin Care,Sunscreens & Tanning Products,,,,
Natural Elements Botanicals,natural-elements-botanicals,Beauty,Skin Care,Face,,,,
Peak Essentials The Original TUNG Brush,peak-essentials-the-original-tung-brush,Beauty,Oral Care,Tongue Cleaners,,,,
Park Perfection,park-perfection,Beauty,Makeup,Eyes,,,,
Discovery Naturals,discovery-naturals,Beauty,Hair Care,Hair Coloring Products,,,,
iFi,ifi,Electronics,Accessories & Supplies,Audio & Video Accessories,,,,
DUMEALAGR,dumealagr,Electronics,Accessories & Supplies,Computer Accessories,,,,
WisWinDa,wiswinda,Electronics,Accessories & Supplies,Vehicle Electronics Accessories,,,,
CSODINCE,csodince,Electronics,Accessories & Supplies,Cell Phone Accessories,,,,
72 HRS,72-hrs,Electronics,Portable Audio & Video,Radios,,,,
OatXtorpor,oatxtorpor,Beauty,Shave & Hair Removal,Men's,,,,
Taotique,taotique,Electronics,Accessories & Supplies,Office Electronics Accessories,,,,
PLUGTUL,plugtul,Electronics,Accessories & Supplies,Power Strips & Surge Protectors,,,,
SULLMAR,sullmar,Beauty,"Foot, Hand & Nail Care",Nail Art & Polish,,,,
Linsoul,linsoul,Electronics,Accessories & Supplies,Audio & Video Accessories,,,,
JXMOX,jxmox,Electronics,Accessories & Supplies,Cables,,,,
Plantur 39,plantur-39,Beauty,Hair Care,Hair Loss Products,,,,
Berlaney,berlaney,Beauty,"Foot, Hand & Nail Care",Foot & Hand Care,,,,
SHOOT,shoot,Electronics,Accessories & Supplies,Camera & Photo Accessories,,,,
Ejoyous,ejoyous,Electronics,Accessories & Supplies,Cell Phone Accessories,,,,
Angoily,angoily,Electronics,eBook Readers & Accessories,Stands,,,,
MMOBIEL,mmobiel,Electronics,Accessories & Supplies,Computer Accessories,,,,
KC Republic,kc-republic,Beauty,Hair Care,Hair Coloring Products,,,,
Magellan,magellan,Electronics,Car & Vehicle Electronics,Vehicle GPS,,,,
EOAJAFOU,eoajafou,Electronics,Accessories & Supplies,Camera & Photo Accessories,,,,
AudioQuest,audioquest,Electronics,Accessories & Supplies,Cables,audioquest.com,,,
Rosojodg,rosojodg,Beauty,Hair Care,Hair Accessories,,,,
Hally Hair,hally-hair,Beauty,Hair Care,Hair Coloring Products,,,,
QRWT,qrwt,Beauty,Hair Care,Hair Accessories,,,,
BEENLE,beenle,Beauty,"Foot, Hand & Nail Care",Nail Art & Polish,,,,
FUXGZ,fuxgz,Electronics,Camera & Photo,Video,,,,
Tezocr,tezocr,Beauty,"Foot, Hand & Nail Care",Nail Art & Polish,,,,
WOWOTEX,wowotex,Beauty,Makeup,Makeup Remover,,,,
Suclain,suclain,Beauty,Hair Care,Hair Coloring Products,,,,
Elecan,elecan,Electronics,Accessories & Supplies,Cables,,,,
Flashpoint,flashpoint,Electronics,Camera & Photo,Video,,,,
Marmol and Son,marmol-and-son,Beauty,Fragrance,Children's,,,,
OPI,opi,Beauty,"Foot, Hand & Nail Care",Nail Art & Polish,opi.com,,,
getpuchra,getpuchra,Beauty,Makeup,Makeup Palettes,,,,
holixcase,holixcase,Electronics,Accessories & Supplies,Vehicle Electronics Accessories,,,,
Cantor,cantor,Beauty,Hair Care,Styling Tools & Appliances,,,,
Bubble Hugs,bubble-hugs,Electronics,Accessories & Supplies,Computer Accessories,,,,
FTUINL,ftuinl,Beauty,Shave & Hair Removal,Men's,,,,
Jseng,jseng,Beauty,Hair Care,Hair Accessories,,,,
Aveeno,aveeno,Beauty,Shave & Hair Removal,Men's,aveeno.com,,,1
MOUTHWATCHERS,mouthwatchers,Beauty,Oral Care,Mouthwash,,,,
SPOSAFE,sposafe,Beauty,Shave & Hair Removal,Men's,,,,
NAQASE,naqase,Beauty,Personal Care,Piercing & Tattoo Supplies,,,,
ANSTEN,ansten,Electronics,Accessories & Supplies,Vehicle Electronics Accessories,,,,
Lanties,lanties,Beauty,Shave & Hair Removal,Women's,,,,
WsjiaboFux,wsjiabofux,Electronics,Video Game Consoles & Accessories,Sony PSP,,,,
DEARMAMY,dearmamy,Beauty,"Foot, Hand & Nail Care",Nail Art & Polish,,,,
ALCYON,alcyon,Electronics,Accessories & Supplies,"Batteries, Chargers & Accessories",,,,
Fulgamo,fulgamo,Electronics,Accessories & Supplies,Cell Phone Accessories,,,,
Bebbtiy,bebbtiy,Beauty,"Foot, Hand & Nail Care",Tools & Accessories,,,,
Liquid Latex Fashions,liquid-latex-fashions,Beauty,Makeup,Body,,,,
uadbau,uadbau,Beauty,Makeup,Lips,,,,
Smiling,smiling,Electronics,Accessories & Supplies,Cell Phone Accessories,,,,
Badass Beard Care,badass-beard-care,Beauty,Shave & Hair Removal,Men's,,,,
Mitchum,mitchum,Beauty,Personal Care,Deodorants & Antiperspirants,,,,
DermRays,dermrays,Beauty,Shave & Hair Removal,Women's,,,,
Brazilian Belle,brazilian-belle,Beauty,Skin Care,Body,,,,
Sibba,sibba,Beauty,Makeup,Makeup Palettes,,,,
VALJEAN LABS,valjean-labs,Beauty,Skin Care,Face,,,,
irtree,irtree,Beauty,Hair Care,Hair Cutting Tools,,,,
najiaxiaowu,najiaxiaowu,Electronics,Computers & Accessories,Tablet Accessories,,,,
ZZ HZYISIDA,zz-hzyisida,Electronics,Cell Phones & Accessories,"Cases, Holsters & Clips",,,,
FYGRIP,fygrip,Beauty,Skin Care,Face,,,,
Jakoly,jakoly,Electronics,Camera & Photo,Video,,,,
Keranique,keranique,Beauty,Hair Care,Styling Tools & Appliances,,,,
Audio-Technica,audio-technica,Electronics,Home Audio,Turntables & Accessories,audio-technica.com,,,1
NEPHI,nephi,Electronics,Cell Phones & Accessories,"Cases, Holsters & Clips",,,,
Rahhaze,rahhaze,Electronics,Computers & Accessories,Tablet Accessories,,,,
YumSur,yumsur,Electronics,Accessories & Supplies,Computer Accessories,,,,
変換名人,-,Electronics,Accessories & Supplies,Computer Accessories,,,,
Remington Solar,remington-solar,Beauty,Shave & Hair Removal,Men's,,,,
MindStor,mindstor,Electronics,Accessories & Supplies,Camera & Photo Accessories,,,,
HWO,hwo,Electronics,Accessories & Supplies,Computer Accessories,,,,
Comfycheer,comfycheer,Beauty,Shave & Hair Removal,Men's,,,,
sundpik,sundpik,Beauty,"Foot, Hand & Nail Care",Tools & Accessories,,,,
TOMICCA,tomicca,Beauty,"Foot, Hand & Nail Care",Nail Art & Polish,,,,
ULAIDO,ulaido,Beauty,Shave & Hair Removal,Men's,,,,
RUOYINKE,ruoyinke,Electronics,Accessories & Supplies,Computer Accessories,,,,
NIMBUS,nimbus,Beauty,Oral Care,Children's Dental Care,,,,
Cinola,cinola,Beauty,Shave & Hair Removal,Men's,,,,
CDWS,cdws,Electronics,Accessories & Supplies,Vehicle Electronics Accessories,,,,
AEDIKO,aediko,Electronics,Accessories & Supplies,Television Accessories,,,,
YUNCHUN STATIONERY,yunchun-stationery,Beauty,Shave & Hair Removal,Men's,,,,
FORMULA 10.0.6,formula-10-0-6,Beauty,Skin Care,Face,,,,
RTNLIT,rtnlit,Electronics,Accessories & Supplies,Microphones,,,,
KPALAG,kpalag,Electronics,Accessories & Supplies,Vehicle Electronics Accessories,,,,
Saddle Tramp,saddle-tramp,Electronics,Accessories & Supplies,Vehicle Electronics Accessories,,,,
Omana,omana,Electronics,Accessories & Supplies,Vehicle Electronics Accessories,,,,
WOOPSOO,woopsoo,Beauty,Oral Care,Denture Care,,,,
Aispour,aispour,Electronics,Accessories & Supplies,Camera & Photo Accessories,,,,
Tottist,tottist,Electronics,Accessories & Supplies,Vehicle Electronics Accessories,,,,
XYZtech,xyztech,Electronics,Accessories & Supplies,Cell Phone Accessories,,,,
Yaslayp,yaslayp,Electronics,Accessories & Supplies,Cell Phone Accessories,,,,
Pilotfish,pilotfish,Beauty,Skin Care,Sunscreens & Tanning Products,,,,
Helen Of Troy,helen-of-troy,Beauty,Hair Care,Styling Tools & Appliances,,,,
MasiStranth,masistranth,Electronics,Computers & Accessories,Laptop Accessories,,,,
Ko-Star,ko-star,Electronics,Accessories & Supplies,Microphones,,,,
Air Jungles,air-jungles,Electronics,Accessories & Supplies,Television Accessories,,,,
GBN,gbn,Beauty,Oral Care,Teeth Grinding Guards,,,,
LLOUSSAK,lloussak,Beauty,Hair Care,Hair Accessories,,,,
RVXlRDN,rvxlrdn,Electronics,Accessories & Supplies,Microphones,,,,
AIDOWU,aidowu,Electronics,Wearable Technology,Accessories,,,,
KANMABPC,kanmabpc,Electronics,Accessories & Supplies,Computer Accessories,,,,
desired body,desired-body,Beauty,Hair Care,Hair Accessories,,,,
Coochy,coochy,Beauty,Shave & Hair Removal,Women's,,,,
GANA,gana,Electronics,Accessories & Supplies,Audio & Video Accessories,,,,
YHOVID,yhovid,Beauty,"Foot, Hand & Nail Care",Tools & Accessories,,,,
Sea of Spa,sea-of-spa,Beauty,Skin Care,Body,,,,
SilverStone,silverstone,Electronics,Computers & Accessories,Data Storage,silverstonetek.com,,,
ZIWIJE,ziwije,Electronics,Computers & Accessories,Computer Components,,,,
coeternal,coeternal,Beauty,Skin Care,Face,,,,
Dilwe,dilwe,Electronics,Accessories & Supplies,Microphones,,,,
obeoby,obeoby,Beauty,Hair Care,Hair Cutting Tools,,,,
Vannesse,vannesse,Electronics,Accessories & Supplies,Cord Management,,,,
SIGANDG,sigandg,Electronics,Accessories & Supplies,Vehicle Electronics Accessories,,,,
HartFelt,hartfelt,Beauty,"Foot, Hand & Nail Care",Foot & Hand Care,,,,
ZJchao,zjchao,Beauty,Hair Care,Hair Cutting Tools,,,,
PUSHUJIA,pushujia,Beauty,"Foot, Hand & Nail Care",Nail Art & Polish,,,,
TCTEC,tctec,Electronics,Portable Audio & Video,Digital Voice Recorders,,,,
Tonmom,tonmom,Electronics,Computers & Accessories,Laptop Accessories,,,,
OKFUN,okfun,Electronics,Camera & Photo,Underwater Photography,,,,
POND'S,pond-s,Beauty,Skin Care,Face,,,,
Puraesla,puraesla,Electronics,Computers & Accessories,Laptop Accessories,,,,
Ralph Lauren,ralph-lauren,Beauty,Fragrance,Men's,,,,
Qenker,qenker,Electronics,Car & Vehicle Electronics,Car Electronics,,,,
NOONI,nooni,Beauty,Makeup,Lips,,,,
Jean Paul Gaultier,jean-paul-gaultier,Beauty,Shave & Hair Removal,Men's,,,,
LASUS,lasus,Electronics,Video Game Consoles & Accessories,Wii U,,,,
Xing Chen Hai Yang,xing-chen-hai-yang,Beauty,Shave & Hair Removal,Men's,,,,
Qulkws,qulkws,Beauty,Shave & Hair Removal,Men's,,,,
YOUSHARES,youshares,Electronics,Accessories & Supplies,Microphones,,,,
IMAYONDIA,imayondia,Electronics,Accessories & Supplies,Computer Accessories,,,,
Filter,filter,Beauty,Personal Care,Piercing & Tattoo Supplies,,,,
UMUST,umust,Electronics,Accessories & Supplies,Cord Management,,,,
Randconcept,randconcept,Electronics,Accessories & Supplies,Vehicle Electronics Accessories,,,,
Skin 2.0,skin-2-0,Beauty,Skin Care,Face,,,,
BONAI,bonai,Electronics,Accessories & Supplies,"Batteries, Chargers & Accessories",,,,
Instant Smile,instant-smile,Beauty,Oral Care,Denture Care,,,,
Difeel,difeel,Beauty,Hair Care,Shampoo & Conditioner,,,,
Colonel Conk,colonel-conk,Beauty,Shave & Hair Removal,Men's,,,,
HAWATOUR,hawatour,Beauty,"Foot, Hand & Nail Care",Tools & Accessories,,,,
Zephnixa,zephnixa,Electronics,Accessories & Supplies,Telephone Accessories,,,,
dearcloud,dearcloud,Beauty,Shave & Hair Removal,Women's,,,,
Aeakey,aeakey,Beauty,"Foot, Hand & Nail Care",Foot & Hand Care,,,,
ASHATA,ashata,Electronics,Accessories & Supplies,Telephone Accessories,,,,
Trueocity,trueocity,Beauty,Oral Care,Children's Dental Care,,,,
Differin,differin,Beauty,Skin Care,Face,,,,
KGAJSGH,kgajsgh,Beauty,Makeup,Eyes,,,,
ORSOIRGIFON,orsoirgifon,Electronics,Accessories & Supplies,Cell Phone Accessories,,,,
TaShow,tashow,Beauty,Hair Care,Styling Tools & Appliances,,,,
McKesson,mckesson,Beauty,Shave & Hair Removal,Men's,,,,
ZBTZMC,zbtzmc,Electronics,Computers & Accessories,Laptop Accessories,,,,
Karlash,karlash,Beauty,"Foot, Hand & Nail Care",Nail Art & Polish,,,,
Visconti di Modrone,visconti-di-modrone,Beauty,Shave & Hair Removal,Men's,,,,
nat.&co.,nat-co-,Beauty,Skin Care,Face,,,,
Orly,orly,Beauty,"Foot, Hand & Nail Care",Nail Care,,,,
Hiwhy,hiwhy,Electronics,Accessories & Supplies,Camera & Photo Accessories,,,,
VQP,vqp,Electronics,Accessories & Supplies,Audio & Video Accessories,,,,
JOYMAY,joymay,Beauty,"Foot, Hand & Nail Care",Tools & Accessories,,,,
AMOPOFO,amopofo,Electronics,Accessories & Supplies,Camera & Photo Accessories,,,,
SPENFiLY,spenfily,Electronics,Accessories & Supplies,Television Accessories,,,,
Linsaner,linsaner,Electronics,Accessories & Supplies,Vehicle Electronics Accessories,,,,
Fululuer,fululuer,Electronics,Accessories & Supplies,Computer Accessories,,,,
Grave Before Shave,grave-before-shave,Beauty,Shave & Hair Removal,Men's,,,,
MZD8391,mzd8391,Beauty,Personal Care,Bath & Bathing Accessories,,,,
Crosley,crosley,Electronics,Portable Audio & Video,Boomboxes,,,,
FECAMOS,fecamos,Electronics,Accessories & Supplies,Vehicle Electronics Accessories,,,,
YaelHelens,yaelhelens,Electronics,Accessories & Supplies,Camera & Photo Accessories,,,,
Old Spice,old-spice,Beauty,Skin Care,Body,,,,
Mrekar,mrekar,Electronics,Video Game Consoles & Accessories,Sony PSP,,,,
eForBuddy,eforbuddy,Electronics,Video Game Consoles & Accessories,PlayStation Vita,,,,
CHILDMORY,childmory,Electronics,Video Game Consoles & Accessories,PlayStation Vita,,,,
Ssgamer,ssgamer,Electronics,Accessories & Supplies,Cell Phone Accessories,,,,
LANBENA,lanbena,Beauty,"Foot, Hand & Nail Care",Foot & Hand Care,,,,
Dexpt,dexpt,Beauty,Shave & Hair Removal,Men's,,,,
OKYUK,okyuk,Beauty,Shave & Hair Removal,Women's,,,,
Dan's Nails,dan-s-nails,Beauty,"Foot, Hand & Nail Care",Nail Art & Polish,,,,
Hicarer,hicarer,Electronics,Accessories & Supplies,Audio & Video Accessories,,,,
XFX,xfx,Electronics,Computers & Accessories,Computer Components,xfxforce.com,,,
Hoiny,hoiny,Beauty,"Foot, Hand & Nail Care",Foot & Hand Care,,,,
highding,highding,Electronics,Computers & Accessories,Computer Components,,,,
PURPOSE,purpose,Beauty,Skin Care,Face,,,,
The Ordinary,the-ordinary,Beauty,Skin Care,Face,theordinary.com,,,1
SelfieShow,selfieshow,Electronics,Accessories & Supplies,Cell Phone Accessories,,,,
PEACE OUT,peace-out,Beauty,Skin Care,Face,,,,
Jabra,jabra,Electronics,Accessories & Supplies,Computer Accessories,jabra.com,,,
AUSLKA,auslka,Beauty,Skin Care,Face,,,,
Zerone,zerone,Electronics,Accessories & Supplies,Audio & Video Accessories,,,,
Supershieldz,supershieldz,Electronics,Computers & Accessories,Laptop Accessories,,,,
GREEN FUSION,green-fusion,Electronics,Accessories & Supplies,Cell Phone Accessories,,,,
Oculus,oculus,Electronics,Wearable Technology,Virtual Reality,,,,
BIC,bic,Beauty,Shave & Hair Removal,Men's,bicworld.com,,,
Gelish,gelish,Beauty,"Foot, Hand & Nail Care",Nail Care,,,,
pop-tech,pop-tech,Electronics,Accessories & Supplies,Vehicle Electronics Accessories,,,,
MAG Turntable,mag-turntable,Electronics,Accessories & Supplies,Audio & Video Accessories,,,,
Bella and Bear,bella-and-bear,Beauty,Skin Care,Body,,,,
KUPA,kupa,Beauty,"Foot, Hand & Nail Care",Nail Art & Polish,,,,
Folishine,folishine,Electronics,Accessories & Supplies,Computer Accessories,,,,
UYRUREL,uyrurel,Electronics,Portable Audio & Video,MP3 & MP4 Player Accessories,,,,
IPG,ipg,Electronics,Accessories & Supplies,Cell Phone Accessories,,,,
KeeKit,keekit,Electronics,Home Audio,Compact Radios & Stereos,,,,
Jovareneo,jovareneo,Beauty,"Foot, Hand & Nail Care",Tools & Accessories,,,,
Naroa,naroa,Beauty,Personal Care,Bath & Bathing Accessories,,,,
Conable,conable,Electronics,Accessories & Supplies,Computer Accessories,,,,
Styla Hair,styla-hair,Beauty,Hair Care,Hair Accessories,,,,
NHSDVIOEP,nhsdvioep,Electronics,Accessories & Supplies,Computer Accessories,,,,
Capspace,capspace,Beauty,"Foot, Hand & Nail Care",Tools & Accessories,,,,
PurYupearl,puryupearl,Beauty,Personal Care,Piercing & Tattoo Supplies,,,,
TRELC,trelc,Electronics,Accessories & Supplies,Computer Accessories,,,,
Mareisa,mareisa,Electronics,Accessories & Supplies,Camera & Photo Accessories,,,,
CR8GR8,cr8gr8,Beauty,Hair Care,Hair Cutting Tools,,,,
HMYMYHM,hmymyhm,Electronics,Car & Vehicle Electronics,Car Electronics,,,,
Micro SATA Cables,micro-sata-cables,Electronics,Accessories & Supplies,Computer Accessories,,,,
YOLIGOX,yoligox,Electronics,Accessories & Supplies,"Batteries, Chargers & Accessories",,,,
TDK,tdk,Electronics,Accessories & Supplies,Computer Accessories,,,,
CREATESTAR,createstar,Beauty,Hair Care,Hair Coloring Products,,,,
JPHTEK,jphtek,Electronics,Accessories & Supplies,Computer Accessories,,,,
Ruittos,ruittos,Electronics,Accessories & Supplies,Camera & Photo Accessories,,,,
Datarm,datarm,Electronics,Accessories & Supplies,Cell Phone Accessories,,,,
Freebird,freebird,Beauty,Shave & Hair Removal,Women's,,,,
Dell,dell,Electronics,Computers & Accessories,Laptop Accessories,dell.com,,,1
Neutripure,neutripure,Beauty,Skin Care,Body,,,,
OKI,oki,Electronics,Television & Video,Video Glasses,,,,
UNSVM,unsvm,Electronics,Accessories & Supplies,Computer Accessories,,,,
Docutca,docutca,Electronics,Accessories & Supplies,Cell Phone Accessories,,,,
ELUTENG,eluteng,Electronics,Accessories & Supplies,Computer Accessories,,,,
Macaset,macaset,Electronics,Accessories & Supplies,Computer Accessories,,,,
Ravlzors,ravlzors,Beauty,Hair Care,Hair Accessories,,,,
ZAQE,zaqe,Electronics,Portable Audio & Video,MP3 & MP4 Players,,,,
briidea,briidea,Electronics,Accessories & Supplies,Vehicle Electronics Accessories,,,,
sensfun,sensfun,Electronics,Accessories & Supplies,Camera & Photo Accessories,,,,
acer,acer,Electronics,Computers & Accessories,Computers & Tablets,acer.com,,,
JDIRLDL,jdirldl,Electronics,Video Game Consoles & Accessories,Nintendo DS,,,,
Enfusia,enfusia,Beauty,Personal Care,Bath & Bathing Accessories,,,,
Infinity Choices,infinity-choices,Beauty,Shave & Hair Removal,Men's,,,,
Foxtec,foxtec,Electronics,Computers & Accessories,Computer Components,,,,
SYNCWIRE,syncwire,Electronics,Accessories & Supplies,Audio & Video Accessories,,,,
ANJIELO SMART,anjielo-smart,Electronics,Accessories & Supplies,Cell Phone Accessories,,,,
Every Man Jack,every-man-jack,Beauty,Personal Care,Deodorants & Antiperspirants,,,,
XCHTX,xchtx,Electronics,Accessories & Supplies,Microphones,,,,
ARCH&M,arch-m,Beauty,Personal Care,Bath & Bathing Accessories,,,,
Cyberguys!,cyberguys-,Electronics,Accessories & Supplies,Computer Accessories,,,,
ZAIOUS,zaious,Beauty,Personal Care,Bath & Bathing Accessories,,,,
Tenda,tenda,Electronics,Accessories & Supplies,Television Accessories,tendacn.com,,,
Fostex,fostex,Electronics,Accessories & Supplies,Vehicle Electronics Accessories,,,,
Wiremold,wiremold,Electronics,Accessories & Supplies,Cord Management,,,,
GALPADA,galpada,Beauty,"Foot, Hand & Nail Care",Nail Art & Polish,,,,
Andlane,andlane,Beauty,Hair Care,Hair Accessories,,,,
HEY HUMANS,hey-humans,Beauty,Personal Care,Deodorants & Antiperspirants,,,,
PAUME,paume,Beauty,"Foot, Hand & Nail Care",Nail Care,,,,
Ben Nye,ben-nye,Beauty,Makeup,Makeup Sets,,,,
Bodycology,bodycology,Beauty,Fragrance,Women's,,,,
Healeved,healeved,Beauty,Hair Care,Styling Products,,,,
Sunlan,sunlan,Electronics,Portable Audio & Video,Digital Voice Recorders,,,,
Ausbond,ausbond,Beauty,Makeup,Body,,,,
Solopen,solopen,Beauty,Shave & Hair Removal,Men's,,,,
HUME SUPERNATURAL,hume-supernatural,Beauty,Skin Care,Body,,,,
VIJIM,vijim,Electronics,Camera & Photo,Video,,,,
Umikk,umikk,Electronics,Accessories & Supplies,Computer Accessories,,,,
CLOOOUDS,clooouds,Beauty,Makeup,Body,,,,
INTUITION,intuition,Beauty,Shave & Hair Removal,Women's,,,,
CASEMATIX,casematix,Electronics,Accessories & Supplies,Microphones,,,,
HP-255-250-G6-3KX70ES-ABU,hp-255-250-g6-3kx70es-abu,Electronics,Computers & Accessories,Computer Components,,,,
Feifeiya,feifeiya,Electronics,Car & Vehicle Electronics,Aviation Electronics,,,,
Vaydeer,vaydeer,Electronics,Computers & Accessories,Laptop Accessories,,,,
MoKo,moko,Electronics,Accessories & Supplies,Computer Accessories,,,,
QUICO,quico,Beauty,Hair Care,Styling Tools & Appliances,,,,
EupHHonycs,euphhonycs,Beauty,Hair Care,Hair Accessories,,,,
BLEBLE,bleble,Electronics,Accessories & Supplies,Computer Accessories,,,,
Nugxica,nugxica,Beauty,Shave & Hair Removal,Men's,,,,
Fibershack,fibershack,Electronics,Accessories & Supplies,Cables,,,,
Ubearkk,ubearkk,Electronics,Accessories & Supplies,Cell Phone Accessories,,,,
ELEVEN AUSTRALIA,eleven-australia,Beauty,Hair Care,Shampoo & Conditioner,,,,
YESSZ,yessz,Electronics,Accessories & Supplies,Cell Phone Accessories,,,,
Le Glorie Fragrances,le-glorie-fragrances,Beauty,Fragrance,Men's,,,,
Huron,huron,Beauty,Hair Care,Shampoo & Conditioner,,,,
JMU,jmu,Beauty,Oral Care,Orthodontic Supplies,,,,
Asian Zing,asian-zing,Beauty,Hair Care,Hair Coloring Products,,,,
HUION,huion,Electronics,Accessories & Supplies,Computer Accessories,,,,
ED HARDY,ed-hardy,Beauty,Fragrance,Men's,,,,
AUTOUTLET,autoutlet,Electronics,Accessories & Supplies,Audio & Video Accessories,,,,
Jlyifan,jlyifan,Electronics,Cell Phones & Accessories,"Cases, Holsters & Clips",,,,
CHANEL,chanel,Beauty,Fragrance,Women's,chanel.com,,,1
VOGOOPOI,vogoopoi,Beauty,Hair Care,Hair Cutting Tools,,,,
MOWUX,mowux,Electronics,Accessories & Supplies,Computer Accessories,,,,
Ojguct,ojguct,Electronics,Computers & Accessories,Tablet Replacement Parts,,,,
VSEER,vseer,Electronics,Video Game Consoles & Accessories,PlayStation 3,,,,
Fafeicy,fafeicy,Electronics,Accessories & Supplies,Vehicle Electronics Accessories,,,,
Keliiyo,keliiyo,Electronics,Accessories & Supplies,Television Accessories,,,,
OHCISP,ohcisp,Beauty,Hair Care,Hair Accessories,,,,
YUEWEESER,yueweeser,Electronics,Accessories & Supplies,Camera & Photo Accessories,,,,
KIKIFAN,kikifan,Electronics,Computers & Accessories,Computer Components,,,,
Lasitalla,lasitalla,Electronics,eBook Readers & Accessories,Sleeves,,,,
YOKYAK,yokyak,Beauty,"Foot, Hand & Nail Care",Tools & Accessories,,,,
BYOMA,byoma,Beauty,Skin Care,Eyes,,,,
TerraTec,terratec,Electronics,Car & Vehicle Electronics,Car Electronics,,,,
ROCCAT,roccat,Electronics,Accessories & Supplies,Computer Accessories,roccat.com,,,1
yoyobubu,yoyobubu,Electronics,Accessories & Supplies,Computer Accessories,,,,
Gena,gena,Beauty,"Foot, Hand & Nail Care",Foot & Hand Care,,,,
LACTIVX,lactivx,Electronics,Video Game Consoles & Accessories,Wii,,,,
ienza,ienza,Electronics,Accessories & Supplies,Office Electronics Accessories,,,,
BRUMISATEUR,brumisateur,Beauty,Skin Care,Face,,,,
Gtziqa,gtziqa,Beauty,"Foot, Hand & Nail Care",Nail Art & Polish,,,,
Crest,crest,Beauty,Oral Care,Mouthwash,,,,
GAOY,gaoy,Beauty,"Foot, Hand & Nail Care",Nail Art & Polish,,,,
QfwdfcTrenz,qfwdfctrenz,Electronics,Accessories & Supplies,Microphones,,,,
NmleINEC,nmleinec,Electronics,Accessories & Supplies,Cell Phone Accessories,,,,
Sametop,sametop,Electronics,Accessories & Supplies,Camera & Photo Accessories,,,,
L.A. Girl,l-a-girl,Beauty,"Foot, Hand & Nail Care",Nail Care,,,,
RieZanthic,riezanthic,Beauty,Shave & Hair Removal,Men's,,,,
Guam,guam,Beauty,Skin Care,Body,,,,
CNCESS,cncess,Electronics,Accessories & Supplies,Cables,,,,
YSJILIDE,ysjilide,Beauty,Personal Care,Bath & Bathing Accessories,,,,
Singing Machine,singing-machine,Electronics,Accessories & Supplies,Microphones,,,,
Seawolf Technologies Inc.,seawolf-technologies-inc-,Electronics,Accessories & Supplies,Telephone Accessories,,,,
TKGOU,tkgou,Electronics,Accessories & Supplies,Computer Accessories,,,,
VCELINK,vcelink,Electronics,Accessories & Supplies,Audio & Video Accessories,,,,
Beauty7,beauty7,Beauty,Shave & Hair Removal,Women's,,,,
FQQF,fqqf,Beauty,Fragrance,Men's,,,,
Sansonic,sansonic,Electronics,Television & Video,Analog-to-Digital (DTV) Converters,,,,
BolAAzuL,bolaazul,Electronics,Accessories & Supplies,Audio & Video Accessories,,,,
Winner,winner,Beauty,Skin Care,Face,,,,
GL-Turelifes,gl-turelifes,Beauty,Makeup,Eyes,,,,
Futureonics,futureonics,Electronics,Accessories & Supplies,Computer Accessories,,,,
Best of Nature,best-of-nature,Beauty,Skin Care,Body,,,,
Soundstream,soundstream,Electronics,Car & Vehicle Electronics,Car Electronics,,,,
AFKT,afkt,Beauty,Shave & Hair Removal,Women's,,,,
Diodiva,diodiva,Beauty,"Foot, Hand & Nail Care",Nail Care,,,,
KODAK,kodak,Electronics,Camera & Photo,Film Photography,kodak.com,,,
LWORJFAW,lworjfaw,Electronics,Computers & Accessories,Computer Components,,,,
Smartbuy,smartbuy,Electronics,Accessories & Supplies,Computer Accessories,,,,
Exabyte,exabyte,Electronics,Accessories & Supplies,Computer Accessories,,,,
Triad Magnetics,triad-magnetics,Electronics,Accessories & Supplies,"Batteries, Chargers & Accessories",,,,
MEICOLY,meicoly,Beauty,Makeup,Body,,,,
Floppydisk,floppydisk,Electronics,Accessories & Supplies,Computer Accessories,,,,
LVAINIT,lvainit,Beauty,"Foot, Hand & Nail Care",Nail Art & Polish,,,,
msi,msi,Electronics,Computers & Accessories,Computer Components,,,,
kunying,kunying,Electronics,Accessories & Supplies,"Batteries, Chargers & Accessories",,,,
COLOR CAPTURE,color-capture,Beauty,Hair Care,Hair Coloring Products,,,,
IDDFEVE,iddfeve,Beauty,Makeup,Lips,,,,
SietDESEO,sietdeseo,Beauty,Oral Care,Toothbrushes & Accessories,,,,
SIBERIAN,siberian,Electronics,Accessories & Supplies,Camera & Photo Accessories,,,,
Seventh Generation,seventh-generation,Beauty,"Foot, Hand & Nail Care",Foot & Hand Care,,,,
NJALNKHM,njalnkhm,Electronics,Accessories & Supplies,Television Accessories,,,,
JIAKAI,jiakai,Electronics,Accessories & Supplies,Camera & Photo Accessories,,,,
Gillette Venus,gillette-venus,Beauty,Shave & Hair Removal,Men's,,,,
XEAOHESY,xeaohesy,Beauty,"Foot, Hand & Nail Care",Nail Art & Polish,,,,
Mangko,mangko,Electronics,Accessories & Supplies,Computer Accessories,,,,
TIGI,tigi,Beauty,Hair Care,Shampoo & Conditioner,,,,
MTX,mtx,Electronics,Accessories & Supplies,Audio & Video Accessories,,,,
Pacific Mailer,pacific-mailer,Electronics,Accessories & Supplies,Television Accessories,,,,
LEKKSA,lekksa,Beauty,Shave & Hair Removal,Men's,,,,
Leica,leica,Electronics,Camera & Photo,Film Photography,leica-camera.com,,,1
Benzodent,benzodent,Beauty,Oral Care,Oral Pain Relief,,,,
Fshine,fshine,Beauty,Hair Care,"Extensions, Wigs & Accessories",,,,
PATIKIL,patikil,Electronics,Accessories & Supplies,Camera & Photo Accessories,,,,
Yeahgoshopping,yeahgoshopping,Beauty,"Foot, Hand & Nail Care",Tools & Accessories,,,,
Vitali,vitali,Beauty,Skin Care,Body,,,,
MALEWOLF,malewolf,Electronics,Cell Phones & Accessories,"Cases, Holsters & Clips",,,,
JIKEFUN,jikefun,Electronics,Camera & Photo,Video,,,,
AORAEM,aoraem,Beauty,"Foot, Hand & Nail Care",Nail Art & Polish,,,,
GEMELLE,gemelle,Beauty,Skin Care,Face,,,,
Man Labs,man-labs,Beauty,Skin Care,Eyes,,,,
Amphenol,amphenol,Electronics,Accessories & Supplies,Television Accessories,,,,
In1mart,in1mart,Beauty,Fragrance,Sets,,,,
Orzero,orzero,Electronics,Computers & Accessories,Tablet Accessories,,,,
Bessrung,bessrung,Beauty,Hair Care,Hair Accessories,,,,
BTOOP,btoop,Electronics,Accessories & Supplies,Microphones,,,,
White Teeth Global,white-teeth-global,Beauty,Oral Care,Sensitivity Treatments,,,,
Aplimln,aplimln,Electronics,Accessories & Supplies,Camera & Photo Accessories,,,,
BREIS,breis,Electronics,Accessories & Supplies,Computer Accessories,,,,
BXIZXD,bxizxd,Electronics,Video Game Consoles & Accessories,Nintendo DS,,,,
Seche,seche,Beauty,"Foot, Hand & Nail Care",Nail Care,,,,
muilsae,muilsae,Beauty,Fragrance,Men's,,,,
Clé de Peau Beauté,cl-de-peau-beaut-,Beauty,Makeup,Eyes,,,,
Tryten,tryten,Electronics,Accessories & Supplies,Computer Accessories,,,,
BENFEI,benfei,Electronics,Accessories & Supplies,Cables,,,,
Earth,earth,Beauty,"Foot, Hand & Nail Care",Foot & Hand Care,,,,
Beauty Creations,beauty-creations,Beauty,Makeup,Body,,,,
LINFANC,linfanc,Electronics,Accessories & Supplies,Computer Accessories,,,,
Fanmusic,fanmusic,Electronics,Accessories & Supplies,Audio & Video Accessories,,,,
Woyinger,woyinger,Electronics,Accessories & Supplies,Audio & Video Accessories,,,,
RoC,roc,Beauty,Skin Care,Face,,,,
STINGER,stinger,Electronics,Accessories & Supplies,Cables,,,,
Borogo,borogo,Beauty,Shave & Hair Removal,Women's,,,,
Virfour,virfour,Electronics,Accessories & Supplies,Computer Accessories,,,,
HOMCOM,homcom,Electronics,Accessories & Supplies,Computer Accessories,,,,
Viywicz,viywicz,Beauty,Hair Care,Hair Accessories,,,,
LIHOBI,lihobi,Beauty,Shave & Hair Removal,Women's,,,,
Your Cable Store,your-cable-store,Electronics,Accessories & Supplies,Computer Accessories,,,,
FebSmart,febsmart,Electronics,Computers & Accessories,Computer Components,,,,
CLX,clx,Electronics,Computers & Accessories,Computers & Tablets,,,,
Tammy Taylor,tammy-taylor,Beauty,"Foot, Hand & Nail Care",Nail Art & Polish,,,,
VELCRO,velcro,Electronics,Accessories & Supplies,Cord Management,,,,
ETUDE,etude,Beauty,Makeup,Lips,,,,
GTGUARD,gtguard,Electronics,Camera & Photo,Binoculars & Scopes,,,,
Weitov,weitov,Electronics,Accessories & Supplies,Television Accessories,,,,
feffo,feffo,Beauty,Personal Care,Bath & Bathing Accessories,,,,
Nina Ricci,nina-ricci,Beauty,Fragrance,Women's,,,,
Mupoer,mupoer,Electronics,Accessories & Supplies,"Batteries, Chargers & Accessories",,,,
PURA D'OR,pura-d-or,Beauty,Hair Care,Hair Loss Products,,,,
YUYTE,yuyte,Beauty,Shave & Hair Removal,Men's,,,,
Wisdompark,wisdompark,Beauty,"Foot, Hand & Nail Care",Nail Art & Polish,,,,
heyous,heyous,Electronics,Accessories & Supplies,Camera & Photo Accessories,,,,
Diane Castel,diane-castel,Beauty,Fragrance,Women's,,,,
Karen Low,karen-low,Beauty,Fragrance,Women's,,,,
TATCHA,tatcha,Beauty,Skin Care,Sunscreens & Tanning Products,tatcha.com,,,1
Funturbo,funturbo,Electronics,Video Game Consoles & Accessories,Nintendo DS,,,,
TAYAYO,tayayo,Beauty,Shave & Hair Removal,Women's,,,,
Double Rhythm,double-rhythm,Beauty,"Foot, Hand & Nail Care",Nail Art & Polish,,,,
WJSTN,wjstn,Electronics,Accessories & Supplies,Audio & Video Accessories,,,,
AMVR,amvr,Electronics,Wearable Technology,Accessories,,,,
TAZENI,tazeni,Electronics,Accessories & Supplies,Vehicle Electronics Accessories,,,,
Acqua Di Parma,acqua-di-parma,Beauty,Shave & Hair Removal,Men's,,,,
ShellKingdom,shellkingdom,Electronics,Accessories & Supplies,Audio & Video Accessories,,,,
Logitech,logitech,Electronics,Accessories & Supplies,Computer Accessories,logitech.com,,,1
Futurebatt,futurebatt,Electronics,Accessories & Supplies,Camera & Photo Accessories,,,,
La Parea Wellness,la-parea-wellness,Beauty,Fragrance,Children's,,,,
KENT,kent,Beauty,Shave & Hair Removal,Men's,,,,
Tengsun,tengsun,Electronics,Accessories & Supplies,Camera & Photo Accessories,,,,
VWRHar,vwrhar,Electronics,Accessories & Supplies,Audio & Video Accessories,,,,
Kiss My Face,kiss-my-face,Beauty,Shave & Hair Removal,Men's,,,,
Anker,anker,Electronics,Accessories & Supplies,Cables,anker.com,,,
CofunKool,cofunkool,Electronics,Accessories & Supplies,Camera & Photo Accessories,,,,
Dragonranee,dragonranee,Beauty,Makeup,Body,,,,
NQINQI,nqinqi,Beauty,Skin Care,Face,,,,
Cellcosmet,cellcosmet,Beauty,Skin Care,Eyes,,,,
WEQOEE,weqoee,Beauty,Shave & Hair Removal,Women's,,,,
FiveStarCable,fivestarcable,Electronics,Accessories & Supplies,Computer Accessories,,,,
U-Haul,u-haul,Electronics,Accessories & Supplies,Television Accessories,,,,
EzFlow,ezflow,Beauty,"Foot, Hand & Nail Care",Nail Care,,,,
ENVEL,envel,Electronics,Computers & Accessories,Computer Components,,,,
AGPTEK,agptek,Electronics,Accessories & Supplies,Cord Management,,,,
FACON,facon,Beauty,"Foot, Hand & Nail Care",Tools & Accessories,,,,
atolla,atolla,Electronics,Accessories & Supplies,Computer Accessories,,,,
Sleek'e,sleek-e,Beauty,Hair Care,Hair Masks,,,,
Gaiatop,gaiatop,Electronics,Accessories & Supplies,Computer Accessories,,,,
Make Up For Ever,make-up-for-ever,Beauty,Makeup,Makeup Remover,,,,
RESUXI,resuxi,Beauty,Shave & Hair Removal,Women's,,,,
Mettalusso,mettalusso,Beauty,"Foot, Hand & Nail Care",Nail Art & Polish,,,,
MEGATEK,megatek,Electronics,Portable Audio & Video,Boomboxes,,,,
Tydeux,tydeux,Electronics,Accessories & Supplies,Camera & Photo Accessories,,,,
Comecase,comecase,Electronics,Portable Audio & Video,MP3 & MP4 Player Accessories,,,,
J-Tech Digital,j-tech-digital,Electronics,Accessories & Supplies,Audio & Video Accessories,,,,
Wonderskin,wonderskin,Beauty,Skin Care,Lip Care,,,,
TIRTIR,tirtir,Beauty,Skin Care,Face,,,,
BELVA,belva,Electronics,Accessories & Supplies,Vehicle Electronics Accessories,,,,
Mao Yeye,mao-yeye,Electronics,Accessories & Supplies,Computer Accessories,,,,
Dioche,dioche,Beauty,Shave & Hair Removal,Men's,,,,
Zeadio,zeadio,Electronics,Accessories & Supplies,Camera & Photo Accessories,,,,
good light,good-light,Beauty,Skin Care,Sets & Kits,,,,
Nulaxy,nulaxy,Electronics,Accessories & Supplies,Vehicle Electronics Accessories,,,,
DOGAIN,dogain,Electronics,Accessories & Supplies,Computer Accessories,,,,
ZiShu,zishu,Electronics,Computers & Accessories,Networking Products,,,,
Body Fantasies,body-fantasies,Beauty,Fragrance,Women's,,,,
BESKAR,beskar,Electronics,Accessories & Supplies,Computer Accessories,,,,
DSINFOYO,dsinfoyo,Electronics,Accessories & Supplies,Computer Accessories,,,,
CANMAKE,canmake,Beauty,Makeup,Eyes,,,,
La Morongo,la-morongo,Beauty,Skin Care,Body,,,,
Scotch,scotch,Electronics,Computers & Accessories,Data Storage,,,,
FMELAH,fmelah,Electronics,Accessories & Supplies,Vehicle Electronics Accessories,,,,
Lexar,lexar,Electronics,Accessories & Supplies,Computer Accessories,lexar.com,,,
Araierd,araierd,Electronics,Accessories & Supplies,Camera & Photo Accessories,,,,
REDKISS,redkiss,Beauty,Hair Care,Hair Accessories,,,,
KEUNE,keune,Beauty,Hair Care,Shampoo & Conditioner,,,,
Sppry,sppry,Beauty,Hair Care,Hair Accessories,,,,
Vaseline,vaseline,Beauty,Skin Care,Body,,,,
Beaupretty,beaupretty,Beauty,Hair Care,Hair Coloring Products,,,,
FACETORY,facetory,Beauty,Skin Care,Face,,,,
Memorex,memorex,Electronics,Accessories & Supplies,Camera & Photo Accessories,,,,
Mantianstar,mantianstar,Electronics,Accessories & Supplies,Computer Accessories,,,,
Superbat,superbat,Electronics,Accessories & Supplies,Television Accessories,,,,
Officially Bald,officially-bald,Beauty,Shave & Hair Removal,Men's,,,,
HALIHALL,halihall,Electronics,Computers & Accessories,Tablet Accessories,,,,
imPRESS,impress,Beauty,"Foot, Hand & Nail Care",Nail Art & Polish,,,,
tutata,tutata,Electronics,Accessories & Supplies,Computer Accessories,,,,
VCE,vce,Electronics,Home Audio,Home Theater,,,,
Tree Hut,tree-hut,Beauty,Shave & Hair Removal,Women's,,,,
Kobo,kobo,Electronics,eBook Readers & Accessories,eBook Readers,,,,
QianLink,qianlink,Electronics,Accessories & Supplies,Cables,,,,
SWACC,swacc,Beauty,Hair Care,"Extensions, Wigs & Accessories",,,,
Orca Beauty,orca-beauty,Beauty,Personal Care,Bath & Bathing Accessories,,,,
Fansoftiks,fansoftiks,Beauty,Hair Care,Styling Tools & Appliances,,,,
Edwin Jagger,edwin-jagger,Beauty,Shave & Hair Removal,Men's,,,,
Acouto,acouto,Electronics,Accessories & Supplies,Computer Accessories,,,,
Traovien,traovien,Electronics,Accessories & Supplies,Cables,,,,
SkyTitan,skytitan,Electronics,Accessories & Supplies,Vehicle Electronics Accessories,,,,
WALI,wali,Electronics,Accessories & Supplies,Audio & Video Accessories,,,,
Marantz,marantz,Electronics,Television & Video,AV Receivers & Amplifiers,marantz.com,,,
Mom Bomb,mom-bomb,Beauty,Personal Care,Bath & Bathing Accessories,,,,
innhom,innhom,Electronics,Accessories & Supplies,Vehicle Electronics Accessories,,,,
Xaninp,xaninp,Beauty,Skin Care,Body,,,,
Dolahair,dolahair,Beauty,Hair Care,"Extensions, Wigs & Accessories",,,,
SanDisk Professional,sandisk-professional,Electronics,Computers & Accessories,Computer Components,,,,
KACHIMOO,kachimoo,Beauty,"Foot, Hand & Nail Care",Nail Art & Polish,,,,
AloeMoist,aloemoist,Beauty,Skin Care,Face,,,,
Cellrev,cellrev,Beauty,Shave & Hair Removal,Men's,,,,
Kozma Curl,kozma-curl,Beauty,Hair Care,Hair Accessories,,,,
RRSITIAU,rrsitiau,Electronics,Accessories & Supplies,Computer Accessories,,,,
SPA SCIENCES,spa-sciences,Beauty,Shave & Hair Removal,Women's,,,,
ourmed life,ourmed-life,Beauty,Skin Care,Face,,,,
ALUROICE,aluroice,Beauty,"Foot, Hand & Nail Care",Foot & Hand Care,,,,
DTECH,dtech,Electronics,Accessories & Supplies,Computer Accessories,,,,
Touchup XS,touchup-xs,Beauty,Makeup,Lips,,,,
YINKECASE,yinkecase,Electronics,Accessories & Supplies,Cell Phone Accessories,,,,
RTBYUE,rtbyue,Beauty,Personal Care,Deodorants & Antiperspirants,,,,
Mercedes Benz,mercedes-benz,Beauty,Fragrance,Women's,,,,
Lebakort,lebakort,Electronics,Accessories & Supplies,Cell Phone Accessories,,,,
Creative,creative,Electronics,Computers & Accessories,Computer Components,creative.com,,,
Originals by Africa's Best,originals-by-africa-s-best,Beauty,Hair Care,"Hair Perms, Relaxers & Texturizers",,,,
Tea Tree,tea-tree,Beauty,Hair Care,Shampoo & Conditioner,,,,
VOOYVEX,vooyvex,Beauty,"Foot, Hand & Nail Care",Tools & Accessories,,,,
Kaaral,kaaral,Beauty,Shave & Hair Removal,Men's,,,,
SMPL objects,smpl-objects,Beauty,Personal Care,Bath & Bathing Accessories,,,,
Gltire,gltire,Electronics,Accessories & Supplies,Cables,,,,
DanYee,danyee,Electronics,Accessories & Supplies,Audio & Video Accessories,,,,
Eunicell,eunicell,Electronics,Accessories & Supplies,"Batteries, Chargers & Accessories",,,,
Lira Clinical,lira-clinical,Beauty,Skin Care,Face,,,,
WOUNMTT,wounmtt,Electronics,Wearable Technology,Virtual Reality,,,,
ZLQHHYL,zlqhhyl,Electronics,Accessories & Supplies,Computer Accessories,,,,
NITMTYOU,nitmtyou,Electronics,Cell Phones & Accessories,"Cases, Holsters & Clips",,,,
Sharper Image,sharper-image,Beauty,Shave & Hair Removal,Men's,,,,
Mehron,mehron,Beauty,Makeup,Body,,,,
Smyle,smyle,Beauty,Oral Care,Oral Pain Relief,,,,
SAMSON,samson,Electronics,Accessories & Supplies,Microphones,,,,
Elizabeth Arden,elizabeth-arden,Beauty,Skin Care,Face,,,,
ATPWONZ,atpwonz,Electronics,Accessories & Supplies,Camera & Photo Accessories,,,,
Risina,risina,Beauty,Shave & Hair Removal,Women's,,,,
Pafeooui,pafeooui,Beauty,Hair Care,Hair Coloring Products,,,,
Hsmienk,hsmienk,Electronics,Computers & Accessories,Laptop Accessories,,,,
PODERM,poderm,Beauty,"Foot, Hand & Nail Care",Nail Care,,,,
MOVOYEE,movoyee,Electronics,Cell Phones & Accessories,"Cases, Holsters & Clips",,,,
QTEATAK,qteatak,Electronics,Accessories & Supplies,"Batteries, Chargers & Accessories",,,,
Amazon Basic Care,amazon-basic-care,Beauty,Hair Care,Hair Loss Products,,,,
NANLITE,nanlite,Electronics,Camera & Photo,Video,,,,
クリスティーナ,-,Beauty,Skin Care,Face,,,,
Organic Cotton Mart,organic-cotton-mart,Beauty,Makeup,Makeup Remover,,,,
Mount-It!,mount-it-,Electronics,Computers & Accessories,Laptop Accessories,,,,
YMHML,ymhml,Electronics,Wearable Technology,Accessories,,,,
DOWEI,dowei,Beauty,Personal Care,Piercing & Tattoo Supplies,,,,
Styquenzer,styquenzer,Beauty,Hair Care,Hair Coloring Products,,,,
PZN,pzn,Beauty,Shave & Hair Removal,Men's,,,,
GoorDik,goordik,Electronics,Accessories & Supplies,Microphones,,,,
Sacheu,sacheu,Beauty,Skin Care,Sunscreens & Tanning Products,,,,
Denash,denash,Electronics,Accessories & Supplies,Camera & Photo Accessories,,,,
KIMISS,kimiss,Electronics,Accessories & Supplies,Camera & Photo Accessories,,,,
Cherry,cherry,Electronics,Accessories & Supplies,Computer Accessories,,,,
Magnasonic,magnasonic,Electronics,Home Audio,Compact Radios & Stereos,,,,
Kiehl's,kiehl-s,Beauty,Skin Care,Sets & Kits,kiehls.com,,,1
CocoKitch,cocokitch,Electronics,Accessories & Supplies,Office Electronics Accessories,,,,
LJJCSFF,ljjcsff,Beauty,"Foot, Hand & Nail Care",Nail Art & Polish,,,,
Magik,magik,Beauty,"Foot, Hand & Nail Care",Nail Art & Polish,,,,
MABAO,mabao,Beauty,Hair Care,Hair Accessories,,,,
Kohler,kohler,Beauty,Personal Care,Bath & Bathing Accessories,,,,
SbqIbycine,sbqibycine,Beauty,Shave & Hair Removal,Women's,,,,
Karhood,karhood,Electronics,Computers & Accessories,Tablet Accessories,,,,
Margaret Dabbs,margaret-dabbs,Beauty,"Foot, Hand & Nail Care",Foot & Hand Care,,,,
TPLTECH,tpltech,Electronics,Accessories & Supplies,Computer Accessories,,,,
WDHD,wdhd,Electronics,Cell Phones & Accessories,"Cases, Holsters & Clips",,,,
TINKRSTUFF,tinkrstuff,Beauty,"Foot, Hand & Nail Care",Nail Art & Polish,,,,
AKA Unicorn,aka-unicorn,Beauty,"Foot, Hand & Nail Care",Nail Art & Polish,,,,
modelones,modelones,Beauty,"Foot, Hand & Nail Care",Nail Art & Polish,,,,
Goktvai,goktvai,Electronics,Accessories & Supplies,Camera & Photo Accessories,,,,
OQIMAX,oqimax,Electronics,Accessories & Supplies,Vehicle Electronics Accessories,,,,
Weleda,weleda,Beauty,Skin Care,Body,weleda.com,,,
YSAGi,ysagi,Electronics,Accessories & Supplies,Computer Accessories,,,,
Liberty Supply,liberty-supply,Beauty,Hair Care,Hair Cutting Tools,,,,
Kingsley,kingsley,Beauty,Shave & Hair Removal,Men's,,,,
Quzmo,quzmo,Electronics,Video Game Consoles & Accessories,PlayStation Vita,,,,
Pig Hog,pig-hog,Electronics,Accessories & Supplies,Audio & Video Accessories,,,,
UpNourish,upnourish,Beauty,Hair Care,Hair Loss Products,,,,
Dermasuri,dermasuri,Beauty,Skin Care,Lip Care,,,,
pure.tiful,pure-tiful,Beauty,Skin Care,Sunscreens & Tanning Products,,,,
THE VINTAGE GROOMING CO.,the-vintage-grooming-co-,Beauty,Shave & Hair Removal,Women's,,,,
Sure Grip Shaving Razor,sure-grip-shaving-razor,Beauty,Shave & Hair Removal,Men's,,,,
BYUP,byup,Beauty,Hair Care,"Hair Perms, Relaxers & Texturizers",,,,
GLAM UP,glam-up,Beauty,Skin Care,Face,,,,
ToLuLu,tolulu,Electronics,Computers & Accessories,Laptop Accessories,,,,
IYOUBOL,iyoubol,Electronics,Accessories & Supplies,Computer Accessories,,,,
MILOUZ,milouz,Electronics,Accessories & Supplies,Camera & Photo Accessories,,,,
TIEDXIOY,tiedxioy,Electronics,Accessories & Supplies,Computer Accessories,,,,
PIEPIE,piepie,Electronics,Accessories & Supplies,Camera & Photo Accessories,,,,
WOIWO,woiwo,Beauty,Personal Care,Piercing & Tattoo Supplies,,,,
Nicole & Alyssa,nicole-alyssa,Beauty,Hair Care,Styling Products,,,,
xiwai,xiwai,Electronics,Accessories & Supplies,Cables,,,,
Jierben,jierben,Electronics,Accessories & Supplies,Audio & Video Accessories,,,,
Taylor of Old Bond Street,taylor-of-old-bond-street,Beauty,Shave & Hair Removal,Men's,,,,
KLOMIER,klomier,Beauty,Shave & Hair Removal,Women's,,,,
Dana,dana,Beauty,Fragrance,Men's,,,,
KIMIEYE,kimieye,Beauty,Makeup,Lips,,,,
Salon Pro,salon-pro,Beauty,Hair Care,Hair Coloring Products,,,,
Naroote,naroote,Electronics,Portable Audio & Video,MP3 & MP4 Player Accessories,,,,
MOUNTUP,mountup,Electronics,Accessories & Supplies,Audio & Video Accessories,,,,
Tanologist,tanologist,Beauty,Skin Care,Sunscreens & Tanning Products,,,,
ACKLLR,ackllr,Electronics,Accessories & Supplies,Audio & Video Accessories,,,,
Mygatti,mygatti,Electronics,Television & Video,Home Theater Systems,,,,
Veracity,veracity,Electronics,Camera & Photo,Video Surveillance,,,,
Naked & Thriving,naked-thriving,Beauty,Skin Care,Face,,,,
HIEbee,hiebee,Electronics,Accessories & Supplies,Computer Accessories,,,,
FACESCANADA,facescanada,Beauty,Makeup,Lips,,,,
MAQIHAN,maqihan,Beauty,Personal Care,Deodorants & Antiperspirants,,,,
bedace,bedace,Beauty,Shave & Hair Removal,Men's,,,,
DRMODE,drmode,Beauty,"Foot, Hand & Nail Care",Tools & Accessories,,,,
Bilitase,bilitase,Beauty,Shave & Hair Removal,Men's,,,,
Givenchy,givenchy,Beauty,Fragrance,Women's,,,,
SanDisk,sandisk,Electronics,Accessories & Supplies,Cell Phone Accessories,sandisk.com,,,
Oris Health,oris-health,Beauty,Oral Care,Toothpaste,,,,
Koettco,koettco,Beauty,Oral Care,Toothbrushes & Accessories,,,,
TINGOX,tingox,Beauty,Oral Care,Toothbrushes & Accessories,,,,
Tekswamp,tekswamp,Electronics,Accessories & Supplies,Computer Accessories,,,,
Hocmos,hocmos,Beauty,Shave & Hair Removal,Women's,,,,
Jillian Dempsey,jillian-dempsey,Beauty,Skin Care,Eyes,,,,
Aigital,aigital,Electronics,Accessories & Supplies,Vehicle Electronics Accessories,,,,
Verbatim,verbatim,Electronics,Computers & Accessories,Data Storage,verbatim.com,,,
Bare August,bare-august,Beauty,"Foot, Hand & Nail Care",Tools & Accessories,,,,
Mersoco,mersoco,Electronics,Accessories & Supplies,Vehicle Electronics Accessories,,,,
GAOHOU,gaohou,Electronics,Accessories & Supplies,Computer Accessories,,,,
JIEFU,jiefu,Beauty,Personal Care,Bath & Bathing Accessories,,,,
NineLeaf,nineleaf,Electronics,Accessories & Supplies,Office Electronics Accessories,,,,
Glitties,glitties,Beauty,"Foot, Hand & Nail Care",Nail Art & Polish,,,,
Kilian,kilian,Beauty,Fragrance,Women's,,,,
Portable4All,portable4all,Electronics,Video Game Consoles & Accessories,PlayStation Vita,,,,
Xihongshi,xihongshi,Beauty,"Foot, Hand & Nail Care",Tools & Accessories,,,,
Puxnoin,puxnoin,Electronics,Accessories & Supplies,Cell Phone Accessories,,,,
UMEEUTOO,umeeutoo,Electronics,Accessories & Supplies,Cell Phone Accessories,,,,
SCCCF,scccf,Electronics,Computers & Accessories,Computer Components,,,,
Gtyuoo,gtyuoo,Electronics,Accessories & Supplies,Cell Phone Accessories,,,,
Xcftaud,xcftaud,Electronics,Accessories & Supplies,Computer Accessories,,,,
Pumyog,pumyog,Electronics,Accessories & Supplies,Audio & Video Accessories,,,,
Dr. Frederick's Original,dr-frederick-s-original,Beauty,"Foot, Hand & Nail Care",Foot & Hand Care,,,,
BioSilk,biosilk,Beauty,Hair Care,Shampoo & Conditioner,,,,
ANGNYA,angnya,Beauty,"Foot, Hand & Nail Care",Nail Art & Polish,,,,
Wagner Stern,wagner-stern,Beauty,Oral Care,Toothbrushes & Accessories,,,,
IBD,ibd,Beauty,"Foot, Hand & Nail Care",Nail Care,,,,
"Sejati Environmental Trading Company, Inc.",sejati-environmental-trading-company-inc-,Beauty,Personal Care,Bath & Bathing Accessories,,,,
VANBOW,vanbow,Electronics,Accessories & Supplies,Telephone Accessories,,,,
qukam,qukam,Electronics,Accessories & Supplies,Computer Accessories,,,,
Dynaeuty,dynaeuty,Beauty,Makeup,Eyes,,,,
E-REPAIR,e-repair,Electronics,Computers & Accessories,Tablet Replacement Parts,,,,
Auplf,auplf,Electronics,Accessories & Supplies,"Batteries, Chargers & Accessories",,,,
OSEA,osea,Beauty,Skin Care,Face,,,,
Baby Don't Bald,baby-don-t-bald,Beauty,Hair Care,Styling Products,,,,
Sure,sure,Beauty,Personal Care,Deodorants & Antiperspirants,,,,
Star Beauty 1,star-beauty-1,Beauty,Hair Care,"Extensions, Wigs & Accessories",,,,
HouseUp,houseup,Electronics,Accessories & Supplies,Cord Management,,,,
octeso,octeso,Electronics,Accessories & Supplies,Vehicle Electronics Accessories,,,,
Antec,antec,Electronics,Computers & Accessories,Computer Components,antec.com,,,
Hatteker,hatteker,Beauty,Shave & Hair Removal,Women's,,,,
Hortsun,hortsun,Electronics,Accessories & Supplies,Office Electronics Accessories,,,,
HiWe,hiwe,Electronics,Accessories & Supplies,Computer Accessories,,,,
LBSC,lbsc,Electronics,Accessories & Supplies,Cables,,,,
Bealihelp,bealihelp,Beauty,Oral Care,Tongue Cleaners,,,,
GORILLA GRIP,gorilla-grip,Electronics,Accessories & Supplies,Computer Accessories,,,,
GAMARDE,gamarde,Beauty,"Foot, Hand & Nail Care",Foot & Hand Care,,,,
OLIVE YOUNG,olive-young,Beauty,Skin Care,Face,,,,
TomTom,tomtom,Electronics,Accessories & Supplies,Vehicle Electronics Accessories,tomtom.com,,,
WWZMDiB,wwzmdib,Electronics,Accessories & Supplies,Computer Accessories,,,,
ProCase,procase,Electronics,Accessories & Supplies,Television Accessories,,,,
Wathai,wathai,Electronics,Accessories & Supplies,Vehicle Electronics Accessories,,,,
Portronics,portronics,Electronics,Portable Audio & Video,MP3 & MP4 Player Accessories,,,,
verttech,verttech,Beauty,Skin Care,Face,,,,
Muddyland,muddyland,Beauty,Skin Care,Body,,,,
DS18,ds18,Electronics,Accessories & Supplies,Cables,,,,
Cocofloss,cocofloss,Beauty,Oral Care,Dental Floss & Picks,,,,
Opalescence,opalescence,Beauty,Oral Care,Teeth Whitening,,,,
finger secret,finger-secret,Beauty,"Foot, Hand & Nail Care",Nail Care,,,,
DIYPHONE,diyphone,Electronics,Accessories & Supplies,Cell Phone Accessories,,,,
HealPure,healpure,Beauty,"Foot, Hand & Nail Care",Tools & Accessories,,,,
WIXLI,wixli,Electronics,Accessories & Supplies,Cell Phone Accessories,,,,
Boao,boao,Beauty,Shave & Hair Removal,Men's,,,,
Gyusity,gyusity,Electronics,Wearable Technology,Accessories,,,,
Cricket,cricket,Beauty,Hair Care,Hair Cutting Tools,,,,
Paris Hilton,paris-hilton,Beauty,Fragrance,Sets,,,,
One With Nature,one-with-nature,Beauty,Personal Care,Bath & Bathing Accessories,,,,
LOPLANE,loplane,Electronics,Accessories & Supplies,Computer Accessories,,,,
THESAEM,thesaem,Beauty,Makeup,Face,,,,
SightPro,sightpro,Electronics,Computers & Accessories,Laptop Accessories,,,,
Dermrelief,dermrelief,Beauty,"Foot, Hand & Nail Care",Foot & Hand Care,,,,
KDS,kds,Beauty,"Foot, Hand & Nail Care",Nail Art & Polish,,,,
PAI4LEISI,pai4leisi,Beauty,Shave & Hair Removal,Women's,,,,
ThePoEstore,thepoestore,Electronics,Computers & Accessories,Networking Products,,,,
cridoz,cridoz,Beauty,"Foot, Hand & Nail Care",Nail Art & Polish,,,,
My Hair Is It,my-hair-is-it,Beauty,Hair Care,Hair Loss Products,,,,
LUKFOCAB,lukfocab,Electronics,Accessories & Supplies,Cables,,,,
Hi-ERA,hi-era,Electronics,Accessories & Supplies,Microphones,,,,
MIILYE,miilye,Beauty,Hair Care,"Extensions, Wigs & Accessories",,,,
Zermat,zermat,Beauty,Personal Care,Deodorants & Antiperspirants,,,,
Blapsuro,blapsuro,Electronics,Accessories & Supplies,Computer Accessories,,,,
Revision Skincare,revision-skincare,Beauty,Skin Care,Eyes,revisionskincare.com,,,
Hoyu,hoyu,Beauty,Hair Care,Hair Coloring Products,,,,
KlsyChry,klsychry,Electronics,Video Game Consoles & Accessories,Sony PSP,,,,
Strapsicle,strapsicle,Electronics,eBook Readers & Accessories,Sleeves,,,,
AUDIO 2000'S,audio-2000-s,Electronics,Accessories & Supplies,Cord Management,,,,
Shinco,shinco,Electronics,Accessories & Supplies,Microphones,,,,
Hounyoln,hounyoln,Electronics,Wearable Technology,Accessories,,,,
SPIDERCASE,spidercase,Electronics,Accessories & Supplies,Cell Phone Accessories,,,,
ADATA,adata,Electronics,Computers & Accessories,Data Storage,adata.com,,,
Forest Essentials,forest-essentials,Beauty,Fragrance,Dusting Powders,,,,
MASGLO,masglo,Beauty,"Foot, Hand & Nail Care",Nail Care,,,,
Tekson,tekson,Beauty,Hair Care,Hair Coloring Products,,,,
NCLA BEAUTY,ncla-beauty,Beauty,Skin Care,Lip Care,,,,
Rand McNally,rand-mcnally,Electronics,Car & Vehicle Electronics,Vehicle GPS,,,,
novosun,novosun,Beauty,Personal Care,Bath & Bathing Accessories,,,,
vtinvan,vtinvan,Electronics,Accessories & Supplies,Television Accessories,,,,
ZIHNIC,zihnic,Electronics,Accessories & Supplies,Cell Phone Accessories,,,,
L'Aromarine,l-aromarine,Beauty,Fragrance,Women's,,,,
JEDELEOS,jedeleos,Electronics,Accessories & Supplies,Office Electronics Accessories,,,,
JAGUAR,jaguar,Beauty,Fragrance,Men's,,,,
FACEMADE,facemade,Beauty,Skin Care,Face,,,,
Ckuakiwu,ckuakiwu,Electronics,Accessories & Supplies,Vehicle Electronics Accessories,,,,
Marble Medical,marble-medical,Beauty,Fragrance,Men's,,,,
MPATIBY,mpatiby,Electronics,Accessories & Supplies,Cell Phone Accessories,,,,
RecDec,recdec,Electronics,Accessories & Supplies,Camera & Photo Accessories,,,,
EszkozTA,eszkozta,Electronics,Accessories & Supplies,Camera & Photo Accessories,,,,
Luyismer,luyismer,Electronics,Accessories & Supplies,Camera & Photo Accessories,,,,
Mountain Ocean,mountain-ocean,Beauty,Skin Care,Body,,,,
YEPRIME,yeprime,Beauty,"Foot, Hand & Nail Care",Tools & Accessories,,,,
YGQQOY,ygqqoy,Beauty,Hair Care,Hair Accessories,,,,
lipetol,lipetol,Beauty,"Foot, Hand & Nail Care",Foot & Hand Care,,,,
Stock Your Home,stock-your-home,Electronics,Accessories & Supplies,Audio & Video Accessories,,,,
JIRIS,jiris,Beauty,Hair Care,Hair Accessories,,,,
Qing Yo,qing-yo,Beauty,"Foot, Hand & Nail Care",Nail Care,,,,
youngways,youngways,Beauty,Hair Care,"Extensions, Wigs & Accessories",,,,
unimiko,unimiko,Beauty,Shave & Hair Removal,Women's,,,,
Graham,graham,Beauty,Hair Care,Styling Products,,,,
InnoHHustle,innohhustle,Beauty,Makeup,Makeup Palettes,,,,
Vera Wang,vera-wang,Beauty,Fragrance,Women's,,,,
Merdia,merdia,Electronics,Accessories & Supplies,Computer Accessories,,,,
Mindorlen,mindorlen,Electronics,Accessories & Supplies,Audio & Video Accessories,,,,
Me Co,me-co,Beauty,Shave & Hair Removal,Women's,,,,
UOTEK,uotek,Electronics,Accessories & Supplies,Computer Accessories,,,,
ULAK,ulak,Electronics,Portable Audio & Video,MP3 & MP4 Player Accessories,,,,
European Gold,european-gold,Beauty,Skin Care,Sunscreens & Tanning Products,,,,
HIMALU,himalu,Electronics,Computers & Accessories,Networking Products,,,,
Green Jiss,green-jiss,Electronics,Accessories & Supplies,Cables,,,,
TelPal,telpal,Electronics,Accessories & Supplies,Telephone Accessories,,,,
Fila,fila,Beauty,Fragrance,Men's,,,,
AHAVA,ahava,Beauty,Skin Care,Body,,,,
NETVIP,netvip,Electronics,Accessories & Supplies,Television Accessories,,,,
HOME IT,home-it,Beauty,Personal Care,Bath & Bathing Accessories,,,,
Best Earth Naturals,best-earth-naturals,Beauty,Hair Care,Hair Loss Products,,,,
DTVSMARTSHOW,dtvsmartshow,Electronics,Accessories & Supplies,Television Accessories,,,,
Manucurist,manucurist,Beauty,"Foot, Hand & Nail Care",Nail Art & Polish,,,,
BWESOO,bwesoo,Beauty,Shave & Hair Removal,Women's,,,,
emotal,emotal,Electronics,Accessories & Supplies,Cell Phone Accessories,,,,
Davines,davines,Beauty,Skin Care,Sunscreens & Tanning Products,,,,
JOYROOM,joyroom,Electronics,Accessories & Supplies,Vehicle Electronics Accessories,,,,
Liphontcta,liphontcta,Electronics,Video Game Consoles & Accessories,Xbox 360,,,,
JoanofArc,joanofarc,Beauty,"Foot, Hand & Nail Care",Nail Care,,,,
Legitime,legitime,Beauty,Hair Care,Hair Loss Products,,,,
Perixx,perixx,Electronics,Accessories & Supplies,Computer Accessories,,,,
Moukey,moukey,Electronics,Accessories & Supplies,Microphones,,,,
Reliable Cable Products,reliable-cable-products,Electronics,Accessories & Supplies,Television Accessories,,,,
PIXRAZZ,pixrazz,Beauty,Shave & Hair Removal,Men's,,,,
Lawnrden,lawnrden,Electronics,Accessories & Supplies,Computer Accessories,,,,
Trish McEvoy,trish-mcevoy,Beauty,Makeup,Lips,,,,
ROR,ror,Electronics,Accessories & Supplies,Camera & Photo Accessories,,,,
MIUKAA,miukaa,Beauty,"Foot, Hand & Nail Care",Tools & Accessories,,,,
toem,toem,Beauty,Personal Care,Bath & Bathing Accessories,,,,
DriSentri,drisentri,Electronics,Accessories & Supplies,Audio & Video Accessories,,,,
Urmust,urmust,Electronics,Computers & Accessories,Laptop Accessories,,,,
Pairswind,pairswind,Beauty,Hair Care,Hair Coloring Products,,,,
IOVOIMMSL,iovoimmsl,Beauty,Hair Care,"Extensions, Wigs & Accessories",,,,
Zonopy,zonopy,Electronics,Accessories & Supplies,Computer Accessories,,,,
INSIGNIA,insignia,Electronics,Accessories & Supplies,Cables,insigniaproducts.com,,,
Bondi Sands,bondi-sands,Beauty,Skin Care,Sunscreens & Tanning Products,,,,
BARIELLE,barielle,Beauty,"Foot, Hand & Nail Care",Nail Care,,,,
Greadio,greadio,Electronics,Portable Audio & Video,Radios,,,,
QiaoYoubang,qiaoyoubang,Electronics,Accessories & Supplies,Vehicle Electronics Accessories,,,,
Honest Beauty,honest-beauty,Beauty,Skin Care,Face,,,,
Pomya,pomya,Electronics,Home Audio,Compact Radios & Stereos,,,,
TECKNET,tecknet,Electronics,Accessories & Supplies,Computer Accessories,,,,
Glowpatch,glowpatch,Beauty,Skin Care,Face,,,,
SUMPK,sumpk,Electronics,Wearable Technology,Accessories,,,,
VEGANIS,veganis,Beauty,"Foot, Hand & Nail Care",Foot & Hand Care,,,,
DOBOLAN,dobolan,Electronics,Accessories & Supplies,Computer Accessories,,,,
NUOBESTY,nuobesty,Electronics,Accessories & Supplies,Audio & Video Accessories,,,,
Ansxiy,ansxiy,Electronics,Accessories & Supplies,Cell Phone Accessories,,,,
Sterling Naturals,sterling-naturals,Beauty,Hair Care,Hair Coloring Products,,,,
ANRANK,anrank,Electronics,Accessories & Supplies,Computer Accessories,,,,
Soyasi,soyasi,Electronics,Accessories & Supplies,"Batteries, Chargers & Accessories",,,,
AmeriGlo,ameriglo,Electronics,Camera & Photo,Binoculars & Scopes,,,,
GEEHUA,geehua,Electronics,Cell Phones & Accessories,"Cases, Holsters & Clips",,,,
W,w,Beauty,Fragrance,Men's,,,,
LEKNES,leknes,Electronics,Accessories & Supplies,Cell Phone Accessories,,,,
Marengo,marengo,Electronics,Accessories & Supplies,Microphones,,,,
Olive & June,olive-june,Beauty,"Foot, Hand & Nail Care",Nail Art & Polish,,,,
SOVS,sovs,Beauty,"Foot, Hand & Nail Care",Nail Care,,,,
youchen,youchen,Electronics,Accessories & Supplies,"Batteries, Chargers & Accessories",,,,
Sanpyl,sanpyl,Electronics,Accessories & Supplies,Cell Phone Accessories,,,,
SummitLink,summitlink,Electronics,Accessories & Supplies,Cables,,,,
GODIYMODULES,godiymodules,Electronics,Accessories & Supplies,Microphones,,,,
FNSHIP,fnship,Electronics,Accessories & Supplies,Computer Accessories,,,,
MORICA,morica,Beauty,Hair Care,"Extensions, Wigs & Accessories",,,,
Hftywy,hftywy,Electronics,Accessories & Supplies,Computer Accessories,,,,
OSOYOO,osoyoo,Electronics,Accessories & Supplies,Television Accessories,,,,
RKURCK,rkurck,Electronics,Accessories & Supplies,Vehicle Electronics Accessories,,,,
OHLPRO,ohlpro,Electronics,Computers & Accessories,Tablet Accessories,,,,
ELETIUO,eletiuo,Electronics,Computers & Accessories,Laptop Accessories,,,,
Mingxiong,mingxiong,Electronics,Accessories & Supplies,Cell Phone Accessories,,,,
Klipsch,klipsch,Electronics,Home Audio,Home Theater,klipsch.com,,,
Rocstor,rocstor,Electronics,Computers & Accessories,Tablet Accessories,,,,
LikeLion,likelion,Electronics,Accessories & Supplies,Television Accessories,,,,
Tree of Life Beauty,tree-of-life-beauty,Beauty,Skin Care,Eyes,,,,
Shuttle Art,shuttle-art,Electronics,Accessories & Supplies,Office Electronics Accessories,,,,
DriverGenius,drivergenius,Electronics,Accessories & Supplies,Computer Accessories,,,,
Q-BAIHE,q-baihe,Electronics,Computers & Accessories,Computer Components,,,,
wet n wild,wet-n-wild,Beauty,Makeup,Eyes,wetnwildbeauty.com,,,
FIRSTPELLA,firstpella,Beauty,Hair Care,Styling Tools & Appliances,,,,
Afnan,afnan,Beauty,Fragrance,Women's,,,,
Temdan,temdan,Electronics,Cell Phones & Accessories,"Cases, Holsters & Clips",,,,
YaFex,yafex,Beauty,Hair Care,Hair Accessories,,,,
Skullcandy,skullcandy,Electronics,Accessories & Supplies,Cell Phone Accessories,skullcandy.com,,,1
Voopwink,voopwink,Electronics,Accessories & Supplies,Cell Phone Accessories,,,,
XYIRMCYF,xyirmcyf,Electronics,Accessories & Supplies,Cell Phone Accessories,,,,
Scutumate,scutumate,Electronics,Cell Phones & Accessories,"Cases, Holsters & Clips",,,,
THAYERS,thayers,Beauty,Shave & Hair Removal,Men's,,,,
RYUJNDK,ryujndk,Electronics,Accessories & Supplies,Computer Accessories,,,,
Lisotera,lisotera,Beauty,Personal Care,Bath & Bathing Accessories,,,,
AKOAK,akoak,Beauty,"Foot, Hand & Nail Care",Nail Art & Polish,,,,
Codream,codream,Beauty,"Foot, Hand & Nail Care",Tools & Accessories,,,,
Transcend,transcend,Electronics,Accessories & Supplies,Computer Accessories,,,,
biotène,biot-ne,Beauty,Oral Care,Dry Mouth Relief,,,,
OSRAM,osram,Electronics,Accessories & Supplies,Computer Accessories,,,,
SureFire,surefire,Electronics,Accessories & Supplies,"Batteries, Chargers & Accessories",,,,
Jeremy's,jeremy-s,Beauty,Shave & Hair Removal,Men's,,,,
VANWIN,vanwin,Beauty,"Foot, Hand & Nail Care",Tools & Accessories,,,,
YAOUZICN,yaouzicn,Electronics,Car & Vehicle Electronics,Car Electronics,,,,
Anina,anina,Electronics,Car & Vehicle Electronics,Car Electronics,,,,
EltaMD,eltamd,Beauty,Skin Care,Face,eltamd.com,,,
ULANZI Select,ulanzi-select,Electronics,Accessories & Supplies,Camera & Photo Accessories,,,,
HAIXINDA,haixinda,Electronics,Wearable Technology,Glasses,,,,
QFly,qfly,Electronics,Computers & Accessories,Networking Products,,,,
Lozeguyc,lozeguyc,Electronics,Cell Phones & Accessories,"Cases, Holsters & Clips",,,,
CHFONG,chfong,Beauty,Personal Care,Bath & Bathing Accessories,,,,
Yxinjy,yxinjy,Beauty,Hair Care,Hair Accessories,,,,
Zilotusnte,zilotusnte,Beauty,Shave & Hair Removal,Men's,,,,
Atrend,atrend,Electronics,Accessories & Supplies,Audio & Video Accessories,,,,
Basicvolt,basicvolt,Electronics,Accessories & Supplies,"Batteries, Chargers & Accessories",,,,
Marini SkinSolutions,marini-skinsolutions,Beauty,Skin Care,Face,,,,
ARCTIC,arctic,Electronics,Computers & Accessories,Computer Components,arctic.de,,,
Diccik,diccik,Electronics,Accessories & Supplies,Computer Accessories,,,,
Milani,milani,Beauty,Makeup,Eyes,milanicosmetics.com,,,1
goPure,gopure,Beauty,Skin Care,Face,,,,
Kleem Organics,kleem-organics,Beauty,Skin Care,Face,,,,
Yeworth,yeworth,Electronics,Accessories & Supplies,Cables,,,,
Sea Turtle,sea-turtle,Beauty,Oral Care,Toothbrushes & Accessories,,,,
Comtrue,comtrue,Electronics,Accessories & Supplies,Telephone Accessories,,,,
Asobilor,asobilor,Electronics,Accessories & Supplies,Cables,,,,
MINKINH,minkinh,Beauty,"Foot, Hand & Nail Care",Tools & Accessories,,,,
Kiorafoto,kiorafoto,Electronics,Accessories & Supplies,"Batteries, Chargers & Accessories",,,,
Sunmig,sunmig,Electronics,Accessories & Supplies,Camera & Photo Accessories,,,,
Arm & Hammer,arm-hammer,Beauty,Oral Care,Toothbrushes & Accessories,,,,
Dr. Organic,dr-organic,Beauty,Skin Care,Face,,,,
LEAF & FLOWER,leaf-flower,Beauty,Hair Care,Shampoo & Conditioner,,,,
QKCOK,qkcok,Electronics,Video Game Consoles & Accessories,Sony PSP,,,,
Care Touch,care-touch,Electronics,Accessories & Supplies,Camera & Photo Accessories,,,,
Tabac Original,tabac-original,Beauty,Shave & Hair Removal,Men's,,,,
co2CREA,co2crea,Electronics,Accessories & Supplies,Computer Accessories,,,,
Tongcloud,tongcloud,Beauty,"Foot, Hand & Nail Care",Nail Art & Polish,,,,
Cable Builders,cable-builders,Electronics,Accessories & Supplies,Cables,,,,
Feyxsas,feyxsas,Electronics,Accessories & Supplies,Camera & Photo Accessories,,,,
OtterBox,otterbox,Electronics,Computers & Accessories,Tablet Accessories,otterbox.com,,,
DINAH,dinah,Electronics,Accessories & Supplies,Computer Accessories,,,,
Drawdart,drawdart,Beauty,Makeup,Body,,,,
Braun,braun,Beauty,Shave & Hair Removal,Men's,braun.com,,,1
Tondeo,tondeo,Beauty,Shave & Hair Removal,Men's,,,,
Lurrose,lurrose,Beauty,Hair Care,Hair Coloring Products,,,,
TiKeDa,tikeda,Electronics,eBook Readers & Accessories,Screen Protectors,,,,
RUSTAMM,rustamm,Beauty,"Foot, Hand & Nail Care",Nail Art & Polish,,,,
Primaris,primaris,Electronics,Accessories & Supplies,Computer Accessories,,,,
IRENPORU,irenporu,Electronics,Computers & Accessories,Laptop Accessories,,,,
Granteva,granteva,Beauty,Hair Care,Styling Tools & Appliances,,,,
AZJCKEW,azjckew,Beauty,Shave & Hair Removal,Women's,,,,
Aura Variety,aura-variety,Beauty,Fragrance,Dusting Powders,,,,
essie,essie,Beauty,"Foot, Hand & Nail Care",Nail Care,essie.com,,,
MAC,mac,Beauty,Makeup,Makeup Sets,,,,
TFAK,tfak,Electronics,Accessories & Supplies,Computer Accessories,,,,
COOLJOB,cooljob,Beauty,"Foot, Hand & Nail Care",Foot & Hand Care,,,,
Winsea,winsea,Beauty,Shave & Hair Removal,Men's,,,,
WolfLawS,wolflaws,Electronics,Accessories & Supplies,Computer Accessories,,,,
DOO GRO,doo-gro,Beauty,Hair Care,Hair Loss Products,,,,
LivaClean,livaclean,Beauty,Skin Care,Face,,,,
nishman,nishman,Beauty,Shave & Hair Removal,Men's,,,,
Body Drench,body-drench,Beauty,Skin Care,Sunscreens & Tanning Products,,,,
Organic Jaguar,organic-jaguar,Beauty,Shave & Hair Removal,Men's,,,,
AHHFEI,ahhfei,Beauty,Shave & Hair Removal,Men's,,,,
DARK TANS EXCLUSIVE,dark-tans-exclusive,Beauty,Skin Care,Sunscreens & Tanning Products,,,,
Scanner Bin,scanner-bin,Electronics,Accessories & Supplies,Computer Accessories,,,,
Fiesta Sun,fiesta-sun,Beauty,Makeup,Body,,,,
Xingbaichen,xingbaichen,Electronics,Portable Audio & Video,MP3 & MP4 Player Accessories,,,,
BULK PARADISE,bulk-paradise,Electronics,Accessories & Supplies,Computer Accessories,,,,
TEAWOO,teawoo,Beauty,"Foot, Hand & Nail Care",Foot & Hand Care,,,,
BREENHILL,breenhill,Beauty,"Foot, Hand & Nail Care",Tools & Accessories,,,,
Mr. Pen,mr-pen,Beauty,"Foot, Hand & Nail Care",Nail Art & Polish,,,,
Microsoft,microsoft,Electronics,Video Game Consoles & Accessories,Xbox 360,microsoft.com,,,1
Yctze,yctze,Beauty,Hair Care,Styling Products,,,,
ERGOOCUSHION,ergoocushion,Electronics,Portable Audio & Video,Minidisc Players,,,,
ZOUHOE,zouhoe,Electronics,Accessories & Supplies,Vehicle Electronics Accessories,,,,
Coty Classics,coty-classics,Beauty,Fragrance,Women's,,,,
YOTUO,yotuo,Electronics,Accessories & Supplies,Computer Accessories,,,,
Triplenet Pricing,triplenet-pricing,Beauty,Fragrance,Women's,,,,
Jo Malone,jo-malone,Beauty,Fragrance,Dusting Powders,,,,
The Body Shop,the-body-shop,Beauty,Skin Care,Body,,,,
Lattafa,lattafa,Beauty,Fragrance,Men's,,,,
Skull Shaver,skull-shaver,Beauty,Shave & Hair Removal,Women's,,,,
TCOTBE,tcotbe,Beauty,Personal Care,Bath & Bathing Accessories,,,,
ONN-FM,onn-fm,Electronics,Accessories & Supplies,Vehicle Electronics Accessories,,,,
KinRose Care,kinrose-care,Beauty,Skin Care,Sunscreens & Tanning Products,,,,
American Soft Linen,american-soft-linen,Beauty,Hair Care,Hair Accessories,,,,
Aifeier ET,aifeier-et,Electronics,Car & Vehicle Electronics,Car Electronics,,,,
Rayyl,rayyl,Beauty,Personal Care,Piercing & Tattoo Supplies,,,,
Electro-Voice,electro-voice,Electronics,Accessories & Supplies,Microphones,,,,
Leinuosen,leinuosen,Beauty,Hair Care,Styling Tools & Appliances,,,,
DEEP DEER,deep-deer,Electronics,Accessories & Supplies,Computer Accessories,,,,
VICHY,vichy,Beauty,Skin Care,Eyes,,,,
Dermelect,dermelect,Beauty,"Foot, Hand & Nail Care",Nail Care,,,,
BATIGE,batige,Electronics,Accessories & Supplies,Vehicle Electronics Accessories,,,,
eYistar,eyistar,Electronics,Cell Phones & Accessories,"Cases, Holsters & Clips",,,,
Oak Essentials,oak-essentials,Beauty,Skin Care,Face,,,,
Devoted Creations,devoted-creations,Beauty,Makeup,Body,,,,
HUANUO,huanuo,Electronics,Accessories & Supplies,Computer Accessories,,,,
SteelSeries,steelseries,Electronics,Accessories & Supplies,Computer Accessories,steelseries.com,,,1
BAGSMART,bagsmart,Electronics,Computers & Accessories,Laptop Accessories,,,,
Ayakh,ayakh,Beauty,Oral Care,Toothbrushes & Accessories,,,,
BTArtbox,btartbox,Beauty,"Foot, Hand & Nail Care",Nail Art & Polish,,,,
HUADU,huadu,Electronics,eBook Readers & Accessories,Screen Protectors,,,,
houscly,houscly,Beauty,Oral Care,Dental Floss & Picks,,,,
QDiShi,qdishi,Electronics,Accessories & Supplies,Cables,,,,
Dollar Shave Club,dollar-shave-club,Beauty,Shave & Hair Removal,Men's,,,,
HKCMEMORY,hkcmemory,Electronics,Portable Audio & Video,Minidisc Players,,,,
OMOTON,omoton,Electronics,Camera & Photo,Video,,,,
candyfouse,candyfouse,Beauty,Shave & Hair Removal,Men's,,,,
YVYKFZD,yvykfzd,Beauty,"Foot, Hand & Nail Care",Tools & Accessories,,,,
Waxness,waxness,Beauty,Shave & Hair Removal,Women's,,,,
Tainada,tainada,Electronics,Cell Phones & Accessories,"Cases, Holsters & Clips",,,,
ELEEGEM,eleegem,Beauty,"Foot, Hand & Nail Care",Nail Art & Polish,,,,
Togayu,togayu,Beauty,Hair Care,Styling Tools & Appliances,,,,
Avany Naturals,avany-naturals,Beauty,Fragrance,Sets,,,,
GODOX,godox,Electronics,Accessories & Supplies,Computer Accessories,godox.com,,,
LEIYOSGART,leiyosgart,Electronics,Accessories & Supplies,Computer Accessories,,,,
Haoyou,haoyou,Electronics,Accessories & Supplies,Camera & Photo Accessories,,,,
XINHONGJIN,xinhongjin,Beauty,Hair Care,Hair Accessories,,,,
Desert Beauty,desert-beauty,Beauty,Skin Care,Face,,,,
NATIVA SPA O BOTICÁRIO,nativa-spa-o-botic-rio,Beauty,Skin Care,Body,,,,
PSKQHIRA,pskqhira,Electronics,Camera & Photo,Video,,,,
CoralBeau,coralbeau,Beauty,Makeup,Makeup Sets,,,,
Chatbrid,chatbrid,Electronics,Accessories & Supplies,Camera & Photo Accessories,,,,
LZDICITARU,lzdicitaru,Electronics,Accessories & Supplies,Cell Phone Accessories,,,,
Mennen,mennen,Beauty,Shave & Hair Removal,Men's,,,,
Trinity Audio Solutions,trinity-audio-solutions,Electronics,Car & Vehicle Electronics,Car Electronics,,,,
HYUNDAI,hyundai,Electronics,Car & Vehicle Electronics,Car Electronics,,,,
Cosmos,cosmos,Electronics,Video Game Consoles & Accessories,PlayStation Vita,,,,
Ailun,ailun,Electronics,Computers & Accessories,Tablet Accessories,,,,
CaseSack,casesack,Electronics,Accessories & Supplies,Cell Phone Accessories,,,,
VOVIGGOL,voviggol,Electronics,Accessories & Supplies,Microphones,,,,
Kulannder,kulannder,Electronics,Video Game Consoles & Accessories,Wii,,,,
Power Gear,power-gear,Electronics,Accessories & Supplies,Telephone Accessories,,,,
bokilino,bokilino,Electronics,Computers & Accessories,Tablet Accessories,,,,
QFORET,qforet,Beauty,Skin Care,Face,,,,
XWKOXWK,xwkoxwk,Beauty,Personal Care,Piercing & Tattoo Supplies,,,,
M MC Saite,m-mc-saite,Electronics,Accessories & Supplies,Computer Accessories,,,,
Years calm,years-calm,Beauty,Personal Care,Bath & Bathing Accessories,,,,
karma organic,karma-organic,Beauty,"Foot, Hand & Nail Care",Nail Care,,,,
Rodial,rodial,Beauty,Skin Care,Face,,,,
ASRock,asrock,Electronics,Computers & Accessories,Computer Components,,,,
Garrulax,garrulax,Electronics,Accessories & Supplies,Computer Accessories,,,,
LAOKOEN,laokoen,Electronics,Computers & Accessories,Computer Components,,,,
Heyfeel,heyfeel,Beauty,Hair Care,Styling Tools & Appliances,,,,
Hair Extensions HOTstyle,hair-extensions-hotstyle,Beauty,Hair Care,Hair Coloring Products,,,,
Tahe,tahe,Beauty,Hair Care,Hair Coloring Products,,,,
INSMY,insmy,Electronics,Accessories & Supplies,Cell Phone Accessories,,,,
Kafuty-1,kafuty-1,Electronics,Accessories & Supplies,Camera & Photo Accessories,,,,
DR·AMIU,dr-amiu,Electronics,Accessories & Supplies,Audio & Video Accessories,,,,
Emowom,emowom,Electronics,Accessories & Supplies,"Batteries, Chargers & Accessories",,,,
THINKPRICE,thinkprice,Beauty,Oral Care,Denture Care,,,,
OLCLSS,olclss,Electronics,Wearable Technology,Accessories,,,,
GP,gp,Electronics,Accessories & Supplies,"Batteries, Chargers & Accessories",,,,
NARPES,narpes,Electronics,Accessories & Supplies,Vehicle Electronics Accessories,,,,
KOOWOD,koowod,Electronics,Video Game Consoles & Accessories,Nintendo DS,,,,
AIDITIYMI,aiditiymi,Electronics,Accessories & Supplies,Computer Accessories,,,,
Cremo,cremo,Beauty,Shave & Hair Removal,Women's,,,,
Seki EDGE,seki-edge,Beauty,"Foot, Hand & Nail Care",Tools & Accessories,,,,
PlayerO,playero,Electronics,Wearable Technology,Virtual Reality,,,,
Royer Labs,royer-labs,Electronics,Accessories & Supplies,Microphones,,,,
VAUCOSUN,vaucosun,Electronics,Accessories & Supplies,Cell Phone Accessories,,,,
KISMETICS,kismetics,Beauty,Skin Care,Eyes,,,,
LNAUJS,lnaujs,Beauty,"Foot, Hand & Nail Care",Nail Care,,,,
Pure Athlete,pure-athlete,Beauty,Personal Care,Bath & Bathing Accessories,,,,
Home-X,home-x,Electronics,Accessories & Supplies,"Batteries, Chargers & Accessories",,,,
XOOMRSCP,xoomrscp,Beauty,Shave & Hair Removal,Men's,,,,
AILKIN,ailkin,Electronics,Accessories & Supplies,Cables,,,,
AGAOTIAN,agaotian,Electronics,Accessories & Supplies,Computer Accessories,,,,
menesia,menesia,Beauty,Shave & Hair Removal,Men's,,,,
Geavonyg,geavonyg,Electronics,Accessories & Supplies,Camera & Photo Accessories,,,,
YOSEGOOTER,yosegooter,Beauty,Skin Care,Face,,,,
GTMEDIA,gtmedia,Electronics,Camera & Photo,Binoculars & Scopes,,,,
Swedish Beauty,swedish-beauty,Beauty,Makeup,Body,,,,
Haryali London,haryali-london,Beauty,Shave & Hair Removal,Men's,,,,
MB Quart,mb-quart,Electronics,Accessories & Supplies,Audio & Video Accessories,,,,
iayokocc,iayokocc,Electronics,Camera & Photo,Video,,,,
Dr. Groot,dr-groot,Beauty,Hair Care,Hair Loss Products,,,,
Nair,nair,Beauty,Shave & Hair Removal,Women's,,,,
Meschett,meschett,Beauty,"Foot, Hand & Nail Care",Nail Care,,,,
YIJDACASE,yijdacase,Electronics,Accessories & Supplies,Cell Phone Accessories,,,,
HAKSDOWO,haksdowo,Electronics,Portable Audio & Video,Digital Voice Recorders,,,,
TENBEST,tenbest,Electronics,Accessories & Supplies,Camera & Photo Accessories,,,,
Baocicco,baocicco,Electronics,Accessories & Supplies,Computer Accessories,,,,
Bysameyee,bysameyee,Electronics,Accessories & Supplies,Camera & Photo Accessories,,,,
DUIDESHI,duideshi,Electronics,Accessories & Supplies,Cell Phone Accessories,,,,
FlossJet,flossjet,Beauty,Oral Care,Dental Floss & Picks,,,,
DJI,dji,Electronics,Accessories & Supplies,Camera & Photo Accessories,dji.com,,,1
Urth,urth,Electronics,Accessories & Supplies,Camera & Photo Accessories,,,,
CrocSee,crocsee,Electronics,Accessories & Supplies,Cord Management,,,,
Cublive,cublive,Beauty,"Foot, Hand & Nail Care",Nail Art & Polish,,,,
EDJO,edjo,Electronics,Accessories & Supplies,Computer Accessories,,,,
Manfrotto,manfrotto,Electronics,Accessories & Supplies,Camera & Photo Accessories,,,,
Fydun,fydun,Electronics,Accessories & Supplies,Camera & Photo Accessories,,,,
GEEKRIA,geekria,Electronics,Accessories & Supplies,Audio & Video Accessories,,,,
Lily England,lily-england,Beauty,Hair Care,Styling Tools & Appliances,,,,
LooEooDoo,looeoodoo,Electronics,Accessories & Supplies,Camera & Photo Accessories,,,,
Elook,elook,Electronics,Accessories & Supplies,Vehicle Electronics Accessories,,,,
FIOTOK,fiotok,Electronics,Video Game Consoles & Accessories,Wii,,,,
Stbisen,stbisen,Beauty,"Foot, Hand & Nail Care",Nail Art & Polish,,,,
Donruby,donruby,Electronics,Accessories & Supplies,Cord Management,,,,
Meonxy,meonxy,Beauty,Shave & Hair Removal,Men's,,,,
EXPRESSIONS,expressions,Beauty,Personal Care,Bath & Bathing Accessories,,,,
Malizia,malizia,Beauty,Personal Care,Bath & Bathing Accessories,,,,
MGI SpeedWare,mgi-speedware,Electronics,Accessories & Supplies,Vehicle Electronics Accessories,,,,
Crave Naturals,crave-naturals,Beauty,Hair Care,Styling Tools & Appliances,,,,
WLLEADG,wlleadg,Beauty,"Foot, Hand & Nail Care",Nail Care,,,,
Better Not Younger,better-not-younger,Beauty,Hair Care,Hair Loss Products,,,,
LG,lg,Electronics,Television & Video,Analog-to-Digital (DTV) Converters,lg.com,,,1
EOHMAK,eohmak,Electronics,Accessories & Supplies,Vehicle Electronics Accessories,,,,
L3,l3,Beauty,Shave & Hair Removal,Men's,,,,
Uouovo,uouovo,Beauty,Oral Care,Denture Care,,,,
EDOTech,edotech,Electronics,Accessories & Supplies,Cables,,,,
SLinBeiBy,slinbeiby,Electronics,Accessories & Supplies,Microphones,,,,
Cellet,cellet,Electronics,Accessories & Supplies,Cell Phone Accessories,,,,
Lenink,lenink,Electronics,Accessories & Supplies,Vehicle Electronics Accessories,,,,
Thunder Tech,thunder-tech,Beauty,Hair Care,Shampoo & Conditioner,,,,
OIJIIE,oijiie,Beauty,Skin Care,Face,,,,
Vekniqo,vekniqo,Beauty,Shave & Hair Removal,Men's,,,,
Jaesien,jaesien,Electronics,Accessories & Supplies,Vehicle Electronics Accessories,,,,
Conair,conair,Beauty,Shave & Hair Removal,Women's,,,,
Perry Ellis,perry-ellis,Beauty,Fragrance,Sets,,,,
Pemaly,pemaly,Electronics,Accessories & Supplies,Television Accessories,,,,
Nautica,nautica,Beauty,Fragrance,Men's,,,,
Harburfine,harburfine,Electronics,Accessories & Supplies,Computer Accessories,,,,
Morcheiong,morcheiong,Beauty,"Foot, Hand & Nail Care",Nail Art & Polish,,,,
BENLIUDH,benliudh,Electronics,Accessories & Supplies,Vehicle Electronics Accessories,,,,
iBirdie,ibirdie,Electronics,Accessories & Supplies,Television Accessories,,,,
Kara Beauty,kara-beauty,Beauty,Makeup,Eyes,,,,
Easycargo,easycargo,Electronics,Computers & Accessories,Computer Components,,,,
NourishNaturals,nourishnaturals,Beauty,Skin Care,Body,,,,
Jienk,jienk,Electronics,Accessories & Supplies,Audio & Video Accessories,,,,
Xximuim,xximuim,Electronics,Accessories & Supplies,Vehicle Electronics Accessories,,,,
KAMA AYURVEDA,kama-ayurveda,Beauty,Hair Care,Hair Coloring Products,,,,
FURREN,furren,Electronics,Car & Vehicle Electronics,Car Electronics,,,,
THREE COLOUR DOGFISH,three-colour-dogfish,Electronics,Accessories & Supplies,Camera & Photo Accessories,,,,
LanSenSu,lansensu,Electronics,Accessories & Supplies,Telephone Accessories,,,,
Super,super,Beauty,Hair Care,Hair Coloring Products,,,,
VUP,vup,Electronics,Cell Phones & Accessories,"Cases, Holsters & Clips",,,,
Clearzal,clearzal,Beauty,"Foot, Hand & Nail Care",Foot & Hand Care,,,,
H HIFIHEAR,h-hifihear,Electronics,Accessories & Supplies,Cell Phone Accessories,,,,
EBTOOLS,ebtools,Electronics,Accessories & Supplies,Computer Accessories,,,,
Schick Quattro Womens,schick-quattro-womens,Beauty,Shave & Hair Removal,Women's,,,,
Spring Valley,spring-valley,Beauty,"Foot, Hand & Nail Care",Nail Care,,,,
XIAOMI,xiaomi,Electronics,Cell Phones & Accessories,Carrier Cell Phones,mi.com,,,1
RASSURT,rassurt,Electronics,Accessories & Supplies,Office Electronics Accessories,,,,
Labvida,labvida,Electronics,Camera & Photo,Binoculars & Scopes,,,,
SilkGlow,silkglow,Beauty,Shave & Hair Removal,Women's,,,,
kenke,kenke,Electronics,Computers & Accessories,Tablet Accessories,,,,
GIORGIO BEVERLY HILLS,giorgio-beverly-hills,Beauty,Fragrance,Men's,,,,
atFoliX,atfolix,Electronics,Video Game Consoles & Accessories,Sony PSP,,,,
Gzikai,gzikai,Electronics,Accessories & Supplies,Camera & Photo Accessories,,,,
AGNNQ,agnnq,Electronics,Accessories & Supplies,Computer Accessories,,,,
The Face Shop,the-face-shop,Beauty,Skin Care,Face,thefaceshop.com,,,
XinYaa,xinyaa,Electronics,Computers & Accessories,Computer Components,,,,
FiveBox,fivebox,Electronics,Accessories & Supplies,Cell Phone Accessories,,,,
DNXCDM,dnxcdm,Beauty,Shave & Hair Removal,Women's,,,,
Ohlove,ohlove,Beauty,Personal Care,Bath & Bathing Accessories,,,,
Htaexpu,htaexpu,Beauty,"Foot, Hand & Nail Care",Foot & Hand Care,,,,
ROSEWARD,roseward,Beauty,Hair Care,Hair Cutting Tools,,,,
OG PRODUCE,og-produce,Beauty,Personal Care,Piercing & Tattoo Supplies,,,,
JLab,jlab,Electronics,Accessories & Supplies,Computer Accessories,,,,
CES,ces,Electronics,Accessories & Supplies,Office Electronics Accessories,,,,
CATSELURRY,catselurry,Electronics,Accessories & Supplies,Computer Accessories,,,,
Vvikizy,vvikizy,Electronics,Video Game Consoles & Accessories,Wii,,,,
ATB,atb,Electronics,Accessories & Supplies,Television Accessories,,,,
MONDAY HAIRCARE,monday-haircare,Beauty,Hair Care,Shampoo & Conditioner,,,,
NEEWER,neewer,Electronics,Camera & Photo,Video,neewer.com,,,
NOVWANG,novwang,Electronics,Accessories & Supplies,Camera & Photo Accessories,,,,
July King,july-king,Electronics,Car & Vehicle Electronics,Car Electronics,,,,
KYOCERA,kyocera,Electronics,Cell Phones & Accessories,Carrier Cell Phones,kyocera.com,,,
pH Advantage,ph-advantage,Beauty,Shave & Hair Removal,Men's,,,,
Skin Said Yes,skin-said-yes,Beauty,Skin Care,Body,,,,
EastVita,eastvita,Electronics,Video Game Consoles & Accessories,Wii U,,,,
CYSFETENA,cysfetena,Beauty,Shave & Hair Removal,Men's,,,,
Z-CHARMMY,z-charmmy,Beauty,Hair Care,Hair Coloring Products,,,,
Rose Inc,rose-inc,Beauty,Makeup,Makeup Sets,,,,
YiePhiot,yiephiot,Electronics,Accessories & Supplies,Computer Accessories,,,,
Ancable,ancable,Electronics,Accessories & Supplies,Computer Accessories,,,,
TONIWA,toniwa,Electronics,eBook Readers & Accessories,Power Adapters,,,,
ROOHUA,roohua,Beauty,Hair Care,Hair Coloring Products,,,,
Lather & Wood Shaving Co,lather-wood-shaving-co,Beauty,Shave & Hair Removal,Men's,,,,
Behringer,behringer,Electronics,Accessories & Supplies,Microphones,behringer.com,,,1
Hempz,hempz,Beauty,Skin Care,Body,,,,
Bill Blass,bill-blass,Beauty,Fragrance,Women's,,,,
Zlveuzjs,zlveuzjs,Beauty,"Foot, Hand & Nail Care",Tools & Accessories,,,,
Mfine,mfine,Electronics,Accessories & Supplies,Cell Phone Accessories,,,,
SISSFO,sissfo,Electronics,Computers & Accessories,Tablet Accessories,,,,
ACT,act,Beauty,Oral Care,Dry Mouth Relief,,,,
Smatree,smatree,Electronics,Accessories & Supplies,Camera & Photo Accessories,,,,
PARTSHE,partshe,Electronics,Accessories & Supplies,Computer Accessories,,,,
NOTMBESTM,notmbestm,Electronics,Computers & Accessories,Laptop Accessories,,,,
Bella Beauty,bella-beauty,Beauty,Skin Care,Eyes,,,,
Baoshim,baoshim,Electronics,eBook Readers & Accessories,Screen Protectors,,,,
Miracase,miracase,Electronics,Accessories & Supplies,Cell Phone Accessories,,,,
Everest Media Solutions,everest-media-solutions,Electronics,Accessories & Supplies,Audio & Video Accessories,,,,
stymart,stymart,Electronics,Accessories & Supplies,Vehicle Electronics Accessories,,,,
Fusupak,fusupak,Beauty,Fragrance,Men's,,,,
JIATONG,jiatong,Electronics,Accessories & Supplies,Computer Accessories,,,,
Lecnvuo,lecnvuo,Electronics,Computers & Accessories,Computer Components,,,,
KINGHOOD,kinghood,Beauty,Shave & Hair Removal,Men's,,,,
alcopanda,alcopanda,Electronics,Wearable Technology,Accessories,,,,
Cheffort,cheffort,Electronics,Accessories & Supplies,Camera & Photo Accessories,,,,
RUPOFUZA,rupofuza,Beauty,"Foot, Hand & Nail Care",Nail Art & Polish,,,,
TIBOING,tiboing,Beauty,Shave & Hair Removal,Men's,,,,
Beachcombers,beachcombers,Beauty,Makeup,Body,,,,
CREATIEE-PRO,creatiee-pro,Beauty,"Foot, Hand & Nail Care",Tools & Accessories,,,,
XEGIMOR,xegimor,Electronics,Accessories & Supplies,Audio & Video Accessories,,,,
QINLIANF,qinlianf,Electronics,Accessories & Supplies,Power Strips & Surge Protectors,,,,
Rockville,rockville,Electronics,Accessories & Supplies,Audio & Video Accessories,,,,
ST. MORIZ,st-moriz,Beauty,Skin Care,Sunscreens & Tanning Products,,,,
vienon,vienon,Electronics,Accessories & Supplies,Computer Accessories,,,,
Ricoh,ricoh,Electronics,Camera & Photo,Printers & Scanners,ricoh.com,,,
Olay,olay,Beauty,Skin Care,Eyes,olay.com,,,1
GEARit,gearit,Electronics,Accessories & Supplies,Computer Accessories,,,,
DERMFREE,dermfree,Beauty,"Foot, Hand & Nail Care",Nail Care,,,,
Kokie,kokie,Beauty,Makeup,Face,,,,
Paula's Choice,paula-s-choice,Beauty,Skin Care,Face,paulaschoice.com,,,1
Soundcore,soundcore,Electronics,Accessories & Supplies,Cell Phone Accessories,soundcore.com,,,
CindyLary,cindylary,Beauty,Oral Care,Toothbrushes & Accessories,,,,
abarno,abarno,Beauty,Skin Care,Eyes,,,,
Baaletc,baaletc,Electronics,Accessories & Supplies,Camera & Photo Accessories,,,,
Tonzxce,tonzxce,Electronics,Accessories & Supplies,Computer Accessories,,,,
4711,4711,Beauty,Fragrance,Men's,,,,
Haoge,haoge,Electronics,Accessories & Supplies,Camera & Photo Accessories,,,,
Qyiywim,qyiywim,Beauty,Skin Care,Eyes,,,,
Cotwinter,cotwinter,Beauty,"Foot, Hand & Nail Care",Foot & Hand Care,,,,
Nanxudyj,nanxudyj,Electronics,Accessories & Supplies,Camera & Photo Accessories,,,,
LETURE,leture,Electronics,Accessories & Supplies,Computer Accessories,,,,
firiKer,firiker,Beauty,"Foot, Hand & Nail Care",Tools & Accessories,,,,
ZORAMI,zorami,Beauty,Shave & Hair Removal,Men's,,,,
FATUXZ,fatuxz,Beauty,"Foot, Hand & Nail Care",Nail Art & Polish,,,,
PARTS,parts,Electronics,Accessories & Supplies,Computer Accessories,,,,
Parts Express,parts-express,Electronics,Accessories & Supplies,Audio & Video Accessories,,,,
Savory Prime,savory-prime,Beauty,Hair Care,Hair Coloring Products,,,,
Cuccio,cuccio,Beauty,"Foot, Hand & Nail Care",Nail Care,,,,
SPTSSWET,sptsswet,Electronics,Accessories & Supplies,Microphones,,,,
Kinter,kinter,Electronics,Accessories & Supplies,Cables,,,,
Audiopipe,audiopipe,Electronics,Home Audio,Stereo System Components,,,,
Alexie Inc.,alexie-inc-,Beauty,Makeup,Body,,,,
SHINEOFI,shineofi,Electronics,Accessories & Supplies,Computer Accessories,,,,
Ubiquiti Networks,ubiquiti-networks,Electronics,Computers & Accessories,Networking Products,ui.com,,,1
Salange,salange,Electronics,Accessories & Supplies,Computer Accessories,,,,
Soft Touch,soft-touch,Beauty,"Foot, Hand & Nail Care",Tools & Accessories,,,,
ZitSticka,zitsticka,Beauty,Skin Care,Face,,,,
Crenstone,crenstone,Beauty,Makeup,Body,,,,
Perfect Vision,perfect-vision,Electronics,Accessories & Supplies,Television Accessories,,,,
A20X,a20x,Electronics,Computers & Accessories,Tablet Accessories,,,,
Dockem,dockem,Electronics,Cell Phones & Accessories,"Cases, Holsters & Clips",,,,
TEKCAM,tekcam,Electronics,Camera & Photo,Video,,,,
TOMASHI,tomashi,Electronics,Portable Audio & Video,Cassette Players & Recorders,,,,
Lmuwecno,lmuwecno,Beauty,Shave & Hair Removal,Women's,,,,
EZYUMM,ezyumm,Electronics,Accessories & Supplies,Telephone Accessories,,,,
Keri,keri,Beauty,Personal Care,Bath & Bathing Accessories,,,,
CableGeeker,cablegeeker,Electronics,Accessories & Supplies,Cord Management,,,,
INFINITIPRO BY CONAIR,infinitipro-by-conair,Beauty,Hair Care,Styling Tools & Appliances,,,,
Beavorty,beavorty,Beauty,Shave & Hair Removal,Women's,,,,
KEPYDRMTF,kepydrmtf,Electronics,Accessories & Supplies,Vehicle Electronics Accessories,,,,
PacSatSales,pacsatsales,Electronics,Accessories & Supplies,Cables,,,,
Nike,nike,Electronics,Wearable Technology,Accessories,nike.com,,,1
CHEOTIME,cheotime,Electronics,Accessories & Supplies,Cell Phone Accessories,,,,
MLEEDA,mleeda,Electronics,Computers & Accessories,Computer Components,,,,
FOREVER GEM,forever-gem,Beauty,Shave & Hair Removal,Women's,,,,
Cable Leader,cable-leader,Electronics,Accessories & Supplies,Cables,,,,
Crucial,crucial,Electronics,Computers & Accessories,Data Storage,crucial.com,,,1
YurMemo,yurmemo,Electronics,Accessories & Supplies,Computer Accessories,,,,
GLCON,glcon,Electronics,Accessories & Supplies,Computer Accessories,,,,
VINSULLA,vinsulla,Beauty,Oral Care,Orthodontic Supplies,,,,
Sitechylor,sitechylor,Electronics,Computers & Accessories,Networking Products,,,,
EASTAR BTS,eastar-bts,Electronics,Accessories & Supplies,"Batteries, Chargers & Accessories",,,,
Super Million Hair,super-million-hair,Beauty,Hair Care,Hair Loss Products,,,,
BAOBIAN,baobian,Electronics,Accessories & Supplies,Telephone Accessories,,,,
Spigen,spigen,Electronics,Accessories & Supplies,Cell Phone Accessories,spigen.com,,,
KAI,kai,Beauty,"Foot, Hand & Nail Care",Tools & Accessories,,,,
Ratukall,ratukall,Electronics,Accessories & Supplies,Camera & Photo Accessories,,,,
COLORCHARM,colorcharm,Beauty,Hair Care,Hair Coloring Products,,,,
BOESPATR,boespatr,Electronics,Portable Audio & Video,Portable & Handheld TVs,,,,
3M,3m,Electronics,Accessories & Supplies,Computer Accessories,3m.com,,,
Huasheng Suda,huasheng-suda,Electronics,Computers & Accessories,Tablet Replacement Parts,,,,
Lanumi,lanumi,Beauty,Shave & Hair Removal,Men's,,,,
MALIN+GOETZ,malin-goetz,Beauty,Skin Care,Body,,,,
PURITO,purito,Beauty,Skin Care,Face,,,,
ASUS,asus,Electronics,Accessories & Supplies,Television Accessories,asus.com,,,
Prolink,prolink,Electronics,Accessories & Supplies,Cables,,,,
ARCHXX,archxx,Electronics,Accessories & Supplies,Television Accessories,,,,
FireStik,firestik,Electronics,Accessories & Supplies,Cell Phone Accessories,,,,
LIONVISON,lionvison,Beauty,"Foot, Hand & Nail Care",Tools & Accessories,,,,
Jetec,jetec,Beauty,Personal Care,Bath & Bathing Accessories,,,,
GK HAIR,gk-hair,Beauty,Hair Care,Hair Coloring Products,,,,
FCD,fcd,Electronics,Accessories & Supplies,Cables,,,,
Grandview,grandview,Electronics,Accessories & Supplies,Camera & Photo Accessories,,,,
LauTus1,lautus1,Beauty,Personal Care,Bath & Bathing Accessories,,,,
Sqrmekoko,sqrmekoko,Electronics,Video Game Consoles & Accessories,Sony PSP,,,,
Adofect,adofect,Beauty,Skin Care,Eyes,,,,
PhyinLan,phyinlan,Electronics,Accessories & Supplies,Mounts,,,,
WOWSYS,wowsys,Electronics,Portable Audio & Video,MP3 & MP4 Players,,,,
LP,lp,Electronics,Accessories & Supplies,Camera & Photo Accessories,,,,
myHomeBody,myhomebody,Beauty,Personal Care,Bath & Bathing Accessories,,,,
WHATOOK,whatook,Electronics,Video Game Consoles & Accessories,PlayStation Vita,,,,
Joyzan,joyzan,Electronics,Camera & Photo,Video,,,,
MAVALA,mavala,Beauty,"Foot, Hand & Nail Care",Nail Care,,,,
Truly,truly,Beauty,Shave & Hair Removal,Women's,,,,
CariFree,carifree,Beauty,Oral Care,Toothpaste,,,,
Oternal,oternal,Electronics,Accessories & Supplies,Cell Phone Accessories,,,,
Psyclone Games,psyclone-games,Electronics,Video Game Consoles & Accessories,Wii,,,,
kacapeer,kacapeer,Beauty,Hair Care,Styling Tools & Appliances,,,,
Wooden Camera,wooden-camera,Electronics,Accessories & Supplies,Camera & Photo Accessories,,,,
Ovovo,ovovo,Beauty,Oral Care,Denture Care,,,,
BCL SPA,bcl-spa,Beauty,"Foot, Hand & Nail Care",Foot & Hand Care,,,,
GOOSURE,goosure,Beauty,Skin Care,Face,,,,
AWAONT,awaont,Beauty,Shave & Hair Removal,Men's,,,,
Pomeat,pomeat,Electronics,Video Game Consoles & Accessories,Sony PSP,,,,
SWEET TREND,sweet-trend,Beauty,"Foot, Hand & Nail Care",Nail Art & Polish,,,,
beardo decor,beardo-decor,Beauty,Shave & Hair Removal,Men's,,,,
Cinaci,cinaci,Beauty,Hair Care,Hair Accessories,,,,
FVRYOG,fvryog,Electronics,Cell Phones & Accessories,"Cases, Holsters & Clips",,,,
Boolavard,boolavard,Beauty,Hair Care,Hair Loss Products,,,,
FOXSONIC,foxsonic,Beauty,Shave & Hair Removal,Men's,,,,
AV,av,Beauty,Personal Care,Bath & Bathing Accessories,,,,
InSPAration,insparation,Beauty,Personal Care,Bath & Bathing Accessories,,,,
WireZee,wirezee,Electronics,Accessories & Supplies,Cables,,,,
WoBiogHo,wobiogho,Beauty,Shave & Hair Removal,Women's,,,,
Jizlan,jizlan,Beauty,"Foot, Hand & Nail Care",Nail Art & Polish,,,,
Metuu,metuu,Beauty,Makeup,Body,,,,
AIJIMEI,aijimei,Beauty,"Foot, Hand & Nail Care",Nail Art & Polish,,,,
Australian Gold,australian-gold,Beauty,Skin Care,Sunscreens & Tanning Products,,,,
Zollo,zollo,Beauty,Hair Care,Styling Tools & Appliances,,,,
L.A. COLORS,l-a-colors,Beauty,Skin Care,Lip Care,,,,
SUTOKAKA,sutokaka,Beauty,"Foot, Hand & Nail Care",Nail Art & Polish,,,,
Sniper,sniper,Electronics,Camera & Photo,Binoculars & Scopes,,,,
Mckkor,mckkor,Beauty,Oral Care,Denture Care,,,,
Canvcle,canvcle,Electronics,Accessories & Supplies,Vehicle Electronics Accessories,,,,
DEPTHLAN,depthlan,Electronics,Accessories & Supplies,Camera & Photo Accessories,,,,
Yadsux,yadsux,Electronics,Accessories & Supplies,Cell Phone Accessories,,,,
PERMANIA,permania,Beauty,Makeup,Eyes,,,,
SIHIVIVE,sihivive,Electronics,Accessories & Supplies,Cell Phone Accessories,,,,
EC Buying,ec-buying,Electronics,Accessories & Supplies,Computer Accessories,,,,
G,g,Electronics,Accessories & Supplies,Vehicle Electronics Accessories,,,,
Spongeables,spongeables,Beauty,Personal Care,Bath & Bathing Accessories,,,,
Adasion,adasion,Electronics,Camera & Photo,Binoculars & Scopes,,,,
HYWWPFLAY,hywwpflay,Beauty,"Foot, Hand & Nail Care",Nail Art & Polish,,,,
EVEO,eveo,Electronics,Accessories & Supplies,Television Accessories,,,,
MTDLYICE,mtdlyice,Beauty,Personal Care,Bath & Bathing Accessories,,,,
Cherimoya,cherimoya,Beauty,Makeup,Lips,,,,
YKK,ykk,Electronics,Accessories & Supplies,Computer Accessories,,,,
AUSTOR,austor,Electronics,Video Game Consoles & Accessories,Wii U,,,,
Becky Home,becky-home,Beauty,"Foot, Hand & Nail Care",Foot & Hand Care,,,,
bersem,bersem,Electronics,Accessories & Supplies,Computer Accessories,,,,
KERAGEN,keragen,Beauty,Hair Care,Shampoo & Conditioner,,,,
Iaolose,iaolose,Beauty,"Foot, Hand & Nail Care",Nail Care,,,,
Dr.Althea,dr-althea,Beauty,Skin Care,Face,,,,
Aloette,aloette,Beauty,Skin Care,Face,,,,
DETUOSI,detuosi,Electronics,Accessories & Supplies,Computer Accessories,,,,
Purely Northwest,purely-northwest,Beauty,"Foot, Hand & Nail Care",Foot & Hand Care,,,,
EVERSECU,eversecu,Electronics,Accessories & Supplies,"Batteries, Chargers & Accessories",,,,
Westclox,westclox,Electronics,Home Audio,Compact Radios & Stereos,,,,
Pro Tan,pro-tan,Beauty,Makeup,Body,,,,
KUYIOHIFI,kuyiohifi,Electronics,Accessories & Supplies,Cables,,,,
Gladzy,gladzy,Beauty,"Foot, Hand & Nail Care",Tools & Accessories,,,,
Bioderma,bioderma,Beauty,Skin Care,Face,bioderma.com,,,1
Snado,snado,Electronics,Accessories & Supplies,"Batteries, Chargers & Accessories",,,,
Soap & Glory,soap-glory,Beauty,Skin Care,Body,,,,
Red by Kiss,red-by-kiss,Beauty,Hair Care,Hair Coloring Products,,,,
BOJACK,bojack,Electronics,Computers & Accessories,Computer Components,,,,
Uwayor,uwayor,Electronics,Video Game Consoles & Accessories,Nintendo DS,,,,
Bath & Body Works,bath-body-works,Beauty,Fragrance,Children's,,,,
Ltvhuok,ltvhuok,Beauty,Shave & Hair Removal,Women's,,,,
DZJHDG,dzjhdg,Electronics,Accessories & Supplies,Computer Accessories,,,,
Lenier,lenier,Beauty,Hair Care,Hair Loss Products,,,,
WAFOLOZE,wafoloze,Beauty,"Foot, Hand & Nail Care",Nail Art & Polish,,,,
PASNMKvn,pasnmkvn,Electronics,Camera & Photo,Underwater Photography,,,,
Aokin,aokin,Electronics,Video Game Consoles & Accessories,Wii,,,,
Ripeng,ripeng,Electronics,Accessories & Supplies,Cord Management,,,,
Everyday Beauty Helping You Feel Beautiful Inside And Out,everyday-beauty-helping-you-feel-beautiful-inside-and-out,Beauty,Skin Care,Face,,,,
Salem's Elite Brand,salem-s-elite-brand,Beauty,Hair Care,Hair Cutting Tools,,,,
NetWurks,netwurks,Beauty,Hair Care,Hair Loss Products,,,,
CHCORE,chcore,Electronics,Accessories & Supplies,Power Strips & Surge Protectors,,,,
SERRENTO,serrento,Beauty,Personal Care,Bath & Bathing Accessories,,,,
ZEIZOMZER,zeizomzer,Beauty,Skin Care,Face,,,,
AITRIP,aitrip,Electronics,Computers & Accessories,Computer Components,,,,
metapen,metapen,Electronics,Accessories & Supplies,Computer Accessories,,,,
ZBMCYHCXH,zbmcyhcxh,Beauty,Skin Care,Lip Care,,,,
VENUECO,venueco,Beauty,Oral Care,Oral Pain Relief,,,,
Eddibox,eddibox,Electronics,Accessories & Supplies,Cell Phone Accessories,,,,
ONN,onn,Electronics,Video Game Consoles & Accessories,Fire TV,,,,
Sun In,sun-in,Beauty,Shave & Hair Removal,Women's,,,,
iCooBreeze,icoobreeze,Beauty,Skin Care,Eyes,,,,
Strivy,strivy,Electronics,Accessories & Supplies,Office Electronics Accessories,,,,
STEREN,steren,Electronics,Accessories & Supplies,Power Strips & Surge Protectors,,,,
Baseus,baseus,Electronics,Accessories & Supplies,Cell Phone Accessories,baseus.com,,,
LIW,liw,Beauty,Shave & Hair Removal,Women's,,,,
ToGoSpa,togospa,Beauty,"Foot, Hand & Nail Care",Foot & Hand Care,,,,
URWOOW,urwoow,Electronics,Accessories & Supplies,Television Accessories,,,,
Full Tilt Audio,full-tilt-audio,Electronics,Accessories & Supplies,Vehicle Electronics Accessories,,,,
Reure,reure,Beauty,Oral Care,Dental Floss & Picks,,,,
Evolvique,evolvique,Beauty,Shave & Hair Removal,Men's,,,,
iClever,iclever,Electronics,Accessories & Supplies,Computer Accessories,,,,
VicGFHS,vicgfhs,Beauty,Skin Care,Face,,,,
zocowear,zocowear,Electronics,Wearable Technology,Rings,,,,
JODSONE,jodsone,Beauty,"Foot, Hand & Nail Care",Nail Art & Polish,,,,
PASOW,pasow,Electronics,Accessories & Supplies,Cables,,,,
Diydeg,diydeg,Electronics,Accessories & Supplies,Camera & Photo Accessories,,,,
ERRECI,erreci,Beauty,"Foot, Hand & Nail Care",Nail Art & Polish,,,,
33rd Street Camera,33rd-street-camera,Electronics,Accessories & Supplies,Camera & Photo Accessories,,,,
Motorola,motorola,Electronics,Accessories & Supplies,Vehicle Electronics Accessories,motorola.com,,,1
Avlon,avlon,Beauty,Hair Care,Styling Products,,,,
wsdcam,wsdcam,Electronics,Accessories & Supplies,Vehicle Electronics Accessories,,,,
ZAYMS,zayms,Beauty,"Foot, Hand & Nail Care",Foot & Hand Care,,,,
A-Tech,a-tech,Electronics,Computers & Accessories,Computer Components,atechcomponents.com,,,
Asdanalili,asdanalili,Electronics,Camera & Photo,Video,,,,
DBHXXMB-HH,dbhxxmb-hh,Electronics,Accessories & Supplies,Cord Management,,,,
Yoove,yoove,Beauty,Shave & Hair Removal,Women's,,,,
SHAVING REVOLUTION,shaving-revolution,Beauty,Shave & Hair Removal,Men's,,,,
ZBORH,zborh,Electronics,Portable Audio & Video,MP3 & MP4 Player Accessories,,,,
PMU PRODUCTS,pmu-products,Beauty,Makeup,Lips,,,,
casmilee,casmilee,Electronics,Accessories & Supplies,Microphones,,,,
COWOOGMZ,cowoogmz,Electronics,Computers & Accessories,Laptop Accessories,,,,
Makidar,makidar,Beauty,Shave & Hair Removal,Men's,,,,
Warmstor,warmstor,Electronics,Accessories & Supplies,Audio & Video Accessories,,,,
CABLESONLINE.COM ATLANTIC COMPUTERTECH,cablesonline-com-atlantic-computertech,Electronics,Accessories & Supplies,Computer Accessories,,,,
Catkin,catkin,Beauty,Makeup,Lips,,,,
MMK,mmk,Electronics,Accessories & Supplies,Computer Accessories,,,,
Soke,soke,Electronics,Computers & Accessories,Tablet Accessories,,,,
vilmon,vilmon,Electronics,Accessories & Supplies,Cord Management,,,,
NUOYIA,nuoyia,Beauty,Shave & Hair Removal,Men's,,,,
TANPIUS,tanpius,Beauty,"Foot, Hand & Nail Care",Tools & Accessories,,,,
LILY ROY,lily-roy,Beauty,Skin Care,Body,,,,
Got2B,got2b,Beauty,Makeup,Body,,,,
JIANG,jiang,Electronics,Accessories & Supplies,Cell Phone Accessories,,,,
BONDIBOOST,bondiboost,Beauty,Hair Care,Shampoo & Conditioner,,,,
MYR,myr,Beauty,"Foot, Hand & Nail Care",Nail Art & Polish,,,,
MUXUN,muxun,Beauty,Shave & Hair Removal,Women's,,,,
NB North Bayou,nb-north-bayou,Electronics,Accessories & Supplies,Computer Accessories,,,,
Eda Taşpınar,eda-ta-p-nar,Beauty,Skin Care,Sunscreens & Tanning Products,,,,
Xiezezei,xiezezei,Electronics,Accessories & Supplies,Cell Phone Accessories,,,,
SOLUSTRE,solustre,Electronics,Accessories & Supplies,Camera & Photo Accessories,,,,
LERTOSEN,lertosen,Electronics,Accessories & Supplies,Audio & Video Accessories,,,,
ArmorSuit,armorsuit,Electronics,Accessories & Supplies,Cell Phone Accessories,,,,
LoveOurHome,loveourhome,Beauty,"Foot, Hand & Nail Care",Nail Art & Polish,,,,
Haoyull,haoyull,Electronics,Television & Video,Video Glasses,,,,
Sisley Paris,sisley-paris,Beauty,Skin Care,Sunscreens & Tanning Products,sisley-paris.com,,,1
muzi ᴡᴏʀᴋꜱ,muzi-,Electronics,Accessories & Supplies,Television Accessories,,,,
LS LIMO STUDIO LIMOSTUDIO,ls-limo-studio-limostudio,Electronics,Accessories & Supplies,Camera & Photo Accessories,,,,
Sky Viper,sky-viper,Electronics,Camera & Photo,Video,,,,
Biossance,biossance,Beauty,Skin Care,Face,biossance.com,,,
Batmax,batmax,Electronics,Accessories & Supplies,Camera & Photo Accessories,,,,
Augstci,augstci,Electronics,Accessories & Supplies,Camera & Photo Accessories,,,,
GPOVVIMX,gpovvimx,Beauty,Hair Care,"Extensions, Wigs & Accessories",,,,
Dior,dior,Beauty,Fragrance,Women's,,,,
XYOUWEI,xyouwei,Beauty,Shave & Hair Removal,Women's,,,,
AKIA SCREENS,akia-screens,Electronics,Accessories & Supplies,Office Electronics Accessories,,,,
ChapStick,chapstick,Beauty,Skin Care,Sunscreens & Tanning Products,,,,
SUPCASE,supcase,Electronics,Accessories & Supplies,Cell Phone Accessories,,,,
BAIMEI,baimei,Beauty,Personal Care,Bath & Bathing Accessories,,,,
d'alba Piedmont,d-alba-piedmont,Beauty,Skin Care,Face,,,,
Mipcase,mipcase,Beauty,Shave & Hair Removal,Men's,,,,
FENTY BEAUTY,fenty-beauty,Beauty,Makeup,Lips,fentybeauty.com,,,1
Rngeo,rngeo,Electronics,Accessories & Supplies,Vehicle Electronics Accessories,,,,
Straight Talk,straight-talk,Electronics,Cell Phones & Accessories,Carrier Cell Phones,,,,
Lizard Skins,lizard-skins,Electronics,Accessories & Supplies,Vehicle Electronics Accessories,,,,
Lamshaw,lamshaw,Electronics,Portable Audio & Video,MP3 & MP4 Player Accessories,,,,
Zoha,zoha,Beauty,Fragrance,Sets,,,,
Jakeko,jakeko,Electronics,Portable Audio & Video,Portable & Handheld TVs,,,,
THE AUSTRALIAN GLOW,the-australian-glow,Beauty,Skin Care,Sunscreens & Tanning Products,,,,
MOLOVA,molova,Electronics,Accessories & Supplies,Audio & Video Accessories,,,,
SweetLF,sweetlf,Beauty,Shave & Hair Removal,Men's,,,,
LAVILI,lavili,Electronics,Accessories & Supplies,Computer Accessories,,,,
JYXEREM,jyxerem,Electronics,Wearable Technology,Accessories,,,,
DOVE MEN + CARE,dove-men-care,Beauty,Hair Care,Shampoo & Conditioner,,,,
PACKOVE,packove,Beauty,Hair Care,Hair Coloring Products,,,,
Kuinha,kuinha,Electronics,Wearable Technology,Rings,,,,
SHEGLAM,sheglam,Beauty,Makeup,Face,,,,
ENVYCLOUD,envycloud,Electronics,Portable Audio & Video,Portable CD Players,,,,
WANLIAN,wanlian,Beauty,"Foot, Hand & Nail Care",Tools & Accessories,,,,
Tenergy,tenergy,Electronics,Accessories & Supplies,"Batteries, Chargers & Accessories",,,,
Absolute New York,absolute-new-york,Beauty,Makeup,Eyes,,,,
ITHUGE,ithuge,Electronics,Wearable Technology,Glasses,,,,
GIGULES,gigules,Beauty,Personal Care,Bath & Bathing Accessories,,,,
YLLYQ,yllyq,Electronics,Accessories & Supplies,Computer Accessories,,,,
SURGE,surge,Electronics,Accessories & Supplies,Vehicle Electronics Accessories,,,,
Blissful Being,blissful-being,Beauty,Skin Care,Eyes,,,,
Csvla,csvla,Beauty,Shave & Hair Removal,Women's,,,,
Neoteck,neoteck,Electronics,Accessories & Supplies,Audio & Video Accessories,,,,
Enaskin Naturals,enaskin-naturals,Beauty,Skin Care,Eyes,,,,
Yuarisx,yuarisx,Electronics,Accessories & Supplies,Camera & Photo Accessories,,,,
Oral-B,oral-b,Beauty,Oral Care,Teeth Grinding Guards,oralb.com,,,1
Smith Amish,smith-amish,Beauty,"Foot, Hand & Nail Care",Foot & Hand Care,,,,
Minimalist,minimalist,Beauty,Personal Care,Bath & Bathing Accessories,,,,
TAOTOSUNE,taotosune,Electronics,Accessories & Supplies,Computer Accessories,,,,
Siesoe,siesoe,Electronics,Cell Phones & Accessories,"Cases, Holsters & Clips",,,,
Simple Trending,simple-trending,Electronics,Accessories & Supplies,Computer Accessories,,,,
Lokyoo,lokyoo,Electronics,Accessories & Supplies,Camera & Photo Accessories,,,,
Everyuth,everyuth,Beauty,"Foot, Hand & Nail Care",Foot & Hand Care,,,,
Paloxy,paloxy,Electronics,Accessories & Supplies,Television Accessories,,,,
ESR,esr,Electronics,Computers & Accessories,Tablet Accessories,,,,
SiYear,siyear,Electronics,Accessories & Supplies,Microphones,,,,
Nc,nc,Beauty,Shave & Hair Removal,Men's,,,,
Reviva Labs,reviva-labs,Beauty,Skin Care,Face,,,,
MAGIC JOHN,magic-john,Electronics,Accessories & Supplies,Cell Phone Accessories,,,,
RAIACE,raiace,Electronics,Accessories & Supplies,Audio & Video Accessories,,,,
PRSCFUM,prscfum,Electronics,Accessories & Supplies,Cell Phone Accessories,,,,
Wyssay,wyssay,Electronics,Accessories & Supplies,Cell Phone Accessories,,,,
Suttik,suttik,Beauty,Shave & Hair Removal,Men's,,,,
CBDYWVR,cbdywvr,Electronics,Accessories & Supplies,Cell Phone Accessories,,,,
GODSHARK,godshark,Electronics,Computers & Accessories,Computer Components,,,,
Pelidox,pelidox,Electronics,Accessories & Supplies,Cell Phone Accessories,,,,
Boutique Marketing LLC,boutique-marketing-llc,Beauty,Personal Care,Piercing & Tattoo Supplies,,,,
COLOURSMILE,coloursmile,Beauty,"Foot, Hand & Nail Care",Nail Art & Polish,,,,
Power Sonic,power-sonic,Electronics,Accessories & Supplies,"Batteries, Chargers & Accessories",,,,
FIREFLY,firefly,Beauty,Oral Care,Children's Dental Care,,,,
Kruta,kruta,Electronics,Accessories & Supplies,Telephone Accessories,,,,
Movo,movo,Electronics,Accessories & Supplies,Microphones,,,,
Urageuxy,urageuxy,Electronics,Portable Audio & Video,Radios,,,,
Sennheiser,sennheiser,Electronics,Accessories & Supplies,Microphones,sennheiser.com,,,1
Jean Marc Paris,jean-marc-paris,Beauty,Fragrance,Men's,,,,
Fiwochic,fiwochic,Beauty,Shave & Hair Removal,Men's,,,,
SilkenVive,silkenvive,Beauty,Makeup,Makeup Remover,,,,
ykooe,ykooe,Electronics,Cell Phones & Accessories,"Cases, Holsters & Clips",,,,
NEWDERMO,newdermo,Beauty,Skin Care,Face,,,,
JL Corp.,jl-corp-,Electronics,Accessories & Supplies,Microphones,,,,
UDDERLY SMOOTH,udderly-smooth,Beauty,Skin Care,Body,,,,
Fymblin,fymblin,Beauty,Personal Care,Bath & Bathing Accessories,,,,
EJW,ejw,Beauty,Skin Care,Lip Care,,,,
AAROVIBE,aarovibe,Beauty,"Foot, Hand & Nail Care",Foot & Hand Care,,,,
SHENLIU,shenliu,Beauty,Hair Care,Hair Coloring Products,,,,
Giofumi,giofumi,Beauty,Hair Care,Hair Accessories,,,,
SAISN,saisn,Electronics,Accessories & Supplies,Computer Accessories,,,,
Dyson,dyson,Electronics,Accessories & Supplies,Camera & Photo Accessories,dyson.com,,,
LOKFAR,lokfar,Beauty,Makeup,Body,,,,
BLOSOMEET,blosomeet,Electronics,Computers & Accessories,Tablet Accessories,,,,
Crynod,crynod,Electronics,Accessories & Supplies,Vehicle Electronics Accessories,,,,
Logitech G,logitech-g,Electronics,Accessories & Supplies,Cell Phone Accessories,,,,
NIVEA MEN,nivea-men,Beauty,Shave & Hair Removal,Men's,nivea.com,,,1
Essri,essri,Electronics,Computers & Accessories,Tablet Accessories,,,,
evpct,evpct,Beauty,"Foot, Hand & Nail Care",Nail Care,,,,
SolidLink,solidlink,Electronics,Accessories & Supplies,Computer Accessories,,,,
Perzework,perzework,Electronics,Accessories & Supplies,Cell Phone Accessories,,,,
Goodes,goodes,Electronics,Portable Audio & Video,Radios,,,,
iDIGMALL,idigmall,Electronics,Home Audio,Wireless & Streaming Audio,,,,
ZOMCHI,zomchi,Beauty,Shave & Hair Removal,Men's,,,,
Pimoys,pimoys,Beauty,Skin Care,Eyes,,,,
GNLKYZWV,gnlkyzwv,Electronics,Accessories & Supplies,Cell Phone Accessories,,,,
AceTaken,acetaken,Electronics,Accessories & Supplies,Camera & Photo Accessories,,,,
EVE LOM,eve-lom,Beauty,Skin Care,Face,,,,
Takfox,takfox,Electronics,Cell Phones & Accessories,"Cases, Holsters & Clips",,,,
ALMOONI,almooni,Beauty,Personal Care,Bath & Bathing Accessories,,,,
FACEMOON,facemoon,Beauty,Skin Care,Eyes,,,,
Ogilvie Salon Styles,ogilvie-salon-styles,Beauty,Hair Care,"Hair Perms, Relaxers & Texturizers",,,,
SHELYEXIEN,shelyexien,Beauty,Makeup,Body,,,,
Sierra,sierra,Electronics,Camera & Photo,Video,,,,
UZTUZT,uztuzt,Beauty,Skin Care,Sets & Kits,,,,
OUKMIC,oukmic,Electronics,Accessories & Supplies,Cell Phone Accessories,,,,
Nuetsa,nuetsa,Electronics,Accessories & Supplies,Power Strips & Surge Protectors,,,,
Yangna,yangna,Beauty,Personal Care,Piercing & Tattoo Supplies,,,,
Loluka,loluka,Electronics,Accessories & Supplies,Cell Phone Accessories,,,,
Depvko,depvko,Beauty,"Foot, Hand & Nail Care",Nail Art & Polish,,,,
SQERO,sqero,Electronics,Accessories & Supplies,Cell Phone Accessories,,,,
VJK,vjk,Electronics,Portable Audio & Video,Portable & Handheld TVs,,,,
eTone,etone,Electronics,Accessories & Supplies,Camera & Photo Accessories,,,,
Dymoece,dymoece,Beauty,Hair Care,Hair Coloring Products,,,,
Kiko Milano,kiko-milano,Beauty,Makeup,Face,,,,
WD,wd,Electronics,Computers & Accessories,Computer Components,,,,
TIQUS,tiqus,Electronics,Accessories & Supplies,Computer Accessories,,,,
BLOOMORA,bloomora,Beauty,Skin Care,Eyes,,,,
SockitBoX,sockitbox,Electronics,Accessories & Supplies,Power Protection,,,,
SEH,seh,Electronics,Computers & Accessories,Networking Products,,,,
mollensiuer,mollensiuer,Beauty,"Foot, Hand & Nail Care",Nail Art & Polish,,,,
wtohoby,wtohoby,Electronics,Camera & Photo,Video,,,,
One Tattoo World,one-tattoo-world,Beauty,Personal Care,Piercing & Tattoo Supplies,,,,
RIYNIBIY,riynibiy,Beauty,Personal Care,Bath & Bathing Accessories,,,,
J J-Dream,j-j-dream,Electronics,Accessories & Supplies,Computer Accessories,,,,
TogBeut,togbeut,Beauty,Shave & Hair Removal,Men's,,,,
One Beat,one-beat,Electronics,Accessories & Supplies,Power Strips & Surge Protectors,,,,
m-61,m-61,Beauty,Skin Care,Face,,,,
YUNMOKH,yunmokh,Electronics,Accessories & Supplies,Computer Accessories,,,,
Sig Sauer,sig-sauer,Electronics,Camera & Photo,Binoculars & Scopes,,,,
Hot Beauty,hot-beauty,Beauty,Hair Care,Styling Tools & Appliances,,,,
TWZKG,twzkg,Electronics,Accessories & Supplies,Cell Phone Accessories,,,,
Thinp,thinp,Beauty,Hair Care,Hair Accessories,,,,
Powermax,powermax,Electronics,Accessories & Supplies,"Batteries, Chargers & Accessories",,,,
Micro Touch,micro-touch,Beauty,Shave & Hair Removal,Men's,,,,
Mibly,mibly,Beauty,Shave & Hair Removal,Women's,,,,
YCS basics,ycs-basics,Electronics,Accessories & Supplies,Computer Accessories,,,,
Mrs. MEYER'S,mrs-meyer-s,Beauty,"Foot, Hand & Nail Care",Foot & Hand Care,,,,
STORi,stori,Electronics,Accessories & Supplies,Audio & Video Accessories,,,,
Wansurs,wansurs,Electronics,Accessories & Supplies,Computer Accessories,,,,
Hapickid,hapickid,Beauty,Makeup,Body,,,,
Lotus Media,lotus-media,Electronics,Accessories & Supplies,Computer Accessories,,,,
SZBRO,szbro,Electronics,Accessories & Supplies,Computer Accessories,,,,
BESTOYARD,bestoyard,Beauty,Shave & Hair Removal,Women's,,,,
EGKamh,egkamh,Beauty,"Foot, Hand & Nail Care",Nail Art & Polish,,,,
WLngtv,wlngtv,Beauty,"Foot, Hand & Nail Care",Nail Art & Polish,,,,
DR.RASHEL,dr-rashel,Beauty,Skin Care,Face,,,,
READAEER,readaeer,Beauty,Personal Care,Bath & Bathing Accessories,,,,
Neal's Yard Remedies,neal-s-yard-remedies,Beauty,Skin Care,Body,,,,
JAFRA,jafra,Beauty,Fragrance,Children's,,,,
BDKAIWU,bdkaiwu,Beauty,"Foot, Hand & Nail Care",Nail Art & Polish,,,,
Garnier,garnier,Beauty,Skin Care,Face,garnier.com,,,1
BIEMDDERK,biemdderk,Beauty,Oral Care,Denture Care,,,,
Strovalto,strovalto,Electronics,Camera & Photo,Underwater Photography,,,,
Harimitsu,harimitsu,Beauty,Makeup,Body,,,,
Omilik,omilik,Electronics,Accessories & Supplies,Vehicle Electronics Accessories,,,,
1Zero,1zero,Electronics,Accessories & Supplies,Vehicle Electronics Accessories,,,,
Saltair,saltair,Beauty,Skin Care,Body,,,,
ROYAL,royal,Beauty,Shave & Hair Removal,Men's,,,,
ZIOCOM,ziocom,Electronics,Accessories & Supplies,Vehicle Electronics Accessories,,,,
FUHAYA,fuhaya,Electronics,Accessories & Supplies,Audio & Video Accessories,,,,
O'woda,o-woda,Electronics,Accessories & Supplies,Camera & Photo Accessories,,,,
CAHAYA,cahaya,Electronics,Accessories & Supplies,Microphones,,,,
ELAIMEI,elaimei,Beauty,Skin Care,Lip Care,,,,
Fremouth,fremouth,Beauty,Oral Care,Orthodontic Supplies,,,,
Hermès,herm-s,Beauty,Fragrance,Women's,,,,
UDTIP,udtip,Beauty,Makeup,Makeup Palettes,,,,
Jessica Simpson,jessica-simpson,Beauty,Fragrance,Sets,,,,
Godrej Locking Solutions and Systems,godrej-locking-solutions-and-systems,Beauty,Hair Care,Hair Coloring Products,,,,
VWEICYY,vweicyy,Electronics,Accessories & Supplies,"Batteries, Chargers & Accessories",,,,
Black Lion Audio,black-lion-audio,Electronics,Accessories & Supplies,Microphones,blacklionaudio.com,,,
dockteck,dockteck,Electronics,Accessories & Supplies,Computer Accessories,,,,
O'Keeffe's,o-keeffe-s,Beauty,Skin Care,Lip Care,,,,
YDL,ydl,Electronics,Accessories & Supplies,"Batteries, Chargers & Accessories",,,,
TOPUPHOE,topuphoe,Beauty,Hair Care,Styling Tools & Appliances,,,,
GUM,gum,Beauty,Oral Care,Children's Dental Care,,,,
Blacell,blacell,Electronics,Accessories & Supplies,Office Electronics Accessories,,,,
Ultimate Support,ultimate-support,Electronics,Accessories & Supplies,Microphones,,,,
PerPro,perpro,Beauty,Shave & Hair Removal,Men's,,,,
Mersenty,mersenty,Beauty,"Foot, Hand & Nail Care",Foot & Hand Care,,,,
Dbilida,dbilida,Electronics,Accessories & Supplies,Computer Accessories,,,,
INXEN,inxen,Beauty,"Foot, Hand & Nail Care",Tools & Accessories,,,,
FANTECH,fantech,Electronics,Accessories & Supplies,Cell Phone Accessories,,,,
BLLQ,bllq,Electronics,Accessories & Supplies,Audio & Video Accessories,,,,
comfheat,comfheat,Beauty,Skin Care,Eyes,,,,
JoFong,jofong,Electronics,Accessories & Supplies,Computer Accessories,,,,
Fruits and Passion,fruits-and-passion,Beauty,Fragrance,Women's,,,,
Jensen,jensen,Electronics,Home Audio,Compact Radios & Stereos,,,,
Yeptech,yeptech,Electronics,Accessories & Supplies,Cell Phone Accessories,,,,
Erox,erox,Beauty,Fragrance,Men's,,,,
Dr. Slick,dr-slick,Beauty,Hair Care,Hair Cutting Tools,,,,
Alomejor,alomejor,Electronics,Accessories & Supplies,Cell Phone Accessories,,,,
UANTIN,uantin,Electronics,Accessories & Supplies,Computer Accessories,,,,
HSWC-TERMINAL,hswc-terminal,Electronics,Accessories & Supplies,Vehicle Electronics Accessories,,,,
DIIMO,diimo,Electronics,eBook Readers & Accessories,Power Adapters,,,,
RNOAFMU,rnoafmu,Beauty,Personal Care,Bath & Bathing Accessories,,,,
Chemtronics,chemtronics,Electronics,Accessories & Supplies,Camera & Photo Accessories,,,,
Ceizioes,ceizioes,Beauty,Personal Care,Bath & Bathing Accessories,,,,
Paul Sebastian,paul-sebastian,Beauty,Fragrance,Men's,,,,
CUBBYCAM,cubbycam,Electronics,Accessories & Supplies,Cell Phone Accessories,,,,
BSAMZO,bsamzo,Electronics,Accessories & Supplies,Vehicle Electronics Accessories,,,,
PAIYULE,paiyule,Electronics,Accessories & Supplies,Computer Accessories,,,,
Artego,artego,Beauty,Hair Care,Hair Loss Products,,,,
Murray & Lanman,murray-lanman,Beauty,Fragrance,Women's,,,,
CATO-WDJ,cato-wdj,Beauty,Shave & Hair Removal,Women's,,,,
Auban,auban,Beauty,Personal Care,Bath & Bathing Accessories,,,,
Just Juice,just-juice,Beauty,Fragrance,Children's,,,,
AMIR,amir,Electronics,Accessories & Supplies,Cell Phone Accessories,,,,
Elebase,elebase,Electronics,Accessories & Supplies,Cables,,,,
BlueParrott,blueparrott,Electronics,Accessories & Supplies,Telephone Accessories,,,,
GPO,gpo,Electronics,Camera & Photo,Binoculars & Scopes,,,,
WELINC,welinc,Electronics,Accessories & Supplies,Computer Accessories,,,,
lasenersm,lasenersm,Beauty,Hair Care,Hair Coloring Products,,,,
JAMJAKE,jamjake,Electronics,Accessories & Supplies,Computer Accessories,,,,
SLOW DOLPHIN,slow-dolphin,Electronics,Accessories & Supplies,Camera & Photo Accessories,,,,
SMax,smax,Beauty,Personal Care,Piercing & Tattoo Supplies,,,,
Newmen,newmen,Electronics,Accessories & Supplies,Computer Accessories,,,,
DigiCharge,digicharge,Electronics,Accessories & Supplies,Vehicle Electronics Accessories,,,,
Foto&Tech,foto-tech,Electronics,Accessories & Supplies,Camera & Photo Accessories,,,,
Kenwood,kenwood,Electronics,Car & Vehicle Electronics,Vehicle GPS,kenwood.com,,,
Health and Wisdom,health-and-wisdom,Beauty,Personal Care,Bath & Bathing Accessories,,,,
ljhnba,ljhnba,Beauty,"Foot, Hand & Nail Care",Nail Art & Polish,,,,
MDSolarSciences,mdsolarsciences,Beauty,Skin Care,Sunscreens & Tanning Products,,,,
Woprolight,woprolight,Electronics,Accessories & Supplies,Computer Accessories,,,,
ZOOFEED,zoofeed,Electronics,Portable Audio & Video,Radios,,,,
MINIX,minix,Electronics,Computers & Accessories,Computers & Tablets,,,,
LILLIPUT,lilliput,Electronics,Camera & Photo,Video,,,,
CUIUD,cuiud,Electronics,Accessories & Supplies,Television Accessories,,,,
WSLUCKO,wslucko,Electronics,Accessories & Supplies,Computer Accessories,,,,
OULIGET,ouliget,Beauty,"Foot, Hand & Nail Care",Foot & Hand Care,,,,
DOMLYRA,domlyra,Beauty,"Foot, Hand & Nail Care",Tools & Accessories,,,,
Labeol,labeol,Electronics,Accessories & Supplies,Computer Accessories,,,,
Herbatint,herbatint,Beauty,Hair Care,Hair Coloring Products,,,,
Donfri,donfri,Beauty,"Foot, Hand & Nail Care",Foot & Hand Care,,,,
OuOudoit,ououdoit,Electronics,Accessories & Supplies,Cell Phone Accessories,,,,
beetles Gel Polish,beetles-gel-polish,Beauty,"Foot, Hand & Nail Care",Nail Care,,,,
Olympus,olympus,Electronics,Accessories & Supplies,Camera & Photo Accessories,olympus-global.com,,,1
Sylvil,sylvil,Electronics,Accessories & Supplies,Vehicle Electronics Accessories,,,,
Lil Ray,lil-ray,Beauty,"Foot, Hand & Nail Care",Nail Care,,,,
Kolavia,kolavia,Beauty,"Foot, Hand & Nail Care",Tools & Accessories,,,,
BYS,bys,Beauty,Makeup,Body,,,,
MOBOREST,moborest,Electronics,Accessories & Supplies,Audio & Video Accessories,,,,
QCSIW,qcsiw,Electronics,Accessories & Supplies,Cord Management,,,,
ANTIKE,antike,Beauty,Personal Care,Piercing & Tattoo Supplies,,,,
SUTRA,sutra,Beauty,Hair Care,Styling Tools & Appliances,,,,
POHS,pohs,Beauty,"Foot, Hand & Nail Care",Tools & Accessories,,,,
Marilyn Miglin,marilyn-miglin,Beauty,Fragrance,Women's,,,,
BEoffer,beoffer,Beauty,Hair Care,Hair Accessories,,,,
Lotus Flower,lotus-flower,Beauty,Personal Care,Piercing & Tattoo Supplies,,,,
The Cut Buddy,the-cut-buddy,Beauty,Shave & Hair Removal,Men's,,,,
Kristin Ess,kristin-ess,Beauty,Hair Care,Styling Tools & Appliances,,,,
Reebok,reebok,Beauty,Fragrance,Men's,reebok.com,,,
Qzanyee Life,qzanyee-life,Electronics,Accessories & Supplies,Audio & Video Accessories,,,,
Fosmon,fosmon,Electronics,Video Game Consoles & Accessories,Wii,,,,
MOUNT PRO,mount-pro,Electronics,Accessories & Supplies,Computer Accessories,,,,
Zuiaso,zuiaso,Electronics,Accessories & Supplies,Computer Accessories,,,,
Wogomz,wogomz,Electronics,Accessories & Supplies,Vehicle Electronics Accessories,,,,
Ziaja,ziaja,Beauty,Skin Care,Body,,,,
OT ONETOP,ot-onetop,Electronics,Cell Phones & Accessories,"Cases, Holsters & Clips",,,,
Jadebones,jadebones,Electronics,Accessories & Supplies,Computer Accessories,,,,
GLUBOOST,gluboost,Beauty,Hair Care,Hair Coloring Products,,,,
LENUTO,lenuto,Electronics,Accessories & Supplies,Cell Phone Accessories,,,,
Xinweini,xinweini,Electronics,Accessories & Supplies,Television Accessories,,,,
QWORK,qwork,Electronics,Computers & Accessories,Computer Components,,,,
Clezolraa,clezolraa,Electronics,eBook Readers & Accessories,Sleeves,,,,
ELECABLE,elecable,Electronics,Accessories & Supplies,Computer Accessories,,,,
Jovica,jovica,Beauty,Hair Care,Hair Coloring Products,,,,
Xyembu,xyembu,Electronics,Accessories & Supplies,Computer Accessories,,,,
VOTEYO,voteyo,Beauty,Shave & Hair Removal,Men's,,,,
EKYLIN,ekylin,Electronics,Car & Vehicle Electronics,Car Electronics,,,,
African Pride,african-pride,Beauty,Hair Care,Shampoo & Conditioner,,,,
Zonon,zonon,Electronics,Accessories & Supplies,Computer Accessories,,,,
Joinfworld,joinfworld,Electronics,Accessories & Supplies,"Batteries, Chargers & Accessories",,,,
Fortrek,fortrek,Electronics,Accessories & Supplies,Television Accessories,,,,
20LY,20ly,Beauty,Personal Care,Piercing & Tattoo Supplies,,,,
TuokaJu,tuokaju,Electronics,Accessories & Supplies,Computer Accessories,,,,
e.l.f.,e-l-f-,Beauty,Skin Care,Lip Care,,,,
GKEAPZA,gkeapza,Electronics,Accessories & Supplies,Camera & Photo Accessories,,,,
VIVO,vivo,Electronics,Accessories & Supplies,Computer Accessories,,,,
selizo,selizo,Beauty,"Foot, Hand & Nail Care",Foot & Hand Care,,,,
BOZZYS,bozzys,Electronics,Accessories & Supplies,Computer Accessories,,,,
ENERGY,energy,Beauty,Makeup,Face,,,,
COSRX,cosrx,Beauty,Skin Care,Face,cosrx.com,,,1
My Flexy,my-flexy,Beauty,Makeup,Makeup Remover,,,,
Elegant Ox,elegant-ox,Beauty,Shave & Hair Removal,Men's,,,,
Sewell,sewell,Electronics,Accessories & Supplies,Television Accessories,,,,
YOUBELLA,youbella,Beauty,Shave & Hair Removal,Women's,,,,
Alsoyixia,alsoyixia,Electronics,Accessories & Supplies,Camera & Photo Accessories,,,,
Empowered PC,empowered-pc,Electronics,Computers & Accessories,Computers & Tablets,,,,
WJSKDQ,wjskdq,Electronics,Car & Vehicle Electronics,Car Electronics,,,,
coinore,coinore,Beauty,Skin Care,Eyes,,,,
INGIDO,ingido,Electronics,Cell Phones & Accessories,"Cases, Holsters & Clips",,,,
Mary Kay,mary-kay,Beauty,Makeup,Face,,,,
EONCHARM,eoncharm,Electronics,Accessories & Supplies,Television Accessories,,,,
DENTURE DART,denture-dart,Beauty,Oral Care,Denture Care,,,,
VWMYQ,vwmyq,Beauty,Personal Care,Bath & Bathing Accessories,,,,
StarTech,startech,Electronics,Computers & Accessories,Computer Components,,,,
CUENSTOP,cuenstop,Electronics,Video Game Consoles & Accessories,Wii,,,,
Etigood,etigood,Electronics,Portable Audio & Video,Minidisc Players,,,,
Sky-Watcher,sky-watcher,Electronics,Camera & Photo,Binoculars & Scopes,,,,
NATURABLOOM,naturabloom,Beauty,"Foot, Hand & Nail Care",Nail Care,,,,
Freeman,freeman,Beauty,Skin Care,Face,,,,
Eccliy,eccliy,Beauty,Hair Care,Hair Coloring Products,,,,
RMF,rmf,Electronics,Accessories & Supplies,Television Accessories,,,,
New Huing,new-huing,Beauty,"Foot, Hand & Nail Care",Tools & Accessories,,,,
Mother Earth Soapworks,mother-earth-soapworks,Beauty,"Foot, Hand & Nail Care",Foot & Hand Care,,,,
Rhode,rhode,Beauty,Makeup,Lips,,,,
Cameron Sino,cameron-sino,Electronics,Portable Audio & Video,MP3 & MP4 Player Accessories,,,,
Oumisaya,oumisaya,Beauty,"Foot, Hand & Nail Care",Nail Art & Polish,,,,
Hearth and Homestead,hearth-and-homestead,Beauty,Skin Care,Body,,,,
Quivorant,quivorant,Electronics,Car & Vehicle Electronics,Car Electronics,,,,
Holler & Glow,holler-glow,Beauty,Skin Care,Body,,,,
SmartQ,smartq,Electronics,Accessories & Supplies,Computer Accessories,,,,
Fonowka,fonowka,Electronics,Accessories & Supplies,Vehicle Electronics Accessories,,,,
Lucky Brand,lucky-brand,Beauty,Fragrance,Men's,,,,
Lsgoodcare,lsgoodcare,Electronics,Accessories & Supplies,Audio & Video Accessories,,,,
Perfecto,perfecto,Beauty,Shave & Hair Removal,Men's,,,,
LINNI'S VINYL BANNERS,linni-s-vinyl-banners,Electronics,Computers & Accessories,Laptop Accessories,,,,
Art&Beauty,art-beauty,Beauty,Shave & Hair Removal,Men's,,,,
Tinkle,tinkle,Beauty,Shave & Hair Removal,Women's,,,,
Ellovi,ellovi,Beauty,Skin Care,Lip Care,,,,
Bath Bliss,bath-bliss,Beauty,Personal Care,Bath & Bathing Accessories,,,,
USDNICE,usdnice,Beauty,Hair Care,Hair Accessories,,,,
Corpsman's,corpsman-s,Beauty,Shave & Hair Removal,Men's,,,,
ALPHAVIZE,alphavize,Beauty,Hair Care,Hair Loss Products,,,,
FLYPROFiber,flyprofiber,Electronics,Accessories & Supplies,Cables,,,,
Rywob,rywob,Electronics,Portable Audio & Video,Portable & Handheld TVs,,,,
EKIVAO,ekivao,Beauty,"Foot, Hand & Nail Care",Foot & Hand Care,,,,
Nuinno,nuinno,Electronics,Accessories & Supplies,Cell Phone Accessories,,,,
Jordan*,jordan-,Beauty,Oral Care,Toothbrushes & Accessories,,,,
ARyee,aryee,Electronics,Accessories & Supplies,Camera & Photo Accessories,,,,
MORLIDEN,morliden,Beauty,Skin Care,Eyes,,,,
MRSVI,mrsvi,Electronics,Accessories & Supplies,Computer Accessories,,,,
vokoko,vokoko,Beauty,Hair Care,Hair Accessories,,,,
Evemodel,evemodel,Electronics,Accessories & Supplies,"Batteries, Chargers & Accessories",,,,
Statik,statik,Electronics,Accessories & Supplies,Cell Phone Accessories,,,,
Zerodis,zerodis,Electronics,Accessories & Supplies,Computer Accessories,,,,
Emjoi,emjoi,Beauty,Shave & Hair Removal,Women's,,,,
VOLO,volo,Beauty,Hair Care,Hair Accessories,,,,
Colgate,colgate,Beauty,Oral Care,Children's Dental Care,colgate.com,,,1
VALITIC,valitic,Beauty,Skin Care,Body,,,,
GoldRose,goldrose,Beauty,Hair Care,Hair Accessories,,,,
Lemecima,lemecima,Electronics,Accessories & Supplies,Audio & Video Accessories,,,,
Counlisha,counlisha,Electronics,Accessories & Supplies,Vehicle Electronics Accessories,,,,
SOOMFON,soomfon,Electronics,Portable Audio & Video,MP3 & MP4 Player Accessories,,,,
FLINX,flinx,Beauty,"Foot, Hand & Nail Care",Tools & Accessories,,,,
GORLENT,gorlent,Beauty,Shave & Hair Removal,Men's,,,,
Mont Bleu,mont-bleu,Beauty,Shave & Hair Removal,Men's,,,,
Patelai,patelai,Electronics,Accessories & Supplies,Camera & Photo Accessories,,,,
TIPTAP,tiptap,Beauty,Hair Care,Hair Accessories,,,,
BSASHF,bsashf,Electronics,Accessories & Supplies,Camera & Photo Accessories,,,,
comfcube,comfcube,Beauty,Oral Care,Oral Pain Relief,,,,
Eneloop,eneloop,Electronics,Accessories & Supplies,"Batteries, Chargers & Accessories",,,,
AZEZE,azeze,Beauty,Makeup,Eyes,,,,
innioasis,innioasis,Electronics,Portable Audio & Video,MP3 & MP4 Player Accessories,,,,
ICANdOIT,icandoit,Beauty,Personal Care,Bath & Bathing Accessories,,,,
ABEAUROOSE,abeauroose,Electronics,Accessories & Supplies,Cell Phone Accessories,,,,
Blue Cross,blue-cross,Beauty,"Foot, Hand & Nail Care",Nail Care,,,,
HIGH COSMETIC AGENCY,high-cosmetic-agency,Beauty,Skin Care,Face,,,,
Onsen Secret,onsen-secret,Beauty,"Foot, Hand & Nail Care",Nail Care,,,,
Black Radiance,black-radiance,Beauty,Makeup,Lips,,,,
G GVOEARS,g-gvoears,Electronics,Accessories & Supplies,Audio & Video Accessories,,,,
Zuzume,zuzume,Electronics,Accessories & Supplies,Telephone Accessories,,,,
Dr. Denese,dr-denese,Beauty,Skin Care,Face,,,,
Mark-My-Time,mark-my-time,Electronics,eBook Readers & Accessories,Reading Lights,,,,
AEISVIK,aeisvik,Electronics,Accessories & Supplies,Computer Accessories,,,,
Alinan,alinan,Electronics,Accessories & Supplies,"Batteries, Chargers & Accessories",,,,
Ink Permanent,ink-permanent,Beauty,Personal Care,Piercing & Tattoo Supplies,,,,
Amazing Lamps,amazing-lamps,Electronics,Accessories & Supplies,Computer Accessories,,,,
Cerwin Vega Mobile CV,cerwin-vega-mobile-cv,Electronics,Home Audio,Speakers,,,,
ピノスタジオ,-,Electronics,Accessories & Supplies,Camera & Photo Accessories,,,,
YFMaiQi,yfmaiqi,Electronics,Accessories & Supplies,Computer Accessories,,,,
Solong Tattoo,solong-tattoo,Beauty,Personal Care,Piercing & Tattoo Supplies,,,,
Orelex,orelex,Beauty,"Foot, Hand & Nail Care",Tools & Accessories,,,,
FAUOSWUK,fauoswuk,Electronics,Accessories & Supplies,Television Accessories,,,,
PUSOKEI,pusokei,Electronics,Accessories & Supplies,Computer Accessories,,,,
Caldera + Lab,caldera-lab,Beauty,Skin Care,Eyes,,,,
Karrte,karrte,Beauty,Shave & Hair Removal,Women's,,,,
Bar5F,bar5f,Beauty,Hair Care,Hair Coloring Products,,,,
HerFarCai,herfarcai,Electronics,Camera & Photo,Video,,,,
MINYUGUT,minyugut,Beauty,Shave & Hair Removal,Women's,,,,
Cetaphil,cetaphil,Beauty,Skin Care,Eyes,cetaphil.com,,,1
TAPMEI,tapmei,Electronics,Computers & Accessories,Tablet Accessories,,,,
Aphogee,aphogee,Beauty,Hair Care,Hair Masks,,,,
AUDIOTEK,audiotek,Electronics,Accessories & Supplies,Vehicle Electronics Accessories,,,,
yoygerty,yoygerty,Electronics,Accessories & Supplies,Cell Phone Accessories,,,,
Anautin,anautin,Electronics,Accessories & Supplies,Camera & Photo Accessories,,,,
oruola,oruola,Beauty,Hair Care,Hair Coloring Products,,,,
VACATION,vacation,Beauty,Skin Care,Sunscreens & Tanning Products,,,,
KnuKonceptz,knukonceptz,Electronics,Accessories & Supplies,Vehicle Electronics Accessories,,,,
XJJ,xjj,Electronics,Accessories & Supplies,Camera & Photo Accessories,,,,
Aceoce,aceoce,Beauty,"Foot, Hand & Nail Care",Tools & Accessories,,,,
Hugger Mugger,hugger-mugger,Beauty,Skin Care,Eyes,,,,
Hoewina,hoewina,Beauty,Oral Care,Orthodontic Supplies,,,,
Pinnacle Microphones,pinnacle-microphones,Electronics,Accessories & Supplies,Microphones,,,,
Ankilo,ankilo,Electronics,Home Audio,Wireless & Streaming Audio,,,,
FIXBODY,fixbody,Beauty,"Foot, Hand & Nail Care",Tools & Accessories,,,,
LORDTRONICS,lordtronics,Electronics,Accessories & Supplies,Computer Accessories,,,,
LYANGET,lyanget,Electronics,Accessories & Supplies,Microphones,,,,
ezdor,ezdor,Beauty,Shave & Hair Removal,Men's,,,,
ProgressiveRC,progressiverc,Electronics,Accessories & Supplies,Computer Accessories,,,,
VASTHOME,vasthome,Electronics,Accessories & Supplies,Cables,,,,
HTTX,httx,Electronics,Accessories & Supplies,Audio & Video Accessories,,,,
Kunihiko,kunihiko,Beauty,Hair Care,Styling Tools & Appliances,,,,
ToNewBe,tonewbe,Beauty,"Foot, Hand & Nail Care",Nail Care,,,,
Yizerel,yizerel,Electronics,Accessories & Supplies,Computer Accessories,,,,
Wodgreat,wodgreat,Electronics,Portable Audio & Video,MP3 & MP4 Players,,,,
Redcool,redcool,Beauty,"Foot, Hand & Nail Care",Foot & Hand Care,,,,
JOOPSHEE,joopshee,Electronics,Accessories & Supplies,Computer Accessories,,,,
Menewstart,menewstart,Electronics,Accessories & Supplies,Telephone Accessories,,,,
The Pencil Grip,the-pencil-grip,Beauty,Hair Care,Hair Coloring Products,,,,
NANYI,nanyi,Electronics,Accessories & Supplies,Cables,,,,
HLQHXWHZT,hlqhxwhzt,Beauty,"Foot, Hand & Nail Care",Nail Art & Polish,,,,
Danett,danett,Beauty,Hair Care,Styling Tools & Appliances,,,,
Kzkcy,kzkcy,Beauty,"Foot, Hand & Nail Care",Nail Art & Polish,,,,
Lnngub,lnngub,Beauty,Hair Care,Hair Accessories,,,,
Hikig,hikig,Electronics,Car & Vehicle Electronics,Car Electronics,,,,
AIMHDUTY,aimhduty,Electronics,Accessories & Supplies,Computer Accessories,,,,
Pdam,pdam,Beauty,Hair Care,Hair Loss Products,,,,
The Organic Skin Co.,the-organic-skin-co-,Beauty,Skin Care,Face,,,,
IFYOO,ifyoo,Electronics,Accessories & Supplies,Computer Accessories,,,,
NAIL FAC TORY,nail-fac-tory,Beauty,"Foot, Hand & Nail Care",Nail Care,,,,
Install Link,install-link,Electronics,Accessories & Supplies,Cables,,,,
EIMSOAH,eimsoah,Beauty,Shave & Hair Removal,Women's,,,,
Rocoren,rocoren,Electronics,Accessories & Supplies,Cell Phone Accessories,,,,
Krisnorey,krisnorey,Electronics,Computers & Accessories,Networking Products,,,,
clooblut,clooblut,Electronics,Portable Audio & Video,Radios,,,,
AOBOO,aoboo,Beauty,"Foot, Hand & Nail Care",Nail Art & Polish,,,,
FLK Tech,flk-tech,Electronics,Car & Vehicle Electronics,Car Electronics,,,,
RiteAV,riteav,Electronics,Accessories & Supplies,Installation Services,,,,
Rwigeboo,rwigeboo,Electronics,Accessories & Supplies,Computer Accessories,,,,
Earth Mama,earth-mama,Beauty,Skin Care,Maternity,,,,
DINOSTRIKE,dinostrike,Electronics,Video Game Consoles & Accessories,Xbox 360,,,,
CDT Audio,cdt-audio,Electronics,Car & Vehicle Electronics,Car Electronics,,,,
Chpbolly,chpbolly,Beauty,"Foot, Hand & Nail Care",Tools & Accessories,,,,
OONO,oono,Electronics,Accessories & Supplies,Vehicle Electronics Accessories,,,,
natural outcome,natural-outcome,Beauty,Skin Care,Face,,,,
APRÉS,apr-s,Beauty,"Foot, Hand & Nail Care",Nail Art & Polish,,,,
Vanstormy,vanstormy,Beauty,Personal Care,Bath & Bathing Accessories,,,,
Crossery,crossery,Electronics,Accessories & Supplies,Cables,,,,
Hatstart,hatstart,Electronics,Accessories & Supplies,Television Accessories,,,,
Varghesyla,varghesyla,Electronics,Accessories & Supplies,Audio & Video Accessories,,,,
Genérico,gen-rico,Electronics,Video Game Consoles & Accessories,PlayStation Vita,,,,
VALWORD,valword,Electronics,Accessories & Supplies,Camera & Photo Accessories,,,,
DFCROMI,dfcromi,Electronics,Accessories & Supplies,Computer Accessories,,,,
GDSTIME,gdstime,Electronics,Computers & Accessories,Computer Components,,,,
BLIVORRA,blivorra,Beauty,Shave & Hair Removal,Men's,,,,
Jamo,jamo,Electronics,Home Audio,Home Theater,jamo.com,,,
Molgoc,molgoc,Electronics,Accessories & Supplies,Audio & Video Accessories,,,,
Axxess,axxess,Electronics,Accessories & Supplies,Vehicle Electronics Accessories,,,,
Avelis,avelis,Electronics,Accessories & Supplies,Vehicle Electronics Accessories,,,,
Proshave,proshave,Beauty,Shave & Hair Removal,Men's,,,,
ICEYLI,iceyli,Beauty,"Foot, Hand & Nail Care",Tools & Accessories,,,,
OTAA,otaa,Beauty,Shave & Hair Removal,Women's,,,,
Papeaso,papeaso,Electronics,Computers & Accessories,Computer Components,,,,
Needlehouse,needlehouse,Beauty,Personal Care,Piercing & Tattoo Supplies,,,,
Vizela,vizela,Beauty,Shave & Hair Removal,Women's,,,,
ONOLA,onola,Electronics,Camera & Photo,Binoculars & Scopes,,,,
ForPro Professional Collection,forpro-professional-collection,Beauty,"Foot, Hand & Nail Care",Nail Art & Polish,,,,
Klar Seifen,klar-seifen,Beauty,Shave & Hair Removal,Men's,,,,
Wyness,wyness,Electronics,Accessories & Supplies,Cell Phone Accessories,,,,
ZALIK,zalik,Beauty,"Foot, Hand & Nail Care",Tools & Accessories,,,,
Ameble,ameble,Beauty,"Foot, Hand & Nail Care",Nail Care,,,,
Tonton,tonton,Electronics,Accessories & Supplies,Camera & Photo Accessories,,,,
Mane 'n Tail,mane-n-tail,Beauty,Hair Care,Shampoo & Conditioner,,,,
GAINVANE,gainvane,Electronics,Accessories & Supplies,Office Electronics Accessories,,,,
Kai Cutlery,kai-cutlery,Beauty,Shave & Hair Removal,Men's,,,,
HuiErHui,huierhui,Electronics,Accessories & Supplies,Camera & Photo Accessories,,,,
ma:nyo,ma-nyo,Beauty,Skin Care,Face,,,,
TEOYALL,teoyall,Beauty,"Foot, Hand & Nail Care",Nail Art & Polish,,,,
eMagTech,emagtech,Electronics,Accessories & Supplies,Television Accessories,,,,
Beauty Inspiration,beauty-inspiration,Beauty,Skin Care,Body,,,,
LARUOOUU,laruoouu,Beauty,Personal Care,Deodorants & Antiperspirants,,,,
Bellabe,bellabe,Beauty,Shave & Hair Removal,Women's,,,,
Yutonsu,yutonsu,Electronics,Accessories & Supplies,Cell Phone Accessories,,,,
H!Fiber.com,h-fiber-com,Electronics,Accessories & Supplies,Cables,,,,
iomage,iomage,Electronics,Computers & Accessories,Data Storage,,,,
Blumskin,blumskin,Beauty,Shave & Hair Removal,Women's,,,,
Jo Milano,jo-milano,Beauty,Fragrance,Men's,,,,
Quantum,quantum,Electronics,Accessories & Supplies,Computer Accessories,,,,
RED SEAL,red-seal,Beauty,Oral Care,Toothpaste,,,,
Curly Girl,curly-girl,Beauty,Hair Care,Hair Accessories,,,,
HOPESHINE,hopeshine,Beauty,Hair Care,Hair Accessories,,,,
TANNING PARADISE,tanning-paradise,Beauty,Skin Care,Sunscreens & Tanning Products,,,,
Italia Deluxe,italia-deluxe,Beauty,Makeup,Makeup Remover,,,,
Karltys,karltys,Electronics,Accessories & Supplies,Vehicle Electronics Accessories,,,,
VANREESA,vanreesa,Beauty,"Foot, Hand & Nail Care",Nail Art & Polish,,,,
Azalea Malaysian Hairs,azalea-malaysian-hairs,Beauty,Hair Care,"Extensions, Wigs & Accessories",,,,
SVBONY,svbony,Electronics,Accessories & Supplies,Camera & Photo Accessories,,,,
Ushio,ushio,Electronics,Accessories & Supplies,Computer Accessories,,,,
BOVKE,bovke,Electronics,Accessories & Supplies,Office Electronics Accessories,,,,
BPKQ,bpkq,Beauty,"Foot, Hand & Nail Care",Nail Art & Polish,,,,
kulloomii,kulloomii,Electronics,Accessories & Supplies,Television Accessories,,,,
Cuba,cuba,Beauty,Fragrance,Women's,,,,
L K,l-k,Electronics,Wearable Technology,Accessories,,,,
Desmond-ICE,desmond-ice,Electronics,Accessories & Supplies,Camera & Photo Accessories,,,,
BestParts,bestparts,Electronics,Accessories & Supplies,Computer Accessories,,,,
LZYDD,lzydd,Electronics,Accessories & Supplies,Cell Phone Accessories,,,,
Szblnsm,szblnsm,Electronics,Accessories & Supplies,Television Accessories,,,,
ANNECK,anneck,Electronics,Accessories & Supplies,Vehicle Electronics Accessories,,,,
MR.A,mr-a,Beauty,Skin Care,Body,,,,
Prodico,prodico,Electronics,Video Game Consoles & Accessories,Wii,,,,
LOTEYIKE,loteyike,Electronics,Accessories & Supplies,Computer Accessories,,,,
TemBelle,tembelle,Beauty,"Foot, Hand & Nail Care",Nail Art & Polish,,,,
VELSCRUN,velscrun,Beauty,Hair Care,Hair Accessories,,,,
NutraPro,nutrapro,Beauty,Hair Care,Hair Loss Products,,,,
MSQ,msq,Beauty,Makeup,Eyes,,,,
LiebeWH,liebewh,Electronics,Accessories & Supplies,Computer Accessories,,,,
Ajxn,ajxn,Electronics,Accessories & Supplies,Vehicle Electronics Accessories,,,,
Naukay,naukay,Electronics,Computers & Accessories,Laptop Accessories,,,,
NVAHVA,nvahva,Electronics,Accessories & Supplies,Cell Phone Accessories,,,,
IFERO,ifero,Beauty,Personal Care,Piercing & Tattoo Supplies,,,,
JULK,julk,Electronics,Accessories & Supplies,Cell Phone Accessories,,,,
IFCASE,ifcase,Electronics,Computers & Accessories,Laptop Accessories,,,,
Vital Luxury,vital-luxury,Beauty,Skin Care,Body,,,,
Flutesan,flutesan,Electronics,Accessories & Supplies,Cell Phone Accessories,,,,
MechanMagic,mechanmagic,Electronics,Car & Vehicle Electronics,Car Electronics,,,,
Tbestmax,tbestmax,Beauty,"Foot, Hand & Nail Care",Nail Art & Polish,,,,
PARA2,para2,Beauty,Oral Care,Toothbrushes & Accessories,,,,
Hermitshell,hermitshell,Electronics,Accessories & Supplies,Audio & Video Accessories,,,,
EASACE,easace,Beauty,Personal Care,Bath & Bathing Accessories,,,,
DAIERTEK,daiertek,Electronics,Accessories & Supplies,"Batteries, Chargers & Accessories",,,,
Navi Hair Solutions,navi-hair-solutions,Beauty,Hair Care,Hair Loss Products,,,,
Parthcksi,parthcksi,Electronics,Accessories & Supplies,Computer Accessories,,,,
Lusofie,lusofie,Beauty,Shave & Hair Removal,Men's,,,,
Kenko,kenko,Electronics,Accessories & Supplies,Camera & Photo Accessories,,,,
Evil eye,evil-eye,Electronics,Accessories & Supplies,Cell Phone Accessories,,,,
Dr Foot Fix,dr-foot-fix,Beauty,"Foot, Hand & Nail Care",Foot & Hand Care,,,,
SOFEIYAN,sofeiyan,Beauty,Hair Care,"Extensions, Wigs & Accessories",,,,
Halooidop,halooidop,Electronics,Accessories & Supplies,Computer Accessories,,,,
NOLITOY,nolitoy,Electronics,Accessories & Supplies,Cord Management,,,,
BSEED,bseed,Electronics,Accessories & Supplies,Home Audio Accessories,,,,
maylofi,maylofi,Electronics,Accessories & Supplies,Computer Accessories,,,,
NOBLEX,noblex,Electronics,Camera & Photo,Binoculars & Scopes,,,,
MED PRIDE,med-pride,Electronics,Accessories & Supplies,Television Accessories,,,,
KOPIDOE,kopidoe,Electronics,Accessories & Supplies,Computer Accessories,,,,
Mitreal,mitreal,Beauty,Oral Care,Teeth Grinding Guards,,,,
Gernetic International,gernetic-international,Beauty,Skin Care,Body,,,,
RETO,reto,Electronics,Camera & Photo,Film Photography,,,,
HSCLPM,hsclpm,Electronics,Accessories & Supplies,Audio & Video Accessories,,,,
Etuanxi,etuanxi,Beauty,Skin Care,Sets & Kits,,,,
Assistive Technology Services,assistive-technology-services,Electronics,Accessories & Supplies,Telephone Accessories,,,,
AngFan,angfan,Beauty,Hair Care,Hair Cutting Tools,,,,
NTYNTY,ntynty,Beauty,Hair Care,"Extensions, Wigs & Accessories",,,,
Tevlaphee,tevlaphee,Electronics,Car & Vehicle Electronics,Car Electronics,,,,
Harsh Gear,harsh-gear,Electronics,Camera & Photo,Binoculars & Scopes,,,,
CopesFuda,copesfuda,Beauty,"Foot, Hand & Nail Care",Tools & Accessories,,,,
Long Face Gentleman,long-face-gentleman,Beauty,Shave & Hair Removal,Men's,,,,
APPERFiT,apperfit,Electronics,Accessories & Supplies,Vehicle Electronics Accessories,,,,
Jan Marini Skin Research,jan-marini-skin-research,Beauty,Skin Care,Sets & Kits,,,,
Mr. Pumice,mr-pumice,Beauty,"Foot, Hand & Nail Care",Tools & Accessories,,,,
HARFINGTON,harfington,Electronics,Accessories & Supplies,Cell Phone Accessories,,,,
Brushmo,brushmo,Beauty,Oral Care,Dental Floss & Picks,,,,
Malelo and Company,malelo-and-company,Electronics,Accessories & Supplies,Audio & Video Accessories,,,,
Warm Audio,warm-audio,Electronics,Accessories & Supplies,Microphones,,,,
Qeuxv,qeuxv,Beauty,Hair Care,Hair Coloring Products,,,,
Magnadyne,magnadyne,Electronics,Accessories & Supplies,Television Accessories,,,,
Midnt,midnt,Beauty,Shave & Hair Removal,Women's,,,,
MIHERT,mihert,Beauty,Personal Care,Piercing & Tattoo Supplies,,,,
Carmex,carmex,Beauty,Skin Care,Lip Care,,,,
1byone,1byone,Electronics,Accessories & Supplies,Audio & Video Accessories,,,,
Aothia,aothia,Electronics,Accessories & Supplies,Computer Accessories,,,,
Enspito,enspito,Electronics,Accessories & Supplies,Cell Phone Accessories,,,,
Sunbeam,sunbeam,Beauty,"Foot, Hand & Nail Care",Tools & Accessories,,,,
Fotopro,fotopro,Electronics,Accessories & Supplies,Camera & Photo Accessories,,,,
Penlike,penlike,Electronics,Accessories & Supplies,Computer Accessories,,,,
The Beauty Standard,the-beauty-standard,Beauty,Skin Care,Eyes,,,,
AKRILANE,akrilane,Beauty,"Foot, Hand & Nail Care",Foot & Hand Care,,,,
Thrilez,thrilez,Beauty,Makeup,Face,,,,
ALINK,alink,Electronics,Accessories & Supplies,Camera & Photo Accessories,,,,
Silicon Mix,silicon-mix,Beauty,Hair Care,Hair Masks,,,,
Nena's,nena-s,Beauty,"Foot, Hand & Nail Care",Nail Care,,,,
ScanSnap,scansnap,Electronics,Accessories & Supplies,Office Electronics Accessories,,,,
DKARDU,dkardu,Electronics,Accessories & Supplies,Computer Accessories,,,,
MAKEUP BY MARI,makeup-by-mari,Beauty,Makeup,Lips,,,,
Enchen,enchen,Beauty,Shave & Hair Removal,Men's,,,,
Fluance,fluance,Electronics,Home Audio,Turntables & Accessories,,,,
VEVOR,vevor,Electronics,Camera & Photo,Binoculars & Scopes,,,,
QVYQVY,qvyqvy,Beauty,Personal Care,Piercing & Tattoo Supplies,,,,
Kaiann,kaiann,Beauty,"Foot, Hand & Nail Care",Nail Care,,,,
HangTon,hangton,Electronics,Accessories & Supplies,Camera & Photo Accessories,,,,
CATI,cati,Electronics,Accessories & Supplies,Office Electronics Accessories,,,,
Carson,carson,Electronics,Camera & Photo,Binoculars & Scopes,,,,
FLANCCI,flancci,Electronics,Accessories & Supplies,Camera & Photo Accessories,,,,
L'OCCITANE,l-occitane,Beauty,Shave & Hair Removal,Men's,,,,
braxan,braxan,Beauty,Hair Care,"Extensions, Wigs & Accessories",,,,
CANVALITE,canvalite,Beauty,"Foot, Hand & Nail Care",Nail Art & Polish,,,,
Glow,glow,Electronics,Camera & Photo,Video,,,,
Nghia,nghia,Beauty,"Foot, Hand & Nail Care",Tools & Accessories,,,,
esbeecables,esbeecables,Electronics,Accessories & Supplies,Audio & Video Accessories,,,,
Cleveland Morse,cleveland-morse,Electronics,Video Game Consoles & Accessories,Wii U,,,,
tiktecklab,tiktecklab,Electronics,Accessories & Supplies,Camera & Photo Accessories,,,,
DLYPOW,dlypow,Electronics,Accessories & Supplies,"Batteries, Chargers & Accessories",,,,
Tru Fragrance Beauty,tru-fragrance-beauty,Beauty,Fragrance,Sets,,,,
Aurnoet,aurnoet,Beauty,Hair Care,Hair Coloring Products,,,,
786,786,Beauty,"Foot, Hand & Nail Care",Nail Art & Polish,,,,
VGR,vgr,Beauty,Shave & Hair Removal,Men's,,,,
Jeffdad,jeffdad,Beauty,"Foot, Hand & Nail Care",Tools & Accessories,,,,
Nécessaire,n-cessaire,Beauty,Skin Care,Body,,,,
JHZWD,jhzwd,Electronics,Wearable Technology,Accessories,,,,
Gya Labs,gya-labs,Beauty,Personal Care,Bath & Bathing Accessories,,,,
MSZLZTD,mszlztd,Electronics,Accessories & Supplies,Microphones,,,,
goldseaside,goldseaside,Beauty,Hair Care,Hair Cutting Tools,,,,
Ade Advanced Optics,ade-advanced-optics,Electronics,Camera & Photo,Binoculars & Scopes,,,,
CEROBEAR,cerobear,Electronics,Accessories & Supplies,Computer Accessories,,,,
BCW,bcw,Electronics,Accessories & Supplies,Vehicle Electronics Accessories,,,,
Reflex Camera,reflex-camera,Electronics,Camera & Photo,Video,,,,
Rabanne,rabanne,Beauty,Fragrance,Men's,,,,
Againmore,againmore,Electronics,Accessories & Supplies,Audio & Video Accessories,,,,
Selorin,selorin,Electronics,Accessories & Supplies,Computer Accessories,,,,
MEITREND,meitrend,Beauty,Shave & Hair Removal,Women's,,,,
HUENLYEL,huenlyel,Electronics,Accessories & Supplies,Computer Accessories,,,,
Commonwealth,commonwealth,Beauty,Shave & Hair Removal,Men's,,,,
Partyreal,partyreal,Electronics,Video Game Consoles & Accessories,Sony PSP,,,,
Victoria's Secret,victoria-s-secret,Beauty,Fragrance,Women's,,,,
UAOE,uaoe,Beauty,Skin Care,Lip Care,,,,
HUDEX,hudex,Electronics,Accessories & Supplies,Vehicle Electronics Accessories,,,,
ShiKai,shikai,Beauty,Hair Care,Hair Coloring Products,,,,
KQPZ,kqpz,Electronics,Accessories & Supplies,Camera & Photo Accessories,,,,
Elgato,elgato,Electronics,Accessories & Supplies,Computer Accessories,elgato.com,,,
uijino,uijino,Beauty,Shave & Hair Removal,Men's,,,,
TALONGAMES,talongames,Electronics,Accessories & Supplies,Computer Accessories,,,,
colsen,colsen,Electronics,Accessories & Supplies,Cord Management,,,,
Vbuda,vbuda,Electronics,Camera & Photo,Video,,,,
IHOWIN,ihowin,Beauty,Shave & Hair Removal,Men's,,,,
Billion Connect,billion-connect,Electronics,Accessories & Supplies,Telephone Accessories,,,,
Jolly Snaps,jolly-snaps,Beauty,"Foot, Hand & Nail Care",Nail Art & Polish,,,,
Arteck,arteck,Electronics,Computers & Accessories,Tablet Accessories,,,,
Evridwear,evridwear,Beauty,"Foot, Hand & Nail Care",Foot & Hand Care,,,,
Inis the Energy of the Sea,inis-the-energy-of-the-sea,Beauty,Skin Care,Body,,,,
Mach3,mach3,Beauty,Shave & Hair Removal,Men's,,,,
DafPrauy,dafprauy,Beauty,Skin Care,Body,,,,
pingbingding,pingbingding,Electronics,Accessories & Supplies,Television Accessories,,,,
MUSICOZY,musicozy,Electronics,Accessories & Supplies,Cell Phone Accessories,,,,
Kentron,kentron,Electronics,Accessories & Supplies,Cell Phone Accessories,,,,
KECO,keco,Electronics,Accessories & Supplies,Cord Management,,,,
AROMA GALAXY,aroma-galaxy,Beauty,Personal Care,Bath & Bathing Accessories,,,,
Hada Labo Tokyo,hada-labo-tokyo,Beauty,Skin Care,Face,,,,
F FREEQUEEN LOVE LIFE,f-freequeen-love-life,Electronics,Accessories & Supplies,Cell Phone Accessories,,,,
Car and Driver,car-and-driver,Electronics,Accessories & Supplies,Vehicle Electronics Accessories,,,,
Sensationnel,sensationnel,Beauty,Hair Care,"Extensions, Wigs & Accessories",,,,
RDS Industries,rds-industries,Electronics,Video Game Consoles & Accessories,Wii,,,,
Belli,belli,Beauty,Skin Care,Maternity,,,,
Perytong,perytong,Electronics,Accessories & Supplies,Cell Phone Accessories,,,,
Scottish Fine Soaps,scottish-fine-soaps,Beauty,"Foot, Hand & Nail Care",Foot & Hand Care,,,,
KINGDATA,kingdata,Electronics,Accessories & Supplies,Camera & Photo Accessories,,,,
Wacan,wacan,Beauty,Personal Care,Piercing & Tattoo Supplies,,,,
VENREA,venrea,Electronics,Accessories & Supplies,Computer Accessories,,,,
GRAPHICS & MORE,graphics-more,Beauty,Makeup,Body,,,,
CurvLife,curvlife,Beauty,"Foot, Hand & Nail Care",Nail Art & Polish,,,,
PERSUPER,persuper,Electronics,Accessories & Supplies,Computer Accessories,,,,
Delere,delere,Beauty,Skin Care,Face,,,,
Hiearcool,hiearcool,Electronics,Cell Phones & Accessories,"Cases, Holsters & Clips",,,,
Fiaoudm,fiaoudm,Beauty,"Foot, Hand & Nail Care",Nail Art & Polish,,,,
ZWERITOO,zweritoo,Beauty,Hair Care,"Extensions, Wigs & Accessories",,,,
ZGLUZP,zgluzp,Beauty,Hair Care,Styling Tools & Appliances,,,,
白井産業(Shirai),-shirai-,Electronics,Accessories & Supplies,Audio & Video Accessories,,,,
binoa,binoa,Beauty,Shave & Hair Removal,Men's,,,,
Digital Nc,digital-nc,Electronics,Accessories & Supplies,Computer Accessories,,,,
Jovan,jovan,Beauty,Fragrance,Men's,,,,
WISEVER,wisever,Electronics,Computers & Accessories,Tablet Accessories,,,,
KH866,kh866,Electronics,Accessories & Supplies,Telephone Accessories,,,,
SOMISOME,somisome,Beauty,Makeup,Makeup Remover,,,,
UNIQUE PRO,unique-pro,Beauty,Shave & Hair Removal,Men's,,,,
TotalMount,totalmount,Electronics,Accessories & Supplies,Computer Accessories,,,,
Direct Instruments,direct-instruments,Beauty,Hair Care,Hair Cutting Tools,,,,
Blackjet,blackjet,Electronics,Accessories & Supplies,Camera & Photo Accessories,,,,
Cooler Master,cooler-master,Electronics,Computers & Accessories,Computer Components,coolermaster.com,,,
UNILOOK,unilook,Electronics,Accessories & Supplies,Computer Accessories,,,,
Disney,disney,Beauty,Makeup,Body,disney.com,,,
AMERICANAILS .COM,americanails-com,Beauty,"Foot, Hand & Nail Care",Nail Art & Polish,,,,
RTGRNKY,rtgrnky,Electronics,Accessories & Supplies,Vehicle Electronics Accessories,,,,
Leaplumin,leaplumin,Electronics,Computers & Accessories,Tablet Accessories,,,,
ASAMO,asamo,Beauty,Skin Care,Eyes,,,,
JOVZEOLA,jovzeola,Beauty,Shave & Hair Removal,Women's,,,,
parts-quick,parts-quick,Electronics,Accessories & Supplies,Camera & Photo Accessories,,,,
SENLIXIN,senlixin,Electronics,Accessories & Supplies,Camera & Photo Accessories,,,,
Miuxia,miuxia,Beauty,Personal Care,Piercing & Tattoo Supplies,,,,
TELESIN,telesin,Electronics,Accessories & Supplies,Camera & Photo Accessories,,,,
Auruveby,auruveby,Beauty,Shave & Hair Removal,Men's,,,,
OMNIHIL,omnihil,Electronics,Accessories & Supplies,Television Accessories,,,,
YOSUN,yosun,Electronics,Accessories & Supplies,Television Accessories,,,,
LV LAVINSO,lv-lavinso,Beauty,"Foot, Hand & Nail Care",Foot & Hand Care,,,,
Fendrihan,fendrihan,Beauty,Shave & Hair Removal,Men's,,,,
Clearped,clearped,Beauty,Shave & Hair Removal,Women's,,,,
Buacoz,buacoz,Electronics,Accessories & Supplies,Cables,,,,
JTS,jts,Electronics,Accessories & Supplies,Microphones,,,,
Quellsotty,quellsotty,Beauty,Oral Care,Toothbrushes & Accessories,,,,
LAZYSEAL,lazyseal,Beauty,Personal Care,Deodorants & Antiperspirants,,,,
LRKNNO,lrknno,Beauty,"Foot, Hand & Nail Care",Nail Art & Polish,,,,
GreenLife,greenlife,Beauty,Skin Care,Eyes,,,,
Arnorin,arnorin,Electronics,Accessories & Supplies,Computer Accessories,,,,
Xscorpion,xscorpion,Electronics,Accessories & Supplies,Vehicle Electronics Accessories,,,,
Aussie,aussie,Beauty,Hair Care,Shampoo & Conditioner,,,,
AGM Global Vision,agm-global-vision,Electronics,Camera & Photo,Binoculars & Scopes,agmglobalvision.com,,,
Snokauwa,snokauwa,Electronics,Portable Audio & Video,Radios,,,,
GREVA,greva,Electronics,Television & Video,Satellite Television,,,,
Mamol,mamol,Electronics,Computers & Accessories,Laptop Accessories,,,,
LQ-TT-CY-CX,lq-tt-cy-cx,Beauty,Makeup,Makeup Palettes,,,,
Formuler,formuler,Electronics,Computers & Accessories,Computers & Tablets,,,,
CHAOGOHUI,chaogohui,Beauty,Skin Care,Face,,,,
Camila Solingen,camila-solingen,Beauty,Hair Care,Hair Cutting Tools,,,,
Mtsooning,mtsooning,Electronics,Accessories & Supplies,Vehicle Electronics Accessories,,,,
COLORWING,colorwing,Electronics,Accessories & Supplies,Office Electronics Accessories,,,,
HASALASO,hasalaso,Electronics,Wearable Technology,Accessories,,,,
YSSPPOY,yssppoy,Beauty,Personal Care,Deodorants & Antiperspirants,,,,
AKWOX,akwox,Electronics,Video Game Consoles & Accessories,PlayStation Vita,,,,
HARTWII,hartwii,Electronics,Accessories & Supplies,Office Electronics Accessories,,,,
Persbeay,persbeay,Beauty,Skin Care,Face,,,,
SResults,sresults,Beauty,Skin Care,Body,,,,
adada,adada,Electronics,Accessories & Supplies,Audio & Video Accessories,,,,
ranrose,ranrose,Beauty,"Foot, Hand & Nail Care",Nail Art & Polish,,,,
PowerA,powera,Electronics,Video Game Consoles & Accessories,Wii,,,,
ANVANNA,anvanna,Electronics,Accessories & Supplies,Computer Accessories,,,,
Bissou,bissou,Electronics,Accessories & Supplies,Vehicle Electronics Accessories,,,,
Sxowihz,sxowihz,Electronics,Accessories & Supplies,Cell Phone Accessories,,,,
Yaomiao,yaomiao,Beauty,"Foot, Hand & Nail Care",Nail Art & Polish,,,,
UNICE,unice,Beauty,Hair Care,"Extensions, Wigs & Accessories",,,,
BTARTBOXNAILS,btartboxnails,Beauty,"Foot, Hand & Nail Care",Nail Art & Polish,,,,
Kestun,kestun,Electronics,Accessories & Supplies,Camera & Photo Accessories,,,,
Village Naturals Therapy,village-naturals-therapy,Beauty,Personal Care,Bath & Bathing Accessories,,,,
AoforzTech,aoforztech,Electronics,Accessories & Supplies,Computer Accessories,,,,
MOM'S,mom-s,Beauty,Personal Care,Piercing & Tattoo Supplies,,,,
GBOLE,gbole,Electronics,Accessories & Supplies,Computer Accessories,,,,
MB Herbals,mb-herbals,Beauty,Skin Care,Body,,,,
Hitrees,hitrees,Beauty,Skin Care,Body,,,,
ecoone,ecoone,Electronics,Accessories & Supplies,Camera & Photo Accessories,,,,
ToouYoun,toouyoun,Beauty,"Foot, Hand & Nail Care",Nail Art & Polish,,,,
AILVLVNG,ailvlvng,Electronics,Computers & Accessories,Computer Components,,,,
Taramp's,taramp-s,Electronics,Car & Vehicle Electronics,Car Electronics,,,,
Hydrox,hydrox,Beauty,Hair Care,Hair Coloring Products,,,,
IKV,ikv,Beauty,Hair Care,Styling Tools & Appliances,,,,
Kerasal,kerasal,Beauty,"Foot, Hand & Nail Care",Foot & Hand Care,,,,
Cuccio Naturale,cuccio-naturale,Beauty,"Foot, Hand & Nail Care",Foot & Hand Care,,,,
LOVE PUMICE,love-pumice,Beauty,"Foot, Hand & Nail Care",Tools & Accessories,,,,
Amazon Series,amazon-series,Beauty,Shave & Hair Removal,Men's,,,,
HPYFOI,hpyfoi,Beauty,"Foot, Hand & Nail Care",Nail Art & Polish,,,,
Czhotg,czhotg,Beauty,Shave & Hair Removal,Men's,,,,
Géneric,g-neric,Beauty,Shave & Hair Removal,Women's,,,,
Mielle,mielle,Beauty,Hair Care,Styling Products,,,,
KAPHIO,kaphio,Beauty,Shave & Hair Removal,Men's,,,,
Rainy King,rainy-king,Electronics,Camera & Photo,Video,,,,
Moroccanoil,moroccanoil,Beauty,Hair Care,Hair Masks,moroccanoil.com,,,
PERFEHAIR,perfehair,Beauty,Hair Care,Styling Products,,,,
Symphonyw,symphonyw,Beauty,"Foot, Hand & Nail Care",Nail Art & Polish,,,,
FGIEU,fgieu,Electronics,Accessories & Supplies,Microphones,,,,
MixPeak,mixpeak,Beauty,"Foot, Hand & Nail Care",Tools & Accessories,,,,
SURDOCA,surdoca,Electronics,Car & Vehicle Electronics,Car Electronics,,,,
Joydeco,joydeco,Electronics,Camera & Photo,Video,,,,
Mictop,mictop,Electronics,Accessories & Supplies,Microphones,,,,
UNNEES,unnees,Beauty,"Foot, Hand & Nail Care",Nail Care,,,,
Rikans,rikans,Beauty,"Foot, Hand & Nail Care",Tools & Accessories,,,,
Elefutura,elefutura,Beauty,Hair Care,Hair Accessories,,,,
Tibobo,tibobo,Beauty,Skin Care,Sunscreens & Tanning Products,,,,
Procter & Gamble,procter-gamble,Beauty,Oral Care,Toothbrushes & Accessories,,,,
YERBERO,yerbero,Beauty,Shave & Hair Removal,Men's,,,,
Rigych,rigych,Electronics,Accessories & Supplies,Camera & Photo Accessories,,,,
Acxico,acxico,Electronics,Accessories & Supplies,Camera & Photo Accessories,,,,
Vuteehy,vuteehy,Beauty,Shave & Hair Removal,Women's,,,,
Votonect,votonect,Electronics,Accessories & Supplies,Computer Accessories,,,,
oneskin,oneskin,Beauty,Skin Care,Body,,,,
GlossLuxe,glossluxe,Beauty,Shave & Hair Removal,Women's,,,,
Talcope,talcope,Electronics,Accessories & Supplies,Camera & Photo Accessories,,,,
Huntoshon,huntoshon,Beauty,"Foot, Hand & Nail Care",Tools & Accessories,,,,
Velkomin,velkomin,Beauty,"Foot, Hand & Nail Care",Tools & Accessories,,,,
Upoy,upoy,Electronics,Accessories & Supplies,Cell Phone Accessories,,,,
Crazepony,crazepony,Electronics,Accessories & Supplies,"Batteries, Chargers & Accessories",,,,
Ankey,ankey,Electronics,Video Game Consoles & Accessories,Wii,,,,
RéVive,r-vive,Beauty,Skin Care,Face,,,,
Sigtronics,sigtronics,Electronics,Car & Vehicle Electronics,Aviation Electronics,,,,
Redken,redken,Beauty,Hair Care,Shampoo & Conditioner,redken.com,,,
Itramax,itramax,Electronics,Accessories & Supplies,Cables,,,,
MAST TATTOO,mast-tattoo,Beauty,Personal Care,Piercing & Tattoo Supplies,,,,
VonSom,vonsom,Electronics,Accessories & Supplies,Vehicle Electronics Accessories,,,,
SUTOZMIWE,sutozmiwe,Beauty,"Foot, Hand & Nail Care",Nail Art & Polish,,,,
WOAMA,woama,Beauty,"Foot, Hand & Nail Care",Tools & Accessories,,,,
Evyan,evyan,Beauty,Fragrance,Women's,,,,
Maasechs,maasechs,Electronics,Accessories & Supplies,Television Accessories,,,,
+ Lux Unfiltered,-lux-unfiltered,Beauty,Skin Care,Sunscreens & Tanning Products,,,,
Fohufo,fohufo,Beauty,Hair Care,Hair Accessories,,,,
Hpmjz,hpmjz,Beauty,Hair Care,Hair Coloring Products,,,,
MUREND,murend,Beauty,Skin Care,Lip Care,,,,
Aloderma,aloderma,Beauty,Skin Care,Sunscreens & Tanning Products,,,,
SUZUTOY,suzutoy,Beauty,Makeup,Body,,,,
SCIFUSION,scifusion,Electronics,Video Game Consoles & Accessories,PlayStation Vita,,,,
Yuidaaavzz,yuidaaavzz,Electronics,Car & Vehicle Electronics,Car Electronics,,,,
Xpudding,xpudding,Electronics,Television & Video,Satellite Television,,,,
PHLUR,phlur,Beauty,Skin Care,Body,,,,
szjay,szjay,Electronics,Video Game Consoles & Accessories,PlayStation Vita,,,,
Corconess,corconess,Beauty,"Foot, Hand & Nail Care",Nail Art & Polish,,,,
YesBes,yesbes,Electronics,Accessories & Supplies,Television Accessories,,,,
Xenvo,xenvo,Electronics,Accessories & Supplies,Camera & Photo Accessories,,,,
Relper Lineso,relper-lineso,Electronics,Accessories & Supplies,Computer Accessories,,,,
HCHNH,hchnh,Electronics,Accessories & Supplies,Cell Phone Accessories,,,,
Neoprosone,neoprosone,Beauty,Skin Care,Face,,,,
CableCreation,cablecreation,Electronics,Accessories & Supplies,Cables,,,,
myCartridge,mycartridge,Electronics,Accessories & Supplies,Computer Accessories,,,,
JONKOKO,jonkoko,Electronics,Accessories & Supplies,Vehicle Electronics Accessories,,,,
Retro Manufacturing,retro-manufacturing,Electronics,Car & Vehicle Electronics,Car Electronics,,,,
kingheroes,kingheroes,Beauty,Oral Care,Toothbrushes & Accessories,,,,
Viilinany,viilinany,Electronics,Accessories & Supplies,Television Accessories,,,,
ShopJimmy,shopjimmy,Electronics,Accessories & Supplies,Audio & Video Accessories,,,,
YBUETE,ybuete,Beauty,Makeup,Body,,,,
NISHIWAKI,nishiwaki,Beauty,Shave & Hair Removal,Men's,,,,
Coldairsoap,coldairsoap,Beauty,Hair Care,Hair Accessories,,,,
Keropy,keropy,Beauty,Shave & Hair Removal,Men's,,,,
hygicap,hygicap,Beauty,Oral Care,Toothbrushes & Accessories,,,,
Kework,kework,Electronics,Accessories & Supplies,Computer Accessories,,,,
Lian Li,lian-li,Electronics,Computers & Accessories,Computer Components,lian-li.com,,,
Paterson,paterson,Electronics,Accessories & Supplies,Camera & Photo Accessories,,,,
TechDirect,techdirect,Electronics,Accessories & Supplies,Cables,,,,
FLYLEAF,flyleaf,Beauty,"Foot, Hand & Nail Care",Foot & Hand Care,,,,
yeetschi,yeetschi,Beauty,"Foot, Hand & Nail Care",Nail Art & Polish,,,,
brenzo,brenzo,Electronics,Accessories & Supplies,Computer Accessories,,,,
Nest Timber,nest-timber,Beauty,Shave & Hair Removal,Women's,,,,
Abodhu,abodhu,Beauty,"Foot, Hand & Nail Care",Nail Art & Polish,,,,
Coolfire,coolfire,Electronics,Accessories & Supplies,Cell Phone Accessories,,,,
wabao,wabao,Electronics,Video Game Consoles & Accessories,Wii,,,,
Chatovalo,chatovalo,Electronics,Accessories & Supplies,Vehicle Electronics Accessories,,,,
Vanicream,vanicream,Beauty,Skin Care,Face,,,,
CHONCHOW,chonchow,Electronics,Video Game Consoles & Accessories,Wii,,,,
YQQYG,yqqyg,Beauty,Hair Care,Hair Coloring Products,,,,
BXST,bxst,Electronics,Accessories & Supplies,Home Audio Accessories,,,,
LiNKFOR,linkfor,Electronics,Accessories & Supplies,Television Accessories,,,,
Heogacinlia,heogacinlia,Beauty,Hair Care,Hair Accessories,,,,
Wenvinda,wenvinda,Electronics,Accessories & Supplies,Computer Accessories,,,,
SimpleField,simplefield,Beauty,Hair Care,Hair Accessories,,,,
Yamaha,yamaha,Electronics,Home Audio,Home Theater,yamaha.com,,,
P-SB7,p-sb7,Electronics,Accessories & Supplies,Cell Phone Accessories,,,,
BEAYUNG,beayung,Beauty,Hair Care,Styling Tools & Appliances,,,,
CURACORO,curacoro,Beauty,Shave & Hair Removal,Women's,,,,
FOMITO,fomito,Electronics,Accessories & Supplies,Camera & Photo Accessories,,,,
Tangxi,tangxi,Electronics,Accessories & Supplies,Camera & Photo Accessories,,,,
FerBuee,ferbuee,Electronics,Accessories & Supplies,Microphones,,,,
Sea-Bond,sea-bond,Beauty,Oral Care,Denture Care,,,,
As We Change,as-we-change,Beauty,Hair Care,Hair Coloring Products,,,,
ABCTOY,abctoy,Electronics,Accessories & Supplies,"Batteries, Chargers & Accessories",,,,
MOOSUNGEEK,moosungeek,Electronics,Accessories & Supplies,Camera & Photo Accessories,,,,
NUVADERMIS,nuvadermis,Beauty,Skin Care,Face,,,,
Makeup Revolution,makeup-revolution,Beauty,Makeup,Makeup Sets,,,,
weishan,weishan,Electronics,Accessories & Supplies,Cables,,,,
FDPWUMVM,fdpwumvm,Electronics,Computers & Accessories,Computer Components,,,,
AULLUA,aullua,Beauty,"Foot, Hand & Nail Care",Tools & Accessories,,,,
Markuii,markuii,Beauty,Hair Care,Hair Accessories,,,,
LT Easiyl,lt-easiyl,Electronics,Accessories & Supplies,Camera & Photo Accessories,,,,
AbleNet,ablenet,Electronics,Accessories & Supplies,Computer Accessories,,,,
TAN-LUXE,tan-luxe,Beauty,Skin Care,Sunscreens & Tanning Products,,,,
Sparkle Athletic,sparkle-athletic,Beauty,Makeup,Body,,,,
DecorLovee,decorlovee,Electronics,Accessories & Supplies,Television Accessories,,,,
Addtam,addtam,Electronics,Accessories & Supplies,Power Strips & Surge Protectors,,,,
White Naturals,white-naturals,Beauty,Shave & Hair Removal,Men's,,,,
Element Tattoo Supply,element-tattoo-supply,Beauty,Personal Care,Piercing & Tattoo Supplies,,,,
Goovis,goovis,Electronics,Accessories & Supplies,Cell Phone Accessories,,,,
Lamicall,lamicall,Electronics,Accessories & Supplies,Cord Management,,,,
KingKam,kingkam,Beauty,Hair Care,Styling Tools & Appliances,,,,
Panlong,panlong,Electronics,Accessories & Supplies,Audio & Video Accessories,,,,
LUV,luv,Beauty,Makeup,Body,,,,
JEDOUBAL,jedoubal,Electronics,Accessories & Supplies,Computer Accessories,,,,
Epson,epson,Electronics,Camera & Photo,Printers & Scanners,epson.com,,,
EVA·NYC,eva-nyc,Beauty,Hair Care,Hair Masks,,,,
BAISHUN,baishun,Electronics,Accessories & Supplies,Computer Accessories,,,,
Oracoat,oracoat,Beauty,Oral Care,Dry Mouth Relief,,,,
Funayama,funayama,Electronics,Accessories & Supplies,Cables,,,,
Yaeccc,yaeccc,Electronics,Accessories & Supplies,Computer Accessories,,,,
Old Ram,old-ram,Beauty,Shave & Hair Removal,Men's,,,,
DIY-SCIENCE,diy-science,Electronics,Accessories & Supplies,Camera & Photo Accessories,,,,
Venoteck,venoteck,Beauty,"Foot, Hand & Nail Care",Tools & Accessories,,,,
The Cambridge Cutthroat,the-cambridge-cutthroat,Beauty,Shave & Hair Removal,Men's,,,,
eyevana,eyevana,Beauty,Skin Care,Eyes,,,,
FSpronail,fspronail,Beauty,"Foot, Hand & Nail Care",Nail Art & Polish,,,,
A2Z SCILAB,a2z-scilab,Beauty,Hair Care,Hair Cutting Tools,,,,
OM SYSTEM,om-system,Electronics,Camera & Photo,Film Photography,,,,
FZWONVUC,fzwonvuc,Beauty,Hair Care,Hair Coloring Products,,,,
STEHEALTH,stehealth,Electronics,Accessories & Supplies,Cell Phone Accessories,,,,
GiGi,gigi,Beauty,Shave & Hair Removal,Women's,,,,
hephboard,hephboard,Beauty,Skin Care,Sunscreens & Tanning Products,,,,
MCSPER,mcsper,Electronics,Accessories & Supplies,Audio & Video Accessories,,,,
NOVEHA,noveha,Beauty,Skin Care,Eyes,,,,
Lashicorn,lashicorn,Beauty,Personal Care,Piercing & Tattoo Supplies,,,,
MOONMINI,moonmini,Beauty,Hair Care,Hair Coloring Products,,,,
3 Swords Germany,3-swords-germany,Beauty,"Foot, Hand & Nail Care",Tools & Accessories,,,,
Vrebrey,vrebrey,Electronics,"GPS, Finders & Accessories",Item Finders,,,,
VARTA,varta,Electronics,Accessories & Supplies,"Batteries, Chargers & Accessories",,,,
Eilumduo,eilumduo,Electronics,Accessories & Supplies,Cables,,,,
Turtle Beach,turtle-beach,Electronics,Video Game Consoles & Accessories,Xbox 360,turtlebeach.com,,,1
JJC,jjc,Electronics,Accessories & Supplies,Camera & Photo Accessories,,,,
ブリード(Breed),-breed-,Electronics,Computers & Accessories,Computers & Tablets,,,,
iKakocus,ikakocus,Beauty,Shave & Hair Removal,Women's,,,,
First American Brands,first-american-brands,Beauty,Fragrance,Children's,,,,
Purcopper,purcopper,Electronics,Accessories & Supplies,Computer Accessories,,,,
NuMe,nume,Beauty,Hair Care,Styling Tools & Appliances,,,,
BOEEA,boeea,Electronics,Accessories & Supplies,Camera & Photo Accessories,,,,
ZFYOUNG,zfyoung,Beauty,"Foot, Hand & Nail Care",Foot & Hand Care,,,,
WELANGBN,welangbn,Beauty,"Foot, Hand & Nail Care",Tools & Accessories,,,,
TYUANDOUER,tyuandouer,Electronics,Accessories & Supplies,Camera & Photo Accessories,,,,
Ka'Dee Simply Beyouful,ka-dee-simply-beyouful,Beauty,Hair Care,Hair Loss Products,,,,
Sonew,sonew,Beauty,Shave & Hair Removal,Men's,,,,
xiaobi,xiaobi,Electronics,Accessories & Supplies,Computer Accessories,,,,
SEAGO,seago,Beauty,Oral Care,Children's Dental Care,,,,
DETEIN,detein,Electronics,Accessories & Supplies,Computer Accessories,,,,
Hifonics,hifonics,Electronics,Accessories & Supplies,Audio & Video Accessories,,,,
BSBTBZ,bsbtbz,Beauty,"Foot, Hand & Nail Care",Nail Art & Polish,,,,
ABOOFAN,aboofan,Beauty,"Foot, Hand & Nail Care",Nail Art & Polish,,,,
WEVILI,wevili,Beauty,"Foot, Hand & Nail Care",Nail Art & Polish,,,,
Volcora,volcora,Electronics,Accessories & Supplies,Computer Accessories,,,,
Diyife,diyife,Electronics,Accessories & Supplies,Vehicle Electronics Accessories,,,,
DERMORA,dermora,Beauty,Skin Care,Eyes,,,,
Basesailor,basesailor,Electronics,Accessories & Supplies,Computer Accessories,,,,
Voinap,voinap,Electronics,Accessories & Supplies,Camera & Photo Accessories,,,,
Treela,treela,Electronics,Accessories & Supplies,Computer Accessories,,,,
Flufymooz,flufymooz,Beauty,Hair Care,"Extensions, Wigs & Accessories",,,,
MACTREM,mactrem,Electronics,Camera & Photo,Video,,,,
Ouyniei,ouyniei,Electronics,Accessories & Supplies,Vehicle Electronics Accessories,,,,
AONTOKY,aontoky,Electronics,Accessories & Supplies,Camera & Photo Accessories,,,,
WiLLBee,willbee,Electronics,eBook Readers & Accessories,Stands,,,,
Nielies,nielies,Beauty,Skin Care,Face,,,,
Obic-Shop,obic-shop,Beauty,Shave & Hair Removal,Men's,,,,
Westcott,westcott,Electronics,Camera & Photo,Video,,,,
Favrison,favrison,Beauty,Shave & Hair Removal,Men's,,,,
Gasmocs,gasmocs,Electronics,Computers & Accessories,Tablet Accessories,,,,
SURGICAL ONLINE,surgical-online,Beauty,Hair Care,Hair Cutting Tools,,,,
Super Star,super-star,Beauty,Hair Care,Hair Coloring Products,,,,
RetroSound,retrosound,Electronics,Car & Vehicle Electronics,Car Electronics,,,,
Octelect,octelect,Electronics,Accessories & Supplies,"Batteries, Chargers & Accessories",,,,
Gotical,gotical,Electronics,Camera & Photo,Binoculars & Scopes,,,,
XYgdhqpt,xygdhqpt,Electronics,Accessories & Supplies,Cables,,,,
Lacdo,lacdo,Electronics,Computers & Accessories,Laptop Accessories,,,,
YEYDJLFC,yeydjlfc,Electronics,Accessories & Supplies,Audio & Video Accessories,,,,
Bindpo,bindpo,Electronics,Accessories & Supplies,Telephone Accessories,,,,
INVODA,invoda,Beauty,Shave & Hair Removal,Men's,,,,
Nimedala,nimedala,Beauty,Makeup,Face,,,,
Oh K!,oh-k-,Beauty,"Foot, Hand & Nail Care",Foot & Hand Care,,,,
banpa,banpa,Electronics,Accessories & Supplies,Audio & Video Accessories,,,,
GUOYAOLIFU,guoyaolifu,Beauty,"Foot, Hand & Nail Care",Foot & Hand Care,,,,
Kingshion,kingshion,Electronics,Accessories & Supplies,Computer Accessories,,,,
UXELY,uxely,Electronics,Home Audio,Compact Radios & Stereos,,,,
FETIONS,fetions,Electronics,Accessories & Supplies,Office Electronics Accessories,,,,
Parker Safety Razor,parker-safety-razor,Beauty,Shave & Hair Removal,Men's,,,,
giZmoZ n gadgetZ,gizmoz-n-gadgetz,Electronics,Video Game Consoles & Accessories,Wii U,,,,
Brookstone,brookstone,Beauty,Skin Care,Body,,,,
Prestige Biatta,prestige-biatta,Beauty,Makeup,Body,,,,
Dermalogica,dermalogica,Beauty,Skin Care,Face,dermalogica.com,,,1
Titan Luxe,titan-luxe,Beauty,Shave & Hair Removal,Women's,,,,
Leftfoto,leftfoto,Electronics,Accessories & Supplies,Camera & Photo Accessories,,,,
Akozon,akozon,Electronics,Accessories & Supplies,Camera & Photo Accessories,,,,
Saysurey,saysurey,Electronics,Car & Vehicle Electronics,Aviation Electronics,,,,
3DEXL,3dexl,Electronics,Accessories & Supplies,Computer Accessories,,,,
Babo Botanicals,babo-botanicals,Beauty,Personal Care,Bath & Bathing Accessories,,,,
Backtopeia,backtopeia,Beauty,Makeup,Body,,,,
DreamCut,dreamcut,Beauty,"Foot, Hand & Nail Care",Tools & Accessories,,,,
Mpotmiy,mpotmiy,Beauty,Shave & Hair Removal,Women's,,,,
The INKEY List,the-inkey-list,Beauty,Skin Care,Face,,,,
FAATAA,faataa,Electronics,Computers & Accessories,Laptop Accessories,,,,
Brainstorm ID,brainstorm-id,Electronics,Accessories & Supplies,Computer Accessories,,,,
AXE,axe,Beauty,Skin Care,Body,,,,
FOUCECLAUS,fouceclaus,Electronics,Accessories & Supplies,"Batteries, Chargers & Accessories",,,,
JELNER,jelner,Electronics,Computers & Accessories,Laptop Accessories,,,,
Zara,zara,Beauty,Fragrance,Children's,zara.com,,,1
Listerine,listerine,Beauty,Oral Care,Breath Fresheners,,,,
Eucerin,eucerin,Beauty,Skin Care,Face,eucerin.com,,,1
KOORUI,koorui,Electronics,Accessories & Supplies,Computer Accessories,,,,
Yumiwoow,yumiwoow,Electronics,Accessories & Supplies,Microphones,,,,
DEEJAY LED,deejay-led,Electronics,Accessories & Supplies,Audio & Video Accessories,,,,
Mr.Cui'shop,mr-cui-shop,Beauty,Personal Care,Bath & Bathing Accessories,,,,
SNP,snp,Beauty,Skin Care,Face,,,,
Sarah Maxwell,sarah-maxwell,Beauty,Makeup,Eyes,,,,
RoseNacht,rosenacht,Beauty,Makeup,Body,,,,
DGUPSP,dgupsp,Electronics,Accessories & Supplies,Television Accessories,,,,
AMULISS,amuliss,Beauty,Shave & Hair Removal,Women's,,,,
Tirkhout,tirkhout,Beauty,"Foot, Hand & Nail Care",Foot & Hand Care,,,,
TRENFI,trenfi,Electronics,Accessories & Supplies,Computer Accessories,,,,
dbsono,dbsono,Electronics,Accessories & Supplies,Cell Phone Accessories,,,,
Puccy,puccy,Electronics,Video Game Consoles & Accessories,Sony PSP,,,,
Hugo Boss,hugo-boss,Beauty,Fragrance,Men's,,,,
Kachikawa,kachikawa,Beauty,Hair Care,Hair Coloring Products,,,,
RSQAZQ,rsqazq,Beauty,Shave & Hair Removal,Men's,,,,
SHARONDS,sharonds,Beauty,Hair Care,Hair Cutting Tools,,,,
BAGLAK,baglak,Beauty,Skin Care,Face,,,,
POBOVi,pobovi,Electronics,Wearable Technology,Rings,,,,
Misby,misby,Electronics,Accessories & Supplies,Computer Accessories,,,,
ONXE,onxe,Beauty,"Foot, Hand & Nail Care",Nail Art & Polish,,,,
JollyScrub,jollyscrub,Beauty,"Foot, Hand & Nail Care",Foot & Hand Care,,,,
NutraVibe,nutravibe,Beauty,"Foot, Hand & Nail Care",Nail Care,,,,
GULELAYAR,gulelayar,Beauty,Personal Care,Deodorants & Antiperspirants,,,,
Teenitor,teenitor,Beauty,Hair Care,Hair Accessories,,,,
Infinite Power,infinite-power,Electronics,Video Game Consoles & Accessories,Nintendo DS,,,,
Bath Elevated,bath-elevated,Beauty,Personal Care,Bath & Bathing Accessories,,,,
MaxyCell,maxycell,Electronics,Accessories & Supplies,"Batteries, Chargers & Accessories",,,,
Benefit,benefit,Beauty,Makeup,Lips,benefitcosmetics.com,,,1
KUETERYUN,kueteryun,Electronics,Accessories & Supplies,Computer Accessories,,,,
Jergens,jergens,Beauty,Skin Care,Sunscreens & Tanning Products,,,,
EUGENE PERMA,eugene-perma,Beauty,Shave & Hair Removal,Women's,,,,
Ideal Swan,ideal-swan,Beauty,Makeup,Eyes,,,,
DSYJ,dsyj,Electronics,Portable Audio & Video,MP3 & MP4 Player Accessories,,,,
Neutrogena,neutrogena,Beauty,"Foot, Hand & Nail Care",Foot & Hand Care,neutrogena.com,,,1
Vortex,vortex,Electronics,Camera & Photo,Binoculars & Scopes,,,,
Falzqq,falzqq,Beauty,"Foot, Hand & Nail Care",Tools & Accessories,,,,
TiMOVO,timovo,Electronics,eBook Readers & Accessories,Sleeves,,,,
RIZOVA,rizova,Beauty,Hair Care,Styling Tools & Appliances,,,,
Saint Roy,saint-roy,Beauty,Skin Care,Body,,,,
Gzingen,gzingen,Electronics,Accessories & Supplies,Computer Accessories,,,,
MAIRAN,mairan,Electronics,Accessories & Supplies,Camera & Photo Accessories,,,,
Uakinat,uakinat,Electronics,Accessories & Supplies,Computer Accessories,,,,
TOSHIBA,toshiba,Electronics,Accessories & Supplies,"Batteries, Chargers & Accessories",toshiba.com,,,1
PWR+,pwr-,Electronics,Accessories & Supplies,Computer Accessories,,,,
YWLUUOO,ywluuoo,Electronics,Camera & Photo,Video,,,,
Jancane,jancane,Electronics,Computers & Accessories,Computer Components,,,,
suvast,suvast,Beauty,Personal Care,Bath & Bathing Accessories,,,,
PHIGO,phigo,Beauty,Shave & Hair Removal,Men's,,,,
BODORISEN,bodorisen,Beauty,Oral Care,Teeth Whitening,,,,
SureCall,surecall,Electronics,Accessories & Supplies,Cell Phone Accessories,,,,
AKG,akg,Electronics,Accessories & Supplies,Cell Phone Accessories,akg.com,,,1
Minatee,minatee,Beauty,"Foot, Hand & Nail Care",Tools & Accessories,,,,
top4cus,top4cus,Electronics,Accessories & Supplies,Cell Phone Accessories,,,,
American International,american-international,Electronics,Accessories & Supplies,Vehicle Electronics Accessories,,,,
Acuvar,acuvar,Electronics,Accessories & Supplies,Computer Accessories,,,,
Ombrmal,ombrmal,Beauty,Hair Care,"Extensions, Wigs & Accessories",,,,
TsMADDTs,tsmaddts,Beauty,Hair Care,Hair Accessories,,,,
AJELU,ajelu,Beauty,Oral Care,Toothbrushes & Accessories,,,,
UBeesize,ubeesize,Electronics,Accessories & Supplies,Cell Phone Accessories,,,,
Lyndops,lyndops,Beauty,Shave & Hair Removal,Women's,,,,
Smilco,smilco,Beauty,Personal Care,Bath & Bathing Accessories,,,,
Traxxas,traxxas,Beauty,Makeup,Body,,,,
Oxsubor,oxsubor,Electronics,Accessories & Supplies,Vehicle Electronics Accessories,,,,
Silkslide,silkslide,Beauty,Shave & Hair Removal,Men's,,,,
Tilcare,tilcare,Beauty,Personal Care,Bath & Bathing Accessories,,,,
Innerest,innerest,Beauty,"Foot, Hand & Nail Care",Foot & Hand Care,,,,
KAKOOI,kakooi,Beauty,Personal Care,Bath & Bathing Accessories,,,,
PEAUAMIE,peauamie,Beauty,Skin Care,Eyes,,,,
C.Crane,c-crane,Electronics,Accessories & Supplies,Cell Phone Accessories,,,,
Pilipane,pilipane,Beauty,Shave & Hair Removal,Women's,,,,
Skintimate,skintimate,Beauty,Shave & Hair Removal,Men's,,,,
kuosbiu,kuosbiu,Electronics,Accessories & Supplies,Audio & Video Accessories,,,,
ePathChina,epathchina,Electronics,Car & Vehicle Electronics,Car Electronics,,,,
CRISTIANO RONALDO,cristiano-ronaldo,Beauty,Fragrance,Men's,,,,
BabaMate,babamate,Beauty,Personal Care,Bath & Bathing Accessories,,,,
VYVIYON,vyviyon,Electronics,Accessories & Supplies,Camera & Photo Accessories,,,,
Palmer's,palmer-s,Beauty,Skin Care,Body,,,,
Beusoulover,beusoulover,Electronics,Accessories & Supplies,Camera & Photo Accessories,,,,
Fumwase,fumwase,Beauty,Hair Care,Hair Accessories,,,,
Aproca,aproca,Electronics,Accessories & Supplies,Computer Accessories,,,,
DeaHea,deahea,Beauty,Personal Care,Bath & Bathing Accessories,,,,
ELEGOO,elegoo,Electronics,Computers & Accessories,Computer Components,,,,
avedio links,avedio-links,Electronics,Accessories & Supplies,Television Accessories,,,,
Pegasus AV,pegasus-av,Electronics,Accessories & Supplies,Computer Accessories,,,,
MURAUX,muraux,Electronics,Camera & Photo,Video,,,,
Pelican,pelican,Electronics,Cell Phones & Accessories,"Cases, Holsters & Clips",pelican.com,,,
FERCAISH,fercaish,Beauty,"Foot, Hand & Nail Care",Nail Art & Polish,,,,
VIABEAUTY,viabeauty,Beauty,Skin Care,Face,,,,
amooma,amooma,Electronics,Computers & Accessories,Networking Products,,,,
Preffair,preffair,Electronics,Accessories & Supplies,Audio & Video Accessories,,,,
Hipruict,hipruict,Beauty,Hair Care,Styling Tools & Appliances,,,,
Fleshy Leaf,fleshy-leaf,Electronics,Computers & Accessories,Laptop Accessories,,,,
womcare,womcare,Beauty,Oral Care,Denture Care,,,,
Ditran,ditran,Beauty,"Foot, Hand & Nail Care",Nail Care,,,,
tyoungg,tyoungg,Beauty,Personal Care,Bath & Bathing Accessories,,,,
Irene Organics,irene-organics,Beauty,Skin Care,Maternity,,,,
comiso,comiso,Electronics,Portable Audio & Video,Boomboxes,,,,
HAANILKYI,haanilkyi,Electronics,Wearable Technology,Accessories,,,,
BTideas,btideas,Beauty,Personal Care,Bath & Bathing Accessories,,,,
Irismistx,irismistx,Beauty,Skin Care,Face,,,,
FENNICA,fennica,Electronics,Accessories & Supplies,Vehicle Electronics Accessories,,,,
Litime,litime,Electronics,Accessories & Supplies,"Batteries, Chargers & Accessories",,,,
Florida Water,florida-water,Beauty,Shave & Hair Removal,Men's,,,,
Power Stick,power-stick,Beauty,Hair Care,Shampoo & Conditioner,,,,
Diyeeni,diyeeni,Electronics,Accessories & Supplies,Camera & Photo Accessories,,,,
LOOBOAKY,looboaky,Electronics,Accessories & Supplies,Computer Accessories,,,,
HFYZZ,hfyzz,Beauty,Personal Care,Bath & Bathing Accessories,,,,
SEAMANTIKA,seamantika,Beauty,Skin Care,Eyes,,,,
TP-Link,tp-link,Electronics,Computers & Accessories,Networking Products,tp-link.com,,,
TKDY,tkdy,Electronics,eBook Readers & Accessories,Power Adapters,,,,
Bioré,bior-,Beauty,Skin Care,Face,,,,
Nkiy Quen,nkiy-quen,Electronics,Accessories & Supplies,Vehicle Electronics Accessories,,,,
BEAUTY SECRETS,beauty-secrets,Beauty,"Foot, Hand & Nail Care",Nail Art & Polish,,,,
Firsting,firsting,Electronics,Accessories & Supplies,Cell Phone Accessories,,,,
DikTalk,diktalk,Electronics,Accessories & Supplies,Computer Accessories,,,,
COMPUMATIC,compumatic,Electronics,Accessories & Supplies,Office Electronics Accessories,,,,
Nutricost,nutricost,Beauty,Skin Care,Body,,,,
Wrath & Remedy,wrath-remedy,Beauty,Skin Care,Body,,,,
Bio-Oil,bio-oil,Beauty,Skin Care,Body,bio-oil.com,,,
BEMPP,bempp,Electronics,Accessories & Supplies,Computer Accessories,,,,
VOERUY,voeruy,Beauty,Skin Care,Body,,,,
Marc Ecko,marc-ecko,Beauty,Fragrance,Men's,,,,
HD Retrovision,hd-retrovision,Electronics,Accessories & Supplies,Cables,,,,
XIJQKTWT,xijqktwt,Electronics,Accessories & Supplies,Camera & Photo Accessories,,,,
ARTIBETTER,artibetter,Beauty,Shave & Hair Removal,Men's,,,,
InstallerParts,installerparts,Electronics,Accessories & Supplies,Audio & Video Accessories,,,,
ANVOSED,anvosed,Electronics,Accessories & Supplies,Cell Phone Accessories,,,,
Method,method,Beauty,Skin Care,Body,,,,
Lesiyou,lesiyou,Electronics,Car & Vehicle Electronics,Car Electronics,,,,
Alum,alum,Beauty,Shave & Hair Removal,Men's,,,,
StriVectin,strivectin,Beauty,Skin Care,Face,,,,
Luvlewen,luvlewen,Beauty,Makeup,Body,,,,
MEETOOT,meetoot,Electronics,Accessories & Supplies,Audio & Video Accessories,,,,
TranquilBeauty,tranquilbeauty,Beauty,Personal Care,Bath & Bathing Accessories,,,,
BestLand,bestland,Beauty,Makeup,Lips,,,,
Suamdoen,suamdoen,Electronics,Accessories & Supplies,Camera & Photo Accessories,,,,
Summer Fridays,summer-fridays,Beauty,Skin Care,Maternity,summerfridays.com,,,1
Hotechs.,hotechs-,Electronics,Portable Audio & Video,MP3 & MP4 Players,,,,
SinLoon,sinloon,Electronics,Accessories & Supplies,Computer Accessories,,,,
SUPERUS,superus,Electronics,Wearable Technology,Accessories,,,,
Tgoon,tgoon,Beauty,Shave & Hair Removal,Women's,,,,
Patchology,patchology,Beauty,Skin Care,Face,,,,
Compete Audio,compete-audio,Electronics,Accessories & Supplies,Microphones,,,,
Hydrofarm,hydrofarm,Electronics,Accessories & Supplies,Microphones,,,,
Antennas Direct,antennas-direct,Electronics,Accessories & Supplies,Television Accessories,,,,
Moondrop,moondrop,Electronics,Portable Audio & Video,Portable CD Players,,,,
Herb Life,herb-life,Beauty,Hair Care,Styling Tools & Appliances,,,,
YWLRONG,ywlrong,Electronics,Accessories & Supplies,Cell Phone Accessories,,,,
Captain's Choice,captain-s-choice,Beauty,Shave & Hair Removal,Men's,,,,
Pengxiaomei,pengxiaomei,Beauty,Personal Care,Bath & Bathing Accessories,,,,
ION,ion,Electronics,Camera & Photo,Printers & Scanners,,,,
WEUPE,weupe,Electronics,Accessories & Supplies,Audio & Video Accessories,,,,
QGOO,qgoo,Electronics,Accessories & Supplies,Television Accessories,,,,
GOCII,gocii,Electronics,Accessories & Supplies,Vehicle Electronics Accessories,,,,
Dapsang,dapsang,Beauty,Shave & Hair Removal,Men's,,,,
Pert,pert,Beauty,Hair Care,Shampoo & Conditioner,,,,
taessv,taessv,Electronics,Accessories & Supplies,"Batteries, Chargers & Accessories",,,,
Aromatherapy Associates,aromatherapy-associates,Beauty,Skin Care,Body,,,,
Chill Ah,chill-ah,Beauty,Personal Care,Bath & Bathing Accessories,,,,
LSROUMEL,lsroumel,Beauty,"Foot, Hand & Nail Care",Nail Care,,,,
AIRSEE,airsee,Beauty,"Foot, Hand & Nail Care",Foot & Hand Care,,,,
Belmint,belmint,Beauty,"Foot, Hand & Nail Care",Tools & Accessories,,,,
TSSART,tssart,Electronics,Computers & Accessories,Data Storage,,,,
QearFun,qearfun,Electronics,Accessories & Supplies,Cell Phone Accessories,,,,
Noberwan,noberwan,Beauty,Personal Care,Bath & Bathing Accessories,,,,
Amasuki,amasuki,Electronics,Accessories & Supplies,Cell Phone Accessories,,,,
Monicass,monicass,Beauty,Hair Care,"Extensions, Wigs & Accessories",,,,
Aqur2020,aqur2020,Electronics,Home Audio,Compact Radios & Stereos,,,,
Aimosen,aimosen,Electronics,Camera & Photo,Video,,,,
Fansoun,fansoun,Electronics,Accessories & Supplies,Vehicle Electronics Accessories,,,,
OBIOCKIDAY,obiockiday,Electronics,Television & Video,Video Glasses,,,,
Beau Brummell,beau-brummell,Beauty,Shave & Hair Removal,Men's,,,,
Seagate,seagate,Electronics,Computers & Accessories,Computer Components,seagate.com,,,1
Ekevitte,ekevitte,Electronics,Portable Audio & Video,Radios,,,,
Beard Care Club,beard-care-club,Beauty,Shave & Hair Removal,Men's,,,,
JAOJAO,jaojao,Beauty,Shave & Hair Removal,Men's,,,,
Wyklaus,wyklaus,Beauty,Shave & Hair Removal,Men's,,,,
APRILSKIN,aprilskin,Beauty,Skin Care,Face,,,,
Simple Houseware,simple-houseware,Electronics,Accessories & Supplies,Computer Accessories,,,,
Engirette,engirette,Electronics,Accessories & Supplies,Vehicle Electronics Accessories,,,,
Seulliya,seulliya,Electronics,Accessories & Supplies,Audio & Video Accessories,,,,
Mozeat Lens,mozeat-lens,Beauty,Hair Care,Hair Coloring Products,,,,
goop,goop,Beauty,Skin Care,Body,,,,
LILIWELL,liliwell,Electronics,Video Game Consoles & Accessories,Sony PSP,,,,
Vmohuyktx,vmohuyktx,Electronics,Camera & Photo,Video,,,,
SGANGCAR,sgangcar,Electronics,Accessories & Supplies,Vehicle Electronics Accessories,,,,
ABLEWE,ablewe,Electronics,Accessories & Supplies,Television Accessories,,,,
Brut,brut,Beauty,Personal Care,Piercing & Tattoo Supplies,,,,
Soothing House,soothing-house,Beauty,Skin Care,Body,,,,
ClonerAlliance,cloneralliance,Electronics,Computers & Accessories,Computer Components,,,,
WELL WENG,well-weng,Electronics,Accessories & Supplies,Computer Accessories,,,,
SciencePurchase,sciencepurchase,Electronics,Accessories & Supplies,Vehicle Electronics Accessories,,,,
Eton,eton,Electronics,Portable Audio & Video,Radios,etoncorp.com,,,
Arswin,arswin,Beauty,Personal Care,Bath & Bathing Accessories,,,,
QIGEEKU,qigeeku,Beauty,Hair Care,Styling Tools & Appliances,,,,
By Nature,by-nature,Beauty,Skin Care,Face,,,,
JUXINICE,juxinice,Electronics,Accessories & Supplies,Cables,,,,
Square Deal Recordings & Supplies,square-deal-recordings-supplies,Electronics,Video Game Consoles & Accessories,Sony PSP,,,,
TINTEX,tintex,Beauty,Hair Care,Hair Coloring Products,,,,
DVZEBUBC,dvzebubc,Electronics,Computers & Accessories,Computer Components,,,,
JULIUS STUDIO,julius-studio,Electronics,Camera & Photo,Video,,,,
LOUTOC,loutoc,Electronics,Accessories & Supplies,Audio & Video Accessories,,,,
DGODRT,dgodrt,Electronics,Accessories & Supplies,Television Accessories,,,,
KEF,kef,Electronics,Home Audio,Speakers,kef.com,,,
IRILEKI,irileki,Beauty,"Foot, Hand & Nail Care",Tools & Accessories,,,,
HANTEKAS,hantekas,Beauty,"Foot, Hand & Nail Care",Tools & Accessories,,,,
Vinyl Styl,vinyl-styl,Electronics,Accessories & Supplies,Television Accessories,,,,
ShrinkableSkins.com,shrinkableskins-com,Electronics,Video Game Consoles & Accessories,Wii,,,,
Blulu,blulu,Beauty,"Foot, Hand & Nail Care",Nail Art & Polish,,,,
Natura Siberica,natura-siberica,Beauty,Skin Care,Body,,,,
wolovo,wolovo,Electronics,Accessories & Supplies,Computer Accessories,,,,
combofix,combofix,Beauty,Personal Care,Piercing & Tattoo Supplies,,,,
StudioFX,studiofx,Electronics,Accessories & Supplies,Camera & Photo Accessories,,,,
Baolira,baolira,Beauty,Hair Care,Hair Coloring Products,,,,
notiela,notiela,Electronics,Accessories & Supplies,Audio & Video Accessories,,,,
Diane,diane,Beauty,Hair Care,Hair Cutting Tools,,,,
Keys Soulcare,keys-soulcare,Beauty,Skin Care,Face,,,,
Absolute USA,absolute-usa,Electronics,Accessories & Supplies,Audio & Video Accessories,,,,
レイメイ藤井,-,Electronics,Accessories & Supplies,Camera & Photo Accessories,,,,
RAQEHO,raqeho,Beauty,Personal Care,Piercing & Tattoo Supplies,,,,
SoloWIT,solowit,Electronics,Accessories & Supplies,Audio & Video Accessories,,,,
LaoShuSheng,laoshusheng,Electronics,eBook Readers & Accessories,Screen Protectors,,,,
MARS MADE,mars-made,Beauty,Skin Care,Face,,,,
CoBoo,coboo,Beauty,Skin Care,Maternity,,,,
Wigearss,wigearss,Electronics,Video Game Consoles & Accessories,Wii,,,,
GFCC,gfcc,Electronics,Camera & Photo,Video,,,,
Bodipure,bodipure,Beauty,Skin Care,Body,,,,
AmScope,amscope,Electronics,Accessories & Supplies,Camera & Photo Accessories,,,,
Mysense,mysense,Beauty,Makeup,Body,,,,
Viking Revolution,viking-revolution,Beauty,Shave & Hair Removal,Men's,,,,
ChromLives,chromlives,Electronics,Accessories & Supplies,Microphones,,,,
COSITTE,cositte,Beauty,"Foot, Hand & Nail Care",Nail Art & Polish,,,,
PortPlugs,portplugs,Electronics,Computers & Accessories,Laptop Accessories,,,,
GOLRTRAL,golrtral,Electronics,Camera & Photo,Underwater Photography,,,,
YOYORY,yoyory,Beauty,Skin Care,Eyes,,,,
Nakamichi,nakamichi,Electronics,Accessories & Supplies,Audio & Video Accessories,,,,
Soiiw,soiiw,Beauty,"Foot, Hand & Nail Care",Nail Art & Polish,,,,
F1TP,f1tp,Electronics,Accessories & Supplies,Camera & Photo Accessories,,,,
Speco Technologies,speco-technologies,Electronics,Home Audio,Stereo System Components,,,,
belif,belif,Beauty,Skin Care,Eyes,belifusa.com,,,
RHEIN,rhein,Beauty,Personal Care,Piercing & Tattoo Supplies,,,,
QUIA Beauty,quia-beauty,Beauty,Skin Care,Face,,,,
CCidea,ccidea,Electronics,Accessories & Supplies,Computer Accessories,,,,
Eanetf,eanetf,Electronics,Accessories & Supplies,Audio & Video Accessories,,,,
Meadow Bliss,meadow-bliss,Beauty,Skin Care,Body,,,,
FIFINE TECHNOLOGY,fifine-technology,Electronics,Accessories & Supplies,Microphones,,,,
91BALLOONS,91balloons,Beauty,Makeup,Body,,,,
Secret,secret,Beauty,Personal Care,Deodorants & Antiperspirants,,,,
AKINGUAR,akinguar,Electronics,Accessories & Supplies,Computer Accessories,,,,
TDZLDM,tdzldm,Beauty,"Foot, Hand & Nail Care",Nail Care,,,,
BRITEK,britek,Electronics,Camera & Photo,Video,,,,
Zenith,zenith,Beauty,Shave & Hair Removal,Men's,,,,
Fwcee Sltue,fwcee-sltue,Beauty,Skin Care,Face,,,,
Elizabeth Taylor,elizabeth-taylor,Beauty,Fragrance,Men's,,,,
VISIONHMD,visionhmd,Electronics,Television & Video,Video Glasses,,,,
PARADISO,paradiso,Beauty,Personal Care,Bath & Bathing Accessories,,,,
GIroiyai,giroiyai,Electronics,Accessories & Supplies,Cord Management,,,,
DigitPro,digitpro,Electronics,Accessories & Supplies,Vehicle Electronics Accessories,,,,
SKYPRO,skypro,Beauty,Personal Care,Bath & Bathing Accessories,,,,
Cynailli,cynailli,Beauty,"Foot, Hand & Nail Care",Nail Art & Polish,,,,
TUCCH,tucch,Electronics,Cell Phones & Accessories,"Cases, Holsters & Clips",,,,
ZHLATECK,zhlateck,Electronics,Accessories & Supplies,Cables,,,,
Aiuonenian,aiuonenian,Electronics,Accessories & Supplies,Camera & Photo Accessories,,,,
Facmogu,facmogu,Electronics,Accessories & Supplies,Microphones,,,,
Hicober,hicober,Beauty,Hair Care,Hair Accessories,,,,
Iomega,iomega,Electronics,Computers & Accessories,Data Storage,,,,
Vitry,vitry,Beauty,"Foot, Hand & Nail Care",Nail Care,,,,
Smartmiao SZ,smartmiao-sz,Electronics,Accessories & Supplies,Camera & Photo Accessories,,,,
Benian,benian,Beauty,Makeup,Lips,,,,
Curve,curve,Beauty,Fragrance,Men's,,,,
SPORNETTE,spornette,Beauty,Hair Care,Styling Tools & Appliances,,,,
Katotey,katotey,Electronics,Accessories & Supplies,Microphones,,,,
EVGA,evga,Electronics,Computers & Accessories,Computer Components,evga.com,,,
AOC,aoc,Electronics,Accessories & Supplies,Computer Accessories,aoc.com,,,
ABTOHE,abtohe,Beauty,"Foot, Hand & Nail Care",Tools & Accessories,,,,
D-Line,d-line,Electronics,Accessories & Supplies,Cord Management,,,,
Heal&Rescue,heal-rescue,Beauty,"Foot, Hand & Nail Care",Foot & Hand Care,,,,
SLTG2020,sltg2020,Electronics,Video Game Consoles & Accessories,Nintendo DS,,,,
Ybeauty,ybeauty,Beauty,Personal Care,Piercing & Tattoo Supplies,,,,
IFTHFOUR,ifthfour,Electronics,Accessories & Supplies,Camera & Photo Accessories,,,,
Omszte,omszte,Beauty,Hair Care,Hair Accessories,,,,
Bopomofo,bopomofo,Electronics,Accessories & Supplies,Computer Accessories,,,,
Moira,moira,Beauty,Makeup,Body,,,,
Beekman 1802,beekman-1802,Beauty,Skin Care,Face,,,,
service_parts,service-parts,Electronics,Accessories & Supplies,Computer Accessories,,,,
LKE,lke,Beauty,"Foot, Hand & Nail Care",Nail Care,,,,
RonDexy,rondexy,Electronics,Accessories & Supplies,Vehicle Electronics Accessories,,,,
The Seaweed Bath Co.,the-seaweed-bath-co-,Beauty,Skin Care,Face,,,,
BMUUPY,bmuupy,Electronics,Camera & Photo,Video,,,,
Organic Shop,organic-shop,Beauty,Skin Care,Body,,,,
Elizabeth Mott,elizabeth-mott,Beauty,Makeup,Eyes,,,,
Michael Jordan,michael-jordan,Beauty,Fragrance,Men's,,,,
SESATOOK,sesatook,Beauty,Shave & Hair Removal,Men's,,,,
Imperial Feet,imperial-feet,Beauty,"Foot, Hand & Nail Care",Foot & Hand Care,,,,
YAREMYEYE,yaremyeye,Electronics,Accessories & Supplies,Camera & Photo Accessories,,,,
Continuum Footspas,continuum-footspas,Beauty,"Foot, Hand & Nail Care",Tools & Accessories,,,,
ZapPort,zapport,Electronics,Accessories & Supplies,Camera & Photo Accessories,,,,
Nuda Canada,nuda-canada,Beauty,Skin Care,Sunscreens & Tanning Products,,,,
ROIPIN,roipin,Electronics,Video Game Consoles & Accessories,Xbox 360,,,,
Zeefpod,zeefpod,Beauty,Makeup,Makeup Remover,,,,
Dr Vincent,dr-vincent,Beauty,Skin Care,Eyes,,,,
ZD,zd,Electronics,Accessories & Supplies,Computer Accessories,,,,
Cptots,cptots,Beauty,Hair Care,Hair Accessories,,,,
Werkry,werkry,Electronics,Accessories & Supplies,Cell Phone Accessories,,,,
Steliron,steliron,Beauty,Shave & Hair Removal,Men's,,,,
Midland,midland,Electronics,Portable Audio & Video,Radios,,,,
Emtec,emtec,Electronics,Accessories & Supplies,Computer Accessories,,,,
Dpofirs,dpofirs,Electronics,Accessories & Supplies,Cell Phone Accessories,,,,
bubble t cosmetics,bubble-t-cosmetics,Beauty,Personal Care,Bath & Bathing Accessories,,,,
CICINUJOY,cicinujoy,Beauty,Shave & Hair Removal,Men's,,,,
MXL,mxl,Electronics,Accessories & Supplies,Microphones,,,,
CGBOOM,cgboom,Beauty,"Foot, Hand & Nail Care",Foot & Hand Care,,,,
StangH,stangh,Electronics,Accessories & Supplies,Cord Management,,,,
Boundless Audio,boundless-audio,Electronics,Accessories & Supplies,Television Accessories,,,,
KOOBA,kooba,Beauty,Personal Care,Piercing & Tattoo Supplies,,,,
zisiueel,zisiueel,Beauty,Hair Care,Hair Coloring Products,,,,
Falcon Personal Care,falcon-personal-care,Beauty,Hair Care,Shampoo & Conditioner,,,,
LUXXII,luxxii,Beauty,Shave & Hair Removal,Men's,,,,
WEEYUM,weeyum,Beauty,Hair Care,Styling Tools & Appliances,,,,
MDLUU,mdluu,Beauty,Shave & Hair Removal,Men's,,,,
LICZINOIZO,liczinoizo,Beauty,Hair Care,Hair Accessories,,,,
FULLLIGHT TECH,fulllight-tech,Beauty,Skin Care,Face,,,,
LEEONS,leeons,Beauty,Hair Care,"Extensions, Wigs & Accessories",,,,
dasique,dasique,Beauty,Makeup,Eyes,,,,
Qaxrocyn,qaxrocyn,Electronics,Accessories & Supplies,Cell Phone Accessories,,,,
Asani,asani,Beauty,Shave & Hair Removal,Men's,,,,
hello,hello,Beauty,Personal Care,Deodorants & Antiperspirants,,,,
OXDFK,oxdfk,Electronics,Accessories & Supplies,Vehicle Electronics Accessories,,,,
Sexy Sparkles,sexy-sparkles,Beauty,Hair Care,"Extensions, Wigs & Accessories",,,,
Ginity,ginity,Beauty,Shave & Hair Removal,Men's,,,,
Saycker,saycker,Electronics,Accessories & Supplies,Cell Phone Accessories,,,,
TenTrend,tentrend,Electronics,Accessories & Supplies,"Batteries, Chargers & Accessories",,,,
LawUza,lawuza,Electronics,Accessories & Supplies,Vehicle Electronics Accessories,,,,
CYTTR,cyttr,Electronics,Accessories & Supplies,Computer Accessories,,,,
Callez,callez,Electronics,Accessories & Supplies,Audio & Video Accessories,,,,
Bliss Kiss,bliss-kiss,Beauty,"Foot, Hand & Nail Care",Nail Care,,,,
Pefei,pefei,Beauty,Makeup,Eyes,,,,
Yeshan,yeshan,Beauty,Hair Care,Hair Accessories,,,,
G.SKILL,g-skill,Electronics,Computers & Accessories,Computer Components,gskill.com,,,
Edifier,edifier,Electronics,Home Audio,Speakers,edifier.com,,,1
DSLRKIT,dslrkit,Electronics,Accessories & Supplies,Camera & Photo Accessories,,,,
XINLEMY,xinlemy,Electronics,Accessories & Supplies,Office Electronics Accessories,,,,
Kuicur,kuicur,Beauty,Oral Care,Toothbrushes & Accessories,,,,
REECHO,reecho,Beauty,Hair Care,"Extensions, Wigs & Accessories",,,,
Uvital,uvital,Electronics,Accessories & Supplies,Telephone Accessories,,,,
Keratin Perfect,keratin-perfect,Beauty,Hair Care,Shampoo & Conditioner,,,,
suptek,suptek,Electronics,Accessories & Supplies,Computer Accessories,,,,
MULTIM,multim,Beauty,Shave & Hair Removal,Women's,,,,
BOIKOKY,boikoky,Beauty,Makeup,Body,,,,
TKTDBX,tktdbx,Electronics,Accessories & Supplies,Television Accessories,,,,
Disklok,disklok,Electronics,Car & Vehicle Electronics,Car Electronics,,,,
Lemoncy,lemoncy,Beauty,"Foot, Hand & Nail Care",Tools & Accessories,,,,
Kneipp,kneipp,Beauty,Personal Care,Bath & Bathing Accessories,,,,
OZOLABS OZONE SKIN CARE,ozolabs-ozone-skin-care,Beauty,Skin Care,Face,,,,
ProLinc,prolinc,Beauty,"Foot, Hand & Nail Care",Nail Care,,,,
EVIDA,evida,Electronics,Portable Audio & Video,Digital Voice Recorders,,,,
GHENGUA,ghengua,Beauty,"Foot, Hand & Nail Care",Foot & Hand Care,,,,
PC Concepts,pc-concepts,Electronics,Accessories & Supplies,Computer Accessories,,,,
Grospe,grospe,Beauty,"Foot, Hand & Nail Care",Nail Care,,,,
Trullypine,trullypine,Electronics,Computers & Accessories,Laptop Accessories,,,,
LakoArt,lakoart,Electronics,Computers & Accessories,Laptop Accessories,,,,
AILIHEN,ailihen,Electronics,Accessories & Supplies,Cell Phone Accessories,,,,
FIDECO,fideco,Electronics,Computers & Accessories,Computer Components,,,,
BONKZEBU,bonkzebu,Electronics,Accessories & Supplies,Cables,,,,
Profoto,profoto,Electronics,Camera & Photo,Video,,,,
EACHSHOT,eachshot,Electronics,Accessories & Supplies,Camera & Photo Accessories,,,,
Aetomtins,aetomtins,Beauty,Shave & Hair Removal,Women's,,,,
Denideliwu,denideliwu,Beauty,"Foot, Hand & Nail Care",Tools & Accessories,,,,
AKWOR,akwor,Electronics,Accessories & Supplies,Computer Accessories,,,,
REVOLV,revolv,Beauty,Shave & Hair Removal,Men's,,,,
YJLYQF,yjlyqf,Beauty,Skin Care,Lip Care,,,,
LIKE,like,Electronics,Portable Audio & Video,Minidisc Players,,,,
teamplayer,teamplayer,Electronics,Accessories & Supplies,Cell Phone Accessories,,,,
EBJ,ebj,Electronics,Accessories & Supplies,Microphones,,,,
Yinowt,yinowt,Beauty,Shave & Hair Removal,Men's,,,,
BRAWNA,brawna,Beauty,Skin Care,Eyes,,,,
Provence Sante,provence-sante,Beauty,Personal Care,Bath & Bathing Accessories,,,,
Glowshave,glowshave,Beauty,Shave & Hair Removal,Women's,,,,
Rimous,rimous,Electronics,Accessories & Supplies,Audio & Video Accessories,,,,
NUBWO,nubwo,Electronics,Accessories & Supplies,Computer Accessories,,,,
SeaLife,sealife,Electronics,Accessories & Supplies,Camera & Photo Accessories,,,,
Cutelec,cutelec,Electronics,Accessories & Supplies,"Batteries, Chargers & Accessories",,,,
CARPSDZY,carpsdzy,Electronics,Accessories & Supplies,Computer Accessories,,,,
Peyyargo,peyyargo,Electronics,Accessories & Supplies,Vehicle Electronics Accessories,,,,
YINYOO,yinyoo,Electronics,Accessories & Supplies,Cell Phone Accessories,,,,
YUANSHAN,yuanshan,Electronics,Computers & Accessories,Laptop Accessories,,,,
Tluobiz,tluobiz,Electronics,eBook Readers & Accessories,Power Adapters,,,,
OROSAUR,orosaur,Electronics,Accessories & Supplies,Computer Accessories,,,,
usangreen,usangreen,Electronics,Accessories & Supplies,Camera & Photo Accessories,,,,
Avani,avani,Beauty,Skin Care,Face,,,,
AMZ Clips And Fasteners,amz-clips-and-fasteners,Electronics,Accessories & Supplies,Vehicle Electronics Accessories,,,,
basecolors,basecolors,Electronics,Accessories & Supplies,Audio & Video Accessories,,,,
jasclair,jasclair,Beauty,Shave & Hair Removal,Women's,,,,
CloudValley,cloudvalley,Electronics,Computers & Accessories,Laptop Accessories,,,,
Globular Cluster,globular-cluster,Electronics,Wearable Technology,Accessories,,,,
iRoboosta,iroboosta,Electronics,Accessories & Supplies,Computer Accessories,,,,
REDIBLUE,rediblue,Electronics,Accessories & Supplies,Audio & Video Accessories,,,,
Ywhomal,ywhomal,Electronics,Accessories & Supplies,Audio & Video Accessories,,,,
XMSJSIY,xmsjsiy,Electronics,Accessories & Supplies,Cables,,,,
Getrish,getrish,Electronics,Accessories & Supplies,Cables,,,,
SBC Snet,sbc-snet,Electronics,Accessories & Supplies,Telephone Accessories,,,,
Eurow,eurow,Beauty,"Foot, Hand & Nail Care",Foot & Hand Care,,,,
Anbear,anbear,Electronics,Accessories & Supplies,Cables,,,,
PIXEL,pixel,Electronics,Accessories & Supplies,Camera & Photo Accessories,,,,
Oivita39,oivita39,Beauty,Hair Care,Hair Loss Products,,,,
ZejtHOlium,zejtholium,Beauty,Hair Care,Hair Coloring Products,,,,
Xemz,xemz,Beauty,Personal Care,Deodorants & Antiperspirants,,,,
Onyx,onyx,Beauty,Skin Care,Sunscreens & Tanning Products,,,,
G JGOO,g-jgoo,Electronics,Accessories & Supplies,Computer Accessories,,,,
Dynamic Color Co,dynamic-color-co,Beauty,Personal Care,Piercing & Tattoo Supplies,,,,
Bevel,bevel,Beauty,Shave & Hair Removal,Men's,,,,
AMERTEER,amerteer,Electronics,Accessories & Supplies,Computer Accessories,,,,
Foloda,foloda,Electronics,Accessories & Supplies,Computer Accessories,,,,
NIYET,niyet,Beauty,Skin Care,Eyes,,,,
Vtyzcm,vtyzcm,Electronics,Accessories & Supplies,Cell Phone Accessories,,,,
Snowkids,snowkids,Electronics,Accessories & Supplies,Cables,,,,
AIHOPESTO,aihopesto,Beauty,Hair Care,Hair Cutting Tools,,,,
Partslost,partslost,Electronics,Accessories & Supplies,Computer Accessories,,,,
Leeven,leeven,Beauty,Hair Care,"Extensions, Wigs & Accessories",,,,
MediaRange,mediarange,Electronics,Accessories & Supplies,Television Accessories,,,,
IMDEN,imden,Electronics,Accessories & Supplies,Vehicle Electronics Accessories,,,,
esfolio,esfolio,Beauty,Skin Care,Face,,,,
GenXenon,genxenon,Electronics,Wearable Technology,Glasses,,,,
Telex,telex,Electronics,Car & Vehicle Electronics,Aviation Electronics,,,,
LiFMIRA,lifmira,Electronics,Accessories & Supplies,Computer Accessories,,,,
IN.HYPE,in-hype,Beauty,"Foot, Hand & Nail Care",Nail Art & Polish,,,,
YGACHE,ygache,Beauty,Shave & Hair Removal,Men's,,,,
Fuji,fuji,Electronics,Accessories & Supplies,Camera & Photo Accessories,,,,
AFROCOSMETICS,afrocosmetics,Beauty,Hair Care,Shampoo & Conditioner,,,,
Baby Magic,baby-magic,Beauty,Skin Care,Body,,,,
PLDHPRO,pldhpro,Electronics,Computers & Accessories,Tablet Accessories,,,,
Acavado,acavado,Beauty,Shave & Hair Removal,Men's,,,,
Coaster Fine Furniture,coaster-fine-furniture,Electronics,Accessories & Supplies,Computer Accessories,,,,
Denlane,denlane,Electronics,Accessories & Supplies,Television Accessories,,,,
Ash Kumar,ash-kumar,Beauty,Makeup,Body,,,,
Thorens,thorens,Electronics,Accessories & Supplies,Television Accessories,,,,
Hawke,hawke,Electronics,Camera & Photo,Binoculars & Scopes,,,,
AILLSA,aillsa,Beauty,"Foot, Hand & Nail Care",Nail Art & Polish,,,,
TUELETFU,tueletfu,Electronics,Accessories & Supplies,Cables,,,,
XIWMIX,xiwmix,Electronics,Computers & Accessories,Tablet Accessories,,,,
CSYLX,csylx,Electronics,Video Game Consoles & Accessories,Xbox 360,,,,
Swisa Beauty,swisa-beauty,Beauty,Skin Care,Face,,,,
Anower,anower,Beauty,"Foot, Hand & Nail Care",Nail Art & Polish,,,,
KIHUWEY,kihuwey,Electronics,Cell Phones & Accessories,"Cases, Holsters & Clips",,,,
Henrety,henrety,Electronics,Accessories & Supplies,Computer Accessories,,,,
ljdeals,ljdeals,Beauty,Hair Care,Hair Coloring Products,,,,
KINJOEK,kinjoek,Electronics,Accessories & Supplies,Camera & Photo Accessories,,,,
TechGarden,techgarden,Electronics,Accessories & Supplies,Computer Accessories,,,,
PGLYOUNI,pglyouni,Electronics,Accessories & Supplies,Computer Accessories,,,,
Nbguigdstr,nbguigdstr,Electronics,Accessories & Supplies,Mounts,,,,
Phottix,phottix,Electronics,Camera & Photo,Video,,,,
FEETS,feets,Beauty,"Foot, Hand & Nail Care",Foot & Hand Care,,,,
ZAIDOC,zaidoc,Beauty,Makeup,Body,,,,
eos,eos,Beauty,"Foot, Hand & Nail Care",Foot & Hand Care,,,,
POOLPO,poolpo,Beauty,Hair Care,Styling Tools & Appliances,,,,
Sticklers,sticklers,Electronics,Accessories & Supplies,Television Accessories,,,,
D.R. Harris,d-r-harris,Beauty,Shave & Hair Removal,Men's,,,,
Vxoyo,vxoyo,Beauty,Skin Care,Face,,,,
CCVA,ccva,Electronics,Computers & Accessories,Computer Components,,,,
HOMERHYME,homerhyme,Beauty,Hair Care,Hair Accessories,,,,
ATA ELEKTRONİK,ata-elektron-k,Electronics,Television & Video,Satellite Television,,,,
GREAT&LUCKY,great-lucky,Electronics,Camera & Photo,Video,,,,
UDU,udu,Beauty,Hair Care,"Extensions, Wigs & Accessories",,,,
Jewaytec,jewaytec,Beauty,Shave & Hair Removal,Men's,,,,
Coonyard,coonyard,Electronics,Portable Audio & Video,MP3 & MP4 Player Accessories,,,,
DUYIKJ,duyikj,Electronics,Accessories & Supplies,Office Electronics Accessories,,,,
Bad Dog,bad-dog,Beauty,Skin Care,Face,,,,
NAD,nad,Electronics,Home Audio,Stereo System Components,,,,
LVOERTUIG,lvoertuig,Electronics,Accessories & Supplies,Cell Phone Accessories,,,,
Lexenic,lexenic,Beauty,Oral Care,Oral Pain Relief,,,,
NOUSV,nousv,Beauty,Hair Care,Hair Coloring Products,,,,
teesvk,teesvk,Electronics,Accessories & Supplies,Camera & Photo Accessories,,,,
Baebody,baebody,Beauty,Skin Care,Eyes,,,,
Rashell,rashell,Beauty,Hair Care,Hair Coloring Products,,,,
Moyishi,moyishi,Electronics,Accessories & Supplies,Audio & Video Accessories,,,,
VAFOTON,vafoton,Electronics,Computers & Accessories,Tablet Accessories,,,,
Able Signal,able-signal,Electronics,Accessories & Supplies,Television Accessories,,,,
INNERNEED,innerneed,Beauty,Personal Care,Bath & Bathing Accessories,,,,
YUANQIMM,yuanqimm,Electronics,Accessories & Supplies,Office Electronics Accessories,,,,
LIVORKA,livorka,Beauty,"Foot, Hand & Nail Care",Nail Care,,,,
Oquml,oquml,Beauty,"Foot, Hand & Nail Care",Nail Art & Polish,,,,
Crifeir,crifeir,Electronics,Video Game Consoles & Accessories,Wii,,,,
YEERSUO,yeersuo,Beauty,Oral Care,Dental Floss & Picks,,,,
Glo Skin Beauty,glo-skin-beauty,Beauty,Skin Care,Sets & Kits,,,,
Sun Laboratories by Giesee,sun-laboratories-by-giesee,Beauty,Skin Care,Sunscreens & Tanning Products,,,,
DigitConvert,digitconvert,Electronics,Accessories & Supplies,Audio & Video Accessories,,,,
Yuelong,yuelong,Beauty,Personal Care,Piercing & Tattoo Supplies,,,,
MQUPIN,mqupin,Beauty,Hair Care,Styling Tools & Appliances,,,,
OUAI,ouai,Beauty,Skin Care,Body,,,,
Fotbor,fotbor,Electronics,Computers & Accessories,Tablet Accessories,,,,
BLIBEE,blibee,Beauty,Shave & Hair Removal,Men's,,,,
Norelco,norelco,Beauty,Shave & Hair Removal,Men's,,,,
KEYMECHER,keymecher,Electronics,Accessories & Supplies,Computer Accessories,,,,
LEOBRO,leobro,Beauty,Personal Care,Bath & Bathing Accessories,,,,
iSaddle,isaddle,Electronics,Accessories & Supplies,Vehicle Electronics Accessories,,,,
innobeaut,innobeaut,Beauty,Shave & Hair Removal,Women's,,,,
Breiboz,breiboz,Beauty,Skin Care,Face,,,,
xiweioo,xiweioo,Beauty,"Foot, Hand & Nail Care",Foot & Hand Care,,,,
Lumeeno,lumeeno,Beauty,Oral Care,Teeth Whitening,,,,
Rerwelin,rerwelin,Electronics,Accessories & Supplies,Computer Accessories,,,,
YCLYC,yclyc,Electronics,Accessories & Supplies,Vehicle Electronics Accessories,,,,
UCEC,ucec,Electronics,Accessories & Supplies,Computer Accessories,,,,
Vansiho,vansiho,Beauty,"Foot, Hand & Nail Care",Nail Art & Polish,,,,
JDYYICZ,jdyyicz,Electronics,Accessories & Supplies,Audio & Video Accessories,,,,
PURE RESEARCH,pure-research,Beauty,Skin Care,Face,,,,
Gallipower,gallipower,Beauty,Hair Care,Hair Cutting Tools,,,,
NSYRT,nsyrt,Beauty,"Foot, Hand & Nail Care",Tools & Accessories,,,,
Body Prescriptions,body-prescriptions,Beauty,Skin Care,Body,,,,
Hisewen,hisewen,Electronics,Computers & Accessories,Laptop Accessories,,,,
BRIGHTFUN,brightfun,Electronics,Accessories & Supplies,Vehicle Electronics Accessories,,,,
JETech,jetech,Electronics,Accessories & Supplies,Cell Phone Accessories,,,,
Auscoumer,auscoumer,Electronics,Accessories & Supplies,Television Accessories,,,,
Farmacy,farmacy,Beauty,Skin Care,Lip Care,,,,
Streamlight,streamlight,Electronics,Accessories & Supplies,Camera & Photo Accessories,,,,
BestCH,bestch,Electronics,Accessories & Supplies,Computer Accessories,,,,
Sakioo,sakioo,Beauty,Shave & Hair Removal,Men's,,,,
CableLovers,cablelovers,Electronics,Accessories & Supplies,Cables,,,,
GoodBoy,goodboy,Electronics,Accessories & Supplies,"Batteries, Chargers & Accessories",,,,
Pagaloce,pagaloce,Electronics,Accessories & Supplies,Vehicle Electronics Accessories,,,,
SPONGELLÉ,spongell-,Beauty,"Foot, Hand & Nail Care",Foot & Hand Care,,,,
FI Lamps,fi-lamps,Electronics,Accessories & Supplies,Computer Accessories,,,,
Betty Dain,betty-dain,Beauty,Personal Care,Bath & Bathing Accessories,,,,
Lemorele,lemorele,Electronics,Accessories & Supplies,Computer Accessories,,,,
Stylia,stylia,Beauty,Skin Care,Eyes,,,,
FOWSRHRG,fowsrhrg,Beauty,Hair Care,Hair Cutting Tools,,,,
Hapivida,hapivida,Electronics,Accessories & Supplies,"Batteries, Chargers & Accessories",,,,
So...?,so-,Beauty,Personal Care,Bath & Bathing Accessories,,,,
LKOOFHNM,lkoofhnm,Electronics,Accessories & Supplies,Cell Phone Accessories,,,,
KUKUGO,kukugo,Beauty,"Foot, Hand & Nail Care",Foot & Hand Care,,,,
Digital Innovations,digital-innovations,Electronics,Accessories & Supplies,Television Accessories,,,,
CERRXIAN,cerrxian,Electronics,Accessories & Supplies,Television Accessories,,,,
Norifon,norifon,Electronics,Camera & Photo,Video,,,,
DOITOOL,doitool,Electronics,Accessories & Supplies,Camera & Photo Accessories,,,,
Gelixir,gelixir,Beauty,"Foot, Hand & Nail Care",Nail Art & Polish,,,,
CBK,cbk,Electronics,Video Game Consoles & Accessories,Wii U,,,,
UNICORN GLOW,unicorn-glow,Beauty,Makeup,Lips,,,,
SENMO,senmo,Electronics,Accessories & Supplies,Computer Accessories,,,,
piaou,piaou,Beauty,Hair Care,"Extensions, Wigs & Accessories",,,,
Physicians Formula,physicians-formula,Beauty,Makeup,Makeup Palettes,,,,
PRIMALS,primals,Beauty,Oral Care,Toothpaste,,,,
Haida,haida,Electronics,Accessories & Supplies,Camera & Photo Accessories,,,,
RedYutou,redyutou,Electronics,Accessories & Supplies,Television Accessories,,,,
VANAUX,vanaux,Electronics,Accessories & Supplies,Audio & Video Accessories,,,,
RayTour,raytour,Electronics,Accessories & Supplies,"Batteries, Chargers & Accessories",,,,
Sandbaggy,sandbaggy,Electronics,Accessories & Supplies,Camera & Photo Accessories,,,,
Arvintas,arvintas,Beauty,Hair Care,Hair Accessories,,,,
Wzqsptcm,wzqsptcm,Electronics,Accessories & Supplies,Installation Services,,,,
EZ-Pro Screen Protector,ez-pro-screen-protector,Electronics,Accessories & Supplies,Computer Accessories,,,,
SROT,srot,Beauty,Shave & Hair Removal,Men's,,,,
BeHoomi,behoomi,Beauty,Skin Care,Eyes,,,,
Pearlessence,pearlessence,Beauty,Skin Care,Face,,,,
eTECH,etech,Electronics,Accessories & Supplies,Computer Accessories,,,,
E-YOOSO,e-yooso,Electronics,Accessories & Supplies,Computer Accessories,,,,
ClipGrip,clipgrip,Electronics,Accessories & Supplies,Computer Accessories,,,,
Yinke,yinke,Beauty,Shave & Hair Removal,Men's,,,,
SOUNDANCE,soundance,Electronics,Computers & Accessories,Laptop Accessories,,,,
TYGHBN,tyghbn,Beauty,Shave & Hair Removal,Men's,,,,
Feather Lily,feather-lily,Beauty,Hair Care,"Extensions, Wigs & Accessories",,,,
Tayderley,tayderley,Electronics,Accessories & Supplies,Computer Accessories,,,,
HOURGLASS,hourglass,Beauty,Skin Care,Face,,,,
YOWGULF,yowgulf,Electronics,Portable Audio & Video,Radios,,,,
Aquaphor,aquaphor,Beauty,Skin Care,Body,,,,
MODVICA,modvica,Beauty,Hair Care,Styling Tools & Appliances,,,,
Pupa Milano,pupa-milano,Beauty,Makeup,Lips,,,,
iTODOS,itodos,Electronics,Accessories & Supplies,Cables,,,,
Daewoo,daewoo,Beauty,Hair Care,Hair Cutting Tools,,,,
Acedining,acedining,Electronics,Accessories & Supplies,Cell Phone Accessories,,,,
Glow Organics,glow-organics,Beauty,Skin Care,Maternity,,,,
WOLAOYNN,wolaoynn,Electronics,Video Game Consoles & Accessories,Fire TV,,,,
Soueto,soueto,Electronics,Accessories & Supplies,Computer Accessories,,,,
Ysmzzmsy,ysmzzmsy,Beauty,"Foot, Hand & Nail Care",Nail Art & Polish,,,,
Gloxlite,gloxlite,Beauty,Shave & Hair Removal,Women's,,,,
BOATISLE,boatisle,Electronics,Accessories & Supplies,Audio & Video Accessories,,,,
Andis,andis,Beauty,Shave & Hair Removal,Men's,,,,
Sunlite Sports,sunlite-sports,Beauty,Personal Care,Bath & Bathing Accessories,,,,
MADHOLLY,madholly,Beauty,Hair Care,Hair Accessories,,,,
Alteya Organics,alteya-organics,Beauty,Personal Care,Piercing & Tattoo Supplies,,,,
JUST CLEAN SKIN,just-clean-skin,Beauty,Skin Care,Face,,,,
Wahrshei,wahrshei,Beauty,"Foot, Hand & Nail Care",Nail Art & Polish,,,,
HUIDUO,huiduo,Electronics,Accessories & Supplies,Vehicle Electronics Accessories,,,,
NINGMEI,ningmei,Electronics,Computers & Accessories,Computers & Tablets,,,,
NDNCZDHC,ndnczdhc,Electronics,Accessories & Supplies,Cell Phone Accessories,,,,
KFPPLXQ,kfpplxq,Beauty,Shave & Hair Removal,Women's,,,,
Alifuao,alifuao,Beauty,Hair Care,"Extensions, Wigs & Accessories",,,,
Borje,borje,Beauty,Skin Care,Face,,,,
HSU,hsu,Electronics,Accessories & Supplies,Camera & Photo Accessories,,,,
Elcoho,elcoho,Beauty,Makeup,Body,,,,
Tuffking,tuffking,Beauty,Personal Care,Piercing & Tattoo Supplies,,,,
Umbrotiger,umbrotiger,Electronics,Accessories & Supplies,Computer Accessories,,,,
LAPOHI,lapohi,Beauty,Hair Care,Hair Accessories,,,,
LID LIRDDY,lid-lirddy,Electronics,Accessories & Supplies,Microphones,,,,
Duke Cannon Supply Co.,duke-cannon-supply-co-,Beauty,Fragrance,Men's,,,,
ANOSON,anoson,Electronics,Accessories & Supplies,Computer Accessories,,,,
Keenso,keenso,Beauty,Shave & Hair Removal,Men's,,,,
Easilydays,easilydays,Beauty,Makeup,Makeup Remover,,,,
Sidaila,sidaila,Beauty,Hair Care,"Extensions, Wigs & Accessories",,,,
LK,lk,Electronics,Accessories & Supplies,Cell Phone Accessories,,,,
Schick,schick,Beauty,Shave & Hair Removal,Men's,,,,
Family Wellness,family-wellness,Beauty,Oral Care,Denture Care,,,,
Sunvalley,sunvalley,Electronics,Video Game Consoles & Accessories,PlayStation Vita,,,,
Crivon,crivon,Electronics,Accessories & Supplies,Vehicle Electronics Accessories,,,,
SZZYXD,szzyxd,Beauty,Personal Care,Bath & Bathing Accessories,,,,
DAMAIKE,damaike,Electronics,Accessories & Supplies,Vehicle Electronics Accessories,,,,
MEOU,meou,Electronics,Computers & Accessories,Tablet Accessories,,,,
GlanceGuard,glanceguard,Electronics,Accessories & Supplies,Computer Accessories,,,,
Aushamtai,aushamtai,Beauty,Hair Care,Hair Accessories,,,,
Mediabridge,mediabridge,Electronics,Accessories & Supplies,Cables,,,,
Classicseali,classicseali,Beauty,Makeup,Eyes,,,,
JAVOedge,javoedge,Electronics,Accessories & Supplies,Camera & Photo Accessories,,,,
DEDGE,dedge,Beauty,Shave & Hair Removal,Men's,,,,
Razobws,razobws,Electronics,Cell Phones & Accessories,"Cases, Holsters & Clips",,,,
guowanpp,guowanpp,Beauty,"Foot, Hand & Nail Care",Tools & Accessories,,,,
EcoTools,ecotools,Beauty,Personal Care,Bath & Bathing Accessories,,,,
HiBy,hiby,Electronics,Portable Audio & Video,MP3 & MP4 Player Accessories,,,,
World Amenities,world-amenities,Beauty,Hair Care,Shampoo & Conditioner,,,,
Tan Physics,tan-physics,Beauty,Skin Care,Sunscreens & Tanning Products,,,,
First Aid Beauty,first-aid-beauty,Beauty,Skin Care,Eyes,firstaidbeauty.com,,,1
Summer Tanning Gelée,summer-tanning-gel-e,Beauty,Skin Care,Sunscreens & Tanning Products,,,,
SO COZY,so-cozy,Beauty,Hair Care,Shampoo & Conditioner,,,,
Terra Ties,terra-ties,Beauty,Hair Care,Hair Accessories,,,,
QREEYX,qreeyx,Beauty,Shave & Hair Removal,Men's,,,,
Tsubaki,tsubaki,Beauty,Hair Care,Shampoo & Conditioner,,,,
Roleader,roleader,Beauty,Shave & Hair Removal,Women's,,,,
fotoconic,fotoconic,Electronics,Camera & Photo,Video,,,,
Medik8,medik8,Beauty,Skin Care,Face,,,,
YEY,yey,Electronics,Accessories & Supplies,Computer Accessories,,,,
UTENEW,utenew,Electronics,Accessories & Supplies,Computer Accessories,,,,
Ulric de Varens,ulric-de-varens,Beauty,Fragrance,Men's,,,,
Calithea Skincare,calithea-skincare,Beauty,Skin Care,Body,,,,
SevnYoko,sevnyoko,Electronics,Accessories & Supplies,Vehicle Electronics Accessories,,,,
Glamonade,glamonade,Beauty,"Foot, Hand & Nail Care",Nail Art & Polish,,,,
Selsun Blue,selsun-blue,Beauty,Hair Care,Shampoo & Conditioner,,,,
Geoffrey Beene,geoffrey-beene,Beauty,Fragrance,Men's,,,,
Sinobright,sinobright,Electronics,Accessories & Supplies,Camera & Photo Accessories,,,,
JEBUTU,jebutu,Electronics,Accessories & Supplies,Camera & Photo Accessories,,,,
aqxreight,aqxreight,Electronics,Accessories & Supplies,Vehicle Electronics Accessories,,,,
ASANDH,asandh,Electronics,Accessories & Supplies,Vehicle Electronics Accessories,,,,
Jordana,jordana,Beauty,Makeup,Body,,,,
Q Power,q-power,Electronics,Accessories & Supplies,Audio & Video Accessories,,,,
Zeroffi,zeroffi,Electronics,Accessories & Supplies,Audio & Video Accessories,,,,
HQRP,hqrp,Electronics,Accessories & Supplies,Telephone Accessories,,,,
AOPOCKAN TECH,aopockan-tech,Beauty,"Foot, Hand & Nail Care",Tools & Accessories,,,,
Billie,billie,Beauty,Shave & Hair Removal,Women's,,,,
IriQuart,iriquart,Electronics,Accessories & Supplies,Computer Accessories,,,,
Steinfinit,steinfinit,Electronics,Camera & Photo,Film Photography,,,,
CELTICBIRD,celticbird,Electronics,Accessories & Supplies,Camera & Photo Accessories,,,,
JHZMCRX,jhzmcrx,Beauty,Shave & Hair Removal,Women's,,,,
Beanify,beanify,Beauty,Shave & Hair Removal,Men's,,,,
XinHaoXuan,xinhaoxuan,Electronics,Accessories & Supplies,Camera & Photo Accessories,,,,
AYCOS,aycos,Beauty,Personal Care,Piercing & Tattoo Supplies,,,,
Gosky,gosky,Electronics,Camera & Photo,Binoculars & Scopes,,,,
HYUCKOT,hyuckot,Electronics,Accessories & Supplies,Cell Phone Accessories,,,,
Jinshining,jinshining,Beauty,Shave & Hair Removal,Men's,,,,
Sudden Change,sudden-change,Beauty,Skin Care,Eyes,,,,
Cocokind,cocokind,Beauty,Skin Care,Face,,,,
Clique,clique,Electronics,Accessories & Supplies,"Batteries, Chargers & Accessories",,,,
HSOEIXL,hsoeixl,Beauty,Skin Care,Body,,,,
epicuren DISCOVERY,epicuren-discovery,Beauty,Skin Care,Face,,,,
LAVEST,lavest,Beauty,Hair Care,Hair Cutting Tools,,,,
Crack,crack,Beauty,Hair Care,Shampoo & Conditioner,,,,
Barbanegra,barbanegra,Beauty,Shave & Hair Removal,Men's,,,,
XDMOOS,xdmoos,Beauty,Shave & Hair Removal,Women's,,,,
Clear Beauty,clear-beauty,Beauty,Skin Care,Face,,,,
JBER,jber,Electronics,Accessories & Supplies,Vehicle Electronics Accessories,,,,
Radar Mount,radar-mount,Electronics,Accessories & Supplies,Vehicle Electronics Accessories,,,,
iFwevs,ifwevs,Beauty,Hair Care,Hair Accessories,,,,
G4 VISION,g4-vision,Beauty,Hair Care,Hair Cutting Tools,,,,
flawless. younger. perfect.,flawless-younger-perfect-,Beauty,Skin Care,Face,,,,
Mytions,mytions,Electronics,Accessories & Supplies,Cell Phone Accessories,,,,
LANEIGE,laneige,Beauty,Skin Care,Sunscreens & Tanning Products,laneige.com,,,1
Showvigor,showvigor,Beauty,Shave & Hair Removal,Women's,,,,
MORGLES,morgles,Beauty,"Foot, Hand & Nail Care",Tools & Accessories,,,,
MAS CARNEY,mas-carney,Electronics,Accessories & Supplies,Audio & Video Accessories,,,,
Klee Naturals,klee-naturals,Beauty,Makeup,Makeup Sets,,,,
Norvell,norvell,Beauty,Skin Care,Sunscreens & Tanning Products,,,,
Origins,origins,Beauty,Skin Care,Sets & Kits,origins.com,,,1
Tsnam,tsnam,Electronics,Accessories & Supplies,Vehicle Electronics Accessories,,,,
myhalos,myhalos,Beauty,Skin Care,Eyes,,,,
weBoost,weboost,Electronics,Accessories & Supplies,Cell Phone Accessories,,,,
Nature's Brands,nature-s-brands,Beauty,Personal Care,Bath & Bathing Accessories,,,,
Handmade Heroes,handmade-heroes,Beauty,Skin Care,Lip Care,,,,
SCENT BEAUTY,scent-beauty,Beauty,Fragrance,Men's,,,,
KANG YU,kang-yu,Electronics,Wearable Technology,Accessories,,,,
Tucnoeu,tucnoeu,Beauty,"Foot, Hand & Nail Care",Nail Care,,,,
YOOVR,yoovr,Beauty,"Foot, Hand & Nail Care",Nail Art & Polish,,,,
Kindermann,kindermann,Electronics,Accessories & Supplies,Camera & Photo Accessories,,,,
Difethen,difethen,Beauty,"Foot, Hand & Nail Care",Foot & Hand Care,,,,
gopupu,gopupu,Electronics,Computers & Accessories,Laptop Accessories,,,,
Cshangzei,cshangzei,Beauty,Personal Care,Bath & Bathing Accessories,,,,
Retainer Brite,retainer-brite,Beauty,Oral Care,Denture Care,,,,
Covermates,covermates,Electronics,Accessories & Supplies,Television Accessories,,,,
OneKer,oneker,Electronics,Accessories & Supplies,Audio & Video Accessories,,,,
DIVEVOLK,divevolk,Electronics,Accessories & Supplies,Camera & Photo Accessories,,,,
RayNeo,rayneo,Electronics,Television & Video,Video Glasses,,,,
Artdone,artdone,Beauty,Makeup,Eyes,,,,
SPARIN,sparin,Electronics,Computers & Accessories,Tablet Accessories,,,,
DteeDck,dteedck,Electronics,Accessories & Supplies,Audio & Video Accessories,,,,
Srripo,srripo,Beauty,Skin Care,Face,,,,
MIX:BAR,mix-bar,Beauty,Fragrance,Women's,,,,
CICKEE,cickee,Beauty,Makeup,Body,,,,
Drunk Elephant,drunk-elephant,Beauty,Skin Care,Face,drunkelephant.com,,,1
Thicker Fuller Hair,thicker-fuller-hair,Beauty,Hair Care,Hair Loss Products,,,,
PlayStation,playstation,Electronics,Accessories & Supplies,Cell Phone Accessories,,,,
ZEXELLER,zexeller,Beauty,Shave & Hair Removal,Men's,,,,
iGloFix,iglofix,Electronics,Accessories & Supplies,Cell Phone Accessories,,,,
NOOX,noox,Electronics,Computers & Accessories,Tablet Accessories,,,,
Evekea,evekea,Electronics,Computers & Accessories,Tablet Accessories,,,,
Coeulse,coeulse,Electronics,Accessories & Supplies,Vehicle Electronics Accessories,,,,
NKQ,nkq,Beauty,Skin Care,Eyes,,,,
WORLD FAMOUS TATTOO INK,world-famous-tattoo-ink,Beauty,Personal Care,Piercing & Tattoo Supplies,,,,
AWONTAR,awontar,Beauty,Personal Care,Bath & Bathing Accessories,,,,
YTDB,ytdb,Beauty,Skin Care,Face,,,,
MouthKote,mouthkote,Beauty,Oral Care,Dry Mouth Relief,,,,
Install Bay,install-bay,Electronics,Accessories & Supplies,Vehicle Electronics Accessories,,,,
LENTION,lention,Electronics,Accessories & Supplies,Computer Accessories,,,,
Dr. Scholl's,dr-scholl-s,Beauty,"Foot, Hand & Nail Care",Foot & Hand Care,,,,
MOTIC,motic,Electronics,Camera & Photo,Binoculars & Scopes,,,,
Colelulu,colelulu,Electronics,Wearable Technology,Accessories,,,,
Aesop,aesop,Beauty,Personal Care,Deodorants & Antiperspirants,aesop.com,,,1
Evanee,evanee,Electronics,Computers & Accessories,Computer Components,,,,
Audiolab,audiolab,Electronics,Home Audio,Stereo System Components,audiolab.co.uk,,,
Otium,otium,Electronics,Accessories & Supplies,Cell Phone Accessories,,,,
GOTOTOP,gototop,Electronics,Accessories & Supplies,Computer Accessories,,,,
Esmond Natural,esmond-natural,Beauty,"Foot, Hand & Nail Care",Nail Care,,,,
JEFFSUN,jeffsun,Beauty,Skin Care,Face,,,,
MICRO CONNECTORS,micro-connectors,Electronics,Accessories & Supplies,Cables,,,,
YYNGJCK,yyngjck,Beauty,"Foot, Hand & Nail Care",Nail Art & Polish,,,,
URELEGAN,urelegan,Electronics,Accessories & Supplies,Computer Accessories,,,,
Shower Bouquet,shower-bouquet,Beauty,Personal Care,Bath & Bathing Accessories,,,,
Jolooyo,jolooyo,Electronics,Television & Video,Analog-to-Digital (DTV) Converters,,,,
Grandslam,grandslam,Beauty,Shave & Hair Removal,Men's,,,,
Synerlogic,synerlogic,Electronics,Accessories & Supplies,Computer Accessories,,,,
Motherlove,motherlove,Beauty,Skin Care,Maternity,,,,
SZQHT,szqht,Beauty,"Foot, Hand & Nail Care",Tools & Accessories,,,,
jujinglobal,jujinglobal,Electronics,Accessories & Supplies,Cables,,,,
NiteWhite,nitewhite,Beauty,Shave & Hair Removal,Women's,,,,
CITYWAY,cityway,Electronics,Accessories & Supplies,Vehicle Electronics Accessories,,,,
Frienda,frienda,Electronics,Accessories & Supplies,Camera & Photo Accessories,,,,
LIZHOUMIL,lizhoumil,Electronics,Camera & Photo,Binoculars & Scopes,,,,
Salon Care,salon-care,Beauty,Hair Care,Hair Coloring Products,,,,
Reyke,reyke,Electronics,"GPS, Finders & Accessories",Item Finders,,,,
Euhrceudy,euhrceudy,Beauty,Shave & Hair Removal,Women's,,,,
auroray,auroray,Beauty,Hair Care,Hair Accessories,,,,
CHI,chi,Beauty,Hair Care,Styling Tools & Appliances,,,,
IronSeals,ironseals,Electronics,Cell Phones & Accessories,"Cases, Holsters & Clips",,,,
WC,wc,Electronics,Accessories & Supplies,Audio & Video Accessories,,,,
NONYX,nonyx,Beauty,"Foot, Hand & Nail Care",Nail Care,,,,
AOERUOW,aoeruow,Electronics,Accessories & Supplies,Audio & Video Accessories,,,,
American Eagle,american-eagle,Beauty,Fragrance,Men's,,,,
Bonsicoky,bonsicoky,Electronics,Accessories & Supplies,Audio & Video Accessories,,,,
Royalty By Maluma,royalty-by-maluma,Beauty,Fragrance,Men's,,,,
Essivox,essivox,Beauty,"Foot, Hand & Nail Care",Nail Care,,,,
CEELIKE,ceelike,Beauty,Oral Care,Breath Fresheners,,,,
Eaglewireless,eaglewireless,Electronics,Accessories & Supplies,Cables,,,,
ZDETGU,zdetgu,Electronics,Accessories & Supplies,Camera & Photo Accessories,,,,
FoRapid,forapid,Electronics,Accessories & Supplies,Camera & Photo Accessories,,,,
Splash Home,splash-home,Beauty,Personal Care,Bath & Bathing Accessories,,,,
BESCHOI,beschoi,Electronics,Accessories & Supplies,Camera & Photo Accessories,,,,
DRYMOKINI,drymokini,Electronics,Accessories & Supplies,Computer Accessories,,,,
WENTELMUSIC,wentelmusic,Electronics,Accessories & Supplies,Microphones,,,,
Ayur,ayur,Beauty,Hair Care,Hair Coloring Products,,,,
Teenanseen,teenanseen,Beauty,Oral Care,Denture Care,,,,
ACONETMAX,aconetmax,Electronics,Accessories & Supplies,Computer Accessories,,,,
Winegard,winegard,Electronics,Television & Video,Satellite Television,winegard.com,,,
LIUCED,liuced,Beauty,Personal Care,Bath & Bathing Accessories,,,,
Bose,bose,Electronics,Accessories & Supplies,Cell Phone Accessories,bose.com,,,1
FINGCRO,fingcro,Beauty,"Foot, Hand & Nail Care",Nail Art & Polish,,,,
Eve Hansen,eve-hansen,Beauty,Skin Care,Face,,,,
YOGI’S GIFT – Celebrating health,yogi-s-gift-celebrating-health,Beauty,Makeup,Face,,,,
bark and lindy,bark-and-lindy,Electronics,Accessories & Supplies,Audio & Video Accessories,,,,
Sun Bum,sun-bum,Beauty,Skin Care,Sunscreens & Tanning Products,,,,
MelodySusie,melodysusie,Beauty,"Foot, Hand & Nail Care",Nail Care,,,,
Orajel,orajel,Beauty,Oral Care,Oral Pain Relief,,,,
AMZDM,amzdm,Electronics,Wearable Technology,Accessories,,,,
Prenawina,prenawina,Beauty,Skin Care,Eyes,,,,
Essential Oxygen,essential-oxygen,Beauty,Oral Care,Toothpaste,,,,
Tendak,tendak,Electronics,Computers & Accessories,Computer Components,,,,
ThsGivingStore,thsgivingstore,Electronics,Accessories & Supplies,Audio & Video Accessories,,,,
NHSAMK,nhsamk,Beauty,Fragrance,Sets,,,,
QMQJIA,qmqjia,Electronics,Accessories & Supplies,Computer Accessories,,,,
Denon,denon,Electronics,Home Audio,Stereo System Components,denon.com,,,
Misssix,misssix,Beauty,"Foot, Hand & Nail Care",Nail Art & Polish,,,,
ESD,esd,Electronics,Accessories & Supplies,Camera & Photo Accessories,,,,
Queen Helene,queen-helene,Beauty,Skin Care,Lip Care,,,,
Shave Secret,shave-secret,Beauty,Shave & Hair Removal,Men's,,,,
JMXLDS,jmxlds,Electronics,Video Game Consoles & Accessories,Sony PSP,,,,
ONTAKI,ontaki,Beauty,Shave & Hair Removal,Men's,,,,
Gebildet,gebildet,Electronics,Accessories & Supplies,Vehicle Electronics Accessories,,,,
NICEMOVIC,nicemovic,Beauty,Hair Care,Hair Cutting Tools,,,,
iGutech,igutech,Beauty,Hair Care,Styling Tools & Appliances,,,,
Mizarstar,mizarstar,Electronics,Accessories & Supplies,Office Electronics Accessories,,,,
MG12 THE POWER OF MAGNESIUM,mg12-the-power-of-magnesium,Beauty,Personal Care,Bath & Bathing Accessories,,,,
PRAKIE,prakie,Electronics,Accessories & Supplies,Cables,,,,
woolynew,woolynew,Electronics,Accessories & Supplies,Cell Phone Accessories,,,,
GOLDENMATE,goldenmate,Electronics,Accessories & Supplies,Computer Accessories,,,,
PROCELL,procell,Electronics,Accessories & Supplies,"Batteries, Chargers & Accessories",,,,
FourSeas,fourseas,Beauty,"Foot, Hand & Nail Care",Foot & Hand Care,,,,
RVBOATPAT,rvboatpat,Electronics,Accessories & Supplies,Vehicle Electronics Accessories,,,,
SATIN SMOOTH,satin-smooth,Beauty,Shave & Hair Removal,Women's,,,,
Milomdoi,milomdoi,Electronics,Accessories & Supplies,Cell Phone Accessories,,,,
TUNYINSH,tunyinsh,Electronics,Accessories & Supplies,Audio & Video Accessories,,,,
SoftSheen,softsheen,Beauty,Shave & Hair Removal,Men's,,,,
Yexixsr,yexixsr,Beauty,Hair Care,Hair Coloring Products,,,,
Luvandier,luvandier,Electronics,Accessories & Supplies,Camera & Photo Accessories,,,,
Skyconser,skyconser,Electronics,Accessories & Supplies,Cell Phone Accessories,,,,
Infalab,infalab,Beauty,Shave & Hair Removal,Men's,,,,
JEWHITENY,jewhiteny,Beauty,"Foot, Hand & Nail Care",Nail Art & Polish,,,,
AccessoryHappy,accessoryhappy,Electronics,Cell Phones & Accessories,"Cases, Holsters & Clips",,,,
SOULWIT,soulwit,Electronics,Accessories & Supplies,Cell Phone Accessories,,,,
Bump Stopper,bump-stopper,Beauty,Shave & Hair Removal,Men's,,,,
Core Innovations,core-innovations,Electronics,Portable Audio & Video,Boomboxes,,,,
jane iredale,jane-iredale,Beauty,Makeup,Lips,,,,
EARAYWAX,earaywax,Beauty,Shave & Hair Removal,Women's,,,,
FlyroadUp,flyroadup,Electronics,Accessories & Supplies,Audio & Video Accessories,,,,
Avantone,avantone,Electronics,Accessories & Supplies,Microphones,,,,
MISSHA,missha,Beauty,Skin Care,Face,missha.com,,,1
ALTSON,altson,Electronics,Accessories & Supplies,Cell Phone Accessories,,,,
Wanocean,wanocean,Beauty,Shave & Hair Removal,Men's,,,,
Slipdrive,slipdrive,Electronics,Accessories & Supplies,Computer Accessories,,,,
TechMagnet,techmagnet,Electronics,Computers & Accessories,Computers & Tablets,,,,
dynattenik,dynattenik,Electronics,Accessories & Supplies,Computer Accessories,,,,
Rocketek,rocketek,Electronics,Accessories & Supplies,Camera & Photo Accessories,,,,
Safeguard,safeguard,Beauty,Skin Care,Body,,,,
Iridesi,iridesi,Beauty,"Foot, Hand & Nail Care",Tools & Accessories,,,,
Giottos,giottos,Electronics,Accessories & Supplies,Camera & Photo Accessories,,,,
AACKS,aacks,Beauty,Hair Care,Hair Coloring Products,,,,
Beitian,beitian,Electronics,Accessories & Supplies,Vehicle Electronics Accessories,,,,
Sassique,sassique,Beauty,Fragrance,Dusting Powders,,,,
SAMIQU,samiqu,Beauty,Makeup,Eyes,,,,
#OOTD,-ootd,Beauty,Skin Care,Face,,,,
Mcukv,mcukv,Beauty,"Foot, Hand & Nail Care",Foot & Hand Care,,,,
Gamorek,gamorek,Electronics,Accessories & Supplies,Cell Phone Accessories,,,,
Tiepetly,tiepetly,Beauty,Skin Care,Eyes,,,,
Feather,feather,Beauty,Shave & Hair Removal,Men's,,,,
LAOYE,laoye,Beauty,Oral Care,Dental Floss & Picks,,,,
TOPMEET,topmeet,Beauty,"Foot, Hand & Nail Care",Tools & Accessories,,,,
Dickinson's,dickinson-s,Beauty,Skin Care,Face,,,,
ElekVerse,elekverse,Electronics,Television & Video,HD DVD Players,,,,
Tree to Tub,tree-to-tub,Beauty,Skin Care,Face,,,,
ZYQHMY,zyqhmy,Beauty,"Foot, Hand & Nail Care",Nail Care,,,,
Kikc,kikc,Electronics,Accessories & Supplies,Computer Accessories,,,,
Myco,myco,Beauty,Shave & Hair Removal,Men's,,,,
JASON,jason,Beauty,Skin Care,Body,,,,
Iotech International,iotech-international,Beauty,Oral Care,Mouthwash,,,,
KEEPOW,keepow,Electronics,Accessories & Supplies,"Batteries, Chargers & Accessories",,,,
KISS,kiss,Beauty,Hair Care,Hair Cutting Tools,,,,
NOONTIDE,noontide,Beauty,Personal Care,Bath & Bathing Accessories,,,,
KAGO,kago,Electronics,Computers & Accessories,Computer Components,,,,
Ardell,ardell,Beauty,Makeup,Eyes,,,,
Watreketal,watreketal,Electronics,Accessories & Supplies,Vehicle Electronics Accessories,,,,
Bliss,bliss,Beauty,Skin Care,Body,,,,
Treondexir,treondexir,Beauty,Skin Care,Eyes,,,,
WiTi,witi,Electronics,Camera & Photo,Video Surveillance,,,,
Chicago Comb,chicago-comb,Beauty,Hair Care,Styling Tools & Appliances,,,,
aowe,aowe,Electronics,Computers & Accessories,Tablet Replacement Parts,,,,
ONXROM,onxrom,Electronics,Computers & Accessories,Tablet Accessories,,,,
L'ANGE HAIR,l-ange-hair,Beauty,Hair Care,Hair Accessories,,,,
ZQIAN BEAUTY,zqian-beauty,Beauty,Hair Care,"Extensions, Wigs & Accessories",,,,
NEWCONNY,newconny,Electronics,Accessories & Supplies,Cell Phone Accessories,,,,
Brollyoooi,brollyoooi,Beauty,Makeup,Body,,,,
SOKUSIN,sokusin,Electronics,Wearable Technology,Accessories,,,,
DenTek,dentek,Beauty,Oral Care,Teeth Grinding Guards,,,,
Entity,entity,Beauty,"Foot, Hand & Nail Care",Nail Art & Polish,,,,
Hihealer,hihealer,Beauty,Skin Care,Eyes,,,,
Cutex,cutex,Beauty,"Foot, Hand & Nail Care",Nail Art & Polish,,,,
Marrh,marrh,Beauty,Hair Care,Styling Products,,,,
Nicole Miller New York,nicole-miller-new-york,Beauty,Makeup,Makeup Sets,,,,
QIMIAOUS,qimiaous,Electronics,Computers & Accessories,Computer Components,,,,
Sotica,sotica,Beauty,Personal Care,Piercing & Tattoo Supplies,,,,
ASHUTB,ashutb,Electronics,Accessories & Supplies,Camera & Photo Accessories,,,,
YUWAKAYI,yuwakayi,Electronics,Accessories & Supplies,Cell Phone Accessories,,,,
LinksTek,linkstek,Electronics,Computers & Accessories,Computer Components,,,,
HOMEXCEL,homexcel,Beauty,Hair Care,Hair Accessories,,,,
Wisdom flower,wisdom-flower,Beauty,Hair Care,Styling Tools & Appliances,,,,
Newding,newding,Beauty,Oral Care,Toothbrushes & Accessories,,,,
TIPSEAN,tipsean,Electronics,Accessories & Supplies,Audio & Video Accessories,,,,
Inglorious Fuzz,inglorious-fuzz,Beauty,Shave & Hair Removal,Men's,,,,
Suptizizkz,suptizizkz,Beauty,Hair Care,Hair Accessories,,,,
Deepmind,deepmind,Beauty,Skin Care,Lip Care,,,,
Kate,kate,Electronics,Camera & Photo,Video,,,,
Teamkio,teamkio,Beauty,"Foot, Hand & Nail Care",Tools & Accessories,,,,
Hudson Hi-Fi,hudson-hi-fi,Electronics,Accessories & Supplies,Television Accessories,,,,
RTKHFZE,rtkhfze,Beauty,"Foot, Hand & Nail Care",Nail Art & Polish,,,,
BUFFALO,buffalo,Electronics,Accessories & Supplies,Computer Accessories,buffalo.jp,,,
CraftsOfEgypt,craftsofegypt,Beauty,Personal Care,Bath & Bathing Accessories,,,,
Caudalie,caudalie,Beauty,Skin Care,Face,caudalie.com,,,
GHTTQIMV,ghttqimv,Electronics,Computers & Accessories,Computer Components,,,,
YYFIVEHAN,yyfivehan,Beauty,Shave & Hair Removal,Women's,,,,
Convenience Kits International,convenience-kits-international,Beauty,Skin Care,Body,,,,
Go Green Power Inc.,go-green-power-inc-,Electronics,Accessories & Supplies,"Batteries, Chargers & Accessories",,,,
Zotos,zotos,Beauty,Hair Care,"Hair Perms, Relaxers & Texturizers",,,,
ICE COOREL,ice-coorel,Electronics,Computers & Accessories,Laptop Accessories,,,,
CorkHead,corkhead,Beauty,Hair Care,"Extensions, Wigs & Accessories",,,,
GeeekPi,geeekpi,Electronics,Accessories & Supplies,Camera & Photo Accessories,,,,
KeeiZoes,keeizoes,Beauty,Skin Care,Face,,,,
Hididi,hididi,Electronics,Accessories & Supplies,Television Accessories,,,,
Maskiss,maskiss,Beauty,Skin Care,Eyes,,,,
Muyfguo,muyfguo,Beauty,Shave & Hair Removal,Men's,,,,
Fitee,fitee,Electronics,Accessories & Supplies,Computer Accessories,,,,
Red Cross,red-cross,Beauty,Oral Care,Oral Pain Relief,,,,
Gravity,gravity,Electronics,Accessories & Supplies,Vehicle Electronics Accessories,,,,
Highwings,highwings,Electronics,Accessories & Supplies,Cables,,,,
JTIEO,jtieo,Beauty,"Foot, Hand & Nail Care",Tools & Accessories,,,,
Slyfoam,slyfoam,Beauty,Personal Care,Bath & Bathing Accessories,,,,
Femeoum,femeoum,Electronics,Accessories & Supplies,Microphones,,,,
RADIOMASTER,radiomaster,Electronics,Accessories & Supplies,"Batteries, Chargers & Accessories",,,,
AXUAXU,axuaxu,Electronics,Accessories & Supplies,Microphones,,,,
Skinny Tan,skinny-tan,Beauty,Skin Care,Sunscreens & Tanning Products,,,,
Irish Spring,irish-spring,Beauty,Skin Care,Body,,,,
SMALLElectric,smallelectric,Electronics,Accessories & Supplies,Computer Accessories,,,,
Sound Storm Laboratories,sound-storm-laboratories,Electronics,Accessories & Supplies,Audio & Video Accessories,,,,
Aramox,aramox,Electronics,Accessories & Supplies,Microphones,,,,
Carwiner,carwiner,Electronics,Accessories & Supplies,Vehicle Electronics Accessories,,,,
DIGITNOW,digitnow,Electronics,Accessories & Supplies,Computer Accessories,,,,
Rumenglai,rumenglai,Electronics,Portable Audio & Video,Radios,,,,
ProCIV,prociv,Beauty,Makeup,Makeup Remover,,,,
VIDSA,vidsa,Beauty,Shave & Hair Removal,Men's,,,,
Qure,qure,Beauty,Skin Care,Face,,,,
SLE-TECH,sle-tech,Electronics,Computers & Accessories,Laptop Accessories,,,,
Easy-Going,easy-going,Electronics,Accessories & Supplies,Television Accessories,,,,
Lexmark,lexmark,Electronics,Computers & Accessories,Networking Products,,,,
EXMUMCMR,exmumcmr,Electronics,Accessories & Supplies,Microphones,,,,
Luster,luster,Beauty,Hair Care,"Hair Perms, Relaxers & Texturizers",,,,
Eyegla,eyegla,Beauty,Hair Care,Hair Accessories,,,,
Theons,theons,Beauty,"Foot, Hand & Nail Care",Nail Care,,,,
Optical Quantum,optical-quantum,Electronics,Accessories & Supplies,Computer Accessories,,,,
John Frieda,john-frieda,Beauty,Hair Care,Shampoo & Conditioner,,,,
Trade Winds,trade-winds,Electronics,Accessories & Supplies,Vehicle Electronics Accessories,,,,
GLEPOWEER,glepoweer,Electronics,Accessories & Supplies,Telephone Accessories,,,,
Joelrise,joelrise,Electronics,Accessories & Supplies,Computer Accessories,,,,
THE CIMPLE CO,the-cimple-co,Electronics,Accessories & Supplies,Audio & Video Accessories,,,,
ALOUS,alous,Electronics,Wearable Technology,Glasses,,,,
AbilityOne,abilityone,Electronics,Accessories & Supplies,Computer Accessories,,,,
YAFIYGI,yafiygi,Beauty,Oral Care,Oral Pain Relief,,,,
Definitive Technology,definitive-technology,Electronics,Home Audio,Speakers,,,,
Acelike,acelike,Beauty,Oral Care,Toothbrushes & Accessories,,,,
NOVO OVO,novo-ovo,Beauty,"Foot, Hand & Nail Care",Nail Care,,,,
tounee,tounee,Electronics,Accessories & Supplies,Camera & Photo Accessories,,,,
Rancase,rancase,Electronics,Cell Phones & Accessories,"Cases, Holsters & Clips",,,,
NVX,nvx,Electronics,Accessories & Supplies,Cables,,,,
ORS,ors,Beauty,Hair Care,"Hair Perms, Relaxers & Texturizers",,,,
Zivelier,zivelier,Beauty,Shave & Hair Removal,Women's,,,,
Microplane,microplane,Beauty,"Foot, Hand & Nail Care",Tools & Accessories,,,,
Celltronix,celltronix,Electronics,Portable Audio & Video,MP3 & MP4 Player Accessories,,,,
Ciuouient,ciuouient,Electronics,Accessories & Supplies,Cables,,,,
WORMHOLEPRO,wormholepro,Beauty,Personal Care,Piercing & Tattoo Supplies,,,,
Horsun,horsun,Electronics,Accessories & Supplies,Vehicle Electronics Accessories,,,,
SUNGBOON EDITOR,sungboon-editor,Beauty,Skin Care,Face,,,,
Simple,simple,Beauty,Makeup,Makeup Remover,,,,
Zomhaos,zomhaos,Beauty,Shave & Hair Removal,Men's,,,,
Gentleman Jon,gentleman-jon,Beauty,Shave & Hair Removal,Men's,,,,
Ytvariw,ytvariw,Electronics,Accessories & Supplies,Camera & Photo Accessories,,,,
Gold Bond,gold-bond,Beauty,Fragrance,Dusting Powders,,,,
BR & TD,br-td,Electronics,Accessories & Supplies,Computer Accessories,,,,
Evmliy,evmliy,Beauty,Personal Care,Bath & Bathing Accessories,,,,
Flushbay,flushbay,Electronics,Accessories & Supplies,Audio & Video Accessories,,,,
BAYCO,bayco,Electronics,Accessories & Supplies,Cord Management,,,,
LampVPath,lampvpath,Electronics,Accessories & Supplies,"Batteries, Chargers & Accessories",,,,
L LUSETA,l-luseta,Beauty,Hair Care,Hair Masks,,,,
Mebczyk,mebczyk,Electronics,Video Game Consoles & Accessories,Wii U,,,,
BeeVines,beevines,Beauty,Skin Care,Eyes,,,,
VIOY,vioy,Electronics,Accessories & Supplies,Cables,,,,
Mielle Organics,mielle-organics,Beauty,Hair Care,Styling Products,,,,
Pnrskter,pnrskter,Beauty,"Foot, Hand & Nail Care",Foot & Hand Care,,,,
MBAIYO,mbaiyo,Beauty,Personal Care,Piercing & Tattoo Supplies,,,,
Dark Side Blades,dark-side-blades,Beauty,Shave & Hair Removal,Men's,,,,
JOY,joy,Beauty,Shave & Hair Removal,Women's,,,,
UNA GELLA,una-gella,Beauty,"Foot, Hand & Nail Care",Nail Art & Polish,,,,
Conext Link,conext-link,Electronics,Accessories & Supplies,Vehicle Electronics Accessories,,,,
Eliznur,eliznur,Beauty,Makeup,Lips,,,,
ULBTER,ulbter,Electronics,Accessories & Supplies,Camera & Photo Accessories,,,,
Basumee,basumee,Beauty,Hair Care,Hair Accessories,,,,
JIUZI,jiuzi,Beauty,"Foot, Hand & Nail Care",Tools & Accessories,,,,
PIDOUDOU,pidoudou,Beauty,Hair Care,Hair Accessories,,,,
Woods,woods,Electronics,Accessories & Supplies,Cord Management,,,,
Expressions girl,expressions-girl,Beauty,Makeup,Lips,,,,
Ballsy,ballsy,Beauty,Fragrance,Men's,,,,
TagRecove,tagrecove,Beauty,Hair Care,Hair Cutting Tools,,,,
Dr.Jart+,dr-jart-,Beauty,Skin Care,Face,,,,
RecPro,recpro,Electronics,Television & Video,Analog-to-Digital (DTV) Converters,,,,
INDMEM,indmem,Electronics,Accessories & Supplies,Camera & Photo Accessories,,,,
ETMY,etmy,Electronics,Accessories & Supplies,Microphones,,,,
Yunmeng,yunmeng,Beauty,"Foot, Hand & Nail Care",Foot & Hand Care,,,,
SYPAFG,sypafg,Beauty,"Foot, Hand & Nail Care",Nail Art & Polish,,,,
YAFUSIPE,yafusipe,Beauty,Skin Care,Face,,,,
XiQiDianr,xiqidianr,Electronics,Video Game Consoles & Accessories,Wii,,,,
PUPKOLI,pupkoli,Beauty,"Foot, Hand & Nail Care",Foot & Hand Care,,,,
PERLESMITH,perlesmith,Electronics,Accessories & Supplies,Audio & Video Accessories,,,,
YENOVO,yenovo,Electronics,Accessories & Supplies,Television Accessories,,,,
YongFoto,yongfoto,Electronics,Accessories & Supplies,Installation Services,,,,
Spy Tec,spy-tec,Electronics,Car & Vehicle Electronics,Vehicle GPS,,,,
Image Dynamics,image-dynamics,Electronics,Car & Vehicle Electronics,Car Electronics,,,,
7C SEVENCROWN,7c-sevencrown,Beauty,Skin Care,Eyes,,,,
Groqrsn,groqrsn,Beauty,Hair Care,Hair Accessories,,,,
Topicals,topicals,Beauty,Skin Care,Eyes,,,,
Naples Cosmeceuticals,naples-cosmeceuticals,Beauty,Hair Care,Hair Loss Products,,,,
BTYMS,btyms,Beauty,Hair Care,Hair Accessories,,,,
fygg,fygg,Beauty,Oral Care,Sensitivity Treatments,,,,
GOODY 2'S,goody-2-s,Beauty,Hair Care,Hair Coloring Products,,,,
Moofey,moofey,Beauty,Shave & Hair Removal,Men's,,,,
XIMIBI,ximibi,Electronics,Accessories & Supplies,Computer Accessories,,,,
ACEIRMC,aceirmc,Electronics,Accessories & Supplies,Audio & Video Accessories,,,,
MAGEASY,mageasy,Electronics,Accessories & Supplies,Cell Phone Accessories,,,,
CheckSimple,checksimple,Beauty,Shave & Hair Removal,Women's,,,,
Adnyusi,adnyusi,Beauty,Shave & Hair Removal,Men's,,,,
EODIEBN,eodiebn,Beauty,"Foot, Hand & Nail Care",Tools & Accessories,,,,
C. O. Bigelow,c-o-bigelow,Beauty,Fragrance,Men's,,,,
SmileDirectClub,smiledirectclub,Beauty,Oral Care,Teeth Whitening,,,,
JUSTSWAGDDEEFF,justswagddeeff,Beauty,Fragrance,Women's,,,,
Naturium,naturium,Beauty,Skin Care,Body,,,,
Brother,brother,Electronics,Accessories & Supplies,Computer Accessories,brother.com,,,1
GSUIVEER,gsuiveer,Electronics,Accessories & Supplies,"Batteries, Chargers & Accessories",,,,
pickpiff,pickpiff,Beauty,Shave & Hair Removal,Men's,,,,
Arhoet,arhoet,Beauty,Hair Care,Styling Tools & Appliances,,,,
Remington,remington,Beauty,Hair Care,Hair Cutting Tools,,,,
Bewinner,bewinner,Electronics,Accessories & Supplies,Camera & Photo Accessories,,,,
DIANVEN,dianven,Electronics,Accessories & Supplies,Computer Accessories,,,,
BYNISEP,bynisep,Beauty,Hair Care,Hair Loss Products,,,,
Dr.Melaxin,dr-melaxin,Beauty,Skin Care,Face,,,,
GLOWLY SUN,glowly-sun,Beauty,Shave & Hair Removal,Women's,,,,
Head & Shoulders,head-shoulders,Beauty,Hair Care,Shampoo & Conditioner,,,,
Zesucal,zesucal,Beauty,Hair Care,Hair Accessories,,,,
LQ Industrial,lq-industrial,Electronics,Accessories & Supplies,Camera & Photo Accessories,,,,
Perfect Hair,perfect-hair,Beauty,Hair Care,Hair Loss Products,,,,
RLP,rlp,Electronics,Accessories & Supplies,Vehicle Electronics Accessories,,,,
Sunmns,sunmns,Electronics,Accessories & Supplies,Microphones,,,,
Native,native,Beauty,Hair Care,Shampoo & Conditioner,,,,
TEKERA,tekera,Electronics,Accessories & Supplies,Vehicle Electronics Accessories,,,,
Aogeili,aogeili,Beauty,"Foot, Hand & Nail Care",Tools & Accessories,,,,
BSTW,bstw,Electronics,Accessories & Supplies,Vehicle Electronics Accessories,,,,
JIMZOO,jimzoo,Electronics,Accessories & Supplies,Camera & Photo Accessories,,,,
MUZHUPGUZ,muzhupguz,Beauty,Hair Care,Hair Coloring Products,,,,
JOUNIVO,jounivo,Electronics,Accessories & Supplies,Computer Accessories,,,,
TYMO,tymo,Beauty,Hair Care,Styling Tools & Appliances,,,,
Sactulaz,sactulaz,Electronics,Accessories & Supplies,Television Accessories,,,,
ZKENIRD,zkenird,Beauty,Shave & Hair Removal,Men's,,,,
ZOOMHITSKINS,zoomhitskins,Electronics,eBook Readers & Accessories,Skins,,,,
KITUREK,kiturek,Electronics,Car & Vehicle Electronics,Car Electronics,,,,
Emerson,emerson,Electronics,Portable Audio & Video,Boomboxes,emerson.com,,,
Edoneery,edoneery,Beauty,Personal Care,Bath & Bathing Accessories,,,,
Nulea,nulea,Electronics,Accessories & Supplies,Computer Accessories,,,,
Inkpress,inkpress,Electronics,Accessories & Supplies,Camera & Photo Accessories,,,,
eXtremeRate,extremerate,Electronics,Video Game Consoles & Accessories,Xbox 360,,,,
Cynamed,cynamed,Beauty,Hair Care,Hair Cutting Tools,,,,
SAWOHO,sawoho,Beauty,Fragrance,Men's,,,,
Qifutan,qifutan,Electronics,Accessories & Supplies,Vehicle Electronics Accessories,,,,
Fuhengli,fuhengli,Electronics,Accessories & Supplies,Audio & Video Accessories,,,,
HuaerHui,huaerhui,Electronics,Accessories & Supplies,Camera & Photo Accessories,,,,
Africa's Best,africa-s-best,Beauty,Hair Care,"Hair Perms, Relaxers & Texturizers",,,,
FARMASi,farmasi,Beauty,Makeup,Makeup Palettes,,,,
OKALA,okala,Beauty,Oral Care,Dental Floss & Picks,,,,
KUBEST,kubest,Electronics,Car & Vehicle Electronics,Car Electronics,,,,
Borenbuir,borenbuir,Electronics,Accessories & Supplies,Microphones,,,,
House Brand,house-brand,Beauty,Oral Care,Denture Care,,,,
TIETI,tieti,Electronics,Accessories & Supplies,Computer Accessories,,,,
Being Naturals,being-naturals,Beauty,Skin Care,Sunscreens & Tanning Products,,,,
NBTORCH,nbtorch,Electronics,Accessories & Supplies,Cord Management,,,,
Zttopo,zttopo,Electronics,Accessories & Supplies,Camera & Photo Accessories,,,,
JAPOO,japoo,Electronics,Computers & Accessories,Networking Products,,,,
Jamestry,jamestry,Beauty,"Foot, Hand & Nail Care",Tools & Accessories,,,,
Pola,pola,Beauty,Hair Care,Shampoo & Conditioner,,,,
Hanpusen,hanpusen,Electronics,Wearable Technology,Accessories,,,,
NAYOO,nayoo,Beauty,Hair Care,"Extensions, Wigs & Accessories",,,,
UltraPro,ultrapro,Electronics,Accessories & Supplies,Television Accessories,,,,
FreeNook,freenook,Electronics,Accessories & Supplies,Computer Accessories,,,,
Teyssor,teyssor,Electronics,Accessories & Supplies,Computer Accessories,,,,
YTATTOO,ytattoo,Beauty,Personal Care,Piercing & Tattoo Supplies,,,,
HAPLIVES,haplives,Electronics,Computers & Accessories,Laptop Accessories,,,,
Sanjyut,sanjyut,Electronics,Accessories & Supplies,Computer Accessories,,,,
Zacro,zacro,Electronics,Accessories & Supplies,Television Accessories,,,,
Pizadix,pizadix,Beauty,"Foot, Hand & Nail Care",Nail Art & Polish,,,,
ASTRO Gaming,astro-gaming,Electronics,Accessories & Supplies,Computer Accessories,astrogaming.com,,,
MELOGAGA,melogaga,Electronics,Accessories & Supplies,Computer Accessories,,,,
Eylure,eylure,Beauty,Makeup,Eyes,,,,
Sheba Nails,sheba-nails,Beauty,"Foot, Hand & Nail Care",Nail Art & Polish,,,,
Print File,print-file,Electronics,Accessories & Supplies,Camera & Photo Accessories,,,,
inm,inm,Beauty,"Foot, Hand & Nail Care",Nail Art & Polish,,,,
AVerMedia,avermedia,Electronics,Computers & Accessories,Computer Components,avermedia.com,,,
Xinvinx,xinvinx,Beauty,Shave & Hair Removal,Women's,,,,
Cutecrop,cutecrop,Beauty,"Foot, Hand & Nail Care",Foot & Hand Care,,,,
Ufree,ufree,Beauty,Shave & Hair Removal,Men's,,,,
keractive,keractive,Beauty,Hair Care,Shampoo & Conditioner,,,,
Arduino,arduino,Electronics,Computers & Accessories,Computer Components,,,,
Lycon,lycon,Beauty,Shave & Hair Removal,Women's,,,,
Smof,smof,Electronics,Accessories & Supplies,Vehicle Electronics Accessories,,,,
Ocim,ocim,Beauty,Skin Care,Eyes,,,,
New Vibrations Nutrition,new-vibrations-nutrition,Beauty,"Foot, Hand & Nail Care",Nail Care,,,,
Redemption,redemption,Beauty,Personal Care,Piercing & Tattoo Supplies,,,,
Vidattx,vidattx,Beauty,Personal Care,Piercing & Tattoo Supplies,,,,
HyperX,hyperx,Electronics,Video Game Consoles & Accessories,Wii U,hyperx.com,,,1
SAMYO,samyo,Electronics,Accessories & Supplies,Audio & Video Accessories,,,,
Escort,escort,Electronics,Accessories & Supplies,Vehicle Electronics Accessories,escortradar.com,,,
ETWAR,etwar,Electronics,Accessories & Supplies,Computer Accessories,,,,
Podoy,podoy,Beauty,Shave & Hair Removal,Women's,,,,
Magicmoon,magicmoon,Electronics,Computers & Accessories,Laptop Accessories,,,,
Y.D.F,y-d-f,Electronics,Accessories & Supplies,Computer Accessories,,,,
LIFOOST,lifoost,Beauty,"Foot, Hand & Nail Care",Nail Art & Polish,,,,
LUVUM,luvum,Beauty,Makeup,Makeup Remover,,,,
BULLDOG,bulldog,Beauty,Shave & Hair Removal,Men's,,,,
MOFII,mofii,Electronics,Accessories & Supplies,Computer Accessories,,,,
BESCOST,bescost,Electronics,Accessories & Supplies,Television Accessories,,,,
Oki Data,oki-data,Electronics,Accessories & Supplies,Computer Accessories,,,,
ALLEYOOP,alleyoop,Beauty,Shave & Hair Removal,Women's,,,,
ZORZA,zorza,Electronics,Accessories & Supplies,Microphones,,,,
Haleon,haleon,Beauty,Oral Care,Dry Mouth Relief,,,,
Mnyatr,mnyatr,Electronics,Accessories & Supplies,Cell Phone Accessories,,,,
LIQUE,lique,Beauty,Skin Care,Lip Care,,,,
NOW Foods,now-foods,Beauty,Shave & Hair Removal,Women's,,,,
NOVFLKW,novflkw,Beauty,Hair Care,"Extensions, Wigs & Accessories",,,,
Rejuvenol,rejuvenol,Beauty,Hair Care,Shampoo & Conditioner,,,,
AXVRMETA,axvrmeta,Electronics,Wearable Technology,Accessories,,,,
ProElife,proelife,Electronics,Accessories & Supplies,Computer Accessories,,,,
Chunmeng,chunmeng,Beauty,"Foot, Hand & Nail Care",Nail Art & Polish,,,,
billion dollar brows,billion-dollar-brows,Beauty,Makeup,Makeup Sets,,,,
Grandstream,grandstream,Electronics,Computers & Accessories,Networking Products,,,,
Drybar,drybar,Beauty,Personal Care,Bath & Bathing Accessories,,,,
Clean + Easy,clean-easy,Beauty,Shave & Hair Removal,Women's,,,,
NARS,nars,Beauty,Skin Care,Face,narscosmetics.com,,,1
WAVELIFE,wavelife,Electronics,Accessories & Supplies,Cell Phone Accessories,,,,
QSHAVE,qshave,Beauty,Shave & Hair Removal,Men's,,,,
Gadpiparty,gadpiparty,Electronics,Accessories & Supplies,Audio & Video Accessories,,,,
HRX Package,hrx-package,Beauty,Personal Care,Bath & Bathing Accessories,,,,
MITCH,mitch,Beauty,Hair Care,Shampoo & Conditioner,,,,
Maozhren,maozhren,Electronics,Accessories & Supplies,Audio & Video Accessories,,,,
DAWASAPAT,dawasapat,Electronics,Accessories & Supplies,Computer Accessories,,,,
TTSAM,ttsam,Electronics,Accessories & Supplies,Computer Accessories,,,,
KEERSHUNFAFA,keershunfafa,Electronics,Computers & Accessories,Tablet Accessories,,,,
Soft 'N Style,soft-n-style,Beauty,Hair Care,Hair Coloring Products,,,,
Haikole,haikole,Beauty,Oral Care,Denture Care,,,,
IFRESEM,ifresem,Electronics,Computers & Accessories,Tablet Replacement Parts,,,,
Atomic Market,atomic-market,Electronics,Accessories & Supplies,Computer Accessories,,,,
UNIEDI,uniedi,Beauty,Oral Care,Teeth Grinding Guards,,,,
Denir Bonee,denir-bonee,Beauty,"Foot, Hand & Nail Care",Foot & Hand Care,,,,
VITÉ20,vit-20,Beauty,"Foot, Hand & Nail Care",Nail Care,,,,
XVRTJ,xvrtj,Electronics,Accessories & Supplies,Audio & Video Accessories,,,,
immetee,immetee,Beauty,Makeup,Body,,,,
RAAYOO,raayoo,Electronics,Car & Vehicle Electronics,Car Electronics,,,,
COVERGIRL,covergirl,Beauty,Makeup,Eyes,,,,
Hauppauge,hauppauge,Electronics,Computers & Accessories,Computer Components,,,,
KACIOLA STUDIO,kaciola-studio,Electronics,eBook Readers & Accessories,Skins,,,,
QFQFQ,qfqfq,Beauty,Hair Care,Hair Loss Products,,,,
Corsair,corsair,Electronics,Accessories & Supplies,Computer Accessories,corsair.com,,,1
HANYCONY,hanycony,Electronics,Accessories & Supplies,Power Strips & Surge Protectors,,,,
Yeetandoo,yeetandoo,Beauty,Oral Care,Denture Care,,,,
SZFMSWE,szfmswe,Electronics,Accessories & Supplies,Vehicle Electronics Accessories,,,,
Eveready,eveready,Electronics,Accessories & Supplies,"Batteries, Chargers & Accessories",,,,
ALOCIAM,alociam,Beauty,"Foot, Hand & Nail Care",Nail Art & Polish,,,,
H&C,h-c,Beauty,Hair Care,Hair Coloring Products,,,,
OSIM,osim,Electronics,Accessories & Supplies,Cell Phone Accessories,,,,
YKZFUI,ykzfui,Beauty,"Foot, Hand & Nail Care",Nail Art & Polish,,,,
Aiandcc,aiandcc,Electronics,Portable Audio & Video,MP3 & MP4 Players,,,,
Yeshone,yeshone,Electronics,Accessories & Supplies,Microphones,,,,
ZTOXLR,ztoxlr,Electronics,Accessories & Supplies,Cables,,,,
PINK,pink,Beauty,Hair Care,"Hair Perms, Relaxers & Texturizers",,,,
Temple Spring,temple-spring,Beauty,Shave & Hair Removal,Women's,,,,
Audiobank,audiobank,Electronics,Accessories & Supplies,Vehicle Electronics Accessories,,,,
ALITOVE,alitove,Electronics,Accessories & Supplies,"Batteries, Chargers & Accessories",,,,
Careline,careline,Beauty,Makeup,Lips,,,,
USX STAR,usx-star,Electronics,Computers & Accessories,Warranties & Services,,,,
Milano Care,milano-care,Beauty,Shave & Hair Removal,Women's,,,,
KIWI design,kiwi-design,Electronics,Video Game Consoles & Accessories,Xbox 360,,,,
JKNJX,jknjx,Electronics,Computers & Accessories,Computer Components,,,,
Gikfun,gikfun,Electronics,Accessories & Supplies,Audio & Video Accessories,,,,
Wantek,wantek,Electronics,Accessories & Supplies,Telephone Accessories,,,,
Andoer,andoer,Electronics,Accessories & Supplies,Cell Phone Accessories,,,,
bro glo,bro-glo,Beauty,Skin Care,Sunscreens & Tanning Products,,,,
CYNOVA,cynova,Electronics,Accessories & Supplies,Camera & Photo Accessories,,,,
MyfavoriteK,myfavoritek,Electronics,Accessories & Supplies,Cell Phone Accessories,,,,
Lick Your Lips,lick-your-lips,Beauty,Skin Care,Lip Care,,,,
GOWE,gowe,Electronics,Camera & Photo,Video,,,,
ETOPARS,etopars,Electronics,Accessories & Supplies,Vehicle Electronics Accessories,,,,
AHQQT,ahqqt,Electronics,Accessories & Supplies,Camera & Photo Accessories,,,,
YiMoXiuYuan,yimoxiuyuan,Electronics,Accessories & Supplies,Cell Phone Accessories,,,,
FiiO,fiio,Electronics,Accessories & Supplies,Audio & Video Accessories,fiio.com,,,
Bigen,bigen,Beauty,Hair Care,Hair Coloring Products,,,,
YTT,ytt,Electronics,Accessories & Supplies,Television Accessories,,,,
Pro Tech,pro-tech,Beauty,Oral Care,Denture Care,,,,
iMieet,imieet,Electronics,Computers & Accessories,Tablet Accessories,,,,
Technics,technics,Electronics,Car & Vehicle Electronics,Car Electronics,technics.com,,,
Sonos,sonos,Electronics,Accessories & Supplies,Cell Phone Accessories,sonos.com,,,1
Halsa,halsa,Electronics,Cell Phones & Accessories,"Cases, Holsters & Clips",,,,
Estbuc,estbuc,Electronics,Accessories & Supplies,Cell Phone Accessories,,,,
TIKIYOUN,tikiyoun,Beauty,"Foot, Hand & Nail Care",Nail Art & Polish,,,,
Luqeeg,luqeeg,Electronics,Accessories & Supplies,Cell Phone Accessories,,,,
Difenni,difenni,Beauty,"Foot, Hand & Nail Care",Tools & Accessories,,,,
Green Leaf Naturals,green-leaf-naturals,Beauty,Skin Care,Sunscreens & Tanning Products,,,,
BOYA,boya,Electronics,Camera & Photo,Video,boya-mic.com,,,
OOCLCURFUL,ooclcurful,Electronics,Accessories & Supplies,Computer Accessories,,,,
Udibas,udibas,Electronics,Accessories & Supplies,Cables,,,,
Yofuly,yofuly,Beauty,Skin Care,Face,,,,
MORA,mora,Beauty,Makeup,Makeup Remover,,,,
GWCASE,gwcase,Electronics,Accessories & Supplies,Computer Accessories,,,,
Rockford Fosgate,rockford-fosgate,Electronics,Car & Vehicle Electronics,Car Electronics,,,,
Nextpal,nextpal,Beauty,Shave & Hair Removal,Men's,,,,
KYTGV,kytgv,Electronics,Accessories & Supplies,Computer Accessories,,,,
Uythumidid,uythumidid,Beauty,Shave & Hair Removal,Women's,,,,
9H,9h,Electronics,Portable Audio & Video,Portable CD Players,,,,
MTHGH,mthgh,Electronics,Accessories & Supplies,Office Electronics Accessories,,,,
xsaaczm,xsaaczm,Electronics,Accessories & Supplies,Vehicle Electronics Accessories,,,,
Zunate,zunate,Electronics,Accessories & Supplies,Vehicle Electronics Accessories,,,,
JOVERS,jovers,Electronics,Accessories & Supplies,Cell Phone Accessories,,,,
Linyuthia,linyuthia,Beauty,Makeup,Makeup Palettes,,,,
STAR CARE,star-care,Beauty,Hair Care,"Hair Perms, Relaxers & Texturizers",,,,
Pierre Cardin,pierre-cardin,Beauty,Fragrance,Men's,,,,
JT&T Products,jt-t-products,Electronics,Accessories & Supplies,Vehicle Electronics Accessories,,,,
IDEAL PERFORMANCE,ideal-performance,Beauty,Oral Care,Oral Pain Relief,,,,
melbang,melbang,Beauty,Hair Care,Styling Tools & Appliances,,,,
CustomyLife,customylife,Beauty,Hair Care,Hair Accessories,,,,
Eco Lips,eco-lips,Beauty,Skin Care,Lip Care,,,,
Sinbana,sinbana,Beauty,"Foot, Hand & Nail Care",Nail Care,,,,
KADS,kads,Beauty,"Foot, Hand & Nail Care",Nail Art & Polish,,,,
Clean-n-Fresh,clean-n-fresh,Beauty,Fragrance,Women's,,,,
Koonie,koonie,Electronics,Accessories & Supplies,Computer Accessories,,,,
Cermant,cermant,Electronics,Accessories & Supplies,Vehicle Electronics Accessories,,,,
Sedicoca,sedicoca,Electronics,Video Game Consoles & Accessories,PlayStation Vita,,,,
JSAUX,jsaux,Electronics,Accessories & Supplies,Cables,,,,
TriPole,tripole,Electronics,Accessories & Supplies,Computer Accessories,,,,
CÉLOR,c-lor,Beauty,"Foot, Hand & Nail Care",Foot & Hand Care,,,,
LKRXW,lkrxw,Electronics,Accessories & Supplies,Microphones,,,,
EXOCEUTICALS,exoceuticals,Beauty,Skin Care,Body,,,,
caflower,caflower,Electronics,Accessories & Supplies,Audio & Video Accessories,,,,
Xelsluthe,xelsluthe,Beauty,Hair Care,"Extensions, Wigs & Accessories",,,,
Aussumy,aussumy,Electronics,Cell Phones & Accessories,"Cases, Holsters & Clips",,,,
Grown Alchemist,grown-alchemist,Beauty,Skin Care,Sets & Kits,,,,
nedpain,nedpain,Beauty,Personal Care,Piercing & Tattoo Supplies,,,,
Zyghjort,zyghjort,Beauty,Hair Care,Hair Accessories,,,,
SENEMO,senemo,Beauty,Personal Care,Piercing & Tattoo Supplies,,,,
EBOOT,eboot,Electronics,Accessories & Supplies,Microphones,,,,
Supplement Spot,supplement-spot,Beauty,"Foot, Hand & Nail Care",Nail Care,,,,
YIZIJIZI,yizijizi,Beauty,Hair Care,Hair Coloring Products,,,,
Lineco,lineco,Electronics,Accessories & Supplies,Camera & Photo Accessories,,,,
CLAVOOP,clavoop,Electronics,Accessories & Supplies,Computer Accessories,,,,
Remedy Science,remedy-science,Beauty,Skin Care,Lip Care,,,,
TSUYAGLA,tsuyagla,Beauty,Hair Care,Styling Tools & Appliances,,,,
QUASIO,quasio,Electronics,Accessories & Supplies,Computer Accessories,,,,
RFAdapter,rfadapter,Electronics,Accessories & Supplies,Television Accessories,,,,
LOBINH,lobinh,Beauty,Shave & Hair Removal,Men's,,,,
BUBM,bubm,Electronics,Video Game Consoles & Accessories,Sony PSP,,,,
NEPTUNE,neptune,Beauty,Personal Care,Bath & Bathing Accessories,,,,
HEMMOTOP,hemmotop,Electronics,Accessories & Supplies,Camera & Photo Accessories,,,,
Vove,vove,Beauty,Personal Care,Bath & Bathing Accessories,,,,
Clairol,clairol,Beauty,Hair Care,Hair Coloring Products,,,,
CYBERDOT,cyberdot,Electronics,"GPS, Finders & Accessories",Item Finders,,,,
XCGKUND,xcgkund,Electronics,Accessories & Supplies,Computer Accessories,,,,
Tone,tone,Beauty,Skin Care,Body,,,,
IVANKY,ivanky,Electronics,Accessories & Supplies,Cables,,,,
B+W,b-w,Electronics,Accessories & Supplies,Camera & Photo Accessories,,,,
CHARLENT,charlent,Beauty,Makeup,Body,,,,
Tskcos,tskcos,Beauty,Personal Care,Bath & Bathing Accessories,,,,
Exircy,exircy,Electronics,Accessories & Supplies,Vehicle Electronics Accessories,,,,
Senetem,senetem,Electronics,Accessories & Supplies,Computer Accessories,,,,
LEOFOTO,leofoto,Electronics,Accessories & Supplies,Camera & Photo Accessories,,,,
BAIMOQI,baimoqi,Electronics,Accessories & Supplies,Audio & Video Accessories,,,,
Yunmiss,yunmiss,Beauty,Shave & Hair Removal,Men's,,,,
QFX,qfx,Electronics,Television & Video,Analog-to-Digital (DTV) Converters,,,,
MASACEGON,masacegon,Electronics,Video Game Consoles & Accessories,Xbox 360,,,,
Beauty of Joseon,beauty-of-joseon,Beauty,Skin Care,Eyes,,,,
WAVLINK,wavlink,Electronics,Computers & Accessories,Laptop Accessories,wavlink.com,,,
Maxjoy,maxjoy,Electronics,Accessories & Supplies,Audio & Video Accessories,,,,
Ivaso,ivaso,Electronics,Accessories & Supplies,Computer Accessories,,,,
BERTHALESS,berthaless,Electronics,Accessories & Supplies,Cell Phone Accessories,,,,
BLUE LIZARD,blue-lizard,Beauty,Skin Care,Sunscreens & Tanning Products,,,,
MaxLax,maxlax,Electronics,Accessories & Supplies,Cell Phone Accessories,,,,
Beauntangly,beauntangly,Beauty,Shave & Hair Removal,Men's,,,,
Sundae Glow,sundae-glow,Beauty,Skin Care,Lip Care,,,,
H2RICH,h2rich,Beauty,"Foot, Hand & Nail Care",Foot & Hand Care,,,,
Torriden,torriden,Beauty,Skin Care,Face,,,,
CHLIFE,chlife,Beauty,Shave & Hair Removal,Men's,,,,
CanaKit,canakit,Electronics,Computers & Accessories,Computer Components,,,,
BESNEL,besnel,Beauty,"Foot, Hand & Nail Care",Foot & Hand Care,,,,
HEAMAVIN,heamavin,Beauty,Personal Care,Bath & Bathing Accessories,,,,
skedimu,skedimu,Beauty,Makeup,Body,,,,
Cerepros,cerepros,Electronics,Accessories & Supplies,Telephone Accessories,,,,
DNSEN,dnsen,Beauty,Shave & Hair Removal,Women's,,,,
Hesaohuk,hesaohuk,Beauty,"Foot, Hand & Nail Care",Nail Art & Polish,,,,
CyberpowerPC,cyberpowerpc,Electronics,Computers & Accessories,Computers & Tablets,,,,
Frida Baby,frida-baby,Beauty,Oral Care,Children's Dental Care,,,,
RUPA,rupa,Electronics,Television & Video,Satellite Television,,,,
Herbishh,herbishh,Beauty,Hair Care,Hair Loss Products,,,,
KZAOPZ,kzaopz,Beauty,"Foot, Hand & Nail Care",Nail Art & Polish,,,,
grace & stella,grace-stella,Beauty,Skin Care,Eyes,,,,
Eminence,eminence,Beauty,Skin Care,Face,,,,
MUOCOBU,muocobu,Beauty,Skin Care,Eyes,,,,
Aionor,aionor,Beauty,Oral Care,Dental Floss & Picks,,,,
TechKen,techken,Electronics,Wearable Technology,Accessories,,,,
XHSESA,xhsesa,Electronics,Computers & Accessories,Computer Components,,,,
CamKix,camkix,Electronics,Accessories & Supplies,Camera & Photo Accessories,,,,
Osensia,osensia,Beauty,Hair Care,Styling Tools & Appliances,,,,
Xansema,xansema,Beauty,Hair Care,Hair Accessories,,,,
WIWISTON,wiwiston,Electronics,Wearable Technology,Rings,,,,
foldio foldable studio,foldio-foldable-studio,Electronics,Accessories & Supplies,Camera & Photo Accessories,,,,
Dazzle Dry,dazzle-dry,Beauty,"Foot, Hand & Nail Care",Nail Care,,,,
YizanYan,yizanyan,Beauty,Skin Care,Lip Care,,,,
Delamu,delamu,Electronics,Accessories & Supplies,Cord Management,,,,
C2G,c2g,Electronics,Accessories & Supplies,Cables,,,,
DR.MUD DEAD SEA COSMETICS,dr-mud-dead-sea-cosmetics,Beauty,Skin Care,Body,,,,
JYOVQXF,jyovqxf,Beauty,Personal Care,Piercing & Tattoo Supplies,,,,
Abanen,abanen,Electronics,Accessories & Supplies,Cell Phone Accessories,,,,
GEPULY,gepuly,Electronics,Accessories & Supplies,Camera & Photo Accessories,,,,
Mezerdoo,mezerdoo,Beauty,"Foot, Hand & Nail Care",Nail Art & Polish,,,,
Gle Skincare,gle-skincare,Beauty,Skin Care,Eyes,,,,
MORPHE,morphe,Beauty,Makeup,Makeup Palettes,morphe.com,,,
Sapuion,sapuion,Electronics,Accessories & Supplies,Cell Phone Accessories,,,,
IETFULL,ietfull,Electronics,Accessories & Supplies,Vehicle Electronics Accessories,,,,
USARemote,usaremote,Electronics,Car & Vehicle Electronics,Car Electronics,,,,
OEHLBACH,oehlbach,Electronics,Accessories & Supplies,Cables,,,,
Little Green,little-green,Beauty,Hair Care,Shampoo & Conditioner,,,,
Love Wellness,love-wellness,Beauty,Skin Care,Body,,,,
BGNing,bgning,Electronics,Accessories & Supplies,Camera & Photo Accessories,,,,
jeallis,jeallis,Beauty,Skin Care,Sunscreens & Tanning Products,,,,
FRAMAR,framar,Beauty,Hair Care,Hair Coloring Products,,,,
Bubbob,bubbob,Beauty,Personal Care,Bath & Bathing Accessories,,,,
Dvvsav,dvvsav,Beauty,Hair Care,Hair Accessories,,,,
MT-VIKI,mt-viki,Electronics,Accessories & Supplies,Television Accessories,,,,
Duttek,duttek,Electronics,Accessories & Supplies,Computer Accessories,,,,
MAYJAM,mayjam,Beauty,Personal Care,Bath & Bathing Accessories,,,,
SUMAJU,sumaju,Electronics,Accessories & Supplies,Microphones,,,,
MISYNLON,misynlon,Electronics,Computers & Accessories,Computer Components,,,,
Beia,beia,Beauty,Skin Care,Body,,,,
SkyWatcher,skywatcher,Electronics,Accessories & Supplies,Camera & Photo Accessories,,,,
China Glaze,china-glaze,Beauty,"Foot, Hand & Nail Care",Nail Art & Polish,,,,
othos,othos,Beauty,Shave & Hair Removal,Men's,,,,
CarEase,carease,Electronics,Accessories & Supplies,Vehicle Electronics Accessories,,,,
EITIPOK,eitipok,Electronics,Portable Audio & Video,MP3 & MP4 Player Accessories,,,,
KissDate,kissdate,Beauty,Makeup,Makeup Palettes,,,,
HOLYOM,holyom,Beauty,Skin Care,Face,,,,
Crowned Skin,crowned-skin,Beauty,Skin Care,Body,,,,
LUDOS,ludos,Electronics,Accessories & Supplies,Cell Phone Accessories,,,,
HUANYINGBJB,huanyingbjb,Electronics,Accessories & Supplies,Office Electronics Accessories,,,,
Nilight,nilight,Electronics,Accessories & Supplies,Vehicle Electronics Accessories,,,,
Rainmae,rainmae,Electronics,Accessories & Supplies,Audio & Video Accessories,,,,
Hdiwousp,hdiwousp,Electronics,Accessories & Supplies,Audio & Video Accessories,,,,
DYMO,dymo,Electronics,Accessories & Supplies,Office Electronics Accessories,dymo.com,,,
FANRUI,fanrui,Beauty,Makeup,Body,,,,
Trade Grade,trade-grade,Beauty,Skin Care,Body,,,,
BUNUSS,bunuss,Beauty,Skin Care,Eyes,,,,
Novoflex,novoflex,Electronics,Accessories & Supplies,Camera & Photo Accessories,,,,
KIYODA,kiyoda,Electronics,Accessories & Supplies,Cables,,,,
A+ ELECTRIC,a-electric,Electronics,Accessories & Supplies,Cord Management,,,,
FOCUS LCD,focus-lcd,Electronics,Accessories & Supplies,Computer Accessories,,,,
Fuwddy,fuwddy,Beauty,"Foot, Hand & Nail Care",Tools & Accessories,,,,
HMQD,hmqd,Electronics,Home Audio,Stereo System Components,,,,
HARUHARU,haruharu,Beauty,Skin Care,Eyes,,,,
IYASA,iyasa,Beauty,Hair Care,Styling Tools & Appliances,,,,
iOttie,iottie,Electronics,Accessories & Supplies,Cell Phone Accessories,iottie.com,,,
HUSHVIEUS,hushvieus,Beauty,Oral Care,Toothbrushes & Accessories,,,,
HWHUNO,hwhuno,Beauty,"Foot, Hand & Nail Care",Nail Art & Polish,,,,
NFHK,nfhk,Electronics,Accessories & Supplies,Cables,,,,
Unknown,unknown,Beauty,Skin Care,Body,,,,
BAKODELOP,bakodelop,Electronics,Camera & Photo,Binoculars & Scopes,,,,
MACARIA,macaria,Beauty,Skin Care,Body,,,,
Dnyta,dnyta,Electronics,Accessories & Supplies,Audio & Video Accessories,,,,
Zjyufy,zjyufy,Beauty,Shave & Hair Removal,Women's,,,,
WAY 4 ORGANIC W4O,way-4-organic-w4o,Beauty,Hair Care,Hair Loss Products,,,,
EDJY,edjy,Beauty,"Foot, Hand & Nail Care",Tools & Accessories,,,,
AUTOXBERT,autoxbert,Electronics,Accessories & Supplies,Vehicle Electronics Accessories,,,,
Good Ass Hair Day,good-ass-hair-day,Beauty,Hair Care,Shampoo & Conditioner,,,,
UWETIME,uwetime,Beauty,"Foot, Hand & Nail Care",Nail Art & Polish,,,,
XICOFISS,xicofiss,Beauty,"Foot, Hand & Nail Care",Foot & Hand Care,,,,
Hasakhi,hasakhi,Beauty,"Foot, Hand & Nail Care",Nail Art & Polish,,,,
peacoeye,peacoeye,Beauty,Skin Care,Sets & Kits,,,,
calista,calista,Beauty,Hair Care,Styling Tools & Appliances,,,,
META-BOSEM,meta-bosem,Beauty,Fragrance,Women's,,,,
NEOCUTIS,neocutis,Beauty,Skin Care,Face,,,,
FIEIKBYY,fieikbyy,Beauty,Shave & Hair Removal,Women's,,,,
Grapsa,grapsa,Electronics,Accessories & Supplies,Cell Phone Accessories,,,,
KIWITATA,kiwitata,Electronics,Accessories & Supplies,Computer Accessories,,,,
Scnwvu,scnwvu,Beauty,"Foot, Hand & Nail Care",Nail Art & Polish,,,,
IWEEL,iweel,Beauty,Hair Care,Hair Cutting Tools,,,,
EITHER&,either-,Beauty,Makeup,Makeup Remover,,,,
DreamTime,dreamtime,Beauty,Skin Care,Eyes,,,,
iS CLINICAL,is-clinical,Beauty,Skin Care,Face,,,,
HUIPUXIANG,huipuxiang,Electronics,Accessories & Supplies,Camera & Photo Accessories,,,,
Teridokor,teridokor,Electronics,Computers & Accessories,Laptop Accessories,,,,
Catrice,catrice,Beauty,Makeup,Face,,,,
Create idea,create-idea,Electronics,Accessories & Supplies,Cell Phone Accessories,,,,
Tuulin,tuulin,Electronics,Accessories & Supplies,Vehicle Electronics Accessories,,,,
Familycrazy,familycrazy,Electronics,Accessories & Supplies,Audio & Video Accessories,,,,
Farmoga,farmoga,Beauty,Personal Care,Bath & Bathing Accessories,,,,
American Terminal,american-terminal,Electronics,Accessories & Supplies,Audio & Video Accessories,,,,
Crystal Mic,crystal-mic,Electronics,Accessories & Supplies,Microphones,,,,
utopia africa,utopia-africa,Beauty,Fragrance,Men's,,,,
Rosarden,rosarden,Beauty,Skin Care,Maternity,,,,
Edge,edge,Beauty,Shave & Hair Removal,Men's,,,,
HAUSBELL,hausbell,Electronics,Television & Video,Satellite Television,,,,
Elvira,elvira,Beauty,Skin Care,Face,,,,
Theater Solutions,theater-solutions,Electronics,Home Audio,Speakers,,,,
LePinko,lepinko,Beauty,"Foot, Hand & Nail Care",Nail Care,,,,
MYSTILUCK,mystiluck,Electronics,Accessories & Supplies,Computer Accessories,,,,
SUPRENT,suprent,Beauty,Shave & Hair Removal,Men's,,,,
ZYB,zyb,Electronics,Computers & Accessories,Laptop Accessories,,,,
PROFICETIK,proficetik,Electronics,Accessories & Supplies,Office Electronics Accessories,,,,
Michael Malul,michael-malul,Beauty,Fragrance,Men's,,,,
KDD,kdd,Electronics,Accessories & Supplies,Computer Accessories,,,,
Versace,versace,Beauty,Fragrance,Sets,,,,
COTTONNERIE,cottonnerie,Beauty,"Foot, Hand & Nail Care",Foot & Hand Care,,,,
axGear,axgear,Electronics,Accessories & Supplies,Audio & Video Accessories,,,,
Votex,votex,Electronics,Accessories & Supplies,Vehicle Electronics Accessories,,,,
HTC,htc,Electronics,Accessories & Supplies,Cell Phone Accessories,,,,
RONKIE,ronkie,Beauty,Skin Care,Eyes,,,,
DUXICEPIN,duxicepin,Electronics,Wearable Technology,Accessories,,,,
BELLEBOOST,belleboost,Beauty,"Foot, Hand & Nail Care",Nail Art & Polish,,,,
EXCEMO,excemo,Electronics,Accessories & Supplies,Computer Accessories,,,,
Creme of Nature,creme-of-nature,Beauty,Hair Care,Shampoo & Conditioner,,,,
Digitus,digitus,Electronics,Accessories & Supplies,Computer Accessories,,,,
boxoon,boxoon,Electronics,Accessories & Supplies,Microphones,,,,
Ethique,ethique,Beauty,Skin Care,Face,,,,
CUTULAMO,cutulamo,Electronics,Accessories & Supplies,Computer Accessories,,,,
ELZO,elzo,Electronics,Accessories & Supplies,Computer Accessories,,,,
iMega,imega,Electronics,Television & Video,Satellite Television,,,,
Alienware,alienware,Electronics,Computers & Accessories,Computers & Tablets,alienware.com,,,
SmartGuard,smartguard,Beauty,Oral Care,Denture Care,,,,
DTTO,dtto,Electronics,Computers & Accessories,Tablet Accessories,,,,
Galyacht,galyacht,Beauty,Personal Care,Bath & Bathing Accessories,,,,
Relohas,relohas,Electronics,Wearable Technology,Accessories,,,,
IAXSEE,iaxsee,Beauty,Hair Care,Hair Coloring Products,,,,
Ancient Greek Remedy,ancient-greek-remedy,Beauty,Skin Care,Face,,,,
KZBTRBT,kzbtrbt,Beauty,"Foot, Hand & Nail Care",Nail Art & Polish,,,,
Raised Button,raised-button,Beauty,"Foot, Hand & Nail Care",Nail Art & Polish,,,,
ADCAUDX,adcaudx,Electronics,Computers & Accessories,Computer Components,,,,
Rii,rii,Electronics,Accessories & Supplies,Computer Accessories,,,,
YLYYCC,ylyycc,Beauty,Shave & Hair Removal,Men's,,,,
SHANY,shany,Beauty,Makeup,Makeup Sets,,,,
Hageolan,hageolan,Beauty,Hair Care,Hair Accessories,,,,
TRPYD,trpyd,Electronics,Wearable Technology,Accessories,,,,
EMART,emart,Electronics,Accessories & Supplies,Camera & Photo Accessories,,,,
Heayzoki,heayzoki,Electronics,Accessories & Supplies,Audio & Video Accessories,,,,
Vienflona,vienflona,Beauty,Skin Care,Face,,,,
Zefy,zefy,Beauty,"Foot, Hand & Nail Care",Nail Art & Polish,,,,
Techion,techion,Electronics,Accessories & Supplies,Vehicle Electronics Accessories,,,,
ROUND LAB,round-lab,Beauty,Skin Care,Sets & Kits,,,,
Arrurru naturals,arrurru-naturals,Beauty,Fragrance,Children's,,,,
Panxxsen,panxxsen,Beauty,Personal Care,Bath & Bathing Accessories,,,,
BE BEAUTIFUL EXTENSIONS,be-beautiful-extensions,Beauty,Hair Care,"Extensions, Wigs & Accessories",,,,
Votlik,votlik,Electronics,"GPS, Finders & Accessories",Item Finders,,,,
DEBETOOL,debetool,Beauty,"Foot, Hand & Nail Care",Tools & Accessories,,,,
Homedics,homedics,Beauty,"Foot, Hand & Nail Care",Tools & Accessories,,,,
Cauff,cauff,Electronics,Accessories & Supplies,Cord Management,,,,
Misxi,misxi,Electronics,Accessories & Supplies,Cell Phone Accessories,,,,
Nordic Care,nordic-care,Beauty,"Foot, Hand & Nail Care",Foot & Hand Care,,,,
KAGOR,kagor,Electronics,Accessories & Supplies,Vehicle Electronics Accessories,,,,
Hemway,hemway,Beauty,Makeup,Body,,,,
Zebra Technologies,zebra-technologies,Electronics,Computers & Accessories,Networking Products,zebra.com,,,
claities,claities,Beauty,Shave & Hair Removal,Women's,,,,
Aistraunix,aistraunix,Electronics,Accessories & Supplies,Camera & Photo Accessories,,,,
Armanza,armanza,Electronics,Accessories & Supplies,Computer Accessories,,,,
NATUS MARRAKECH,natus-marrakech,Beauty,Shave & Hair Removal,Men's,,,,
Maxell,maxell,Electronics,Accessories & Supplies,Camera & Photo Accessories,maxell.com,,,
Khsp5d,khsp5d,Electronics,Accessories & Supplies,Vehicle Electronics Accessories,,,,
YUTSUJO,yutsujo,Electronics,Accessories & Supplies,"Batteries, Chargers & Accessories",,,,
SanerLian,sanerlian,Beauty,Makeup,Body,,,,
DAMMOMKO,dammomko,Beauty,"Foot, Hand & Nail Care",Nail Art & Polish,,,,
Eaton,eaton,Electronics,Accessories & Supplies,Computer Accessories,eaton.com,,,
SUGAR Cosmetics,sugar-cosmetics,Beauty,Makeup,Lips,,,,
BEVERLY HILLS,beverly-hills,Beauty,Skin Care,Eyes,,,,
ANDTOBO,andtobo,Electronics,Accessories & Supplies,Vehicle Electronics Accessories,,,,
HiQltyla,hiqltyla,Electronics,Accessories & Supplies,Audio & Video Accessories,,,,
N / A,n-a,Electronics,Video Game Consoles & Accessories,Wii U,,,,
eSamcore,esamcore,Electronics,Accessories & Supplies,Vehicle Electronics Accessories,,,,
BENECREAT,benecreat,Electronics,Accessories & Supplies,Office Electronics Accessories,,,,
TOPPING,topping,Electronics,Accessories & Supplies,Microphones,,,,
Yingbtr,yingbtr,Beauty,Hair Care,Styling Tools & Appliances,,,,
PANPEO,panpeo,Electronics,Accessories & Supplies,Computer Accessories,,,,
Liimevvon,liimevvon,Electronics,Accessories & Supplies,Audio & Video Accessories,,,,
Wrnmehethy,wrnmehethy,Beauty,Oral Care,Denture Care,,,,
AESTURA,aestura,Beauty,Skin Care,Face,,,,
AMERICAN CREW,american-crew,Beauty,Hair Care,Shampoo & Conditioner,,,,
CXYARY,cxyary,Beauty,Shave & Hair Removal,Men's,,,,
TheraBreath,therabreath,Beauty,Oral Care,Mouthwash,,,,
AZEN,azen,Beauty,Skin Care,Lip Care,,,,
Suptig,suptig,Electronics,Accessories & Supplies,Camera & Photo Accessories,,,,
LONAI,lonai,Beauty,Hair Care,"Extensions, Wigs & Accessories",,,,
Bambaw,bambaw,Beauty,Shave & Hair Removal,Women's,,,,
Dr.nail,dr-nail,Beauty,"Foot, Hand & Nail Care",Nail Art & Polish,,,,
Golden Rose,golden-rose,Beauty,Skin Care,Face,,,,
MODIGT,modigt,Electronics,Accessories & Supplies,Vehicle Electronics Accessories,,,,
XILRVON,xilrvon,Beauty,"Foot, Hand & Nail Care",Nail Care,,,,
Jynbloge,jynbloge,Beauty,"Foot, Hand & Nail Care",Nail Care,,,,
PreSonus,presonus,Electronics,Accessories & Supplies,Microphones,presonus.com,,,
ECVGHD,ecvghd,Electronics,Accessories & Supplies,Camera & Photo Accessories,,,,
MUCW,mucw,Electronics,Computers & Accessories,Laptop Accessories,,,,
Trophy Skin,trophy-skin,Beauty,Skin Care,Face,,,,
Auview,auview,Electronics,Accessories & Supplies,Camera & Photo Accessories,,,,
BILIONE,bilione,Electronics,Accessories & Supplies,Microphones,,,,
VCC,vcc,Electronics,Accessories & Supplies,Television Accessories,,,,
RIMEI,rimei,Beauty,"Foot, Hand & Nail Care",Tools & Accessories,,,,
This That For Me,this-that-for-me,Beauty,Skin Care,Face,,,,
Bayznqiu,bayznqiu,Electronics,Accessories & Supplies,Cell Phone Accessories,,,,
ist computers,ist-computers,Electronics,Computers & Accessories,Computers & Tablets,,,,
Kaja,kaja,Beauty,Makeup,Lips,,,,
Lunivop,lunivop,Electronics,Cell Phones & Accessories,"Cases, Holsters & Clips",,,,
NXZGO,nxzgo,Electronics,Accessories & Supplies,Computer Accessories,,,,
Nettech,nettech,Electronics,Accessories & Supplies,Television Accessories,,,,
PowerColor,powercolor,Electronics,Computers & Accessories,Computer Components,,,,
Yeokoe,yeokoe,Beauty,Skin Care,Eyes,,,,
DUCLUS,duclus,Electronics,Accessories & Supplies,Camera & Photo Accessories,,,,
Seonggong,seonggong,Beauty,"Foot, Hand & Nail Care",Nail Art & Polish,,,,
Tnkcter,tnkcter,Electronics,Accessories & Supplies,Television Accessories,,,,
Critin,critin,Electronics,Video Game Consoles & Accessories,Nintendo DS,,,,
TKTK,tktk,Beauty,Skin Care,Face,,,,
Bio Seaweed Gel,bio-seaweed-gel,Beauty,"Foot, Hand & Nail Care",Nail Art & Polish,,,,
Felce Azzurra,felce-azzurra,Beauty,Fragrance,Dusting Powders,,,,
Naxa,naxa,Electronics,Television & Video,Home Theater Systems,,,,
Arkam,arkam,Beauty,Shave & Hair Removal,Men's,,,,
Defashun,defashun,Electronics,Accessories & Supplies,Computer Accessories,,,,
AOKO,aoko,Electronics,Accessories & Supplies,Computer Accessories,,,,
WD_BLACK,wd-black,Electronics,Computers & Accessories,Computer Components,,,,
TorSor,torsor,Beauty,Personal Care,Piercing & Tattoo Supplies,,,,
Pipishell,pipishell,Electronics,Accessories & Supplies,Audio & Video Accessories,,,,
ANDYCINE,andycine,Electronics,Camera & Photo,Video,,,,
Ouligay,ouligay,Beauty,Makeup,Makeup Palettes,,,,
CableWholesale,cablewholesale,Electronics,Accessories & Supplies,Cables,,,,
Jeemiter,jeemiter,Electronics,Accessories & Supplies,Vehicle Electronics Accessories,,,,
Subynanal,subynanal,Electronics,Accessories & Supplies,Audio & Video Accessories,,,,
GLS Audio,gls-audio,Electronics,Accessories & Supplies,Microphones,,,,
Gucci,gucci,Beauty,Fragrance,Women's,,,,
Dentemp,dentemp,Beauty,Oral Care,Oral Pain Relief,,,,
SuperNail,supernail,Beauty,"Foot, Hand & Nail Care",Nail Art & Polish,,,,
CMOCIIY,cmociiy,Electronics,Accessories & Supplies,Computer Accessories,,,,
9 O'CLOCK,9-o-clock,Beauty,Fragrance,Women's,,,,
Kasa Smart,kasa-smart,Electronics,Accessories & Supplies,Power Strips & Surge Protectors,,,,
MangePagar,mangepagar,Electronics,Portable Audio & Video,Radios,,,,
GOODAL,goodal,Beauty,Skin Care,Face,,,,
Goton,goton,Electronics,Accessories & Supplies,Cell Phone Accessories,,,,
THE GROOMING SOCIETY,the-grooming-society,Beauty,Shave & Hair Removal,Men's,,,,
Coliao,coliao,Electronics,Accessories & Supplies,"Batteries, Chargers & Accessories",,,,
Perlier,perlier,Beauty,Skin Care,Body,,,,
JOMLEY,jomley,Electronics,Accessories & Supplies,Cables,,,,
WAXITY,waxity,Electronics,Video Game Consoles & Accessories,Wii,,,,
Seven Minerals,seven-minerals,Beauty,Skin Care,Face,,,,
Pillex,pillex,Electronics,Accessories & Supplies,Office Electronics Accessories,,,,
Tune Belt,tune-belt,Electronics,Cell Phones & Accessories,"Cases, Holsters & Clips",,,,
minidodoca,minidodoca,Electronics,Accessories & Supplies,"Batteries, Chargers & Accessories",,,,
Tihokile,tihokile,Electronics,Accessories & Supplies,Audio & Video Accessories,,,,
Hersmay,hersmay,Electronics,Accessories & Supplies,Camera & Photo Accessories,,,,
heyhae,heyhae,Beauty,"Foot, Hand & Nail Care",Nail Art & Polish,,,,
Auoace,auoace,Electronics,Accessories & Supplies,Audio & Video Accessories,,,,
PPTSLID,pptslid,Electronics,Accessories & Supplies,Computer Accessories,,,,
Fuhiueos,fuhiueos,Electronics,Accessories & Supplies,Computer Accessories,,,,
NATNO,natno,Electronics,Computers & Accessories,Laptop Accessories,,,,
CMTECK,cmteck,Electronics,Accessories & Supplies,Computer Accessories,,,,
L LTGEM,l-ltgem,Electronics,Accessories & Supplies,Cell Phone Accessories,,,,
Mediasonic,mediasonic,Electronics,Television & Video,Analog-to-Digital (DTV) Converters,,,,
Cloudisk,cloudisk,Electronics,Accessories & Supplies,Camera & Photo Accessories,,,,
TopDirect,topdirect,Beauty,Skin Care,Face,,,,
Vital,vital,Beauty,Oral Care,Sensitivity Treatments,,,,
BONDI HOME & SPA,bondi-home-spa,Beauty,Hair Care,Hair Accessories,,,,
NAILGIRLS,nailgirls,Beauty,"Foot, Hand & Nail Care",Nail Art & Polish,,,,
BENACES,benaces,Electronics,Accessories & Supplies,Computer Accessories,,,,
MSDADA,msdada,Beauty,Hair Care,Hair Coloring Products,,,,
FATHER.SON,father-son,Beauty,Makeup,Body,,,,
Go Power Gear,go-power-gear,Beauty,Shave & Hair Removal,Men's,,,,
LIUANDS,liuands,Electronics,Accessories & Supplies,Microphones,,,,
Chieftec,chieftec,Electronics,Accessories & Supplies,Camera & Photo Accessories,,,,
COOLYOUNG,coolyoung,Beauty,"Foot, Hand & Nail Care",Nail Art & Polish,,,,
Healthcom,healthcom,Beauty,Makeup,Lips,,,,
Xuezoioy,xuezoioy,Beauty,Shave & Hair Removal,Women's,,,,
G-PLUG,g-plug,Electronics,Accessories & Supplies,Cables,,,,
Liamner,liamner,Beauty,Hair Care,Hair Cutting Tools,,,,
JAYUBIEN,jayubien,Electronics,Accessories & Supplies,Vehicle Electronics Accessories,,,,
6amLifestyle,6amlifestyle,Electronics,Video Game Consoles & Accessories,Nintendo DS,,,,
Pyunkang Yul,pyunkang-yul,Beauty,Skin Care,Sets & Kits,pyunkangyul.com,,,
MAXGROOM,maxgroom,Beauty,Shave & Hair Removal,Women's,,,,
Seachem,seachem,Electronics,Accessories & Supplies,Computer Accessories,,,,
Barbasol,barbasol,Beauty,Shave & Hair Removal,Men's,,,,
Takeberny,takeberny,Beauty,Hair Care,Hair Accessories,,,,
Mcbazel,mcbazel,Electronics,Accessories & Supplies,Cables,,,,
cocplok,cocplok,Beauty,Hair Care,Hair Accessories,,,,
RetroDeco,retrodeco,Beauty,Personal Care,Piercing & Tattoo Supplies,,,,
PAGOW,pagow,Beauty,Makeup,Body,,,,
KARL LAGERFELD,karl-lagerfeld,Beauty,Fragrance,Men's,,,,
DadyMart,dadymart,Beauty,Skin Care,Body,,,,
ECZEMA HONEY,eczema-honey,Beauty,"Foot, Hand & Nail Care",Foot & Hand Care,,,,
Hohean,hohean,Beauty,Hair Care,Hair Loss Products,,,,
XiaoR Geek,xiaor-geek,Electronics,Camera & Photo,Video,,,,
Auhoahsil,auhoahsil,Electronics,Accessories & Supplies,Computer Accessories,,,,
CZOCPOS,czocpos,Electronics,Accessories & Supplies,Microphones,,,,
guohutong,guohutong,Beauty,Hair Care,Hair Accessories,,,,
LEISENOR,leisenor,Beauty,Shave & Hair Removal,Women's,,,,
ILL Customz,ill-customz,Electronics,Accessories & Supplies,Vehicle Electronics Accessories,,,,
Serounder,serounder,Electronics,Accessories & Supplies,Camera & Photo Accessories,,,,
EWO'S,ewo-s,Electronics,Accessories & Supplies,Television Accessories,,,,
Xianglangsuccess,xianglangsuccess,Beauty,Makeup,Eyes,,,,
TOCOLES,tocoles,Beauty,"Foot, Hand & Nail Care",Nail Art & Polish,,,,
Nefuo,nefuo,Electronics,Accessories & Supplies,Microphones,,,,
Pilarmuture,pilarmuture,Electronics,Home Audio,Compact Radios & Stereos,,,,
KINYO,kinyo,Electronics,Accessories & Supplies,Television Accessories,,,,
Vipcase,vipcase,Electronics,Wearable Technology,Accessories,,,,
Polaroid,polaroid,Electronics,Camera & Photo,Film Photography,polaroid.com,,,1
Coolwell,coolwell,Electronics,Computers & Accessories,Networking Products,,,,
Hawaiian Tropic,hawaiian-tropic,Beauty,Skin Care,Sunscreens & Tanning Products,,,,
Worthofbest,worthofbest,Beauty,"Foot, Hand & Nail Care",Nail Art & Polish,,,,
Heimekite,heimekite,Electronics,Accessories & Supplies,Camera & Photo Accessories,,,,
CHILLAWAY'S,chillaway-s,Electronics,Accessories & Supplies,Computer Accessories,,,,
YESMOO,yesmoo,Beauty,Fragrance,Women's,,,,
JEEFONNA,jeefonna,Beauty,Makeup,Body,,,,
AUKOKIOULA,aukokioula,Electronics,Accessories & Supplies,Audio & Video Accessories,,,,
OBTANIM,obtanim,Beauty,Personal Care,Piercing & Tattoo Supplies,,,,
Cutting Edge,cutting-edge,Beauty,Shave & Hair Removal,Men's,,,,
UVOOI,uvooi,Electronics,Accessories & Supplies,Cables,,,,
JTLB,jtlb,Electronics,Accessories & Supplies,Computer Accessories,,,,
Naisture,naisture,Beauty,Skin Care,Sets & Kits,,,,
INAFKDPONR,inafkdponr,Beauty,Makeup,Body,,,,
YorkTattoo,yorktattoo,Beauty,Personal Care,Piercing & Tattoo Supplies,,,,
DiHines,dihines,Electronics,Accessories & Supplies,Cell Phone Accessories,,,,
G.B.S,g-b-s,Beauty,Shave & Hair Removal,Men's,,,,
Fangze,fangze,Beauty,"Foot, Hand & Nail Care",Tools & Accessories,,,,
ZeeTech,zeetech,Electronics,Accessories & Supplies,Camera & Photo Accessories,,,,
OKEDUO,okeduo,Electronics,Accessories & Supplies,Office Electronics Accessories,,,,
Fourth Level Manufacturing,fourth-level-manufacturing,Electronics,Computers & Accessories,Computer Components,,,,
OIKWAN,oikwan,Electronics,Accessories & Supplies,Computer Accessories,,,,
soonpho,soonpho,Electronics,Camera & Photo,Video,,,,
Fler,fler,Beauty,Shave & Hair Removal,Women's,,,,
Nzzz,nzzz,Electronics,Accessories & Supplies,"Batteries, Chargers & Accessories",,,,
Body Restore,body-restore,Beauty,Skin Care,Body,,,,
Faiteary,faiteary,Beauty,"Foot, Hand & Nail Care",Nail Art & Polish,,,,
HAOQUOOU,haoquoou,Electronics,Accessories & Supplies,Microphones,,,,
Daily Charme,daily-charme,Beauty,"Foot, Hand & Nail Care",Nail Art & Polish,,,,
OTHA,otha,Electronics,Accessories & Supplies,Microphones,,,,
MUBUY-GOL,mubuy-gol,Electronics,Accessories & Supplies,Computer Accessories,,,,
HiJeaton,hijeaton,Beauty,Hair Care,Hair Accessories,,,,
Artisan Essence,artisan-essence,Beauty,"Foot, Hand & Nail Care",Nail Care,,,,
F3 systems,f3-systems,Beauty,"Foot, Hand & Nail Care",Tools & Accessories,,,,
Rare Beauty,rare-beauty,Beauty,Makeup,Lips,rarebeauty.com,,,1
Cheerock,cheerock,Electronics,Accessories & Supplies,Microphones,,,,
Hewlett Packard Enterprise,hewlett-packard-enterprise,Electronics,Computers & Accessories,Networking Products,,,,
HATCH,hatch,Beauty,Skin Care,Maternity,,,,
Hexasider,hexasider,Electronics,Accessories & Supplies,Cell Phone Accessories,,,,
BARBERUPP,barberupp,Beauty,Shave & Hair Removal,Men's,,,,
Yonka,yonka,Beauty,Skin Care,Face,,,,
Whitening oral care,whitening-oral-care,Beauty,Oral Care,Teeth Whitening,,,,
soonjet,soonjet,Electronics,Accessories & Supplies,Computer Accessories,,,,
Wisoqu,wisoqu,Electronics,Computers & Accessories,Computers & Tablets,,,,
Kmise,kmise,Electronics,Accessories & Supplies,Microphones,,,,
Radial Engineering,radial-engineering,Electronics,Accessories & Supplies,Microphones,,,,
Sam&Johnny,sam-johnny,Electronics,Accessories & Supplies,Audio & Video Accessories,,,,
Clinique,clinique,Beauty,Skin Care,Eyes,clinique.com,,,
Azuneyeunt,azuneyeunt,Electronics,Accessories & Supplies,Computer Accessories,,,,
splashes & spills,splashes-spills,Beauty,Makeup,Makeup Sets,,,,
COBRA,cobra,Electronics,Accessories & Supplies,Vehicle Electronics Accessories,cobra.com,,,
Tihzheoy,tihzheoy,Beauty,"Foot, Hand & Nail Care",Foot & Hand Care,,,,
Uhexoyo,uhexoyo,Electronics,Accessories & Supplies,Camera & Photo Accessories,,,,
ORION,orion,Electronics,Accessories & Supplies,Audio & Video Accessories,,,,
NEWCARE,newcare,Electronics,Accessories & Supplies,Audio & Video Accessories,,,,
Tatuo,tatuo,Beauty,Personal Care,Bath & Bathing Accessories,,,,
eoev,eoev,Electronics,Computers & Accessories,Laptop Accessories,,,,
REFLYING,reflying,Electronics,Accessories & Supplies,Cord Management,,,,
TYSORETY,tysorety,Electronics,Accessories & Supplies,Audio & Video Accessories,,,,
NATURAL AMOR LOS ANGELES,natural-amor-los-angeles,Beauty,Skin Care,Body,,,,
pisdoplop,pisdoplop,Beauty,Personal Care,Bath & Bathing Accessories,,,,
Bella Vita Luxury,bella-vita-luxury,Beauty,Fragrance,Men's,,,,
LapGear,lapgear,Electronics,Computers & Accessories,Laptop Accessories,,,,
Zev,zev,Beauty,Skin Care,Face,,,,
KOPKIO,kopkio,Electronics,Accessories & Supplies,Audio & Video Accessories,,,,
NXJ INFILILA,nxj-infilila,Beauty,"Foot, Hand & Nail Care",Nail Care,,,,
ZenRex,zenrex,Electronics,Accessories & Supplies,Camera & Photo Accessories,,,,
Color Oops,color-oops,Beauty,Hair Care,Hair Coloring Products,,,,
Aloe Infusion,aloe-infusion,Beauty,Skin Care,Sunscreens & Tanning Products,,,,
BETTERCABLES.COM,bettercables-com,Electronics,Accessories & Supplies,Cables,,,,
IN YOUR FACE,in-your-face,Beauty,Skin Care,Face,,,,
Cresee,cresee,Electronics,Cell Phones & Accessories,"Cases, Holsters & Clips",,,,
JCWINY,jcwiny,Electronics,Accessories & Supplies,Microphones,,,,
SMAIGE,smaige,Electronics,Accessories & Supplies,Computer Accessories,,,,
Celavi Cosmetics,celavi-cosmetics,Beauty,Skin Care,Face,,,,
Biodison & Lee,biodison-lee,Beauty,"Foot, Hand & Nail Care",Foot & Hand Care,,,,
KuuZuse,kuuzuse,Electronics,Accessories & Supplies,Camera & Photo Accessories,,,,
Xerox,xerox,Electronics,Accessories & Supplies,Computer Accessories,xerox.com,,,
SANCTUARY,sanctuary,Beauty,Personal Care,Bath & Bathing Accessories,,,,
iRonthunder,ironthunder,Electronics,Portable Audio & Video,Radios,,,,
Ultra Sheen,ultra-sheen,Beauty,Hair Care,"Hair Perms, Relaxers & Texturizers",,,,
CCYLEZ,ccylez,Electronics,Accessories & Supplies,Camera & Photo Accessories,,,,
HandLove,handlove,Beauty,"Foot, Hand & Nail Care",Foot & Hand Care,,,,
BAMTTOO,bamttoo,Beauty,Personal Care,Piercing & Tattoo Supplies,,,,
Szyafei,szyafei,Electronics,Computers & Accessories,Networking Products,,,,
Techsea,techsea,Electronics,Accessories & Supplies,Computer Accessories,,,,
Preserve,preserve,Beauty,Oral Care,Toothpaste,,,,
Nyywth,nyywth,Beauty,Shave & Hair Removal,Men's,,,,
New Bee,new-bee,Electronics,Accessories & Supplies,Computer Accessories,,,,
Gardiva,gardiva,Electronics,Accessories & Supplies,Camera & Photo Accessories,,,,
INGPARTNER,ingpartner,Electronics,Accessories & Supplies,Microphones,,,,
TIHOOD,tihood,Beauty,Hair Care,Hair Accessories,,,,
Wrap-It Storage,wrap-it-storage,Electronics,Accessories & Supplies,Cord Management,,,,
Fellowes,fellowes,Electronics,Accessories & Supplies,Office Electronics Accessories,,,,
PULUZ,puluz,Electronics,Accessories & Supplies,Camera & Photo Accessories,,,,
AT&T,at-t,Electronics,Accessories & Supplies,Telephone Accessories,att.com,,,
Mega Racer,mega-racer,Electronics,Accessories & Supplies,Vehicle Electronics Accessories,,,,
essence,essence,Beauty,Skin Care,Face,,,,
Handsider,handsider,Electronics,Portable Audio & Video,Radios,,,,
Supreme Trimmer,supreme-trimmer,Beauty,Shave & Hair Removal,Men's,,,,
PURE NATURE LUX SPA,pure-nature-lux-spa,Beauty,Hair Care,Hair Loss Products,,,,
TzezFoz,tzezfoz,Electronics,Accessories & Supplies,Camera & Photo Accessories,,,,
Ioly's,ioly-s,Beauty,Fragrance,Children's,,,,
TIGERSECU,tigersecu,Electronics,Accessories & Supplies,Camera & Photo Accessories,,,,
EUNYUL,eunyul,Beauty,Skin Care,Face,,,,
QQE,qqe,Beauty,"Foot, Hand & Nail Care",Foot & Hand Care,,,,
walrfid,walrfid,Electronics,Accessories & Supplies,Television Accessories,,,,
Neptune Skin,neptune-skin,Beauty,Skin Care,Face,,,,
SKYZHENG,skyzheng,Electronics,Accessories & Supplies,Cell Phone Accessories,,,,
BSUBSU,bsubsu,Electronics,Accessories & Supplies,Vehicle Electronics Accessories,,,,
Vigorder,vigorder,Beauty,Skin Care,Face,,,,
Synology,synology,Electronics,Computers & Accessories,Data Storage,synology.com,,,1
WANBY,wanby,Electronics,Accessories & Supplies,Camera & Photo Accessories,,,,
Starface World,starface-world,Beauty,Skin Care,Face,,,,
NICEBATT,nicebatt,Electronics,Accessories & Supplies,"Batteries, Chargers & Accessories",,,,
OTYHVV,otyhvv,Electronics,Accessories & Supplies,Cell Phone Accessories,,,,
Nogeqi,nogeqi,Beauty,Hair Care,"Extensions, Wigs & Accessories",,,,
Grstltd,grstltd,Electronics,Accessories & Supplies,Computer Accessories,,,,
THYRRE-J,thyrre-j,Electronics,Accessories & Supplies,Camera & Photo Accessories,,,,
Dr.G,dr-g,Beauty,Skin Care,Face,,,,
cyclingcolors,cyclingcolors,Electronics,Accessories & Supplies,Audio & Video Accessories,,,,
BAOYAALIN,baoyaalin,Beauty,"Foot, Hand & Nail Care",Nail Art & Polish,,,,
Oligei,oligei,Electronics,Accessories & Supplies,Cord Management,,,,
Nintendo,nintendo,Electronics,Video Game Consoles & Accessories,Wii U,nintendo.com,,,
KareCo,kareco,Beauty,Hair Care,Styling Products,,,,
AaoLin,aaolin,Electronics,Accessories & Supplies,Computer Accessories,,,,
Lusgawer,lusgawer,Electronics,Video Game Consoles & Accessories,Nintendo DS,,,,
Aresh,aresh,Electronics,Accessories & Supplies,Cell Phone Accessories,,,,
K&F CONCEPT,k-f-concept,Electronics,Accessories & Supplies,Computer Accessories,,,,
TIUIHU,tiuihu,Electronics,Accessories & Supplies,Camera & Photo Accessories,,,,
Bolsen,bolsen,Electronics,Portable Audio & Video,Minidisc Players,,,,
GLESOURCE,glesource,Electronics,Accessories & Supplies,"Batteries, Chargers & Accessories",,,,
Mounting Dream,mounting-dream,Electronics,Accessories & Supplies,Television Accessories,,,,
OnePlus,oneplus,Electronics,Cell Phones & Accessories,Carrier Cell Phones,oneplus.com,,,1
DERMAL,dermal,Beauty,"Foot, Hand & Nail Care",Foot & Hand Care,,,,
Stagg,stagg,Electronics,Accessories & Supplies,Microphones,,,,
MyHot,myhot,Beauty,Skin Care,Eyes,,,,
PHYTO,phyto,Beauty,Hair Care,Hair Loss Products,phyto.com,,,
JYBSWNT,jybswnt,Beauty,Shave & Hair Removal,Women's,,,,
Vitamasques,vitamasques,Beauty,"Foot, Hand & Nail Care",Foot & Hand Care,,,,
Asixxsix,asixxsix,Electronics,Video Game Consoles & Accessories,Sony PSP,,,,
Spanish Garden,spanish-garden,Beauty,Hair Care,Hair Loss Products,,,,
MINJIESI,minjiesi,Electronics,Accessories & Supplies,Power Strips & Surge Protectors,,,,
Innovera,innovera,Electronics,Accessories & Supplies,Computer Accessories,,,,
Herdio,herdio,Electronics,Accessories & Supplies,Television Accessories,,,,
Intimate Rose,intimate-rose,Beauty,Skin Care,Body,,,,
LinkNexa,linknexa,Electronics,Accessories & Supplies,Computer Accessories,,,,
CLVJQ,clvjq,Beauty,Shave & Hair Removal,Women's,,,,
XFFCSEC,xffcsec,Electronics,Accessories & Supplies,Audio & Video Accessories,,,,
FULLCASE,fullcase,Electronics,Accessories & Supplies,"Batteries, Chargers & Accessories",,,,
Alluring,alluring,Beauty,Makeup,Eyes,,,,
EXPO,expo,Electronics,Accessories & Supplies,Office Electronics Accessories,,,,
Deear,deear,Electronics,Accessories & Supplies,Computer Accessories,,,,
Wibeelee,wibeelee,Electronics,Accessories & Supplies,Television Accessories,,,,
PROSOCOOL,prosocool,Electronics,Accessories & Supplies,Computer Accessories,,,,
YIZUUN,yizuun,Electronics,Accessories & Supplies,Telephone Accessories,,,,
MaySpare,mayspare,Electronics,Car & Vehicle Electronics,Car Electronics,,,,
House West,house-west,Beauty,Hair Care,"Extensions, Wigs & Accessories",,,,
BRIGHTFROM,brightfrom,Beauty,Hair Care,Hair Coloring Products,,,,
SUPVOX,supvox,Beauty,Shave & Hair Removal,Men's,,,,
NewFantasia,newfantasia,Electronics,Accessories & Supplies,Audio & Video Accessories,,,,
Dr. Singha's,dr-singha-s,Beauty,Personal Care,Bath & Bathing Accessories,,,,
TYAMTOGSM,tyamtogsm,Electronics,Computers & Accessories,Laptop Accessories,,,,
Hoenkeips,hoenkeips,Electronics,Accessories & Supplies,Computer Accessories,,,,
L’Oréal Paris,l-or-al-paris,Beauty,Makeup,Face,,,,
LYWBETOP,lywbetop,Electronics,Portable Audio & Video,MP3 & MP4 Player Accessories,,,,
Gift Republic,gift-republic,Beauty,Personal Care,Bath & Bathing Accessories,,,,
MSSOHKAN,mssohkan,Electronics,Camera & Photo,Binoculars & Scopes,,,,
Teknostone,teknostone,Electronics,Video Game Consoles & Accessories,Xbox 360,,,,
ETROVES,etroves,Beauty,Shave & Hair Removal,Men's,,,,
Beard Gains,beard-gains,Beauty,Hair Care,Hair Treatment Oils,,,,
Ankky,ankky,Electronics,Computers & Accessories,Networking Products,,,,
PDI,pdi,Electronics,Accessories & Supplies,Television Accessories,,,,
X LINE,x-line,Electronics,Accessories & Supplies,Telephone Accessories,,,,
Tertullus,tertullus,Electronics,Accessories & Supplies,Audio & Video Accessories,,,,
Oqqlin,oqqlin,Beauty,Oral Care,Denture Care,,,,
Pefishop,pefishop,Electronics,Accessories & Supplies,Camera & Photo Accessories,,,,
ipolex,ipolex,Electronics,Computers & Accessories,Networking Products,,,,
KRGMNHR,krgmnhr,Electronics,Accessories & Supplies,Computer Accessories,,,,
SURI,suri,Beauty,Oral Care,Toothbrushes & Accessories,,,,
Fusion,fusion,Electronics,Accessories & Supplies,Cell Phone Accessories,,,,
mikimini,mikimini,Beauty,Personal Care,Bath & Bathing Accessories,,,,
Orabrush,orabrush,Beauty,Oral Care,Tongue Cleaners,,,,
Era Organics,era-organics,Beauty,Skin Care,Face,,,,
PocketBook,pocketbook,Electronics,eBook Readers & Accessories,eBook Readers,,,,
acuever,acuever,Beauty,Fragrance,Men's,,,,
YINTTIAN,yinttian,Electronics,Computers & Accessories,Data Storage,,,,
MeoIsDaBest,meoisdabest,Beauty,Makeup,Body,,,,
Goodscious,goodscious,Electronics,Accessories & Supplies,Microphones,,,,
Bronze Cactus,bronze-cactus,Beauty,Makeup,Body,,,,
Vividwood,vividwood,Electronics,Accessories & Supplies,Computer Accessories,,,,
burko,burko,Beauty,Shave & Hair Removal,Men's,,,,
Mtlavishness,mtlavishness,Electronics,Accessories & Supplies,Camera & Photo Accessories,,,,
OHOO,ohoo,Beauty,"Foot, Hand & Nail Care",Tools & Accessories,,,,
Dr.Smart,dr-smart,Beauty,Hair Care,Hair Loss Products,,,,
Celestron,celestron,Electronics,Accessories & Supplies,Camera & Photo Accessories,,,,
EasyAcc,easyacc,Electronics,Accessories & Supplies,Computer Accessories,,,,
Cordinate,cordinate,Electronics,Accessories & Supplies,Cord Management,,,,
Price Xes,price-xes,Beauty,Personal Care,Deodorants & Antiperspirants,,,,
MINIFOCUS,minifocus,Electronics,Accessories & Supplies,Camera & Photo Accessories,,,,
ADVANCED BATTLESTATIONS,advanced-battlestations,Electronics,Computers & Accessories,Computers & Tablets,,,,
REVEMCN,revemcn,Beauty,Fragrance,Women's,,,,
Elevation Lab,elevation-lab,Electronics,Accessories & Supplies,Vehicle Electronics Accessories,,,,
Ivory,ivory,Beauty,Personal Care,Deodorants & Antiperspirants,,,,
UHANBUT,uhanbut,Electronics,Accessories & Supplies,Vehicle Electronics Accessories,,,,
Armpow,armpow,Electronics,Accessories & Supplies,Cord Management,,,,
KORRES,korres,Beauty,Skin Care,Body,korres.com,,,
Groodo,groodo,Electronics,Accessories & Supplies,Computer Accessories,,,,
ESSAGER,essager,Electronics,Home Audio,Wireless & Streaming Audio,,,,
MRSDY,mrsdy,Electronics,Accessories & Supplies,Computer Accessories,,,,
by mayam beauty,by-mayam-beauty,Beauty,Hair Care,Hair Loss Products,,,,
Beautiq,beautiq,Electronics,Accessories & Supplies,Computer Accessories,,,,
VRIG,vrig,Electronics,Accessories & Supplies,Camera & Photo Accessories,,,,
Vigdit,vigdit,Beauty,"Foot, Hand & Nail Care",Foot & Hand Care,,,,
KarmenLara,karmenlara,Beauty,Hair Care,Styling Tools & Appliances,,,,
JOSBES,josbes,Beauty,"Foot, Hand & Nail Care",Nail Art & Polish,,,,
GOUN,goun,Beauty,Shave & Hair Removal,Women's,,,,
MOTOPOWER,motopower,Electronics,Accessories & Supplies,"Batteries, Chargers & Accessories",,,,
JOOYEAH,jooyeah,Beauty,Hair Care,"Extensions, Wigs & Accessories",,,,
BONTEC,bontec,Electronics,Accessories & Supplies,Computer Accessories,,,,
BUJIOLA,bujiola,Beauty,Shave & Hair Removal,Women's,,,,
RISOU,risou,Electronics,Accessories & Supplies,"Batteries, Chargers & Accessories",,,,
IVON,ivon,Beauty,"Foot, Hand & Nail Care",Tools & Accessories,,,,
Picozon,picozon,Electronics,Accessories & Supplies,Computer Accessories,,,,
YCKXXL,yckxxl,Beauty,Hair Care,Hair Accessories,,,,
Link Dream,link-dream,Electronics,Accessories & Supplies,Audio & Video Accessories,,,,
Lady Primrose,lady-primrose,Beauty,Fragrance,Dusting Powders,,,,
Fu Store,fu-store,Beauty,"Foot, Hand & Nail Care",Tools & Accessories,,,,
KKANDPP,kkandpp,Electronics,Accessories & Supplies,Computer Accessories,,,,
Taconic Shave,taconic-shave,Beauty,Shave & Hair Removal,Men's,,,,
OLANLY,olanly,Beauty,Hair Care,Shampoo & Conditioner,,,,
AojSup,aojsup,Beauty,Hair Care,Hair Coloring Products,,,,
DonLeeving,donleeving,Beauty,Hair Care,"Extensions, Wigs & Accessories",,,,
ACWELL,acwell,Beauty,Skin Care,Face,,,,
Seadream,seadream,Electronics,Accessories & Supplies,Cables,,,,
CoComelon,cocomelon,Beauty,Personal Care,Bath & Bathing Accessories,,,,
B Rush,b-rush,Beauty,Oral Care,Orthodontic Supplies,,,,
Terramar,terramar,Beauty,"Foot, Hand & Nail Care",Nail Art & Polish,,,,
CoBak,cobak,Electronics,eBook Readers & Accessories,Screen Protectors,,,,
Xaugiry,xaugiry,Electronics,Accessories & Supplies,Vehicle Electronics Accessories,,,,
SHAVE BAE,shave-bae,Beauty,Shave & Hair Removal,Women's,,,,
MUKAZOM,mukazom,Beauty,Shave & Hair Removal,Women's,,,,
XOOMEER,xoomeer,Electronics,Wearable Technology,Glasses,,,,
EooCoo,eoocoo,Electronics,Accessories & Supplies,Computer Accessories,,,,
SDI TECHNOLOGIES,sdi-technologies,Electronics,Accessories & Supplies,Cell Phone Accessories,,,,
RMYMPMYX,rmympmyx,Electronics,Accessories & Supplies,Computer Accessories,,,,
SGX NYC,sgx-nyc,Beauty,Hair Care,Shampoo & Conditioner,,,,
XISOGUU,xisoguu,Electronics,Accessories & Supplies,Computer Accessories,,,,
OGX,ogx,Beauty,Hair Care,Shampoo & Conditioner,,,,
YIOVVOM,yiovvom,Electronics,Accessories & Supplies,Computer Accessories,,,,
Gemini,gemini,Electronics,Accessories & Supplies,Audio & Video Accessories,,,,
Kornnapa,kornnapa,Electronics,Accessories & Supplies,Audio & Video Accessories,,,,
Adoreen,adoreen,Electronics,Accessories & Supplies,Computer Accessories,,,,
BuyiHoen,buyihoen,Beauty,Makeup,Eyes,,,,
FOURTH WING,fourth-wing,Electronics,eBook Readers & Accessories,Sleeves,,,,
ELAC,elac,Electronics,Home Audio,Speakers,elac.com,,,
JUDKIOM,judkiom,Electronics,Accessories & Supplies,Microphones,,,,
NSLikey,nslikey,Electronics,Video Game Consoles & Accessories,Nintendo DS,,,,
LJ zjcxin,lj-zjcxin,Electronics,Accessories & Supplies,Cables,,,,
Goodyear,goodyear,Electronics,Accessories & Supplies,Cord Management,,,,
OURA,oura,Electronics,Wearable Technology,Accessories,,,,
Earth's Daughter,earth-s-daughter,Beauty,Skin Care,Lip Care,,,,
YOHAMA,yohama,Beauty,Hair Care,Hair Accessories,,,,
Noorani,noorani,Beauty,Hair Care,Hair Coloring Products,,,,
DIYCICO,diycico,Beauty,"Foot, Hand & Nail Care",Nail Art & Polish,,,,
KS K-STORM,ks-k-storm,Electronics,Accessories & Supplies,Television Accessories,,,,
GoPro,gopro,Electronics,Accessories & Supplies,Camera & Photo Accessories,gopro.com,,,
PNY,pny,Electronics,Accessories & Supplies,Computer Accessories,pny.com,,,
Scosche,scosche,Electronics,Accessories & Supplies,Vehicle Electronics Accessories,scosche.com,,,
MainBasics,mainbasics,Beauty,Personal Care,Bath & Bathing Accessories,,,,
BL,bl,Beauty,"Foot, Hand & Nail Care",Nail Care,,,,
homido,homido,Electronics,Accessories & Supplies,Cell Phone Accessories,,,,
LEZHISNUG,lezhisnug,Beauty,Shave & Hair Removal,Men's,,,,
MOESUYUM,moesuyum,Beauty,Hair Care,Hair Accessories,,,,
CIATBYYJ,ciatbyyj,Beauty,Hair Care,Hair Coloring Products,,,,
haozher,haozher,Beauty,"Foot, Hand & Nail Care",Nail Art & Polish,,,,
5 CORE,5-core,Electronics,Accessories & Supplies,Microphones,,,,
Kaibintex,kaibintex,Electronics,Accessories & Supplies,Computer Accessories,,,,
FainWan,fainwan,Electronics,Video Game Consoles & Accessories,Nintendo DS,,,,
Boseen,boseen,Electronics,Accessories & Supplies,Microphones,,,,
Newday,newday,Beauty,Oral Care,Children's Dental Care,,,,
Dial,dial,Beauty,Skin Care,Body,,,,
mMetRaA,mmetraa,Electronics,Accessories & Supplies,Vehicle Electronics Accessories,,,,
YHAOGALI,yhaogali,Beauty,Personal Care,Bath & Bathing Accessories,,,,
Beeiker,beeiker,Electronics,Accessories & Supplies,Power Strips & Surge Protectors,,,,
LiteOn,liteon,Electronics,Computers & Accessories,Computer Components,,,,
Beverly,beverly,Beauty,Hair Care,"Hair Perms, Relaxers & Texturizers",,,,
Babies and Kiddies,babies-and-kiddies,Electronics,Accessories & Supplies,Cell Phone Accessories,,,,
Micscrew,micscrew,Electronics,Accessories & Supplies,Computer Accessories,,,,
NiSi,nisi,Electronics,Accessories & Supplies,Camera & Photo Accessories,,,,
LIZHUZHONG,lizhuzhong,Electronics,Accessories & Supplies,Microphones,,,,
Luster's,luster-s,Beauty,Shave & Hair Removal,Men's,,,,
Amish Farms,amish-farms,Beauty,Skin Care,Body,,,,
KerLiTar,kerlitar,Electronics,Accessories & Supplies,Telephone Accessories,,,,
XANAD,xanad,Electronics,Accessories & Supplies,Computer Accessories,,,,
Wormhole Tattoo,wormhole-tattoo,Beauty,Personal Care,Piercing & Tattoo Supplies,,,,
BeautyLeader,beautyleader,Beauty,"Foot, Hand & Nail Care",Nail Art & Polish,,,,
Rythcraft,rythcraft,Electronics,Accessories & Supplies,Cord Management,,,,
Hemobllo,hemobllo,Electronics,Accessories & Supplies,Cell Phone Accessories,,,,
totnwrooye,totnwrooye,Beauty,Hair Care,Hair Cutting Tools,,,,
Millenniata Inc.,millenniata-inc-,Electronics,Accessories & Supplies,Computer Accessories,,,,
AZIMOM,azimom,Electronics,Accessories & Supplies,Cables,,,,
Labstandard,labstandard,Electronics,Accessories & Supplies,Microphones,,,,
Ekoonpft,ekoonpft,Electronics,Accessories & Supplies,Cell Phone Accessories,,,,
HUOTO,huoto,Electronics,Wearable Technology,Accessories,,,,
WDZP,wdzp,Electronics,Accessories & Supplies,Camera & Photo Accessories,,,,
Bien-Etre,bien-etre,Beauty,Fragrance,Women's,,,,
SPT,spt,Beauty,"Foot, Hand & Nail Care",Tools & Accessories,,,,
Melostu,melostu,Electronics,Home Audio,Compact Radios & Stereos,,,,
XAGMODSHN,xagmodshn,Electronics,Accessories & Supplies,Camera & Photo Accessories,,,,
Eclectic Lady,eclectic-lady,Beauty,Personal Care,Bath & Bathing Accessories,,,,
Secure,secure,Beauty,Oral Care,Denture Care,,,,
SilkyShark,silkyshark,Beauty,Skin Care,Sunscreens & Tanning Products,,,,
TooPower,toopower,Electronics,Video Game Consoles & Accessories,PlayStation Vita,,,,
Auperwel,auperwel,Beauty,Shave & Hair Removal,Women's,,,,
Lady Up,lady-up,Beauty,Personal Care,Piercing & Tattoo Supplies,,,,
Camila,camila,Beauty,Hair Care,Hair Accessories,,,,
bliyee,bliyee,Electronics,Computers & Accessories,Networking Products,,,,
Ard Al Zaafaran Perfumes,ard-al-zaafaran-perfumes,Beauty,Fragrance,Women's,,,,
Sparkle & Co.,sparkle-co-,Beauty,"Foot, Hand & Nail Care",Nail Care,,,,
Suprwin,suprwin,Electronics,Computers & Accessories,Warranties & Services,,,,
Taukealugs,taukealugs,Electronics,Accessories & Supplies,Vehicle Electronics Accessories,,,,
Backski,backski,Beauty,Personal Care,Bath & Bathing Accessories,,,,
Cureskin,cureskin,Beauty,Skin Care,Eyes,,,,
Boka,boka,Beauty,Oral Care,Toothpaste,,,,
MANGROOMER,mangroomer,Beauty,Shave & Hair Removal,Women's,,,,
Onyx Professional,onyx-professional,Beauty,"Foot, Hand & Nail Care",Tools & Accessories,,,,
SILKLE,silkle,Beauty,Personal Care,Bath & Bathing Accessories,,,,
QLNE,qlne,Beauty,"Foot, Hand & Nail Care",Tools & Accessories,,,,
ALLWIN,allwin,Electronics,Accessories & Supplies,Vehicle Electronics Accessories,,,,
Maestri House,maestri-house,Electronics,Accessories & Supplies,Computer Accessories,,,,
Karroy,karroy,Beauty,"Foot, Hand & Nail Care",Tools & Accessories,,,,
UniqueMe,uniqueme,Electronics,Accessories & Supplies,Cell Phone Accessories,,,,
E EMZHOLE,e-emzhole,Electronics,Camera & Photo,Video,,,,
ZdalaMit,zdalamit,Electronics,Accessories & Supplies,Computer Accessories,,,,
UNBREAKcable,unbreakcable,Electronics,Cell Phones & Accessories,"Cases, Holsters & Clips",,,,
SZSAUTO,szsauto,Electronics,Accessories & Supplies,Vehicle Electronics Accessories,,,,
Lumibrite,lumibrite,Beauty,Oral Care,Teeth Whitening,,,,
LYSvvx,lysvvx,Electronics,Accessories & Supplies,Audio & Video Accessories,,,,
Xarchy,xarchy,Beauty,Hair Care,Hair Coloring Products,,,,
TheSleepGuard,thesleepguard,Beauty,Oral Care,Teeth Grinding Guards,,,,
Originbuty,originbuty,Beauty,Skin Care,Body,,,,
DOB SECHS,dob-sechs,Electronics,Cell Phones & Accessories,Carrier Cell Phones,,,,
ZOKLU,zoklu,Beauty,"Foot, Hand & Nail Care",Nail Art & Polish,,,,
LYECUN,lyecun,Electronics,Accessories & Supplies,Camera & Photo Accessories,,,,
Dzytnsy,dzytnsy,Electronics,Computers & Accessories,Laptop Accessories,,,,
disoidoe,disoidoe,Electronics,Portable Audio & Video,Digital Voice Recorders,,,,
Xinjincang,xinjincang,Electronics,Accessories & Supplies,Computer Accessories,,,,
D,d,Beauty,Hair Care,Hair Accessories,,,,
Moment,moment,Electronics,Accessories & Supplies,Cell Phone Accessories,,,,
earlife,earlife,Electronics,Accessories & Supplies,Cables,,,,
Jaliya,jaliya,Beauty,"Foot, Hand & Nail Care",Nail Art & Polish,,,,
Plackers,plackers,Beauty,Oral Care,Dental Floss & Picks,,,,
Lurini,lurini,Beauty,Shave & Hair Removal,Women's,,,,
VSGO,vsgo,Electronics,Accessories & Supplies,Camera & Photo Accessories,,,,
AC Infinity,ac-infinity,Electronics,Accessories & Supplies,Computer Accessories,,,,
wellhouse,wellhouse,Electronics,Cell Phones & Accessories,"Cases, Holsters & Clips",,,,
FULLY,fully,Beauty,Skin Care,Lip Care,,,,
XPCAM,xpcam,Electronics,Accessories & Supplies,Computer Accessories,,,,
NIGTH OWL,nigth-owl,Electronics,Accessories & Supplies,Camera & Photo Accessories,,,,
NECABLES,necables,Electronics,Accessories & Supplies,Computer Accessories,,,,
F FORITO,f-forito,Electronics,Accessories & Supplies,Computer Accessories,,,,
RayanWay,rayanway,Beauty,"Foot, Hand & Nail Care",Nail Art & Polish,,,,
SpaLife,spalife,Beauty,Skin Care,Sunscreens & Tanning Products,,,,
OUGWA,ougwa,Beauty,Hair Care,Hair Accessories,,,,
Wiooffen,wiooffen,Electronics,Accessories & Supplies,Office Electronics Accessories,,,,
YARONGTECH,yarongtech,Electronics,Accessories & Supplies,Telephone Accessories,,,,
Zocular,zocular,Beauty,Skin Care,Face,,,,
Arklove,arklove,Electronics,Accessories & Supplies,Cables,,,,
DONG RHYME,dong-rhyme,Beauty,Makeup,Eyes,,,,
APEXINNO,apexinno,Electronics,Wearable Technology,Accessories,,,,
MRTIP,mrtip,Electronics,Accessories & Supplies,Computer Accessories,,,,
Rupert Neve Designs,rupert-neve-designs,Electronics,Accessories & Supplies,Audio & Video Accessories,,,,
GOgroove,gogroove,Electronics,Accessories & Supplies,Cell Phone Accessories,,,,
Murad,murad,Beauty,Skin Care,Eyes,murad.com,,,1
TCH,tch,Electronics,Accessories & Supplies,Audio & Video Accessories,,,,
Dermwax,dermwax,Beauty,Shave & Hair Removal,Women's,,,,
Onedor,onedor,Beauty,Hair Care,Styling Tools & Appliances,,,,
Borsicge,borsicge,Beauty,Personal Care,Bath & Bathing Accessories,,,,
Quartet,quartet,Electronics,Accessories & Supplies,Computer Accessories,,,,
IOKOFJOA,iokofjoa,Electronics,Accessories & Supplies,"Batteries, Chargers & Accessories",,,,
ZMOI,zmoi,Beauty,"Foot, Hand & Nail Care",Tools & Accessories,,,,
luakesa,luakesa,Electronics,Accessories & Supplies,Audio & Video Accessories,,,,
Kensington,kensington,Electronics,Accessories & Supplies,Computer Accessories,,,,
Geounzay,geounzay,Beauty,"Foot, Hand & Nail Care",Tools & Accessories,,,,
LA NREUCETS,la-nreucets,Electronics,Video Game Consoles & Accessories,Wii,,,,
JZK,jzk,Electronics,Accessories & Supplies,Cell Phone Accessories,,,,
TOTCLEAR,totclear,Beauty,"Foot, Hand & Nail Care",Tools & Accessories,,,,
YILONG,yilong,Beauty,Personal Care,Piercing & Tattoo Supplies,,,,
BESIGN,besign,Electronics,Home Audio,Wireless & Streaming Audio,,,,
OUTTOY,outtoy,Electronics,Accessories & Supplies,Office Electronics Accessories,,,,
Akiles,akiles,Electronics,Accessories & Supplies,Office Electronics Accessories,,,,
Curology,curology,Beauty,Skin Care,Face,,,,
TAURI,tauri,Electronics,Accessories & Supplies,Cell Phone Accessories,,,,
LISEN,lisen,Electronics,Accessories & Supplies,Cell Phone Accessories,,,,
CINRA,cinra,Beauty,Personal Care,Piercing & Tattoo Supplies,,,,
Padarsey,padarsey,Electronics,Computers & Accessories,Computer Components,,,,
HywkingGrt,hywkinggrt,Electronics,Accessories & Supplies,Office Electronics Accessories,,,,
Hariendny,hariendny,Electronics,Accessories & Supplies,Audio & Video Accessories,,,,
nooepc,nooepc,Beauty,Makeup,Body,,,,
SIYEGK,siyegk,Electronics,Portable Audio & Video,Radios,,,,
Dodomes,dodomes,Electronics,Car & Vehicle Electronics,Car Electronics,,,,
Aheadthink,aheadthink,Electronics,Portable Audio & Video,Boomboxes,,,,
Mivota,mivota,Beauty,"Foot, Hand & Nail Care",Nail Art & Polish,,,,
Castel Royale,castel-royale,Beauty,Fragrance,Dusting Powders,,,,
Fcysws,fcysws,Beauty,Hair Care,"Extensions, Wigs & Accessories",,,,
SHIDU,shidu,Electronics,Portable Audio & Video,Radios,,,,
Valve Index,valve-index,Electronics,Wearable Technology,Accessories,valve.software,,,
Janmercy,janmercy,Beauty,"Foot, Hand & Nail Care",Foot & Hand Care,,,,
Dufuphae,dufuphae,Beauty,"Foot, Hand & Nail Care",Tools & Accessories,,,,
Fahrenheit,fahrenheit,Beauty,Hair Care,Styling Tools & Appliances,,,,
BodyAccel,bodyaccel,Beauty,Oral Care,Sensitivity Treatments,,,,
Landhoo,landhoo,Electronics,Accessories & Supplies,Cell Phone Accessories,,,,
Aquasonic,aquasonic,Beauty,Oral Care,Toothbrushes & Accessories,,,,
iBUYPOWER,ibuypower,Electronics,Computers & Accessories,Computers & Tablets,,,,
JOJOME,jojome,Electronics,Accessories & Supplies,Office Electronics Accessories,,,,
Seranova,seranova,Beauty,Skin Care,Face,,,,
Augustinus Bader,augustinus-bader,Beauty,Skin Care,Body,augustinusbader.com,,,
PURPLESKY,purplesky,Beauty,Hair Care,Hair Accessories,,,,
Viborg,viborg,Electronics,Accessories & Supplies,Audio & Video Accessories,,,,
Phafaloop,phafaloop,Beauty,Shave & Hair Removal,Women's,,,,
ALLSOCKET,allsocket,Electronics,Computers & Accessories,Computer Components,,,,
Revolution,revolution,Beauty,Makeup,Body,,,,
NZKEEYZI,nzkeeyzi,Electronics,Accessories & Supplies,Cell Phone Accessories,,,,
Proactiv,proactiv,Beauty,Skin Care,Face,,,,
Sokqovt,sokqovt,Electronics,Accessories & Supplies,Audio & Video Accessories,,,,
Nuanchu,nuanchu,Electronics,Accessories & Supplies,Vehicle Electronics Accessories,,,,
Rael,rael,Beauty,Skin Care,Face,,,,
WirelessFinest,wirelessfinest,Electronics,Accessories & Supplies,Cell Phone Accessories,,,,
novani,novani,Beauty,"Foot, Hand & Nail Care",Nail Art & Polish,,,,
247Skins,247skins,Electronics,Video Game Consoles & Accessories,Wii U,,,,
Frocopo,frocopo,Electronics,Accessories & Supplies,Office Electronics Accessories,,,,
オウルテック,-,Electronics,Computers & Accessories,Computer Components,,,,
Suave,suave,Beauty,Hair Care,Shampoo & Conditioner,,,,
T WaveTree,t-wavetree,Electronics,Accessories & Supplies,Audio & Video Accessories,,,,
SEGA,sega,Electronics,Accessories & Supplies,Cell Phone Accessories,sega.com,,,
IMSurQltyPrise,imsurqltyprise,Electronics,Accessories & Supplies,Audio & Video Accessories,,,,
Ejjinenbby,ejjinenbby,Electronics,Accessories & Supplies,"Batteries, Chargers & Accessories",,,,
amFilm,amfilm,Electronics,Accessories & Supplies,Cell Phone Accessories,,,,
Megababe,megababe,Beauty,Shave & Hair Removal,Women's,,,,
ASWRTYJO,aswrtyjo,Beauty,"Foot, Hand & Nail Care",Nail Care,,,,
Bella Ciao,bella-ciao,Beauty,Shave & Hair Removal,Women's,,,,
Chuangdi,chuangdi,Beauty,Hair Care,Styling Tools & Appliances,,,,
Numeira,numeira,Beauty,Skin Care,Body,,,,
Dr. Dan's,dr-dan-s,Beauty,Skin Care,Lip Care,,,,
Elizavecca,elizavecca,Beauty,"Foot, Hand & Nail Care",Foot & Hand Care,,,,
Viabty,viabty,Beauty,Hair Care,Hair Accessories,,,,
Greenwich Bay,greenwich-bay,Beauty,Skin Care,Body,,,,
COSLUS,coslus,Beauty,"Foot, Hand & Nail Care",Nail Art & Polish,,,,
Optase,optase,Beauty,Skin Care,Eyes,,,,
INIU,iniu,Electronics,Accessories & Supplies,Cell Phone Accessories,,,,
GHUST,ghust,Electronics,Accessories & Supplies,Television Accessories,,,,
BeIETree,beietree,Electronics,Camera & Photo,Binoculars & Scopes,,,,
Blistex,blistex,Beauty,Skin Care,Sunscreens & Tanning Products,,,,
Leriton,leriton,Beauty,Shave & Hair Removal,Men's,,,,
RLSOCO,rlsoco,Electronics,Accessories & Supplies,Cell Phone Accessories,,,,
CLEARSTEM,clearstem,Beauty,Skin Care,Lip Care,,,,
Xiaokeis,xiaokeis,Beauty,"Foot, Hand & Nail Care",Nail Art & Polish,,,,
Tonies,tonies,Electronics,Accessories & Supplies,Cell Phone Accessories,,,,
lenpestia,lenpestia,Beauty,"Foot, Hand & Nail Care",Tools & Accessories,,,,
TONBAO,tonbao,Beauty,Personal Care,Piercing & Tattoo Supplies,,,,
Arme,arme,Beauty,Personal Care,Deodorants & Antiperspirants,,,,
LATHER,lather,Beauty,Personal Care,Bath & Bathing Accessories,,,,
247 Skins,247-skins,Electronics,Video Game Consoles & Accessories,Wii U,,,,
Barska,barska,Electronics,Camera & Photo,Binoculars & Scopes,,,,
got? WE GOT THE SOLUTIONS!,got-we-got-the-solutions-,Beauty,Hair Care,Hair Coloring Products,,,,
Vinyl Buddy,vinyl-buddy,Electronics,Accessories & Supplies,Television Accessories,,,,
Laura Mercier,laura-mercier,Beauty,Skin Care,Face,lauramercier.com,,,1
MMGGFQ,mmggfq,Beauty,Personal Care,Bath & Bathing Accessories,,,,
Beautyshop,beautyshop,Beauty,Makeup,Body,,,,
KUKIHO,kukiho,Electronics,Accessories & Supplies,Microphones,,,,
Design Engineering,design-engineering,Electronics,Accessories & Supplies,Vehicle Electronics Accessories,,,,
JEHOO,jehoo,Electronics,Accessories & Supplies,Cell Phone Accessories,,,,
Vixen,vixen,Electronics,Accessories & Supplies,Camera & Photo Accessories,,,,
EVELINE COSMETICS,eveline-cosmetics,Beauty,"Foot, Hand & Nail Care",Nail Care,,,,
YYTQP,yytqp,Electronics,Accessories & Supplies,Vehicle Electronics Accessories,,,,
Sinmoe,sinmoe,Beauty,Makeup,Body,,,,
LUMIFY,lumify,Beauty,Makeup,Makeup Remover,,,,
Ruishehua,ruishehua,Electronics,Accessories & Supplies,Computer Accessories,,,,
Andrea,andrea,Beauty,"Foot, Hand & Nail Care",Tools & Accessories,,,,
LYRCRO,lyrcro,Electronics,Accessories & Supplies,Microphones,,,,
xcprinted,xcprinted,Beauty,Makeup,Body,,,,
JISULIFE,jisulife,Electronics,Accessories & Supplies,Computer Accessories,,,,
J&C,j-c,Electronics,Accessories & Supplies,Camera & Photo Accessories,,,,
KAWAR,kawar,Beauty,Skin Care,Body,,,,
WAYLLSHINE,wayllshine,Electronics,Accessories & Supplies,"Batteries, Chargers & Accessories",,,,
SWETIDY,swetidy,Beauty,"Foot, Hand & Nail Care",Nail Art & Polish,,,,
Lover’s Hairow,lover-s-hairow,Beauty,Hair Care,Shampoo & Conditioner,,,,
Timloon,timloon,Electronics,Accessories & Supplies,Vehicle Electronics Accessories,,,,
Spinbrush,spinbrush,Beauty,Oral Care,Toothbrushes & Accessories,,,,
TENSTARS,tenstars,Beauty,Hair Care,Hair Accessories,,,,
Chenkxin,chenkxin,Electronics,Accessories & Supplies,Cell Phone Accessories,,,,
MenGate,mengate,Beauty,Shave & Hair Removal,Men's,,,,
Bliksem,bliksem,Electronics,Accessories & Supplies,Camera & Photo Accessories,,,,
Sungive,sungive,Electronics,Accessories & Supplies,Cell Phone Accessories,,,,
wegear,wegear,Electronics,Accessories & Supplies,Computer Accessories,,,,
Auray,auray,Beauty,Shave & Hair Removal,Men's,,,,
specheer,specheer,Beauty,Personal Care,Bath & Bathing Accessories,,,,
Beufee,beufee,Electronics,Accessories & Supplies,Microphones,,,,
Norchan,norchan,Beauty,"Foot, Hand & Nail Care",Tools & Accessories,,,,
Liz Claiborne,liz-claiborne,Beauty,Fragrance,Women's,,,,
AVMAX,avmax,Electronics,Accessories & Supplies,Computer Accessories,,,,
FANAUE,fanaue,Electronics,Accessories & Supplies,Camera & Photo Accessories,,,,
Elilier,elilier,Beauty,Hair Care,Styling Tools & Appliances,,,,
UJhay,ujhay,Beauty,Skin Care,Face,,,,
PolarPro,polarpro,Electronics,Accessories & Supplies,Camera & Photo Accessories,,,,
XIXISNOW,xixisnow,Beauty,Hair Care,"Extensions, Wigs & Accessories",,,,
Deltana,deltana,Electronics,Accessories & Supplies,Office Electronics Accessories,,,,
LiCB,licb,Electronics,Accessories & Supplies,"Batteries, Chargers & Accessories",,,,
SLNZAPTY,slnzapty,Beauty,Hair Care,Hair Accessories,,,,
Audoc,audoc,Beauty,Shave & Hair Removal,Men's,,,,
ZhiYo,zhiyo,Electronics,Accessories & Supplies,Cord Management,,,,
MEKO,meko,Electronics,Accessories & Supplies,Computer Accessories,,,,
Gosknor,gosknor,Beauty,Hair Care,Hair Coloring Products,,,,
Aikcks,aikcks,Electronics,Cell Phones & Accessories,"Cases, Holsters & Clips",,,,
Mollom,mollom,Electronics,Accessories & Supplies,Audio & Video Accessories,,,,
Holland Electronics,holland-electronics,Electronics,Television & Video,Satellite Television,,,,
Ozvavzk,ozvavzk,Electronics,Accessories & Supplies,Audio & Video Accessories,,,,
gudxfj,gudxfj,Electronics,Accessories & Supplies,Cables,,,,
Sakolla,sakolla,Electronics,Camera & Photo,Video,,,,
Optimal Shop,optimal-shop,Electronics,Computers & Accessories,Computer Components,,,,
POLY,poly,Electronics,Accessories & Supplies,Computer Accessories,poly.com,,,
HOSCARER,hoscarer,Electronics,Accessories & Supplies,Computer Accessories,,,,
GETPARTS,getparts,Electronics,Accessories & Supplies,Computer Accessories,,,,
RioRand,riorand,Beauty,Oral Care,Orthodontic Supplies,,,,
Selore&S-Global,selore-s-global,Electronics,Computers & Accessories,Laptop Accessories,,,,
ParaPace,parapace,Electronics,Accessories & Supplies,Camera & Photo Accessories,,,,
THRU,thru,Beauty,Shave & Hair Removal,Women's,,,,
Formit Crafts,formit-crafts,Beauty,Oral Care,Oral Pain Relief,,,,
BEAUZMO,beauzmo,Beauty,Shave & Hair Removal,Women's,,,,
Townley Girl,townley-girl,Beauty,Makeup,Lips,,,,
XIYONALI,xiyonali,Beauty,"Foot, Hand & Nail Care",Nail Art & Polish,,,,
Laojbaba,laojbaba,Beauty,Hair Care,Hair Accessories,,,,
Morgan Taylor,morgan-taylor,Beauty,"Foot, Hand & Nail Care",Nail Art & Polish,,,,
hakimonoe,hakimonoe,Electronics,Computers & Accessories,Networking Products,,,,
Tjfujie,tjfujie,Electronics,Accessories & Supplies,Audio & Video Accessories,,,,
lxmtou,lxmtou,Beauty,Hair Care,Styling Tools & Appliances,,,,
IT Cosmetics,it-cosmetics,Beauty,Skin Care,Eyes,itcosmetics.com,,,
AirLink,airlink,Electronics,Television & Video,Analog-to-Digital (DTV) Converters,,,,
Airbrush Fengda,airbrush-fengda,Beauty,Hair Care,Hair Coloring Products,,,,
Koroao,koroao,Electronics,Camera & Photo,Video Surveillance,,,,
PROVENCE ESSENTIALS,provence-essentials,Beauty,Personal Care,Bath & Bathing Accessories,,,,
EBANKU,ebanku,Beauty,"Foot, Hand & Nail Care",Nail Art & Polish,,,,
EcoHLL,ecohll,Beauty,Personal Care,Bath & Bathing Accessories,,,,
Moresoo,moresoo,Beauty,Hair Care,"Extensions, Wigs & Accessories",,,,
VZNEK,vznek,Electronics,Wearable Technology,Accessories,,,,
Elcove,elcove,Beauty,"Foot, Hand & Nail Care",Foot & Hand Care,,,,
Vigorpace,vigorpace,Beauty,Hair Care,Hair Accessories,,,,
BENGOO,bengoo,Electronics,Accessories & Supplies,Computer Accessories,,,,
EWVVSS,ewvvss,Beauty,Shave & Hair Removal,Women's,,,,
GOOD STORY,good-story,Electronics,Computers & Accessories,Networking Products,,,,
Demert,demert,Beauty,"Foot, Hand & Nail Care",Nail Art & Polish,,,,
Cushion Grip,cushion-grip,Beauty,Oral Care,Denture Care,,,,
HIONJIN,hionjin,Beauty,"Foot, Hand & Nail Care",Nail Care,,,,
Charmonic,charmonic,Beauty,Shave & Hair Removal,Women's,,,,
FarmHouse Fresh,farmhouse-fresh,Beauty,Skin Care,Body,,,,
HolaKit,holakit,Electronics,Accessories & Supplies,Cord Management,,,,
PHEANOO,pheanoo,Electronics,Accessories & Supplies,Cables,,,,
Xahpower,xahpower,Electronics,Video Game Consoles & Accessories,Sony PSP,,,,
WiCuaSix,wicuasix,Electronics,Car & Vehicle Electronics,Car Electronics,,,,
Epielle,epielle,Beauty,Makeup,Makeup Remover,,,,
AZFUNN,azfunn,Electronics,Accessories & Supplies,Computer Accessories,,,,
Gabba Goods,gabba-goods,Electronics,Accessories & Supplies,Cell Phone Accessories,,,,
La Jolie Jasmin,la-jolie-jasmin,Beauty,Hair Care,Hair Accessories,,,,
Bucchelli,bucchelli,Beauty,Hair Care,Hair Cutting Tools,,,,
Kado,kado,Electronics,Accessories & Supplies,Computer Accessories,,,,
SHANCOSI,shancosi,Electronics,Computers & Accessories,Tablet Accessories,,,,
defean,defean,Electronics,Accessories & Supplies,Cell Phone Accessories,,,,
GSAFEME,gsafeme,Beauty,"Foot, Hand & Nail Care",Foot & Hand Care,,,,
Fiskars,fiskars,Beauty,Hair Care,Hair Cutting Tools,,,,
STAMESKY,stamesky,Beauty,Shave & Hair Removal,Men's,,,,
Udefineit,udefineit,Beauty,"Foot, Hand & Nail Care",Tools & Accessories,,,,
Nubian Heritage,nubian-heritage,Beauty,Personal Care,Deodorants & Antiperspirants,,,,
Cunyuer,cunyuer,Electronics,Television & Video,Analog-to-Digital (DTV) Converters,,,,
PAEWOK,paewok,Electronics,Accessories & Supplies,Power Protection,,,,
ULIFTUS,uliftus,Electronics,Accessories & Supplies,Computer Accessories,,,,
Bungajungle,bungajungle,Electronics,Cell Phones & Accessories,"Cases, Holsters & Clips",,,,
SABRENT,sabrent,Electronics,Computers & Accessories,Networking Products,sabrent.com,,,
Matwsec,matwsec,Beauty,"Foot, Hand & Nail Care",Tools & Accessories,,,,
podofo,podofo,Electronics,Car & Vehicle Electronics,Vehicle GPS,,,,
VEMONT,vemont,Electronics,Accessories & Supplies,Computer Accessories,,,,
365 by Whole Foods Market,365-by-whole-foods-market,Beauty,Skin Care,Body,,,,
Lrecat,lrecat,Electronics,Portable Audio & Video,MP3 & MP4 Player Accessories,,,,
Adepoy,adepoy,Electronics,Accessories & Supplies,Cell Phone Accessories,,,,
YTJYZZQ,ytjyzzq,Beauty,"Foot, Hand & Nail Care",Nail Art & Polish,,,,
Developlus,developlus,Beauty,Hair Care,Hair Coloring Products,,,,
Durimi,durimi,Beauty,Shave & Hair Removal,Men's,,,,
Yaotieci,yaotieci,Electronics,Accessories & Supplies,Audio & Video Accessories,,,,
CFDGEVX,cfdgevx,Electronics,Camera & Photo,Binoculars & Scopes,,,,
Genericer,genericer,Electronics,Video Game Consoles & Accessories,Wii U,,,,
Gueray,gueray,Electronics,Portable Audio & Video,Minidisc Players,,,,
WHOLESOME HIPPY,wholesome-hippy,Beauty,Skin Care,Body,,,,
Aysatogc,aysatogc,Beauty,Hair Care,"Extensions, Wigs & Accessories",,,,
Flash Black,flash-black,Beauty,Skin Care,Sunscreens & Tanning Products,,,,
eCostConnection,ecostconnection,Electronics,Camera & Photo,Video,,,,
Wild Willies,wild-willies,Beauty,"Foot, Hand & Nail Care",Tools & Accessories,,,,
KTIVHMIC,ktivhmic,Beauty,Shave & Hair Removal,Women's,,,,
ROADOM,roadom,Electronics,Computers & Accessories,Tablet Accessories,,,,
YALLSAME,yallsame,Electronics,Accessories & Supplies,Camera & Photo Accessories,,,,
SYH&AQYE,syh-aqye,Electronics,Accessories & Supplies,Cell Phone Accessories,,,,
7d24hcare,7d24hcare,Beauty,Shave & Hair Removal,Men's,,,,
WHOOSH,whoosh,Electronics,Accessories & Supplies,Television Accessories,,,,
YGDZ,ygdz,Beauty,Makeup,Body,,,,
BiQnOeC,biqnoec,Electronics,Accessories & Supplies,Audio & Video Accessories,,,,
Mchoi,mchoi,Electronics,Accessories & Supplies,Microphones,,,,
GlossyEnd,glossyend,Beauty,"Foot, Hand & Nail Care",Tools & Accessories,,,,
Makandup,makandup,Beauty,"Foot, Hand & Nail Care",Nail Art & Polish,,,,
NUENSS-ROR,nuenss-ror,Electronics,Accessories & Supplies,Computer Accessories,,,,
KEMEI,kemei,Beauty,Shave & Hair Removal,Men's,,,,
TONGVEO,tongveo,Electronics,Accessories & Supplies,Computer Accessories,,,,
OPMADM,opmadm,Beauty,"Foot, Hand & Nail Care",Nail Art & Polish,,,,
Mvyc,mvyc,Electronics,Accessories & Supplies,Cord Management,,,,
Yitrust,yitrust,Beauty,Hair Care,Styling Tools & Appliances,,,,
Cotton Mouth Lozenges,cotton-mouth-lozenges,Beauty,Oral Care,Dry Mouth Relief,,,,
M-bestl,m-bestl,Beauty,Hair Care,Hair Accessories,,,,
Peta Jane,peta-jane,Beauty,Skin Care,Body,,,,
Fenicy,fenicy,Beauty,Hair Care,"Extensions, Wigs & Accessories",,,,
LLEVVELL,llevvell,Electronics,Accessories & Supplies,Cell Phone Accessories,,,,
FdcLixuvol,fdclixuvol,Beauty,"Foot, Hand & Nail Care",Nail Art & Polish,,,,
Altec Lansing,altec-lansing,Electronics,Accessories & Supplies,Cell Phone Accessories,alteclansing.com,,,
NZXT,nzxt,Electronics,Computers & Accessories,Computer Components,nzxt.com,,,
BARBER TOOLS,barber-tools,Beauty,Shave & Hair Removal,Men's,,,,
SASSYTIP,sassytip,Beauty,"Foot, Hand & Nail Care",Nail Care,,,,
PiTau,pitau,Electronics,Cell Phones & Accessories,"Cases, Holsters & Clips",,,,
Potgosto,potgosto,Electronics,Accessories & Supplies,Camera & Photo Accessories,,,,
Depusheng,depusheng,Electronics,Accessories & Supplies,Microphones,,,,
Lantronix,lantronix,Electronics,Computers & Accessories,Networking Products,lantronix.com,,,
ＷＭＷＹＭＸ,-,Electronics,Accessories & Supplies,Cell Phone Accessories,,,,
Hollywood Henna,hollywood-henna,Beauty,Hair Care,Hair Coloring Products,,,,
INIA,inia,Beauty,Shave & Hair Removal,Women's,,,,
Better & Better,better-better,Beauty,Oral Care,Dental Floss & Picks,,,,
drTung's,drtung-s,Beauty,Oral Care,Dental Floss & Picks,,,,
MNAFKT,mnafkt,Beauty,Personal Care,Bath & Bathing Accessories,,,,
HH&LL,hh-ll,Beauty,Hair Care,Hair Accessories,,,,
AOJAKI,aojaki,Electronics,Wearable Technology,Accessories,,,,
SNNC,snnc,Electronics,Accessories & Supplies,Cell Phone Accessories,,,,
SUNNEAR,sunnear,Electronics,Video Game Consoles & Accessories,PlayStation Vita,,,,
Gemiei,gemiei,Beauty,Hair Care,"Extensions, Wigs & Accessories",,,,
Tiiyee,tiiyee,Electronics,Accessories & Supplies,Television Accessories,,,,
Nail Pro,nail-pro,Beauty,"Foot, Hand & Nail Care",Nail Art & Polish,,,,
XZMeiLun,xzmeilun,Beauty,"Foot, Hand & Nail Care",Nail Art & Polish,,,,
Shiseido,shiseido,Beauty,Skin Care,Eyes,shiseido.com,,,
Olioseta,olioseta,Beauty,Shave & Hair Removal,Men's,,,,
SUOFEIXIANG,suofeixiang,Electronics,Computers & Accessories,Computer Components,,,,
Autdor,autdor,Beauty,Personal Care,Piercing & Tattoo Supplies,,,,
Orighty,orighty,Beauty,Makeup,Makeup Remover,,,,
YCUPONE,ycupone,Electronics,Accessories & Supplies,Vehicle Electronics Accessories,,,,
rolls,rolls,Electronics,Accessories & Supplies,Microphones,,,,
UNA,una,Beauty,Hair Care,Hair Loss Products,,,,
Boymia,boymia,Beauty,Hair Care,"Extensions, Wigs & Accessories",,,,
BTYJLEBE,btyjlebe,Beauty,Shave & Hair Removal,Women's,,,,
Mr. Gadget's Solutions,mr-gadget-s-solutions,Electronics,Video Game Consoles & Accessories,PlayStation Vita,,,,
DragoBud,dragobud,Electronics,Computers & Accessories,Networking Products,,,,
Lavatino,lavatino,Electronics,Accessories & Supplies,Computer Accessories,,,,
Fromm,fromm,Beauty,Hair Care,Hair Accessories,,,,
Futricy,futricy,Beauty,Shave & Hair Removal,Men's,,,,
XIORRY,xiorry,Beauty,"Foot, Hand & Nail Care",Tools & Accessories,,,,
SALERM,salerm,Beauty,Hair Care,Hair Masks,,,,
KORA Organics,kora-organics,Beauty,Skin Care,Face,koraorganics.com,,,
Sooryehan,sooryehan,Beauty,Skin Care,Sets & Kits,,,,
SUPWEE,supwee,Beauty,"Foot, Hand & Nail Care",Nail Art & Polish,,,,
ALOE UP,aloe-up,Beauty,Skin Care,Sunscreens & Tanning Products,,,,
COMMUTER,commuter,Electronics,Accessories & Supplies,Cell Phone Accessories,,,,
Big Fudge,big-fudge,Electronics,Accessories & Supplies,Television Accessories,,,,
Xiaojikuaipao,xiaojikuaipao,Beauty,"Foot, Hand & Nail Care",Nail Art & Polish,,,,
MONFOLROY,monfolroy,Electronics,Wearable Technology,Glasses,,,,
Tub Works,tub-works,Beauty,Personal Care,Bath & Bathing Accessories,,,,
N\C,n-c,Electronics,Accessories & Supplies,Vehicle Electronics Accessories,,,,
Royal Shave,royal-shave,Beauty,Shave & Hair Removal,Men's,,,,
OKAY,okay,Beauty,"Foot, Hand & Nail Care",Foot & Hand Care,,,,
Clarion,clarion,Electronics,Car & Vehicle Electronics,Car Electronics,,,,
Ashania,ashania,Beauty,Skin Care,Face,,,,
Curvologys,curvologys,Electronics,Accessories & Supplies,Cell Phone Accessories,,,,
Aokeo,aokeo,Electronics,Accessories & Supplies,Microphones,,,,
Horse,horse,Electronics,Accessories & Supplies,Audio & Video Accessories,,,,
JNLIK,jnlik,Electronics,"GPS, Finders & Accessories",Item Finders,,,,
YIENFBEV,yienfbev,Electronics,Accessories & Supplies,Telephone Accessories,,,,
bairutong,bairutong,Electronics,Accessories & Supplies,Microphones,,,,
Singhoow,singhoow,Electronics,Accessories & Supplies,Computer Accessories,,,,
Cauaoa,cauaoa,Beauty,Hair Care,"Extensions, Wigs & Accessories",,,,
247 Groomed,247-groomed,Beauty,Hair Care,Hair Cutting Tools,,,,
VidPro,vidpro,Electronics,Accessories & Supplies,Camera & Photo Accessories,,,,
Panduit,panduit,Electronics,Accessories & Supplies,Audio & Video Accessories,,,,
Ryaacphi,ryaacphi,Electronics,Accessories & Supplies,Computer Accessories,,,,
HuGuWdy,huguwdy,Electronics,Video Game Consoles & Accessories,Sony PSP,,,,
JFA,jfa,Electronics,Camera & Photo,Video,,,,
Marumi,marumi,Electronics,Accessories & Supplies,Camera & Photo Accessories,,,,
Green-utech,green-utech,Electronics,Accessories & Supplies,Computer Accessories,,,,
ViaBecs,viabecs,Electronics,Car & Vehicle Electronics,Car Electronics,,,,
Nicama,nicama,Electronics,Accessories & Supplies,Microphones,,,,
Molivera Organics,molivera-organics,Beauty,Skin Care,Body,,,,
GELXGRIT,gelxgrit,Beauty,Hair Care,"Extensions, Wigs & Accessories",,,,
Petal Fresh,petal-fresh,Beauty,Skin Care,Body,,,,
SARLA,sarla,Beauty,Hair Care,"Extensions, Wigs & Accessories",,,,
ANESTENKA,anestenka,Beauty,Oral Care,Oral Pain Relief,,,,
NIUEFH,niuefh,Beauty,Makeup,Body,,,,
GLIMMER GODDESS,glimmer-goddess,Beauty,Skin Care,Body,,,,
Strongway,strongway,Electronics,Accessories & Supplies,Cord Management,,,,
Wax Necessities,wax-necessities,Beauty,Shave & Hair Removal,Women's,,,,
CONBELLA,conbella,Beauty,Personal Care,Bath & Bathing Accessories,,,,
ZONETECH,zonetech,Electronics,Accessories & Supplies,Vehicle Electronics Accessories,,,,
CNP,cnp,Beauty,Skin Care,Face,,,,
OTACI,otaci,Beauty,Makeup,Eyes,,,,
BlackIris,blackiris,Beauty,Shave & Hair Removal,Women's,,,,
Saluaqui,saluaqui,Beauty,Shave & Hair Removal,Men's,,,,
LZXLUKGIR,lzxlukgir,Beauty,Skin Care,Lip Care,,,,
MERRYHAPY,merryhapy,Beauty,Hair Care,Hair Coloring Products,,,,
lkelyonewy,lkelyonewy,Electronics,Accessories & Supplies,Audio & Video Accessories,,,,
Logitech for Creators,logitech-for-creators,Electronics,Accessories & Supplies,Microphones,,,,
YWBL-WH,ywbl-wh,Electronics,Home Audio,Stereo System Components,,,,
Canboc,canboc,Electronics,Accessories & Supplies,Camera & Photo Accessories,,,,
LULOSK,lulosk,Electronics,Accessories & Supplies,Computer Accessories,,,,
BULVACK,bulvack,Electronics,Accessories & Supplies,Vehicle Electronics Accessories,,,,
FIONOFY,fionofy,Beauty,Shave & Hair Removal,Men's,,,,
S SMAZINSTAR,s-smazinstar,Electronics,Accessories & Supplies,Cell Phone Accessories,,,,
Nitecore,nitecore,Electronics,Accessories & Supplies,"Batteries, Chargers & Accessories",,,,
PIOENIMAGE,pioenimage,Electronics,Accessories & Supplies,Camera & Photo Accessories,,,,
Lady May Tallow,lady-may-tallow,Beauty,Skin Care,Body,,,,
SafeSoak,safesoak,Beauty,"Foot, Hand & Nail Care",Foot & Hand Care,,,,
Master Airbrush,master-airbrush,Electronics,Accessories & Supplies,Audio & Video Accessories,,,,
LSLYA,lslya,Electronics,Home Audio,Wireless & Streaming Audio,,,,
Donar,donar,Electronics,Accessories & Supplies,Computer Accessories,,,,
HOT TOOLS,hot-tools,Beauty,Hair Care,Styling Tools & Appliances,,,,
Midwest Sea Salt Company,midwest-sea-salt-company,Beauty,Skin Care,Body,,,,
SZYIKUER,szyikuer,Electronics,Computers & Accessories,Computer Components,,,,
PURELINE,pureline,Beauty,Oral Care,Tongue Cleaners,,,,
XusEmydinal,xusemydinal,Electronics,Accessories & Supplies,Computer Accessories,,,,
shiguan,shiguan,Electronics,Accessories & Supplies,Computer Accessories,,,,
S&Z TOPHAND,s-z-tophand,Electronics,Camera & Photo,Video,,,,
Razeco,razeco,Beauty,Shave & Hair Removal,Women's,,,,
Yecuce,yecuce,Beauty,Skin Care,Face,,,,
Zest,zest,Beauty,Skin Care,Body,,,,
Mrhbyl,mrhbyl,Electronics,Accessories & Supplies,Camera & Photo Accessories,,,,
BFXM,bfxm,Electronics,Accessories & Supplies,Vehicle Electronics Accessories,,,,
Absolutely Natural,absolutely-natural,Beauty,Skin Care,Sunscreens & Tanning Products,,,,
Olivia Garden,olivia-garden,Beauty,Hair Care,Styling Tools & Appliances,,,,
Frais et Frais,frais-et-frais,Beauty,Fragrance,Men's,,,,
JUCDEKE,jucdeke,Electronics,Accessories & Supplies,Cell Phone Accessories,,,,
HiRui,hirui,Electronics,Cell Phones & Accessories,"Cases, Holsters & Clips",,,,
KTech,ktech,Electronics,Accessories & Supplies,Cell Phone Accessories,,,,
Reazeal,reazeal,Beauty,Oral Care,Teeth Grinding Guards,,,,
AFT90,aft90,Beauty,Hair Care,Styling Tools & Appliances,,,,
Eschenbach,eschenbach,Electronics,Accessories & Supplies,Camera & Photo Accessories,,,,
MDK,mdk,Beauty,"Foot, Hand & Nail Care",Nail Art & Polish,,,,
BNYTXV,bnytxv,Electronics,Home Audio,Compact Radios & Stereos,,,,
FOTYRIG,fotyrig,Electronics,Accessories & Supplies,Camera & Photo Accessories,,,,
Colora,colora,Beauty,Hair Care,Hair Coloring Products,,,,
VOTACOS,votacos,Beauty,"Foot, Hand & Nail Care",Nail Art & Polish,,,,
WONEX,wonex,Beauty,"Foot, Hand & Nail Care",Tools & Accessories,,,,
Dashing Diva,dashing-diva,Beauty,"Foot, Hand & Nail Care",Nail Art & Polish,,,,
Onkyo,onkyo,Electronics,Home Audio,Compact Radios & Stereos,onkyo.com,,,
GLOUEN,glouen,Electronics,Accessories & Supplies,Cell Phone Accessories,,,,
Honey House Naturals,honey-house-naturals,Beauty,Skin Care,Lip Care,,,,
Mystic Tan,mystic-tan,Beauty,Skin Care,Sunscreens & Tanning Products,,,,
HiFind,hifind,Electronics,Accessories & Supplies,Vehicle Electronics Accessories,,,,
Radidi,radidi,Electronics,Accessories & Supplies,Computer Accessories,,,,
MAX AURA,max-aura,Beauty,Hair Care,Hair Loss Products,,,,
Philco,philco,Electronics,Portable Audio & Video,Minidisc Players,,,,
Evolution of Smooth,evolution-of-smooth,Beauty,Shave & Hair Removal,Women's,,,,
SATIN HAIR COLOR,satin-hair-color,Beauty,Hair Care,Hair Coloring Products,,,,
YARDLEY LONDON,yardley-london,Beauty,Skin Care,Body,,,,
Jectse,jectse,Electronics,Home Audio,Compact Radios & Stereos,,,,
Ferricult,ferricult,Beauty,"Foot, Hand & Nail Care",Nail Care,,,,
NEXTGEN,nextgen,Electronics,Accessories & Supplies,Television Accessories,,,,
LYIGEOL,lyigeol,Beauty,"Foot, Hand & Nail Care",Tools & Accessories,,,,
Y-times,y-times,Electronics,Accessories & Supplies,Cell Phone Accessories,,,,
MG217,mg217,Beauty,Hair Care,Shampoo & Conditioner,,,,
Dynavox,dynavox,Electronics,Accessories & Supplies,Television Accessories,,,,
Sun-Glo,sun-glo,Beauty,Shave & Hair Removal,Women's,,,,
ASA Electronics,asa-electronics,Electronics,Accessories & Supplies,Cables,,,,
HFLRZZ,hflrzz,Electronics,Accessories & Supplies,Cell Phone Accessories,,,,
XSMNER,xsmner,Electronics,Accessories & Supplies,Computer Accessories,,,,
ButterFox,butterfox,Electronics,Video Game Consoles & Accessories,PlayStation Vita,,,,
OMASUNB,omasunb,Electronics,Accessories & Supplies,Cell Phone Accessories,,,,
micfuns,micfuns,Electronics,Accessories & Supplies,Microphones,,,,
NUTCORE,nutcore,Beauty,Hair Care,Hair Cutting Tools,,,,
EASYCEL,easycel,Electronics,Accessories & Supplies,Audio & Video Accessories,,,,
DTHUIHUA,dthuihua,Electronics,Accessories & Supplies,Cell Phone Accessories,,,,
CXLHO,cxlho,Electronics,Accessories & Supplies,Cord Management,,,,
SAADAH,saadah,Beauty,Fragrance,Men's,,,,
MonTelulu,montelulu,Electronics,Accessories & Supplies,Computer Accessories,,,,
Astatic,astatic,Electronics,Accessories & Supplies,Cables,astatic.com,,,
Kootinn,kootinn,Beauty,Shave & Hair Removal,Men's,,,,
Solidex,solidex,Electronics,Accessories & Supplies,Television Accessories,,,,
Weycolor,weycolor,Electronics,Cell Phones & Accessories,"Cases, Holsters & Clips",,,,
Furman,furman,Electronics,Accessories & Supplies,"Batteries, Chargers & Accessories",furmanpower.com,,,
BINGOX,bingox,Beauty,"Foot, Hand & Nail Care",Tools & Accessories,,,,
BHAHB,bhahb,Beauty,Personal Care,Bath & Bathing Accessories,,,,
Isle of Paradise,isle-of-paradise,Beauty,Skin Care,Sunscreens & Tanning Products,,,,
YEBOS,yebos,Electronics,Accessories & Supplies,Computer Accessories,,,,
Ninabella,ninabella,Beauty,Hair Care,Styling Tools & Appliances,,,,
Harry's,harry-s,Beauty,Personal Care,Deodorants & Antiperspirants,,,,
Stetson,stetson,Beauty,Fragrance,Men's,,,,
AMZNEVO,amznevo,Beauty,"Foot, Hand & Nail Care",Nail Art & Polish,,,,
iGENJUN,igenjun,Electronics,Accessories & Supplies,Cell Phone Accessories,,,,
Lestpola,lestpola,Beauty,Hair Care,Hair Coloring Products,,,,
FoldTier,foldtier,Beauty,Personal Care,Bath & Bathing Accessories,,,,
ZIBARBER,zibarber,Beauty,"Foot, Hand & Nail Care",Nail Art & Polish,,,,
Fur,fur,Beauty,Shave & Hair Removal,Women's,,,,
YOGET,yoget,Beauty,Personal Care,Bath & Bathing Accessories,,,,
ODRNG,odrng,Electronics,Accessories & Supplies,Computer Accessories,,,,
FYOUNG,fyoung,Electronics,Video Game Consoles & Accessories,Nintendo DS,,,,
Cumlaude,cumlaude,Beauty,Skin Care,Body,,,,
Sinen,sinen,Beauty,Makeup,Makeup Palettes,,,,
SHPAVVER,shpavver,Beauty,Shave & Hair Removal,Men's,,,,
ANYSONIC,anysonic,Beauty,Shave & Hair Removal,Women's,,,,
Koepluoo,koepluoo,Electronics,Video Game Consoles & Accessories,Fire TV,,,,
70 Years Loved,70-years-loved,Electronics,Cell Phones & Accessories,"Cases, Holsters & Clips",,,,
DHS,dhs,Beauty,Hair Care,Shampoo & Conditioner,,,,
HEIYING,heiying,Electronics,Accessories & Supplies,Computer Accessories,,,,
OneNine,onenine,Electronics,Accessories & Supplies,Cell Phone Accessories,,,,
Born Pretty,born-pretty,Beauty,"Foot, Hand & Nail Care",Nail Art & Polish,,,,
Lola,lola,Beauty,Hair Care,Shampoo & Conditioner,,,,
M.D. Blend,m-d-blend,Beauty,Makeup,Face,,,,
WSP Beard Oil,wsp-beard-oil,Beauty,Shave & Hair Removal,Men's,,,,
Valentino,valentino,Beauty,Fragrance,Women's,,,,
Kefotic,kefotic,Electronics,Accessories & Supplies,Camera & Photo Accessories,,,,
Smilebridge,smilebridge,Electronics,Accessories & Supplies,Audio & Video Accessories,,,,
LETONDA,letonda,Electronics,Accessories & Supplies,Computer Accessories,,,,
Svjetiq,svjetiq,Beauty,Hair Care,Hair Coloring Products,,,,
Stories & Ink Tattoo Care,stories-ink-tattoo-care,Beauty,Personal Care,Piercing & Tattoo Supplies,,,,
Leipple,leipple,Beauty,"Foot, Hand & Nail Care",Tools & Accessories,,,,
PNGKNYOCN,pngknyocn,Electronics,Accessories & Supplies,Computer Accessories,,,,
Nylavee,nylavee,Electronics,Accessories & Supplies,Computer Accessories,,,,
Jusbuya,jusbuya,Beauty,"Foot, Hand & Nail Care",Nail Art & Polish,,,,
PÜR MINERALS,p-r-minerals,Beauty,Skin Care,Face,,,,
GABTRUK,gabtruk,Beauty,Shave & Hair Removal,Women's,,,,
White Rain,white-rain,Beauty,Hair Care,Shampoo & Conditioner,,,,
VONVOFF,vonvoff,Electronics,Accessories & Supplies,Vehicle Electronics Accessories,,,,
CHARMMAN,charmman,Beauty,Shave & Hair Removal,Men's,,,,
JASVERLIN,jasverlin,Beauty,Hair Care,Hair Accessories,,,,
OiDiPi,oidipi,Electronics,Accessories & Supplies,Microphones,,,,
Anastasia Beverly Hills,anastasia-beverly-hills,Beauty,Makeup,Eyes,anastasiabeverlyhills.com,,,1
Plantronics,plantronics,Electronics,Accessories & Supplies,Cell Phone Accessories,,,,
MOFEEZ,mofeez,Electronics,Accessories & Supplies,Vehicle Electronics Accessories,,,,
YUDAOHAIR,yudaohair,Beauty,Hair Care,"Extensions, Wigs & Accessories",,,,
TUMI,tumi,Beauty,Fragrance,Men's,,,,
HEWLETT PACKARD,hewlett-packard,Electronics,Accessories & Supplies,Cables,,,,
HLDS,hlds,Electronics,Computers & Accessories,Computer Components,,,,
torktak,torktak,Beauty,"Foot, Hand & Nail Care",Tools & Accessories,,,,
Google,google,Electronics,Cell Phones & Accessories,Carrier Cell Phones,google.com,,,
VANKEY,vankey,Electronics,Accessories & Supplies,Camera & Photo Accessories,,,,
DEARMAY,dearmay,Beauty,Makeup,Lips,,,,
Alex Tech,alex-tech,Electronics,Accessories & Supplies,Cord Management,,,,
Guteauto,guteauto,Electronics,Car & Vehicle Electronics,Car Electronics,,,,
Sosoon,sosoon,Beauty,Hair Care,Styling Tools & Appliances,,,,
Mundial,mundial,Beauty,Hair Care,Hair Cutting Tools,,,,
Froomer,froomer,Beauty,Oral Care,Dental Floss & Picks,,,,
KontrolFreek,kontrolfreek,Electronics,Video Game Consoles & Accessories,Xbox 360,,,,
YTCXXS,ytcxxs,Beauty,Hair Care,"Extensions, Wigs & Accessories",,,,
WK IEASON,wk-ieason,Beauty,Skin Care,Lip Care,,,,
Newfuture,newfuture,Electronics,Cell Phones & Accessories,"Cases, Holsters & Clips",,,,
Annie,annie,Beauty,Hair Care,Styling Tools & Appliances,,,,
Okxiri,okxiri,Beauty,Shave & Hair Removal,Women's,,,,
Konex audio,konex-audio,Electronics,Accessories & Supplies,Cell Phone Accessories,,,,
Stapels,stapels,Electronics,Accessories & Supplies,Computer Accessories,,,,
AGREJO,agrejo,Electronics,Accessories & Supplies,Computer Accessories,,,,
Rotekt1740,rotekt1740,Beauty,Hair Care,Hair Cutting Tools,,,,
HIFAU,hifau,Beauty,"Foot, Hand & Nail Care",Tools & Accessories,,,,
Save-A-Tooth,save-a-tooth,Beauty,Oral Care,Oral Pain Relief,,,,
OLYCRAFT,olycraft,Electronics,Accessories & Supplies,Audio & Video Accessories,,,,
Pacifica,pacifica,Beauty,Makeup,Makeup Remover,,,,
yuntop,yuntop,Beauty,Personal Care,Bath & Bathing Accessories,,,,
pozzolanas,pozzolanas,Electronics,Accessories & Supplies,"Batteries, Chargers & Accessories",,,,
AWELTEC,aweltec,Electronics,Accessories & Supplies,Cables,,,,
Justech,justech,Electronics,Accessories & Supplies,Television Accessories,,,,
HNUIX,hnuix,Beauty,"Foot, Hand & Nail Care",Nail Art & Polish,,,,
VCC113,vcc113,Electronics,Accessories & Supplies,Television Accessories,,,,
Bag Balm,bag-balm,Beauty,"Foot, Hand & Nail Care",Foot & Hand Care,,,,
Woody's,woody-s,Beauty,Hair Care,Shampoo & Conditioner,,,,
Cut it,cut-it,Beauty,Shave & Hair Removal,Women's,,,,
Nisha,nisha,Beauty,Hair Care,Hair Coloring Products,,,,
Pantene,pantene,Beauty,Hair Care,Shampoo & Conditioner,,,,
Framendino,framendino,Beauty,"Foot, Hand & Nail Care",Nail Art & Polish,,,,
memzuoix,memzuoix,Electronics,Accessories & Supplies,Computer Accessories,,,,
Joso,joso,Electronics,Accessories & Supplies,Computer Accessories,,,,
DELTA,delta,Beauty,Skin Care,Body,,,,
Alba Botanica,alba-botanica,Beauty,Skin Care,Body,albabotanica.com,,,
fhsbxcvb,fhsbxcvb,Electronics,Portable Audio & Video,MP3 & MP4 Player Accessories,,,,
VssoPlor,vssoplor,Electronics,Accessories & Supplies,Computer Accessories,,,,
Mia Secret,mia-secret,Beauty,"Foot, Hand & Nail Care",Nail Art & Polish,,,,
IKOCO,ikoco,Beauty,Hair Care,Hair Accessories,,,,
CFGROW,cfgrow,Beauty,Personal Care,Deodorants & Antiperspirants,,,,
Voniko,voniko,Electronics,Accessories & Supplies,"Batteries, Chargers & Accessories",,,,
OdontoMed2011,odontomed2011,Beauty,Hair Care,Hair Cutting Tools,,,,
Samyuktha,samyuktha,Beauty,Shave & Hair Removal,Men's,,,,
TOP-UP,top-up,Electronics,Accessories & Supplies,Cell Phone Accessories,,,,
KSIA,ksia,Beauty,Oral Care,Dental Floss & Picks,,,,
FocusFoto,focusfoto,Electronics,Accessories & Supplies,Camera & Photo Accessories,,,,
BW,bw,Electronics,Car & Vehicle Electronics,Car Electronics,,,,
MPC,mpc,Electronics,Car & Vehicle Electronics,Car Electronics,,,,
Okreteres,okreteres,Beauty,Oral Care,Toothpaste,,,,
Durcord,durcord,Electronics,Accessories & Supplies,Cell Phone Accessories,,,,
Eastfatkun,eastfatkun,Electronics,Camera & Photo,Video,,,,
OGILVIE,ogilvie,Beauty,Hair Care,"Hair Perms, Relaxers & Texturizers",,,,
BRILA,brila,Electronics,Accessories & Supplies,Computer Accessories,,,,
PAC,pac,Electronics,Accessories & Supplies,Vehicle Electronics Accessories,,,,
FLATRI,flatri,Beauty,Oral Care,Denture Care,,,,
ciciglow,ciciglow,Electronics,Accessories & Supplies,Telephone Accessories,,,,
BADCOLOR,badcolor,Beauty,Makeup,Body,,,,
NETGEAR,netgear,Electronics,Computers & Accessories,Networking Products,netgear.com,,,1
VESPRO,vespro,Beauty,Skin Care,Face,,,,
Chunxiao,chunxiao,Electronics,Accessories & Supplies,Audio & Video Accessories,,,,
NealGamefy,nealgamefy,Electronics,Accessories & Supplies,Computer Accessories,,,,
Freightliner,freightliner,Electronics,Accessories & Supplies,Vehicle Electronics Accessories,,,,
VANRA,vanra,Electronics,Accessories & Supplies,Computer Accessories,,,,
ACOZYKITTEN,acozykitten,Electronics,Accessories & Supplies,Computer Accessories,,,,
Milestone,milestone,Electronics,Computers & Accessories,Computers & Tablets,,,,
Leyeet,leyeet,Electronics,Television & Video,Satellite Television,,,,
arsvita,arsvita,Electronics,Accessories & Supplies,Vehicle Electronics Accessories,,,,
OPTURA HD OPTICS,optura-hd-optics,Electronics,Accessories & Supplies,Camera & Photo Accessories,,,,
SAVILAND,saviland,Beauty,"Foot, Hand & Nail Care",Nail Art & Polish,,,,
MHW-3BOMBER,mhw-3bomber,Electronics,Accessories & Supplies,Camera & Photo Accessories,,,,
GODPEE,godpee,Electronics,Accessories & Supplies,Vehicle Electronics Accessories,,,,
HaetFire,haetfire,Beauty,Shave & Hair Removal,Women's,,,,
PANO-MOUNTS,pano-mounts,Electronics,Accessories & Supplies,Vehicle Electronics Accessories,,,,
yueton,yueton,Beauty,Shave & Hair Removal,Men's,,,,
HALLEY,halley,Beauty,Hair Care,Hair Accessories,,,,
APRELM,aprelm,Beauty,"Foot, Hand & Nail Care",Tools & Accessories,,,,
BOBISUKA,bobisuka,Beauty,Makeup,Body,,,,
Rootoo,rootoo,Beauty,Hair Care,"Extensions, Wigs & Accessories",,,,
Plugable,plugable,Electronics,Computers & Accessories,Laptop Accessories,,,,
Cndons,cndons,Electronics,Accessories & Supplies,Cell Phone Accessories,,,,
Turbie Twist,turbie-twist,Beauty,Hair Care,Hair Accessories,,,,
visualsource,visualsource,Beauty,"Foot, Hand & Nail Care",Nail Care,,,,
HONUTIGE,honutige,Electronics,Home Audio,Compact Radios & Stereos,,,,
Western Digital,western-digital,Electronics,Computers & Accessories,Computer Components,westerndigital.com,,,1
Micro Traders,micro-traders,Electronics,Accessories & Supplies,Vehicle Electronics Accessories,,,,
Vikye,vikye,Electronics,Accessories & Supplies,Computer Accessories,,,,
Kxable,kxable,Electronics,Accessories & Supplies,Cables,,,,
KADES,kades,Electronics,Accessories & Supplies,Cell Phone Accessories,,,,
Aneebart,aneebart,Beauty,Oral Care,Toothbrushes & Accessories,,,,
SENBOMA,senboma,Electronics,Video Game Consoles & Accessories,Nintendo DS,,,,
SteelFever,steelfever,Electronics,Accessories & Supplies,Computer Accessories,,,,
Graftobian,graftobian,Beauty,Makeup,Makeup Sets,,,,
Mengqianxunm,mengqianxunm,Beauty,Hair Care,Hair Loss Products,,,,
Brooklyn Botany,brooklyn-botany,Beauty,Skin Care,Lip Care,,,,
BOUNIQ,bouniq,Beauty,Hair Care,Hair Accessories,,,,
JOAH,joah,Beauty,Makeup,Lips,,,,
JoJoiasTop,jojoiastop,Electronics,Accessories & Supplies,"Batteries, Chargers & Accessories",,,,
ELEGICKLIP,elegicklip,Electronics,Accessories & Supplies,Camera & Photo Accessories,,,,
FXNFXLA,fxnfxla,Electronics,Portable Audio & Video,Portable & Handheld TVs,,,,
Le Tan,le-tan,Beauty,Makeup,Body,,,,
Transfer Home Movies,transfer-home-movies,Electronics,Accessories & Supplies,Camera & Photo Accessories,,,,
Panier des Sens,panier-des-sens,Beauty,"Foot, Hand & Nail Care",Foot & Hand Care,,,,
JcBlaon,jcblaon,Electronics,Accessories & Supplies,Power Protection,,,,
Optimum Therapeutic Solutions,optimum-therapeutic-solutions,Beauty,"Foot, Hand & Nail Care",Nail Care,,,,
EBEWANLI,ebewanli,Beauty,"Foot, Hand & Nail Care",Tools & Accessories,,,,
socw,socw,Electronics,Accessories & Supplies,Computer Accessories,,,,
Eldraqth,eldraqth,Beauty,Hair Care,Hair Accessories,,,,
Almay,almay,Beauty,Makeup,Makeup Remover,almay.com,,,1
Wingtech,wingtech,Electronics,Cell Phones & Accessories,Carrier Cell Phones,,,,
Nad's,nad-s,Beauty,Shave & Hair Removal,Women's,,,,
Bay State Importers,bay-state-importers,Beauty,"Foot, Hand & Nail Care",Foot & Hand Care,,,,
meskenub,meskenub,Beauty,Shave & Hair Removal,Women's,,,,
The Oil Bar,the-oil-bar,Beauty,Personal Care,Bath & Bathing Accessories,,,,
Lindy,lindy,Electronics,Accessories & Supplies,Computer Accessories,,,,
Soapeauty,soapeauty,Beauty,Personal Care,Bath & Bathing Accessories,,,,
Charmyth,charmyth,Beauty,"Foot, Hand & Nail Care",Foot & Hand Care,,,,
Five Brothers Products,five-brothers-products,Beauty,Hair Care,Hair Masks,,,,
Primal Elements,primal-elements,Beauty,Personal Care,Bath & Bathing Accessories,,,,
YYDBS,yydbs,Electronics,Computers & Accessories,Tablet Accessories,,,,
Sharp,sharp,Electronics,Home Audio,Compact Radios & Stereos,sharp.com,,,1
LuBanSir,lubansir,Electronics,Accessories & Supplies,Cord Management,,,,
tokerut,tokerut,Beauty,"Foot, Hand & Nail Care",Nail Art & Polish,,,,
FOSA,fosa,Electronics,Accessories & Supplies,Cell Phone Accessories,,,,
hejhncii,hejhncii,Beauty,"Foot, Hand & Nail Care",Nail Art & Polish,,,,
VBANU,vbanu,Electronics,Wearable Technology,Accessories,,,,
MIGHTY SKINS,mighty-skins,Electronics,Portable Audio & Video,MP3 & MP4 Player Accessories,,,,
new brand,new-brand,Electronics,Video Game Consoles & Accessories,Xbox 360,,,,
PVIPCZ,pvipcz,Electronics,Accessories & Supplies,Computer Accessories,,,,
Lilingsty,lilingsty,Beauty,Shave & Hair Removal,Men's,,,,
POBADY,pobady,Electronics,Car & Vehicle Electronics,Car Electronics,,,,
Sendt,sendt,Electronics,Computers & Accessories,Laptop Accessories,,,,
MENTHOLATUM COMPANY INC ***,mentholatum-company-inc-,Beauty,Oral Care,Oral Pain Relief,,,,
UIGOCLE,uigocle,Electronics,Accessories & Supplies,Cables,,,,
Good Molecules,good-molecules,Beauty,Skin Care,Face,,,,
Dataproducts,dataproducts,Electronics,Accessories & Supplies,Computer Accessories,,,,
NICKA K NEW YORK,nicka-k-new-york,Beauty,Makeup,Lips,,,,
Sunburnt,sunburnt,Beauty,Skin Care,Sunscreens & Tanning Products,,,,
Max Green Alchemy,max-green-alchemy,Beauty,Shave & Hair Removal,Men's,,,,
Kikonoke,kikonoke,Beauty,"Foot, Hand & Nail Care",Nail Art & Polish,,,,
50th Anniversary of Hip Hop,50th-anniversary-of-hip-hop,Electronics,Accessories & Supplies,Cell Phone Accessories,,,,
TASRANK,tasrank,Beauty,Personal Care,Piercing & Tattoo Supplies,,,,
HAPPYMOMO,happymomo,Beauty,Oral Care,Toothbrushes & Accessories,,,,
Cafetec,cafetec,Electronics,Accessories & Supplies,Cell Phone Accessories,,,,
Polarlander,polarlander,Electronics,Accessories & Supplies,Vehicle Electronics Accessories,,,,
RoadPro,roadpro,Electronics,Accessories & Supplies,Cables,,,,
Walker Tape,walker-tape,Beauty,Hair Care,"Extensions, Wigs & Accessories",,,,
Shkalacar,shkalacar,Electronics,Accessories & Supplies,Vehicle Electronics Accessories,,,,
Inartato,inartato,Beauty,"Foot, Hand & Nail Care",Nail Art & Polish,,,,
Triple Vitamin Dip,triple-vitamin-dip,Beauty,"Foot, Hand & Nail Care",Nail Art & Polish,,,,
Tiametjw,tiametjw,Beauty,Makeup,Body,,,,
ZhuHuaHui,zhuhuahui,Electronics,Accessories & Supplies,Camera & Photo Accessories,,,,
ÖkoStamm,-kostamm,Beauty,"Foot, Hand & Nail Care",Tools & Accessories,,,,
Flamingo,flamingo,Beauty,Shave & Hair Removal,Women's,,,,
OVX,ovx,Beauty,"Foot, Hand & Nail Care",Nail Art & Polish,,,,
1 Factory Radio,1-factory-radio,Electronics,Car & Vehicle Electronics,Car Electronics,,,,
MMPANG,mmpang,Beauty,Skin Care,Face,,,,
BetterYou,betteryou,Beauty,Personal Care,Bath & Bathing Accessories,,,,
Airspun,airspun,Beauty,Makeup,Face,,,,
SP CONNECT,sp-connect,Electronics,Accessories & Supplies,Vehicle Electronics Accessories,,,,
LogFaadCoi,logfaadcoi,Beauty,Personal Care,Piercing & Tattoo Supplies,,,,
Bremorou,bremorou,Beauty,"Foot, Hand & Nail Care",Tools & Accessories,,,,
KmaxShip,kmaxship,Beauty,"Foot, Hand & Nail Care",Nail Care,,,,
STUDIOFINIX,studiofinix,Electronics,Home Audio,Speakers,,,,
Nail Tek,nail-tek,Beauty,"Foot, Hand & Nail Care",Nail Care,,,,
De-Bin,de-bin,Electronics,Cell Phones & Accessories,"Cases, Holsters & Clips",,,,
Optiplex,optiplex,Electronics,Computers & Accessories,Computers & Tablets,,,,
BLAVOR,blavor,Electronics,Accessories & Supplies,Cell Phone Accessories,,,,
OTBK,otbk,Beauty,Personal Care,Piercing & Tattoo Supplies,,,,
ApexWaveTV,apexwavetv,Electronics,Accessories & Supplies,Television Accessories,,,,
OaaXbbECco,oaaxbbecco,Electronics,Accessories & Supplies,"Batteries, Chargers & Accessories",,,,
WAVYPO,wavypo,Electronics,Accessories & Supplies,Cell Phone Accessories,,,,
Hzevn,hzevn,Electronics,Accessories & Supplies,Cell Phone Accessories,,,,
AKESR,akesr,Electronics,Accessories & Supplies,Cell Phone Accessories,,,,
HUACAM,huacam,Electronics,Accessories & Supplies,Microphones,,,,
Bozenu,bozenu,Beauty,Oral Care,Orthodontic Supplies,,,,
KHGUZ,khguz,Electronics,Accessories & Supplies,Vehicle Electronics Accessories,,,,
IMEASY,imeasy,Beauty,Skin Care,Eyes,,,,
BosleyMD,bosleymd,Beauty,Hair Care,Shampoo & Conditioner,,,,
AVRYBEAUTY,avrybeauty,Beauty,"Foot, Hand & Nail Care",Foot & Hand Care,,,,
Paeiope,paeiope,Electronics,Portable Audio & Video,Radios,,,,
BRAMMH,brammh,Electronics,Car & Vehicle Electronics,Car Electronics,,,,
ZAPALA expert,zapala-expert,Electronics,Home Audio,Compact Radios & Stereos,,,,
TIRDET,tirdet,Beauty,Skin Care,Face,,,,
ROMIIE ZOI,romiie-zoi,Beauty,"Foot, Hand & Nail Care",Foot & Hand Care,,,,
Quanmin,quanmin,Electronics,Accessories & Supplies,Camera & Photo Accessories,,,,
Akasha Superfoods,akasha-superfoods,Beauty,Skin Care,Face,,,,
Tisino,tisino,Electronics,Accessories & Supplies,Microphones,,,,
TUIREL,tuirel,Beauty,Shave & Hair Removal,Men's,,,,
SLQ,slq,Electronics,Accessories & Supplies,Computer Accessories,,,,
MKLKSDH,mklksdh,Beauty,"Foot, Hand & Nail Care",Nail Art & Polish,,,,
Flexitol,flexitol,Beauty,"Foot, Hand & Nail Care",Foot & Hand Care,,,,
Sangean,sangean,Electronics,Accessories & Supplies,Television Accessories,sangean.com,,,
INDUS VALLEY,indus-valley,Beauty,Hair Care,Hair Coloring Products,,,,
TELRAD,telrad,Electronics,Accessories & Supplies,Camera & Photo Accessories,,,,
UARUOGP,uaruogp,Beauty,"Foot, Hand & Nail Care",Nail Art & Polish,,,,
111MedCo,111medco,Beauty,Skin Care,Face,,,,
JXE JXO,jxe-jxo,Beauty,Oral Care,Oral Pain Relief,,,,
MELTINGTABS,meltingtabs,Beauty,"Foot, Hand & Nail Care",Foot & Hand Care,,,,
NVIDIA,nvidia,Electronics,Computers & Accessories,Computers & Tablets,,,,
JR.DM,jr-dm,Electronics,Accessories & Supplies,Cell Phone Accessories,,,,
Lamroyce,lamroyce,Electronics,Accessories & Supplies,Computer Accessories,,,,
HSHHPZ,hshhpz,Beauty,Hair Care,Styling Tools & Appliances,,,,
MBODMI,mbodmi,Electronics,Accessories & Supplies,Computer Accessories,,,,
ZIIVIEVS,ziivievs,Beauty,"Foot, Hand & Nail Care",Nail Care,,,,
EpicDev,epicdev,Electronics,Accessories & Supplies,Television Accessories,,,,
FIOBEE,fiobee,Beauty,Hair Care,Hair Accessories,,,,
Sprsthai,sprsthai,Electronics,Accessories & Supplies,Camera & Photo Accessories,,,,
Cortex International,cortex-international,Beauty,Hair Care,Styling Tools & Appliances,,,,
BOSS,boss,Electronics,Accessories & Supplies,Microphones,boss.info,,,
JOYWISE,joywise,Electronics,Accessories & Supplies,Cell Phone Accessories,,,,
Sokelinn-six,sokelinn-six,Electronics,Accessories & Supplies,Computer Accessories,,,,
TAONE,taone,Beauty,Personal Care,Piercing & Tattoo Supplies,,,,
ATOMUS,atomus,Beauty,Personal Care,Piercing & Tattoo Supplies,,,,
PRO NAIL,pro-nail,Beauty,"Foot, Hand & Nail Care",Nail Art & Polish,,,,
Nicki Minaj,nicki-minaj,Beauty,Fragrance,Sets,,,,
Hoelg,hoelg,Beauty,Shave & Hair Removal,Women's,,,,
Eeghurt,eeghurt,Beauty,Oral Care,Toothbrushes & Accessories,,,,
hinbkenla,hinbkenla,Beauty,Hair Care,Hair Loss Products,,,,
Droppin HZ Car Audio,droppin-hz-car-audio,Electronics,Accessories & Supplies,Vehicle Electronics Accessories,,,,
WEIPIN,weipin,Electronics,Accessories & Supplies,Vehicle Electronics Accessories,,,,
Simply Beautiful,simply-beautiful,Beauty,Shave & Hair Removal,Men's,,,,
Pursonic,pursonic,Beauty,Shave & Hair Removal,Women's,,,,
FORTATO,fortato,Beauty,Personal Care,Piercing & Tattoo Supplies,,,,
SAOPRKLER,saoprkler,Electronics,Accessories & Supplies,Cell Phone Accessories,,,,
Ken-Tech,ken-tech,Electronics,Home Audio,Compact Radios & Stereos,,,,
Pepsodent,pepsodent,Beauty,Oral Care,Denture Care,,,,
Tazimi,tazimi,Beauty,Makeup,Body,,,,
high time,high-time,Beauty,Shave & Hair Removal,Women's,,,,
icolor,icolor,Electronics,Computers & Accessories,Laptop Accessories,,,,
PDAPTMAG,pdaptmag,Electronics,Computers & Accessories,Computer Components,,,,
TRAUSI,trausi,Electronics,Accessories & Supplies,Computer Accessories,,,,
AnoleAir,anoleair,Beauty,"Foot, Hand & Nail Care",Nail Art & Polish,,,,
COOSKIN,cooskin,Electronics,Accessories & Supplies,Computer Accessories,,,,
RaceGT,racegt,Electronics,Accessories & Supplies,Computer Accessories,,,,
Aurivor,aurivor,Electronics,Accessories & Supplies,Audio & Video Accessories,,,,
STRIPES,stripes,Beauty,Skin Care,Body,,,,
Ferrari,ferrari,Beauty,Fragrance,Men's,,,,
VOCOSTE,vocoste,Electronics,Accessories & Supplies,Cell Phone Accessories,,,,
GS Power,gs-power,Electronics,Accessories & Supplies,Audio & Video Accessories,,,,
IATOY,iatoy,Beauty,Fragrance,Sets,,,,
Dmiosw,dmiosw,Electronics,Accessories & Supplies,Cell Phone Accessories,,,,
BIONOVA,bionova,Beauty,Skin Care,Face,,,,
GUOANVISION,guoanvision,Electronics,Camera & Photo,Video Surveillance,,,,
Texas Instruments,texas-instruments,Electronics,Accessories & Supplies,Office Electronics Accessories,,,,
Asqraqo,asqraqo,Beauty,Hair Care,Hair Coloring Products,,,,
xcivi,xcivi,Electronics,Wearable Technology,Accessories,,,,
glaryyears,glaryyears,Beauty,Makeup,Body,,,,
Profusion Cosmetics,profusion-cosmetics,Beauty,Makeup,Lips,,,,
WOZUTUNT,wozutunt,Beauty,Hair Care,Hair Loss Products,,,,
Metene,metene,Beauty,Personal Care,Bath & Bathing Accessories,,,,
Samdray,samdray,Electronics,Accessories & Supplies,Computer Accessories,,,,
WILDWELLO,wildwello,Beauty,Oral Care,Toothbrushes & Accessories,,,,
KINXIYU,kinxiyu,Electronics,Accessories & Supplies,Telephone Accessories,,,,
Magcubic,magcubic,Electronics,Accessories & Supplies,Computer Accessories,,,,
Fovcos,fovcos,Beauty,Makeup,Face,,,,
KHNJDQ,khnjdq,Electronics,Accessories & Supplies,Cables,,,,
First Botany,first-botany,Beauty,Skin Care,Body,,,,
OWC,owc,Electronics,Accessories & Supplies,Computer Accessories,owc.com,,,
Pongnas,pongnas,Beauty,Shave & Hair Removal,Women's,,,,
Skinerals,skinerals,Beauty,Skin Care,Sunscreens & Tanning Products,,,,
BARE BOTANICS,bare-botanics,Beauty,Skin Care,Body,,,,
Atheewon,atheewon,Electronics,Accessories & Supplies,Cell Phone Accessories,,,,
AooCare,aoocare,Electronics,Accessories & Supplies,Television Accessories,,,,
PUNOLAZY,punolazy,Beauty,Shave & Hair Removal,Women's,,,,
WONDERfoam,wonderfoam,Beauty,Personal Care,Bath & Bathing Accessories,,,,
XXSZHY,xxszhy,Beauty,Shave & Hair Removal,Men's,,,,
FICBOX,ficbox,Electronics,Car & Vehicle Electronics,Car Electronics,,,,
Nfijnlt,nfijnlt,Beauty,Shave & Hair Removal,Men's,,,,
USKICH,uskich,Beauty,Oral Care,Toothpaste,,,,
GL.iNet,gl-inet,Electronics,Computers & Accessories,Networking Products,,,,
TXEsign,txesign,Electronics,Portable Audio & Video,MP3 & MP4 Player Accessories,,,,
Athlon Optics,athlon-optics,Electronics,Camera & Photo,Binoculars & Scopes,,,,
YorkTattooMall,yorktattoomall,Beauty,Personal Care,Piercing & Tattoo Supplies,,,,
HALSTON,halston,Beauty,Fragrance,Men's,,,,
CDHKOZ,cdhkoz,Electronics,Video Game Consoles & Accessories,Xbox 360,,,,
AngKng,angkng,Beauty,Hair Care,Styling Tools & Appliances,,,,
XTREME,xtreme,Electronics,Accessories & Supplies,Vehicle Electronics Accessories,,,,
SNOW,snow,Beauty,Skin Care,Lip Care,,,,
IeBilif,iebilif,Beauty,Skin Care,Face,,,,
California JOS,california-jos,Electronics,Accessories & Supplies,Audio & Video Accessories,,,,
pbd,pbd,Electronics,Accessories & Supplies,Television Accessories,,,,
PICTRON,pictron,Electronics,Accessories & Supplies,Camera & Photo Accessories,,,,
MEKASS,mekass,Electronics,Accessories & Supplies,Computer Accessories,,,,
Nexxus,nexxus,Beauty,Hair Care,Hair Masks,,,,
A ALSTAR,a-alstar,Electronics,Accessories & Supplies,Camera & Photo Accessories,,,,
DAKORIE,dakorie,Electronics,Cell Phones & Accessories,"Cases, Holsters & Clips",,,,
Italwax,italwax,Beauty,Shave & Hair Removal,Women's,,,,
ISDIN,isdin,Beauty,Skin Care,Eyes,,,,
DYNESSE,dynesse,Beauty,"Foot, Hand & Nail Care",Tools & Accessories,,,,
DIVINA VITAE,divina-vitae,Beauty,Oral Care,Denture Care,,,,
Mederma,mederma,Beauty,Skin Care,Maternity,,,,
N\A,n-a,Electronics,Computers & Accessories,Computer Components,,,,
Tropical Shine,tropical-shine,Beauty,"Foot, Hand & Nail Care",Nail Care,,,,
HONGJIEYUAN,hongjieyuan,Electronics,Accessories & Supplies,Microphones,,,,
Tiefebene,tiefebene,Beauty,Hair Care,Hair Accessories,,,,
JacobsParts,jacobsparts,Electronics,Accessories & Supplies,Audio & Video Accessories,,,,
Yoken,yoken,Beauty,Skin Care,Body,,,,
Raddy,raddy,Electronics,Portable Audio & Video,Radios,,,,
IFUNSON,ifunson,Beauty,"Foot, Hand & Nail Care",Tools & Accessories,,,,
RISEOFLE,riseofle,Electronics,Accessories & Supplies,Camera & Photo Accessories,,,,
YZDJQX,yzdjqx,Beauty,Shave & Hair Removal,Women's,,,,
Coleya,coleya,Electronics,Accessories & Supplies,Vehicle Electronics Accessories,,,,
Winchester,winchester,Electronics,Camera & Photo,Binoculars & Scopes,,,,
UTEBIT,utebit,Electronics,Accessories & Supplies,Camera & Photo Accessories,,,,
Jelara,jelara,Beauty,Hair Care,Hair Accessories,,,,
Monster,monster,Electronics,Accessories & Supplies,Cell Phone Accessories,monsterstore.com,,,
Retinol,retinol,Beauty,Skin Care,Eyes,,,,
VogueNow,voguenow,Beauty,Skin Care,Sets & Kits,,,,
Papablic,papablic,Beauty,Oral Care,Children's Dental Care,,,,
FEQIN,feqin,Electronics,Accessories & Supplies,Television Accessories,,,,
Botesty Sound,botesty-sound,Electronics,Accessories & Supplies,Cell Phone Accessories,,,,
Polk Audio,polk-audio,Electronics,Home Audio,Speakers,polkaudio.com,,,1
Nbbiww,nbbiww,Electronics,Accessories & Supplies,Camera & Photo Accessories,,,,
waka,waka,Electronics,Accessories & Supplies,Camera & Photo Accessories,,,,
Bestechy,bestechy,Beauty,Shave & Hair Removal,Women's,,,,
RackSolutions,racksolutions,Electronics,Computers & Accessories,Warranties & Services,,,,
YEARBEIHAO,yearbeihao,Electronics,Accessories & Supplies,Cell Phone Accessories,,,,
Jouer,jouer,Beauty,Skin Care,Eyes,,,,
Geiserailie,geiserailie,Beauty,Shave & Hair Removal,Men's,,,,
SKINN,skinn,Beauty,Skin Care,Face,,,,
Semaiki,semaiki,Electronics,Camera & Photo,Underwater Photography,,,,
VRUIVR,vruivr,Electronics,Video Game Consoles & Accessories,Xbox 360,,,,
Danvren,danvren,Beauty,Hair Care,Hair Coloring Products,,,,
VIBLOK,viblok,Beauty,Shave & Hair Removal,Women's,,,,
derloyo,derloyo,Beauty,Shave & Hair Removal,Women's,,,,
ADILSWIL,adilswil,Electronics,Accessories & Supplies,Cables,,,,
Greechane,greechane,Electronics,Accessories & Supplies,Computer Accessories,,,,
YEOUTH,yeouth,Beauty,Skin Care,Face,,,,
Smart&Cool,smart-cool,Electronics,Accessories & Supplies,Cord Management,,,,
Alpine,alpine,Electronics,Car & Vehicle Electronics,Car Electronics,,,,
Wanmat,wanmat,Beauty,"Foot, Hand & Nail Care",Tools & Accessories,,,,
TXY,txy,Electronics,Accessories & Supplies,"Batteries, Chargers & Accessories",,,,
PALOKA,paloka,Electronics,Accessories & Supplies,Cord Management,,,,
HIMARKLIF,himarklif,Electronics,Accessories & Supplies,Vehicle Electronics Accessories,,,,
DoroSun,dorosun,Beauty,"Foot, Hand & Nail Care",Tools & Accessories,,,,
Natrulo,natrulo,Beauty,Skin Care,Face,,,,
GEODMAER,geodmaer,Electronics,Accessories & Supplies,Computer Accessories,,,,
IDEALEX,idealex,Beauty,"Foot, Hand & Nail Care",Nail Care,,,,
Saxialy,saxialy,Electronics,Accessories & Supplies,Microphones,,,,
RadioShack,radioshack,Electronics,Accessories & Supplies,"Batteries, Chargers & Accessories",,,,
XINTUO,xintuo,Electronics,Accessories & Supplies,Vehicle Electronics Accessories,,,,
Aztec Secret,aztec-secret,Beauty,Skin Care,Face,,,,
Czarixa,czarixa,Electronics,Accessories & Supplies,Camera & Photo Accessories,,,,
KooingTech,kooingtech,Beauty,Shave & Hair Removal,Men's,,,,
RIKGYHA,rikgyha,Electronics,Accessories & Supplies,Microphones,,,,
LORD OF LEISURE,lord-of-leisure,Electronics,Wearable Technology,Accessories,,,,
BEAUTY MADE EASY,beauty-made-easy,Beauty,Makeup,Lips,,,,
Honkenda,honkenda,Beauty,"Foot, Hand & Nail Care",Nail Art & Polish,,,,
WUNDERBROW,wunderbrow,Beauty,Makeup,Lips,,,,
Claire's,claire-s,Beauty,Hair Care,Hair Coloring Products,,,,
FNTCASE,fntcase,Electronics,Cell Phones & Accessories,"Cases, Holsters & Clips",,,,
newrichbee,newrichbee,Beauty,Personal Care,Bath & Bathing Accessories,,,,
Eichzer,eichzer,Electronics,Accessories & Supplies,Audio & Video Accessories,,,,
USX MOUNT,usx-mount,Electronics,Accessories & Supplies,Audio & Video Accessories,,,,
KISEER,kiseer,Beauty,Oral Care,Denture Care,,,,
Hosyond,hosyond,Electronics,Accessories & Supplies,Computer Accessories,,,,
River Lake,river-lake,Beauty,Shave & Hair Removal,Men's,,,,
GINTOOYUN,gintooyun,Electronics,Accessories & Supplies,Computer Accessories,,,,
BUMBLE BEE,bumble-bee,Beauty,Shave & Hair Removal,Women's,,,,
iDaPro,idapro,Electronics,Accessories & Supplies,Camera & Photo Accessories,,,,
FBLFOBELI,fblfobeli,Electronics,Accessories & Supplies,Computer Accessories,,,,
XOCLON,xoclon,Electronics,Accessories & Supplies,Computer Accessories,,,,
YAYA NAILS,yaya-nails,Beauty,"Foot, Hand & Nail Care",Nail Art & Polish,,,,
KeraFiber,kerafiber,Beauty,Hair Care,Hair Loss Products,,,,
VOYEE,voyee,Electronics,Accessories & Supplies,Computer Accessories,,,,
GKUGEYGO,gkugeygo,Electronics,Accessories & Supplies,Camera & Photo Accessories,,,,
AILENICE,ailenice,Electronics,Camera & Photo,Video,,,,
BULLZ AUDIO,bullz-audio,Electronics,Accessories & Supplies,Vehicle Electronics Accessories,,,,
I'm from,i-m-from,Beauty,Skin Care,Face,,,,
AXE FACE,axe-face,Beauty,Shave & Hair Removal,Men's,,,,
EEEKit,eeekit,Electronics,Accessories & Supplies,Camera & Photo Accessories,,,,
Pentax,pentax,Electronics,Camera & Photo,Film Photography,ricoh-imaging.co.jp,,,1
HoYiXi,hoyixi,Electronics,eBook Readers & Accessories,Sleeves,,,,
Safetec,safetec,Beauty,Oral Care,Oral Pain Relief,,,,
Eafinesy,eafinesy,Electronics,Computers & Accessories,Laptop Accessories,,,,
WINSTECK,winsteck,Beauty,Personal Care,Bath & Bathing Accessories,,,,
Apojgitn,apojgitn,Beauty,"Foot, Hand & Nail Care",Nail Art & Polish,,,,
LALAFINA,lalafina,Beauty,Hair Care,Hair Coloring Products,,,,
SUPERDANNY,superdanny,Electronics,Accessories & Supplies,Power Strips & Surge Protectors,,,,
cokoness,cokoness,Beauty,Skin Care,Face,,,,
Bates Choice,bates-choice,Electronics,Accessories & Supplies,Cord Management,,,,
SEYMAC stock,seymac-stock,Electronics,Computers & Accessories,Tablet Accessories,,,,
PhysAssist,physassist,Beauty,"Foot, Hand & Nail Care",Foot & Hand Care,,,,
Plauva,plauva,Beauty,"Foot, Hand & Nail Care",Nail Art & Polish,,,,
ShanVa,shanva,Electronics,Accessories & Supplies,Camera & Photo Accessories,,,,
NUTLET,nutlet,Beauty,Oral Care,Denture Care,,,,
Molain,molain,Beauty,Hair Care,Hair Accessories,,,,
TriPro,tripro,Electronics,Accessories & Supplies,Telephone Accessories,,,,
GleYo,gleyo,Electronics,Computers & Accessories,Laptop Accessories,,,,
FOEASY,foeasy,Electronics,Accessories & Supplies,Camera & Photo Accessories,,,,
AntennaMastsRus,antennamastsrus,Electronics,Accessories & Supplies,Vehicle Electronics Accessories,,,,
IMAGE,image,Electronics,Accessories & Supplies,Camera & Photo Accessories,,,,
ELECOM,elecom,Electronics,Accessories & Supplies,Computer Accessories,,,,
Yoidesu,yoidesu,Electronics,Accessories & Supplies,Cell Phone Accessories,,,,
EIen,eien,Beauty,Shave & Hair Removal,Men's,,,,
ENCASED,encased,Electronics,Accessories & Supplies,Vehicle Electronics Accessories,,,,
Hausadler,hausadler,Beauty,"Foot, Hand & Nail Care",Nail Art & Polish,,,,
E Elegance,e-elegance,Beauty,Shave & Hair Removal,Men's,,,,
BARBICIDE,barbicide,Beauty,Hair Care,Hair Coloring Products,,,,
EWAY,eway,Electronics,Accessories & Supplies,Vehicle Electronics Accessories,,,,
LeadSeals,leadseals,Electronics,Accessories & Supplies,Cord Management,,,,
Chromatique Professional,chromatique-professional,Beauty,Hair Care,Hair Loss Products,,,,
Gegraterwa,gegraterwa,Electronics,Accessories & Supplies,Vehicle Electronics Accessories,,,,
MTWZMM,mtwzmm,Electronics,Home Audio,Stereo System Components,,,,
CaseBuy,casebuy,Electronics,Accessories & Supplies,Computer Accessories,,,,
MikroTik,mikrotik,Electronics,Computers & Accessories,Computers & Tablets,,,,
SATIN,satin,Beauty,Hair Care,Hair Coloring Products,,,,
IBM,ibm,Electronics,Accessories & Supplies,Computer Accessories,ibm.com,,,1
Aquario,aquario,Electronics,Accessories & Supplies,Television Accessories,,,,
Sinoacc,sinoacc,Electronics,Accessories & Supplies,Cell Phone Accessories,,,,
XSKN,xskn,Electronics,Accessories & Supplies,Computer Accessories,,,,
EMEET,emeet,Electronics,Accessories & Supplies,Computer Accessories,,,,
I-Gen,i-gen,Electronics,Accessories & Supplies,"Batteries, Chargers & Accessories",,,,
HYFEEL,hyfeel,Beauty,Hair Care,Hair Accessories,,,,
Jubolion,jubolion,Beauty,"Foot, Hand & Nail Care",Tools & Accessories,,,,
ULTIBELA,ultibela,Beauty,Skin Care,Face,,,,
LEIFIRE,leifire,Beauty,"Foot, Hand & Nail Care",Tools & Accessories,,,,
JZCreater,jzcreater,Electronics,Accessories & Supplies,Computer Accessories,,,,
Probelle,probelle,Beauty,"Foot, Hand & Nail Care",Tools & Accessories,,,,
SnoBar,snobar,Electronics,Accessories & Supplies,Television Accessories,,,,
KOPBTBOY,kopbtboy,Beauty,Oral Care,Toothbrushes & Accessories,,,,
The Outset,the-outset,Beauty,Skin Care,Face,,,,
ANWA,anwa,Beauty,Hair Care,Styling Tools & Appliances,,,,
KCEVE,kceve,Electronics,Computers & Accessories,Computer Components,,,,
Juvia's Place,juvia-s-place,Beauty,Makeup,Makeup Palettes,,,,
DORHEA,dorhea,Electronics,Accessories & Supplies,Camera & Photo Accessories,,,,
CLEAN SKIN CLUB,clean-skin-club,Beauty,Skin Care,Face,,,,
BIVOL,bivol,Electronics,Accessories & Supplies,Computer Accessories,,,,
HANGSUN,hangsun,Beauty,Oral Care,Dental Floss & Picks,,,,
CHEOKINGBA,cheokingba,Beauty,Skin Care,Face,,,,
Petyoung,petyoung,Beauty,Shave & Hair Removal,Women's,,,,
Monghuis,monghuis,Beauty,Shave & Hair Removal,Women's,,,,
SEEHOM,seehom,Beauty,Shave & Hair Removal,Men's,,,,
Bdiskky,bdiskky,Electronics,Accessories & Supplies,Camera & Photo Accessories,,,,
Cysljoyful,cysljoyful,Electronics,Accessories & Supplies,"Batteries, Chargers & Accessories",,,,
Surface Sun Systems,surface-sun-systems,Beauty,Skin Care,Sunscreens & Tanning Products,,,,
LENRUE,lenrue,Electronics,Accessories & Supplies,Cell Phone Accessories,,,,
Bestidy,bestidy,Beauty,"Foot, Hand & Nail Care",Nail Art & Polish,,,,
Azymi,azymi,Beauty,Personal Care,Bath & Bathing Accessories,,,,
D & K Exclusives,d-k-exclusives,Electronics,Accessories & Supplies,Audio & Video Accessories,,,,
MAHAHUM,mahahum,Electronics,Computers & Accessories,Computer Components,,,,
Leuxe,leuxe,Beauty,Shave & Hair Removal,Men's,,,,
TAVOSOP,tavosop,Electronics,Accessories & Supplies,Microphones,,,,
Tanceuticals,tanceuticals,Beauty,Skin Care,Sunscreens & Tanning Products,,,,
Vera Botanics,vera-botanics,Beauty,Makeup,Eyes,,,,
Ubramac,ubramac,Electronics,Accessories & Supplies,Telephone Accessories,,,,
Charlotte Tilbury,charlotte-tilbury,Beauty,Skin Care,Face,charlottetilbury.com,,,1
NOVAL,noval,Beauty,"Foot, Hand & Nail Care",Foot & Hand Care,,,,
promitop,promitop,Electronics,Computers & Accessories,Laptop Accessories,,,,
CABNEER,cabneer,Electronics,Accessories & Supplies,Computer Accessories,,,,
DDI,ddi,Electronics,Accessories & Supplies,Television Accessories,,,,
conwhzc,conwhzc,Beauty,Personal Care,Bath & Bathing Accessories,,,,
SnawikiBag,snawikibag,Electronics,Accessories & Supplies,Cell Phone Accessories,,,,
OMAIC,omaic,Electronics,Accessories & Supplies,Computer Accessories,,,,
Plaque Buster,plaque-buster,Beauty,Oral Care,Gum Stimulators,,,,
Narciso Rodriguez,narciso-rodriguez,Beauty,Fragrance,Women's,,,,
FORIDA,forida,Electronics,Accessories & Supplies,Computer Accessories,,,,
KETAR,ketar,Beauty,"Foot, Hand & Nail Care",Foot & Hand Care,,,,
Anglepingping,anglepingping,Electronics,Accessories & Supplies,Cell Phone Accessories,,,,
NATURE WELL,nature-well,Beauty,Skin Care,Body,,,,
ARISSON,arisson,Beauty,Oral Care,Toothbrushes & Accessories,,,,
Ammibattery,ammibattery,Electronics,Computers & Accessories,Tablet Replacement Parts,,,,
Amallow,amallow,Beauty,Skin Care,Body,,,,
ACEMAGIC,acemagic,Electronics,Computers & Accessories,Computers & Tablets,,,,
MIYAKO,miyako,Electronics,Accessories & Supplies,Audio & Video Accessories,,,,
NVRADCHUA,nvradchua,Electronics,Computers & Accessories,Computer Components,,,,
EXTFOA,extfoa,Electronics,Accessories & Supplies,Computer Accessories,,,,
WDLYAN,wdlyan,Electronics,Accessories & Supplies,Office Electronics Accessories,,,,
BOSS Audio Systems,boss-audio-systems,Electronics,Accessories & Supplies,Vehicle Electronics Accessories,bossaudio.com,,,
NAIL ANGEL,nail-angel,Beauty,"Foot, Hand & Nail Care",Nail Art & Polish,,,,
KV.YSHQLNE,kv-yshqlne,Beauty,"Foot, Hand & Nail Care",Tools & Accessories,,,,
Ntwinro,ntwinro,Electronics,Cell Phones & Accessories,"Cases, Holsters & Clips",,,,
galawelly,galawelly,Electronics,Accessories & Supplies,Cell Phone Accessories,,,,
Luxspire,luxspire,Beauty,Makeup,Makeup Palettes,,,,
United Scientific,united-scientific,Electronics,Accessories & Supplies,Camera & Photo Accessories,,,,
Aeheqkl,aeheqkl,Electronics,Portable Audio & Video,MP3 & MP4 Players,,,,
sdoot,sdoot,Beauty,Hair Care,Hair Coloring Products,,,,
YISHU,yishu,Electronics,Accessories & Supplies,Power Strips & Surge Protectors,,,,
Jaasuee,jaasuee,Beauty,Shave & Hair Removal,Men's,,,,
VRMASTER,vrmaster,Electronics,Wearable Technology,Accessories,,,,
Frizzia,frizzia,Beauty,Hair Care,Hair Masks,,,,
Rtauys,rtauys,Beauty,Oral Care,Toothbrushes & Accessories,,,,
Yosoo,yosoo,Electronics,Accessories & Supplies,Camera & Photo Accessories,,,,
LinaLife,linalife,Electronics,Accessories & Supplies,Vehicle Electronics Accessories,,,,
Derma E,derma-e,Beauty,Skin Care,Face,,,,
Revolution Beauty London,revolution-beauty-london,Beauty,Makeup,Face,,,,
Caka,caka,Electronics,Cell Phones & Accessories,"Cases, Holsters & Clips",,,,
Star Bridge,star-bridge,Electronics,Accessories & Supplies,Camera & Photo Accessories,,,,
Perlegear,perlegear,Electronics,Accessories & Supplies,Audio & Video Accessories,,,,
Elegant Sun,elegant-sun,Beauty,Skin Care,Sunscreens & Tanning Products,,,,
RecoverINK,recoverink,Beauty,Personal Care,Piercing & Tattoo Supplies,,,,
Giftape,giftape,Electronics,Accessories & Supplies,Camera & Photo Accessories,,,,
Tuyaguard,tuyaguard,Beauty,Shave & Hair Removal,Men's,,,,
Sterling James Co.,sterling-james-co-,Beauty,Makeup,Body,,,,
SUNMORN,sunmorn,Electronics,Accessories & Supplies,Vehicle Electronics Accessories,,,,
Bcabo,bcabo,Beauty,"Foot, Hand & Nail Care",Tools & Accessories,,,,
WARITEX,waritex,Beauty,Personal Care,Bath & Bathing Accessories,,,,
TACTACAM,tactacam,Electronics,Accessories & Supplies,Camera & Photo Accessories,,,,
Massca,massca,Electronics,Accessories & Supplies,"Batteries, Chargers & Accessories",,,,
Universal Audio,universal-audio,Electronics,Accessories & Supplies,Microphones,uaudio.com,,,
barber marmara,barber-marmara,Beauty,Shave & Hair Removal,Men's,,,,
TAME THE WILD MAKE YOUR BEARD BEHAVE,tame-the-wild-make-your-beard-behave,Beauty,Shave & Hair Removal,Men's,,,,
FURWEY,furwey,Beauty,Oral Care,Mouthwash,,,,
Geparlys,geparlys,Beauty,Fragrance,Women's,,,,
Torcarvh,torcarvh,Electronics,Accessories & Supplies,Vehicle Electronics Accessories,,,,
Chanvoo,chanvoo,Electronics,Accessories & Supplies,Computer Accessories,,,,
Fivoras,fivoras,Beauty,Shave & Hair Removal,Men's,,,,
France Luxe,france-luxe,Beauty,Hair Care,Hair Accessories,,,,
Sunday Riley,sunday-riley,Beauty,Skin Care,Face,sundayriley.com,,,1
SaKeGa,sakega,Beauty,"Foot, Hand & Nail Care",Nail Art & Polish,,,,
DRMTLGY,drmtlgy,Beauty,Skin Care,Eyes,,,,
Tattoo Goo,tattoo-goo,Beauty,Personal Care,Piercing & Tattoo Supplies,,,,
CLORISLAND,clorisland,Beauty,"Foot, Hand & Nail Care",Nail Care,,,,
UV Glow,uv-glow,Beauty,Makeup,Body,,,,
BRESSER,bresser,Electronics,Accessories & Supplies,Camera & Photo Accessories,,,,
Twozoh,twozoh,Electronics,Accessories & Supplies,Cables,,,,
Sound Town,sound-town,Electronics,Accessories & Supplies,Microphones,,,,
MUSYSIC,musysic,Electronics,Accessories & Supplies,Microphones,,,,
Samsill,samsill,Electronics,Accessories & Supplies,Camera & Photo Accessories,,,,
Axvue,axvue,Electronics,Camera & Photo,Video,,,,
Thermalright,thermalright,Electronics,Computers & Accessories,Computer Components,,,,
TWICE,twice,Beauty,Oral Care,Denture Care,,,,
SUNTRSI,suntrsi,Electronics,Accessories & Supplies,Computer Accessories,,,,
Milestock,milestock,Electronics,Accessories & Supplies,Microphones,,,,
SLIP,slip,Beauty,Skin Care,Eyes,,,,
CR7,cr7,Beauty,Fragrance,Men's,,,,
Irrtneue,irrtneue,Electronics,Accessories & Supplies,Vehicle Electronics Accessories,,,,
YCCLDIPL,yccldipl,Electronics,Accessories & Supplies,Camera & Photo Accessories,,,,
CAKEEYUM,cakeeyum,Beauty,"Foot, Hand & Nail Care",Nail Care,,,,
BOXOB,boxob,Electronics,Accessories & Supplies,Vehicle Electronics Accessories,,,,
Nurlypop,nurlypop,Beauty,Personal Care,Bath & Bathing Accessories,,,,
UNOBEY,unobey,Beauty,Hair Care,Styling Tools & Appliances,,,,
hidyuuoo,hidyuuoo,Beauty,Oral Care,Denture Care,,,,
RDSJK,rdsjk,Electronics,Accessories & Supplies,Camera & Photo Accessories,,,,
Famhnto,famhnto,Beauty,Shave & Hair Removal,Men's,,,,
POPCHOSE,popchose,Beauty,Personal Care,Bath & Bathing Accessories,,,,
Cablelera,cablelera,Electronics,Accessories & Supplies,Cables,,,,
mainlead,mainlead,Beauty,Personal Care,Piercing & Tattoo Supplies,,,,
Imation,imation,Electronics,Accessories & Supplies,Camera & Photo Accessories,,,,
Tolco,tolco,Beauty,Hair Care,Hair Coloring Products,,,,
TILLMANER,tillmaner,Electronics,Accessories & Supplies,Camera & Photo Accessories,,,,
Edgar Stubbleface,edgar-stubbleface,Beauty,Shave & Hair Removal,Men's,,,,
Svasthya Body & Mind,svasthya-body-mind,Beauty,Makeup,Eyes,,,,
Armor3,armor3,Electronics,Video Game Consoles & Accessories,Wii U,,,,
V-Moda,v-moda,Electronics,Accessories & Supplies,Computer Accessories,v-moda.com,,,
Gumdrop Cases,gumdrop-cases,Electronics,Accessories & Supplies,Cell Phone Accessories,,,,
PPPanYiDi,pppanyidi,Beauty,"Foot, Hand & Nail Care",Foot & Hand Care,,,,
Gearhub,gearhub,Beauty,Shave & Hair Removal,Men's,,,,
OOAVR,ooavr,Electronics,Wearable Technology,Accessories,,,,
EMK,emk,Electronics,Accessories & Supplies,Cables,,,,
SVYHUOK,svyhuok,Electronics,Accessories & Supplies,Computer Accessories,,,,
Dominica Bay Rum,dominica-bay-rum,Beauty,Shave & Hair Removal,Men's,,,,
Tech Collector,tech-collector,Electronics,Accessories & Supplies,Camera & Photo Accessories,,,,
Glostars,glostars,Beauty,Makeup,Body,,,,
Tilta,tilta,Electronics,Accessories & Supplies,Camera & Photo Accessories,tilta.com,,,
KGUSS,kguss,Electronics,Home Audio,Stereo System Components,,,,
Fulfalic,fulfalic,Electronics,Accessories & Supplies,Television Accessories,,,,
MOKURU,mokuru,Electronics,Computers & Accessories,Laptop Accessories,,,,
Garneck,garneck,Electronics,Accessories & Supplies,Cord Management,,,,
SAPHUS,saphus,Beauty,Skin Care,Face,,,,
Gigastone,gigastone,Electronics,Accessories & Supplies,Camera & Photo Accessories,,,,
Tuvzylory,tuvzylory,Electronics,Accessories & Supplies,Camera & Photo Accessories,,,,
Rannsgeer,rannsgeer,Electronics,Accessories & Supplies,Microphones,,,,
Flyoukki,flyoukki,Electronics,Portable Audio & Video,Radios,,,,
Muflylee,muflylee,Beauty,Shave & Hair Removal,Women's,,,,
Weton,weton,Electronics,Accessories & Supplies,Computer Accessories,,,,
Sally Hansen,sally-hansen,Beauty,"Foot, Hand & Nail Care",Nail Care,sallyhansen.com,,,
Umisleep,umisleep,Beauty,Hair Care,Hair Accessories,,,,
Maxqzin,maxqzin,Beauty,Hair Care,Hair Accessories,,,,
minihope,minihope,Beauty,Hair Care,Hair Accessories,,,,
Vinpower Digital,vinpower-digital,Electronics,Computers & Accessories,Computer Components,,,,
JBOS,jbos,Electronics,Accessories & Supplies,Computer Accessories,,,,
Fndna,fndna,Beauty,Shave & Hair Removal,Men's,,,,
DUEQID,dueqid,Electronics,Accessories & Supplies,Computer Accessories,,,,
Hensinple,hensinple,Electronics,Cell Phones & Accessories,"Cases, Holsters & Clips",,,,
BILIPLE,biliple,Electronics,Accessories & Supplies,Camera & Photo Accessories,,,,
plustek,plustek,Electronics,Camera & Photo,Printers & Scanners,,,,
ANTIVP,antivp,Beauty,Skin Care,Face,,,,
Newhouse Hardware,newhouse-hardware,Beauty,Hair Care,Styling Tools & Appliances,,,,
Gioteck,gioteck,Electronics,Video Game Consoles & Accessories,Xbox 360,,,,
Fepprry,fepprry,Electronics,Computers & Accessories,Laptop Accessories,,,,
Kchibo,kchibo,Electronics,Accessories & Supplies,Computer Accessories,,,,
Pueryin,pueryin,Electronics,Accessories & Supplies,Cell Phone Accessories,,,,
Stlalsa,stlalsa,Beauty,Makeup,Lips,,,,
Skoutag,skoutag,Electronics,Accessories & Supplies,Camera & Photo Accessories,,,,
stio,stio,Electronics,Accessories & Supplies,"Batteries, Chargers & Accessories",,,,
AZBME,azbme,Electronics,Accessories & Supplies,Television Accessories,,,,
Mougerk,mougerk,Electronics,Accessories & Supplies,Computer Accessories,,,,
BEUTLICH PHARMACEUTICALS,beutlich-pharmaceuticals,Beauty,Oral Care,Oral Pain Relief,,,,
BANSINE,bansine,Electronics,Accessories & Supplies,Cell Phone Accessories,,,,
Bheppo,bheppo,Beauty,Personal Care,Piercing & Tattoo Supplies,,,,
Sankuwen,sankuwen,Beauty,Hair Care,Hair Accessories,,,,
APOMOV,apomov,Electronics,Accessories & Supplies,Microphones,,,,
Filamint Creations,filamint-creations,Electronics,Accessories & Supplies,Computer Accessories,,,,
LiXiongBao,lixiongbao,Electronics,Accessories & Supplies,Cell Phone Accessories,,,,
Living the Good Life Naturally,living-the-good-life-naturally,Beauty,"Foot, Hand & Nail Care",Foot & Hand Care,,,,
CyberPower,cyberpower,Electronics,Accessories & Supplies,Computer Accessories,cyberpowersystems.com,,,
Audio Express,audio-express,Electronics,Accessories & Supplies,Cables,,,,
Upgrow,upgrow,Electronics,Accessories & Supplies,Cables,,,,
Beautyflier,beautyflier,Beauty,Shave & Hair Removal,Men's,,,,
eaxun,eaxun,Beauty,Personal Care,Bath & Bathing Accessories,,,,
SEALON,sealon,Electronics,Accessories & Supplies,Computer Accessories,,,,
Raniaco,raniaco,Electronics,Accessories & Supplies,Computer Accessories,,,,
JYtrend,jytrend,Electronics,Accessories & Supplies,Camera & Photo Accessories,,,,
Outre,outre,Beauty,Hair Care,"Extensions, Wigs & Accessories",,,,
Highwild,highwild,Electronics,Accessories & Supplies,Camera & Photo Accessories,,,,
NASSIFMD,nassifmd,Beauty,Skin Care,Lip Care,,,,
FdcZeyxior,fdczeyxior,Electronics,Accessories & Supplies,Telephone Accessories,,,,
AMZWISH,amzwish,Beauty,Hair Care,Styling Tools & Appliances,,,,
GA&EN,ga-en,Beauty,"Foot, Hand & Nail Care",Nail Art & Polish,,,,
lofuanna,lofuanna,Beauty,"Foot, Hand & Nail Care",Nail Art & Polish,,,,
PROfezzion,profezzion,Electronics,Accessories & Supplies,Computer Accessories,,,,
ECHOZONE,echozone,Electronics,Car & Vehicle Electronics,Car Electronics,,,,
CEMENRETE,cemenrete,Beauty,"Foot, Hand & Nail Care",Nail Art & Polish,,,,
NIUBIER,niubier,Beauty,"Foot, Hand & Nail Care",Nail Art & Polish,,,,
Zencoma,zencoma,Electronics,Accessories & Supplies,Office Electronics Accessories,,,,
LA MUSE,la-muse,Beauty,Skin Care,Face,,,,
G.S Beauty,g-s-beauty,Beauty,Shave & Hair Removal,Men's,,,,
PoundMax,poundmax,Electronics,Accessories & Supplies,"Batteries, Chargers & Accessories",,,,
POLXAMA,polxama,Beauty,Skin Care,Eyes,,,,
Yankee,yankee,Electronics,Accessories & Supplies,Camera & Photo Accessories,,,,
Munyee Hua,munyee-hua,Beauty,Shave & Hair Removal,Women's,,,,
Vaster,vaster,Electronics,Accessories & Supplies,Cables,,,,
Honoson,honoson,Beauty,Shave & Hair Removal,Men's,,,,
ELBBUB,elbbub,Beauty,Skin Care,Eyes,,,,
La Palm,la-palm,Beauty,"Foot, Hand & Nail Care",Nail Care,,,,
otilil,otilil,Electronics,Cell Phones & Accessories,"Cases, Holsters & Clips",,,,
LUSA DESIGN,lusa-design,Electronics,Accessories & Supplies,Computer Accessories,,,,
Glitch,glitch,Beauty,Skin Care,Eyes,,,,
NLXCXUCY,nlxcxucy,Electronics,Accessories & Supplies,Vehicle Electronics Accessories,,,,
QJCWXIAOX,qjcwxiaox,Beauty,"Foot, Hand & Nail Care",Foot & Hand Care,,,,
JUZHUO,juzhuo,Electronics,Video Game Consoles & Accessories,Sony PSP,,,,
NexiGo,nexigo,Electronics,Accessories & Supplies,Computer Accessories,,,,
Bioexpert,bioexpert,Beauty,Hair Care,Shampoo & Conditioner,,,,
KornaDoz,kornadoz,Beauty,Personal Care,Piercing & Tattoo Supplies,,,,
Gejoy,gejoy,Beauty,Hair Care,Hair Accessories,,,,
USTAR,ustar,Beauty,Hair Care,Hair Loss Products,,,,
Anbbas,anbbas,Beauty,Shave & Hair Removal,Men's,,,,
Nettbe,nettbe,Electronics,Accessories & Supplies,Cord Management,,,,
Maui Moisture,maui-moisture,Beauty,Hair Care,Hair Masks,,,,
SKIN FUEL,skin-fuel,Beauty,Personal Care,Piercing & Tattoo Supplies,,,,
IYRNISFEM,iyrnisfem,Beauty,Makeup,Body,,,,
skybess,skybess,Electronics,Accessories & Supplies,Vehicle Electronics Accessories,,,,
Caliber Pro,caliber-pro,Beauty,Shave & Hair Removal,Men's,,,,
Jetacopt,jetacopt,Electronics,Camera & Photo,Binoculars & Scopes,,,,
Dalin,dalin,Beauty,Skin Care,Face,,,,
MEKER,meker,Beauty,Shave & Hair Removal,Men's,,,,
Crunch,crunch,Electronics,Car & Vehicle Electronics,Car Electronics,,,,
PongTHUMB,pongthumb,Beauty,Shave & Hair Removal,Men's,,,,
Kaunosta,kaunosta,Electronics,Computers & Accessories,Networking Products,,,,
Shave Harbor,shave-harbor,Beauty,Shave & Hair Removal,Men's,,,,
SE ELECTRONICS,se-electronics,Electronics,Accessories & Supplies,Microphones,,,,
HongChengSM,hongchengsm,Beauty,Oral Care,Denture Care,,,,
Allsop,allsop,Electronics,Accessories & Supplies,Television Accessories,,,,
Vivid Nails,vivid-nails,Beauty,"Foot, Hand & Nail Care",Nail Care,,,,
GEILIENERGY,geilienergy,Electronics,Accessories & Supplies,Telephone Accessories,,,,
DELAM,delam,Electronics,Accessories & Supplies,Computer Accessories,,,,
BEYIMEN,beyimen,Electronics,Accessories & Supplies,Computer Accessories,,,,
NUHFUFA,nuhfufa,Electronics,Accessories & Supplies,Camera & Photo Accessories,,,,
NZND,nznd,Electronics,Cell Phones & Accessories,"Cases, Holsters & Clips",,,,
AZF,azf,Electronics,Accessories & Supplies,Cell Phone Accessories,,,,
Planet Audio,planet-audio,Electronics,Car & Vehicle Electronics,Car Electronics,,,,
Fentgo,fentgo,Beauty,Hair Care,Styling Tools & Appliances,,,,
Pastlla,pastlla,Electronics,Accessories & Supplies,Audio & Video Accessories,,,,
Sushret,sushret,Electronics,Accessories & Supplies,Computer Accessories,,,,
Xain-USA,xain-usa,Electronics,Accessories & Supplies,"Batteries, Chargers & Accessories",,,,
SUBEKYU,subekyu,Electronics,Accessories & Supplies,Computer Accessories,,,,
QPRETTY DU,qpretty-du,Beauty,"Foot, Hand & Nail Care",Nail Art & Polish,,,,
KuuCare,kuucare,Beauty,"Foot, Hand & Nail Care",Tools & Accessories,,,,
Bolero Beverly Hills,bolero-beverly-hills,Beauty,"Foot, Hand & Nail Care",Foot & Hand Care,,,,
ZEOHBETY,zeohbety,Beauty,"Foot, Hand & Nail Care",Nail Art & Polish,,,,
SEMIER,semier,Electronics,Portable Audio & Video,Portable & Handheld TVs,,,,
Garosa,garosa,Electronics,Home Audio,Stereo System Components,,,,
SUZZIPAD,suzzipad,Beauty,Skin Care,Eyes,,,,
DAILYLIFE,dailylife,Beauty,Hair Care,Styling Tools & Appliances,,,,
Ourcec,ourcec,Beauty,Shave & Hair Removal,Women's,,,,
Premium Nails,premium-nails,Beauty,"Foot, Hand & Nail Care",Nail Art & Polish,,,,
AIXGURS,aixgurs,Electronics,Accessories & Supplies,Computer Accessories,,,,
MAVIÉ,mavi-,Beauty,"Foot, Hand & Nail Care",Tools & Accessories,,,,
KENHAO,kenhao,Electronics,Accessories & Supplies,Cell Phone Accessories,,,,
MATGICOL,matgicol,Beauty,Shave & Hair Removal,Men's,,,,
SHIMMER 'N SPARKLE,shimmer-n-sparkle,Beauty,Makeup,Makeup Sets,,,,
No crack hand cream,no-crack-hand-cream,Beauty,"Foot, Hand & Nail Care",Foot & Hand Care,,,,
Winarrive,winarrive,Electronics,Accessories & Supplies,Computer Accessories,,,,
Tyler,tyler,Electronics,Accessories & Supplies,Telephone Accessories,,,,
Voyager,voyager,Electronics,Car & Vehicle Electronics,Car Electronics,,,,
MInovel,minovel,Beauty,Hair Care,Styling Tools & Appliances,,,,
YIYIMIMO,yiyimimo,Electronics,Accessories & Supplies,Television Accessories,,,,
UPIQNG,upiqng,Beauty,"Foot, Hand & Nail Care",Nail Care,,,,
Leankle,leankle,Electronics,Accessories & Supplies,Computer Accessories,,,,
Line 6,line-6,Electronics,Accessories & Supplies,Microphones,,,,
Gorliskl,gorliskl,Electronics,Accessories & Supplies,Cell Phone Accessories,,,,
ROTWQ,rotwq,Electronics,Accessories & Supplies,Vehicle Electronics Accessories,,,,
My Pink Wink,my-pink-wink,Beauty,Shave & Hair Removal,Women's,,,,
DFT,dft,Electronics,Accessories & Supplies,Computer Accessories,,,,
Michael Tapes Design,michael-tapes-design,Electronics,Accessories & Supplies,Camera & Photo Accessories,,,,
Yanzeo,yanzeo,Electronics,Accessories & Supplies,Computer Accessories,,,,
X-SweetDream,x-sweetdream,Electronics,Accessories & Supplies,Camera & Photo Accessories,,,,
LASSUM,lassum,Beauty,"Foot, Hand & Nail Care",Nail Art & Polish,,,,
ZIMASILK,zimasilk,Beauty,Skin Care,Eyes,,,,
XGMATT,xgmatt,Electronics,Accessories & Supplies,Television Accessories,,,,
Vaincre,vaincre,Beauty,"Foot, Hand & Nail Care",Foot & Hand Care,,,,
CAKE Nail,cake-nail,Beauty,"Foot, Hand & Nail Care",Nail Care,,,,
Aztech,aztech,Electronics,Computers & Accessories,Computer Components,,,,
IPROKKO,iprokko,Electronics,eBook Readers & Accessories,Screen Protectors,,,,
Rome Tech,rome-tech,Electronics,Accessories & Supplies,"Batteries, Chargers & Accessories",,,,
NIFEISHI,nifeishi,Beauty,Skin Care,Sunscreens & Tanning Products,,,,
UCCUNEVVA,uccunevva,Electronics,Accessories & Supplies,Audio & Video Accessories,,,,
Sovereign GA,sovereign-ga,Electronics,Accessories & Supplies,Computer Accessories,,,,
COSMOCOS,cosmocos,Beauty,Hair Care,Hair Coloring Products,,,,
PKNOVA,pknova,Electronics,Accessories & Supplies,"Batteries, Chargers & Accessories",,,,
Gngzyte,gngzyte,Electronics,Accessories & Supplies,Computer Accessories,,,,
Blossom,blossom,Beauty,Personal Care,Bath & Bathing Accessories,,,,
Dansib,dansib,Beauty,"Foot, Hand & Nail Care",Foot & Hand Care,,,,
Viktor&Rolf,viktor-rolf,Beauty,Fragrance,Men's,,,,
Dapesuom,dapesuom,Electronics,Accessories & Supplies,Computer Accessories,,,,
AWINNER,awinner,Electronics,Accessories & Supplies,Cables,,,,
Beesaluxe,beesaluxe,Beauty,Skin Care,Lip Care,,,,
WMHYLYH,wmhylyh,Beauty,"Foot, Hand & Nail Care",Tools & Accessories,,,,
VANTRUE,vantrue,Electronics,Accessories & Supplies,Vehicle Electronics Accessories,,,,
California Tan,california-tan,Beauty,Makeup,Body,,,,
Hemani,hemani,Beauty,Hair Care,Hair Coloring Products,,,,
Wovnet,wovnet,Beauty,Shave & Hair Removal,Men's,,,,
NEW BAXS,new-baxs,Electronics,Accessories & Supplies,Microphones,,,,
SABRE,sabre,Electronics,Computers & Accessories,Warranties & Services,,,,
Bone Collection,bone-collection,Electronics,Cell Phones & Accessories,"Cases, Holsters & Clips",,,,
RECOIL,recoil,Electronics,Accessories & Supplies,Audio & Video Accessories,,,,
Gomass,gomass,Electronics,Video Game Consoles & Accessories,Sony PSP,,,,
HAISHAN SHOWER,haishan-shower,Beauty,Personal Care,Bath & Bathing Accessories,,,,
TOCOL,tocol,Electronics,Accessories & Supplies,Cell Phone Accessories,,,,
MEIJIAYOU,meijiayou,Beauty,Shave & Hair Removal,Men's,,,,
ULYSIA,ulysia,Beauty,"Foot, Hand & Nail Care",Tools & Accessories,,,,
RUPSE,rupse,Electronics,Car & Vehicle Electronics,Car Electronics,,,,
LQMBABY,lqmbaby,Electronics,Accessories & Supplies,Cell Phone Accessories,,,,
"xo, Fetti",xo-fetti,Beauty,Makeup,Body,,,,
Anbesol,anbesol,Beauty,Oral Care,Oral Pain Relief,,,,
Wilfniee,wilfniee,Beauty,"Foot, Hand & Nail Care",Nail Art & Polish,,,,
PCA SKIN,pca-skin,Beauty,Skin Care,Face,,,,
Vilante,vilante,Beauty,Shave & Hair Removal,Women's,,,,
ATUMTEK,atumtek,Electronics,Accessories & Supplies,Camera & Photo Accessories,,,,
AUTO OCCASION,auto-occasion,Electronics,Accessories & Supplies,Vehicle Electronics Accessories,,,,
Basoteeuo,basoteeuo,Electronics,Accessories & Supplies,Camera & Photo Accessories,,,,
Vertiflex,vertiflex,Electronics,Accessories & Supplies,Computer Accessories,,,,
Hayden,hayden,Beauty,Oral Care,Sensitivity Treatments,,,,
Hunter Jack,hunter-jack,Beauty,Shave & Hair Removal,Men's,,,,
BYSTONE,bystone,Electronics,Accessories & Supplies,Camera & Photo Accessories,,,,
Tianken,tianken,Electronics,Computers & Accessories,Warranties & Services,,,,
Rooyar,rooyar,Beauty,Personal Care,Bath & Bathing Accessories,,,,
ANAI RUI,anai-rui,Beauty,Skin Care,Face,,,,
Acure,acure,Beauty,Skin Care,Face,,,,
ToGuess,toguess,Beauty,Hair Care,Styling Tools & Appliances,,,,
GUAACCB,guaaccb,Beauty,Makeup,Body,,,,
Apetexo,apetexo,Beauty,Shave & Hair Removal,Men's,,,,
banapoy,banapoy,Electronics,Accessories & Supplies,Camera & Photo Accessories,,,,
Redragon,redragon,Electronics,Accessories & Supplies,Computer Accessories,,,,
Forever Living Products,forever-living-products,Beauty,Skin Care,Sunscreens & Tanning Products,,,,
noot products,noot-products,Electronics,Accessories & Supplies,Cell Phone Accessories,,,,
HEY! PLAY!,hey-play-,Electronics,Accessories & Supplies,Camera & Photo Accessories,,,,
Sapphirem,sapphirem,Beauty,Shave & Hair Removal,Men's,,,,
PKOJIN,pkojin,Electronics,Accessories & Supplies,Microphones,,,,
DOME-SPACE,dome-space,Electronics,Accessories & Supplies,Television Accessories,,,,
Ycz,ycz,Beauty,Skin Care,Eyes,,,,
SruidyLady,sruidylady,Beauty,Makeup,Face,,,,
DORCO,dorco,Beauty,Shave & Hair Removal,Men's,,,,
SHEGINEL,sheginel,Electronics,Accessories & Supplies,Cell Phone Accessories,,,,
Hagibis,hagibis,Electronics,Camera & Photo,Video,,,,
Close-Up,close-up,Beauty,Oral Care,Toothpaste,,,,
HY1C,hy1c,Electronics,eBook Readers & Accessories,Power Adapters,,,,
GEL PARTY,gel-party,Beauty,"Foot, Hand & Nail Care",Nail Art & Polish,,,,
Hager Pharma,hager-pharma,Beauty,Oral Care,Dry Mouth Relief,,,,
Anivia,anivia,Electronics,Accessories & Supplies,Computer Accessories,,,,
HoTiyan,hotiyan,Electronics,Portable Audio & Video,Digital Voice Recorders,,,,
Wugbc,wugbc,Beauty,Hair Care,Hair Coloring Products,,,,
Nite Ize,nite-ize,Electronics,Cell Phones & Accessories,"Cases, Holsters & Clips",,,,
Skinfix,skinfix,Beauty,Skin Care,Face,,,,
KOQINVIZ,koqinviz,Electronics,Camera & Photo,Video,,,,
novelinks,novelinks,Electronics,Accessories & Supplies,Camera & Photo Accessories,,,,
EcoPestuGo,ecopestugo,Electronics,Accessories & Supplies,Computer Accessories,,,,
YINYIN,yinyin,Beauty,"Foot, Hand & Nail Care",Tools & Accessories,,,,
AggSound,aggsound,Electronics,Accessories & Supplies,Vehicle Electronics Accessories,,,,
Intel,intel,Electronics,Computers & Accessories,Computer Components,intel.com,,,1
Pink Salt wall,pink-salt-wall,Beauty,Personal Care,Bath & Bathing Accessories,,,,
OiZenhio,oizenhio,Beauty,Personal Care,Bath & Bathing Accessories,,,,
Yookeer,yookeer,Electronics,Accessories & Supplies,Camera & Photo Accessories,,,,
Cokin,cokin,Electronics,Accessories & Supplies,Camera & Photo Accessories,,,,
Ebzcg,ebzcg,Electronics,Accessories & Supplies,Camera & Photo Accessories,,,,
AUCELI,auceli,Electronics,Accessories & Supplies,Vehicle Electronics Accessories,,,,
Smithok,smithok,Electronics,Accessories & Supplies,Microphones,,,,
Xaarty,xaarty,Beauty,"Foot, Hand & Nail Care",Nail Care,,,,
GROBARPART,grobarpart,Electronics,Accessories & Supplies,Vehicle Electronics Accessories,,,,
Winstonia,winstonia,Beauty,"Foot, Hand & Nail Care",Nail Art & Polish,,,,
CCS,ccs,Beauty,"Foot, Hand & Nail Care",Foot & Hand Care,,,,
Svvimer,svvimer,Beauty,Hair Care,Hair Loss Products,,,,
Ebanel,ebanel,Beauty,Skin Care,Face,,,,
EPOS,epos,Electronics,Accessories & Supplies,Computer Accessories,,,,
iSeekerKit,iseekerkit,Electronics,Portable Audio & Video,MP3 & MP4 Player Accessories,,,,
SOULION,soulion,Electronics,Accessories & Supplies,Cell Phone Accessories,,,,
TSUPY,tsupy,Electronics,Accessories & Supplies,Computer Accessories,,,,
Maui Island Secret,maui-island-secret,Beauty,Skin Care,Sunscreens & Tanning Products,,,,
OMISTAR,omistar,Beauty,Oral Care,Denture Care,,,,
ERUW,eruw,Electronics,Accessories & Supplies,Computer Accessories,,,,
MakeUp Eraser,makeup-eraser,Beauty,Makeup,Makeup Remover,,,,
Beard Butler,beard-butler,Beauty,Shave & Hair Removal,Men's,,,,
Vicfluxion,vicfluxion,Electronics,Computers & Accessories,Networking Products,,,,
AmLactin,amlactin,Beauty,Skin Care,Body,,,,
Pure Silk,pure-silk,Beauty,Shave & Hair Removal,Women's,,,,
DIAYAC,diayac,Beauty,Shave & Hair Removal,Men's,,,,
Pakfung,pakfung,Beauty,"Foot, Hand & Nail Care",Foot & Hand Care,,,,
PellKing,pellking,Electronics,Accessories & Supplies,Camera & Photo Accessories,,,,
iO CLEAN,io-clean,Electronics,Accessories & Supplies,Television Accessories,,,,
TIAOFY,tiaofy,Electronics,Accessories & Supplies,Camera & Photo Accessories,,,,
Nailtiques,nailtiques,Beauty,"Foot, Hand & Nail Care",Nail Care,,,,
Aourxiv,aourxiv,Electronics,Computers & Accessories,Tablet Accessories,,,,
Vodolo,vodolo,Beauty,"Foot, Hand & Nail Care",Foot & Hand Care,,,,
Zangboer,zangboer,Electronics,Accessories & Supplies,Vehicle Electronics Accessories,,,,
Superlux,superlux,Electronics,Accessories & Supplies,Microphones,,,,
Glow Recipe,glow-recipe,Beauty,Skin Care,Face,glowrecipe.com,,,
OUPENG,oupeng,Electronics,Accessories & Supplies,Computer Accessories,,,,
That Urban Edge,that-urban-edge,Beauty,Shave & Hair Removal,Men's,,,,
SaiTech IT,saitech-it,Electronics,Accessories & Supplies,Computer Accessories,,,,
Epitome,epitome,Beauty,Shave & Hair Removal,Women's,,,,
ZOEGAA,zoegaa,Electronics,Computers & Accessories,Laptop Accessories,,,,
BETUYESS,betuyess,Electronics,Accessories & Supplies,Camera & Photo Accessories,,,,
ALYSSA ASHLEY,alyssa-ashley,Beauty,Fragrance,Women's,,,,
GAVIYE,gaviye,Beauty,"Foot, Hand & Nail Care",Nail Art & Polish,,,,
Depileve,depileve,Beauty,Shave & Hair Removal,Women's,,,,
krovena,krovena,Beauty,Shave & Hair Removal,Women's,,,,
Kank-A,kank-a,Beauty,Oral Care,Oral Pain Relief,,,,
Snap-N-Store,snap-n-store,Electronics,Accessories & Supplies,Computer Accessories,,,,
ARTIX,artix,Electronics,Accessories & Supplies,Cell Phone Accessories,,,,
AAOTOKK,aaotokk,Electronics,Camera & Photo,Video Surveillance,,,,
INNOREL,innorel,Electronics,Accessories & Supplies,Camera & Photo Accessories,,,,
Flowery,flowery,Beauty,"Foot, Hand & Nail Care",Tools & Accessories,,,,
Uotey,uotey,Beauty,"Foot, Hand & Nail Care",Nail Art & Polish,,,,
Imn,imn,Beauty,"Foot, Hand & Nail Care",Nail Art & Polish,,,,
YILIWIT,yiliwit,Electronics,Accessories & Supplies,Camera & Photo Accessories,,,,
BANGO,bango,Beauty,Hair Care,Hair Cutting Tools,,,,
SIOCEN,siocen,Electronics,Accessories & Supplies,Camera & Photo Accessories,,,,
JUKEY,jukey,Beauty,Hair Care,Styling Tools & Appliances,,,,
WITPKKL,witpkkl,Electronics,Accessories & Supplies,Camera & Photo Accessories,,,,
Watt Stopper,watt-stopper,Electronics,Camera & Photo,Video,,,,
iseheri,iseheri,Beauty,Personal Care,Piercing & Tattoo Supplies,,,,
L Lorenzo,l-lorenzo,Beauty,Hair Care,Hair Coloring Products,,,,
KAIY,kaiy,Electronics,Television & Video,Home Theater Systems,,,,
Morimoto,morimoto,Electronics,Accessories & Supplies,Computer Accessories,,,,
ROSEPIL,rosepil,Beauty,Shave & Hair Removal,Women's,,,,
Toperson,toperson,Electronics,Accessories & Supplies,Cell Phone Accessories,,,,
ULANZI,ulanzi,Electronics,Camera & Photo,Video,,,,
Yubunt,yubunt,Electronics,Accessories & Supplies,Camera & Photo Accessories,,,,
SIXWIN,sixwin,Electronics,Car & Vehicle Electronics,Car Electronics,,,,
Defy Labs LLC,defy-labs-llc,Beauty,Hair Care,Hair Loss Products,,,,
Scrorui,scrorui,Beauty,Shave & Hair Removal,Men's,,,,
ANXILE,anxile,Electronics,Accessories & Supplies,Camera & Photo Accessories,,,,
NOEAIKE,noeaike,Electronics,Car & Vehicle Electronics,Car Electronics,,,,
Guide Sensmart,guide-sensmart,Electronics,Camera & Photo,Binoculars & Scopes,,,,
Brightdeal,brightdeal,Beauty,Oral Care,Toothbrushes & Accessories,,,,
eifagur,eifagur,Electronics,Computers & Accessories,Networking Products,,,,
COBA'S DAUGHTER,coba-s-daughter,Beauty,Skin Care,Sets & Kits,,,,
MIAO LAB,miao-lab,Electronics,Accessories & Supplies,Cell Phone Accessories,,,,
BEVLEDGE,bevledge,Electronics,Car & Vehicle Electronics,Aviation Electronics,,,,
FlexSolar,flexsolar,Electronics,Accessories & Supplies,Cell Phone Accessories,,,,
Kadaon,kadaon,Electronics,Accessories & Supplies,Computer Accessories,,,,
GWFSJYU,gwfsjyu,Beauty,Personal Care,Bath & Bathing Accessories,,,,
Beats,beats,Electronics,Accessories & Supplies,Cell Phone Accessories,beatsbydre.com,,,1
VICASKY,vicasky,Beauty,"Foot, Hand & Nail Care",Foot & Hand Care,,,,
Salior,salior,Electronics,Car & Vehicle Electronics,Vehicle GPS,,,,
Yinder,yinder,Beauty,Hair Care,Hair Accessories,,,,
WanZEXine,wanzexine,Beauty,Hair Care,Hair Cutting Tools,,,,
brush-baby,brush-baby,Beauty,Oral Care,Children's Dental Care,,,,
AMOMKET,amomket,Electronics,Camera & Photo,Video,,,,
Avilana,avilana,Beauty,Personal Care,Bath & Bathing Accessories,,,,
ROTADENT PROCARE,rotadent-procare,Beauty,Oral Care,Toothbrushes & Accessories,,,,
Bright Tangerine,bright-tangerine,Electronics,Accessories & Supplies,Camera & Photo Accessories,,,,
STGAubron,stgaubron,Electronics,Computers & Accessories,Computers & Tablets,,,,
Earth & I,earth-i,Beauty,"Foot, Hand & Nail Care",Tools & Accessories,,,,
Vilnadu,vilnadu,Electronics,Accessories & Supplies,Microphones,,,,
Huxley,huxley,Beauty,"Foot, Hand & Nail Care",Foot & Hand Care,,,,
AK Interactive,ak-interactive,Electronics,Accessories & Supplies,Camera & Photo Accessories,,,,
ManWills,manwills,Beauty,Shave & Hair Removal,Men's,,,,
Linksys,linksys,Electronics,Computers & Accessories,Networking Products,linksys.com,,,1
E-Hunter,e-hunter,Beauty,Shave & Hair Removal,Men's,,,,
Benro,benro,Electronics,Camera & Photo,Video,,,,
XRDS -RF,xrds-rf,Electronics,Accessories & Supplies,Cell Phone Accessories,,,,
ZOMEI,zomei,Electronics,Accessories & Supplies,Camera & Photo Accessories,,,,
BOG,bog,Electronics,Accessories & Supplies,Camera & Photo Accessories,,,,
Bialeire,bialeire,Electronics,"GPS, Finders & Accessories",Item Finders,,,,
Jtopyrt,jtopyrt,Beauty,Skin Care,Face,,,,
ewinever,ewinever,Beauty,Hair Care,Hair Coloring Products,,,,
Baodaadan,baodaadan,Beauty,Shave & Hair Removal,Men's,,,,
BNIFI,bnifi,Electronics,Accessories & Supplies,Cell Phone Accessories,,,,
Luumxai,luumxai,Electronics,Accessories & Supplies,Vehicle Electronics Accessories,,,,
MAYFLASH,mayflash,Electronics,Video Game Consoles & Accessories,Wii,,,,
Ya-sport,ya-sport,Beauty,Shave & Hair Removal,Women's,,,,
Agentwhiteusa,agentwhiteusa,Electronics,Cell Phones & Accessories,"Cases, Holsters & Clips",,,,
xuenair,xuenair,Electronics,Accessories & Supplies,Vehicle Electronics Accessories,,,,
LHKLUK,lhkluk,Electronics,Computers & Accessories,Computer Components,,,,
USUPERINK,usuperink,Electronics,Car & Vehicle Electronics,Car Electronics,,,,
Adaptec,adaptec,Electronics,Computers & Accessories,Computer Components,,,,
Loving Tan,loving-tan,Beauty,Skin Care,Body,,,,
MAYOUTH,mayouth,Beauty,Hair Care,Hair Accessories,,,,
Buhobha,buhobha,Electronics,Accessories & Supplies,Cables,,,,
HAVE ME TD,have-me-td,Electronics,Accessories & Supplies,Cord Management,,,,
Afta,afta,Beauty,Shave & Hair Removal,Men's,,,,
SKO,sko,Electronics,Accessories & Supplies,Cell Phone Accessories,,,,
NOTOKA,notoka,Electronics,Accessories & Supplies,Cell Phone Accessories,,,,
Surya Brasil,surya-brasil,Beauty,Hair Care,Hair Coloring Products,,,,
Mxxipp,mxxipp,Beauty,Hair Care,"Hair Perms, Relaxers & Texturizers",,,,
GLK,glk,Electronics,Car & Vehicle Electronics,Car Electronics,,,,
BCR,bcr,Electronics,Computers & Accessories,Computer Components,,,,
Nexon Botanics,nexon-botanics,Beauty,Hair Care,Hair Treatment Oils,,,,
AIDIQIU,aidiqiu,Beauty,Personal Care,Bath & Bathing Accessories,,,,
Grocerism,grocerism,Beauty,Shave & Hair Removal,Women's,,,,
Thousand Oaks Optical,thousand-oaks-optical,Electronics,Accessories & Supplies,Camera & Photo Accessories,,,,
Lanoline,lanoline,Beauty,Skin Care,Eyes,,,,
HIFIXAUDIO,hifixaudio,Electronics,Accessories & Supplies,Audio & Video Accessories,,,,
Mally Beauty,mally-beauty,Beauty,Makeup,Lips,,,,
Lume,lume,Beauty,Skin Care,Face,,,,
TRISCO,trisco,Electronics,Accessories & Supplies,Vehicle Electronics Accessories,,,,
Dulele,dulele,Beauty,Makeup,Eyes,,,,
Peacegoods,peacegoods,Beauty,Skin Care,Eyes,,,,
HYGAMOCC,hygamocc,Beauty,Oral Care,Toothbrushes & Accessories,,,,
SIBIONO,sibiono,Electronics,Video Game Consoles & Accessories,Wii U,,,,
KALLORY,kallory,Beauty,Hair Care,Hair Coloring Products,,,,
NPW,npw,Beauty,Hair Care,Hair Coloring Products,,,,
DRIPSTONE,dripstone,Electronics,Accessories & Supplies,Computer Accessories,,,,
Brickell Men's Products,brickell-men-s-products,Beauty,Skin Care,Face,,,,
ViloVila,vilovila,Beauty,Shave & Hair Removal,Men's,,,,
Tistees,tistees,Beauty,Skin Care,Eyes,,,,
Colortrak,colortrak,Beauty,Hair Care,Hair Coloring Products,,,,
TGDLLF,tgdllf,Electronics,Computers & Accessories,Networking Products,,,,
Mebeli,mebeli,Beauty,Hair Care,"Extensions, Wigs & Accessories",,,,
AIOXQNL&,aioxqnl-,Electronics,Accessories & Supplies,Computer Accessories,,,,
ALHBEJT,alhbejt,Electronics,Accessories & Supplies,Computer Accessories,,,,
COMPLY,comply,Electronics,Accessories & Supplies,Audio & Video Accessories,,,,
zoasod,zoasod,Beauty,Shave & Hair Removal,Women's,,,,
LILANZo,lilanzo,Electronics,Accessories & Supplies,Microphones,,,,
HVSTTPK,hvsttpk,Electronics,Accessories & Supplies,Vehicle Electronics Accessories,,,,
Jasonyu,jasonyu,Electronics,Cell Phones & Accessories,"Cases, Holsters & Clips",,,,
PJRC,pjrc,Electronics,Computers & Accessories,Computer Components,,,,
KENHONER,kenhoner,Electronics,Cell Phones & Accessories,"Cases, Holsters & Clips",,,,
Pure Body Naturals,pure-body-naturals,Beauty,Skin Care,Body,,,,
PARTYWIND,partywind,Beauty,Makeup,Body,,,,
IFANZETECH,ifanzetech,Beauty,Shave & Hair Removal,Men's,,,,
UR0,ur0,Electronics,Accessories & Supplies,Camera & Photo Accessories,,,,
Anleo,anleo,Electronics,Accessories & Supplies,Audio & Video Accessories,,,,
BONA FIDE BEAUTY,bona-fide-beauty,Beauty,"Foot, Hand & Nail Care",Tools & Accessories,,,,
BLECDGF,blecdgf,Electronics,Accessories & Supplies,Cell Phone Accessories,,,,
USTELIR,ustelir,Beauty,Skin Care,Eyes,,,,
Uogw,uogw,Electronics,Accessories & Supplies,Cables,,,,
EASJOY,easjoy,Electronics,Accessories & Supplies,Microphones,,,,
Linkidea,linkidea,Beauty,Shave & Hair Removal,Women's,,,,
VitaShoppe,vitashoppe,Beauty,Makeup,Face,,,,
VakiReyy,vakireyy,Electronics,Wearable Technology,Accessories,,,,
YOLIPULI,yolipuli,Electronics,Accessories & Supplies,Computer Accessories,,,,
Lusinx,lusinx,Electronics,Accessories & Supplies,Computer Accessories,,,,
Wokaar,wokaar,Beauty,Shave & Hair Removal,Women's,,,,
KIRIGEN,kirigen,Electronics,Accessories & Supplies,Computer Accessories,,,,
Natnique,natnique,Beauty,Shave & Hair Removal,Men's,,,,
ANRACHEL,anrachel,Electronics,Accessories & Supplies,Computer Accessories,,,,
CLESDF,clesdf,Electronics,Camera & Photo,Video,,,,
TriLASTIN,trilastin,Beauty,Skin Care,Maternity,,,,
BLUE LOVE,blue-love,Beauty,Skin Care,Eyes,,,,
Fanola,fanola,Beauty,Hair Care,Hair Masks,,,,
EEEEE,eeeee,Electronics,Accessories & Supplies,Camera & Photo Accessories,,,,
Dry Idea,dry-idea,Beauty,Personal Care,Deodorants & Antiperspirants,,,,
BSummit,bsummit,Electronics,Accessories & Supplies,Cell Phone Accessories,,,,
Brix,brix,Electronics,Computers & Accessories,Computers & Tablets,,,,
Jozzai,jozzai,Electronics,Accessories & Supplies,Microphones,,,,
THE BIRCH & CO. BRAND,the-birch-co-brand,Electronics,Accessories & Supplies,Cord Management,,,,
DYNASTY PROAUDIO,dynasty-proaudio,Electronics,Home Audio,Home Theater,,,,
Pixiecube,pixiecube,Electronics,Accessories & Supplies,Computer Accessories,,,,
Y-Kelin,y-kelin,Beauty,Oral Care,Denture Care,,,,
Intensive,intensive,Beauty,Hair Care,Hair Coloring Products,,,,
Fitheaven,fitheaven,Beauty,Personal Care,Bath & Bathing Accessories,,,,
LuSeren,luseren,Beauty,Hair Care,Hair Accessories,,,,
STAPLES,staples,Electronics,Accessories & Supplies,Computer Accessories,,,,
SIEMENS,siemens,Electronics,Accessories & Supplies,Home Audio Accessories,,,,
Star Micronics,star-micronics,Electronics,Accessories & Supplies,Computer Accessories,,,,
TheraSol,therasol,Beauty,Oral Care,Oral Pain Relief,,,,
MICVISTA,micvista,Electronics,Accessories & Supplies,Microphones,,,,
Gravity Professional,gravity-professional,Electronics,Accessories & Supplies,Vehicle Electronics Accessories,,,,
KIWIFOTOS,kiwifotos,Electronics,Accessories & Supplies,Camera & Photo Accessories,,,,
PEIKETAO,peiketao,Electronics,Camera & Photo,Binoculars & Scopes,,,,
AUITRONCARE,auitroncare,Beauty,Hair Care,Styling Tools & Appliances,,,,
Wewounyl,wewounyl,Beauty,Hair Care,Hair Cutting Tools,,,,
YUMMIS,yummis,Beauty,Personal Care,Bath & Bathing Accessories,,,,
Computer Memory Solutions,computer-memory-solutions,Electronics,Accessories & Supplies,Computer Accessories,,,,
Douxo,douxo,Beauty,Skin Care,Body,,,,
EGV,egv,Electronics,Wearable Technology,Accessories,,,,
Swingers,swingers,Electronics,Accessories & Supplies,Cord Management,,,,
CYQAPC,cyqapc,Electronics,Computers & Accessories,Tablet Accessories,,,,
ECHOGEAR,echogear,Electronics,Video Game Consoles & Accessories,Fire TV,,,,
Mythos,mythos,Beauty,Hair Care,Hair Accessories,,,,
Yamaya,yamaya,Electronics,Computers & Accessories,Laptop Accessories,,,,
COLLEEN ROTHSCHILD,colleen-rothschild,Beauty,Skin Care,Face,,,,
Geodhi,geodhi,Beauty,Skin Care,Body,,,,
MISSEDSEN,missedsen,Beauty,Skin Care,Sunscreens & Tanning Products,,,,
Hydrox Laboratories,hydrox-laboratories,Beauty,Hair Care,Hair Coloring Products,,,,
Diamond Audio,diamond-audio,Electronics,Car & Vehicle Electronics,Car Electronics,,,,
RUIBO,ruibo,Beauty,Shave & Hair Removal,Women's,,,,
BDQQ,bdqq,Electronics,Wearable Technology,Accessories,,,,
Dulhan Classic,dulhan-classic,Beauty,Shave & Hair Removal,Men's,,,,
Renmou,renmou,Electronics,Accessories & Supplies,Cell Phone Accessories,,,,
X10,x10,Electronics,Computers & Accessories,Networking Products,,,,
HIMALAYA PINKSALT,himalaya-pinksalt,Beauty,Skin Care,Body,,,,
Greyfree,greyfree,Beauty,Hair Care,Hair Coloring Products,,,,
Bardeau Essentials,bardeau-essentials,Beauty,Hair Care,Styling Tools & Appliances,,,,
YAGOUBY,yagouby,Electronics,Accessories & Supplies,Cell Phone Accessories,,,,
CBR,cbr,Electronics,Accessories & Supplies,Vehicle Electronics Accessories,,,,
ZYXEL,zyxel,Electronics,Computers & Accessories,Networking Products,zyxel.com,,,
COO,coo,Electronics,Accessories & Supplies,Computer Accessories,,,,
Caswell-Massey,caswell-massey,Beauty,Skin Care,Body,,,,
Davidsons Collection,davidsons-collection,Electronics,Accessories & Supplies,Cord Management,,,,
Baxter of California,baxter-of-california,Beauty,Shave & Hair Removal,Men's,,,,
EKDJKK,ekdjkk,Electronics,Camera & Photo,Video,,,,
DUOYHIEL,duoyhiel,Electronics,Accessories & Supplies,Computer Accessories,,,,
WaterCop,watercop,Electronics,Accessories & Supplies,Computer Accessories,,,,
ROOFULL,roofull,Electronics,Computers & Accessories,Computer Components,,,,
ANTOGOO V,antogoo-v,Electronics,Accessories & Supplies,Computer Accessories,,,,
FEEL2NICE,feel2nice,Electronics,Accessories & Supplies,Cell Phone Accessories,,,,
mstdre,mstdre,Beauty,Hair Care,"Extensions, Wigs & Accessories",,,,
DKE,dke,Electronics,Computers & Accessories,Computer Components,,,,
BOTANICAL HAIR GROWTH LAB,botanical-hair-growth-lab,Beauty,Hair Care,Hair Loss Products,,,,
Xislet,xislet,Electronics,Accessories & Supplies,Vehicle Electronics Accessories,,,,
HDE,hde,Electronics,Video Game Consoles & Accessories,Nintendo DS,,,,
BEAUTE DE PROVENCE,beaute-de-provence,Beauty,Skin Care,Body,,,,
Best Buy essentials,best-buy-essentials,Electronics,Accessories & Supplies,"Batteries, Chargers & Accessories",,,,
Jowxsx,jowxsx,Beauty,Hair Care,Styling Tools & Appliances,,,,
JINGCHENGMEI,jingchengmei,Electronics,Accessories & Supplies,Computer Accessories,,,,
ZIZZON,zizzon,Beauty,"Foot, Hand & Nail Care",Tools & Accessories,,,,
NEW'C,new-c,Electronics,Accessories & Supplies,Cell Phone Accessories,,,,
St.Tropez,st-tropez,Beauty,Skin Care,Sunscreens & Tanning Products,,,,
cablecc,cablecc,Electronics,Accessories & Supplies,Computer Accessories,,,,
Harmony Audio,harmony-audio,Electronics,Accessories & Supplies,Cables,,,,
Lomansa,lomansa,Beauty,Makeup,Eyes,,,,
FIOLEES,fiolees,Electronics,Portable Audio & Video,Cassette Players & Recorders,,,,
CASEDAO,casedao,Electronics,Accessories & Supplies,Computer Accessories,,,,
SUPGIFT,supgift,Beauty,"Foot, Hand & Nail Care",Nail Art & Polish,,,,
Real Chemistry,real-chemistry,Beauty,Makeup,Eyes,,,,
XINBAOHONG,xinbaohong,Electronics,Accessories & Supplies,Cell Phone Accessories,,,,
HEHOTTC,hehottc,Electronics,Accessories & Supplies,Microphones,,,,
Joan Rivers Beauty,joan-rivers-beauty,Beauty,Hair Care,Hair Coloring Products,,,,
Vinsetto,vinsetto,Electronics,Accessories & Supplies,Computer Accessories,,,,
maxeylead,maxeylead,Beauty,Shave & Hair Removal,Women's,,,,
Lewis N. Clark,lewis-n-clark,Electronics,Accessories & Supplies,Vehicle Electronics Accessories,,,,
Baren,baren,Beauty,"Foot, Hand & Nail Care",Foot & Hand Care,,,,
Tsawntd,tsawntd,Beauty,"Foot, Hand & Nail Care",Nail Care,,,,
MUCQL,mucql,Electronics,Accessories & Supplies,Computer Accessories,,,,
energeaster,energeaster,Electronics,Accessories & Supplies,Cables,,,,
Química Alemana,qu-mica-alemana,Beauty,"Foot, Hand & Nail Care",Nail Care,,,,
BEITMISS,beitmiss,Beauty,Hair Care,Styling Tools & Appliances,,,,
RUICHIGO,ruichigo,Beauty,Skin Care,Face,,,,
NEWYIHOKJ,newyihokj,Electronics,Accessories & Supplies,Camera & Photo Accessories,,,,
Donginbi,donginbi,Beauty,Skin Care,Face,,,,
JSVER,jsver,Electronics,Wearable Technology,Accessories,,,,
KALIONE,kalione,Beauty,Shave & Hair Removal,Men's,,,,
TOPWILL,topwill,Beauty,Shave & Hair Removal,Men's,,,,
SKINTIFIC,skintific,Beauty,Skin Care,Face,,,,
Yaoociy,yaoociy,Beauty,"Foot, Hand & Nail Care",Nail Art & Polish,,,,
L'OREAL TECHNIQUE,l-oreal-technique,Beauty,Shave & Hair Removal,Women's,,,,
Alban,alban,Beauty,"Foot, Hand & Nail Care",Tools & Accessories,,,,
Cacukn,cacukn,Beauty,"Foot, Hand & Nail Care",Nail Care,,,,
BriteBrush,britebrush,Beauty,Oral Care,Children's Dental Care,,,,
ATVFuture,atvfuture,Electronics,Accessories & Supplies,Television Accessories,,,,
BYCOO,bycoo,Beauty,Hair Care,Hair Accessories,,,,
SayRose,sayrose,Electronics,Computers & Accessories,Laptop Accessories,,,,
STDFORU,stdforu,Electronics,Accessories & Supplies,Camera & Photo Accessories,,,,
ASIPRO,asipro,Beauty,Shave & Hair Removal,Men's,,,,
RGBTEK,rgbtek,Electronics,Camera & Photo,Video,,,,
EVEREST ORAL CARE,everest-oral-care,Beauty,Oral Care,Mouthwash,,,,
onelinkmore,onelinkmore,Electronics,Accessories & Supplies,Audio & Video Accessories,,,,
ZOOKOTO,zookoto,Electronics,Accessories & Supplies,Vehicle Electronics Accessories,,,,
Skyoptikst,skyoptikst,Electronics,Accessories & Supplies,Camera & Photo Accessories,,,,
AISNI,aisni,Electronics,Computers & Accessories,Tablet Accessories,,,,
MR.GREEN,mr-green,Beauty,"Foot, Hand & Nail Care",Tools & Accessories,,,,
HENDUN,hendun,Electronics,Car & Vehicle Electronics,Car Electronics,,,,
Fenjal,fenjal,Beauty,Personal Care,Bath & Bathing Accessories,,,,
OLOV slim,olov-slim,Beauty,Shave & Hair Removal,Men's,,,,
LitBear,litbear,Beauty,Skin Care,Face,,,,
Inglot,inglot,Beauty,Makeup,Eyes,,,,
JNSupplier,jnsupplier,Electronics,eBook Readers & Accessories,Power Adapters,,,,
Iramoiri,iramoiri,Beauty,Personal Care,Bath & Bathing Accessories,,,,
JinZeFa,jinzefa,Beauty,Shave & Hair Removal,Men's,,,,
XREAL,xreal,Electronics,Television & Video,Video Glasses,xreal.com,,,
Logitech Inc,logitech-inc,Electronics,Video Game Consoles & Accessories,Wii,,,,
Yopih,yopih,Electronics,Accessories & Supplies,Camera & Photo Accessories,,,,
CAMBOFOTO,cambofoto,Electronics,Camera & Photo,Video,,,,
KANPRINCESS,kanprincess,Beauty,Hair Care,Hair Accessories,,,,
XIANGEN,xiangen,Electronics,Camera & Photo,Binoculars & Scopes,,,,
Evelots,evelots,Electronics,Accessories & Supplies,Audio & Video Accessories,,,,
XLWWOVZJY,xlwwovzjy,Electronics,Accessories & Supplies,Microphones,,,,
WAGHAVEN,waghaven,Electronics,Accessories & Supplies,"Batteries, Chargers & Accessories",,,,
DGT Tattoo Supply,dgt-tattoo-supply,Beauty,Personal Care,Piercing & Tattoo Supplies,,,,
POP MODERN.C,pop-modern-c,Beauty,Skin Care,Face,,,,
slinkdsco,slinkdsco,Electronics,Computers & Accessories,Networking Products,,,,
Newhope,newhope,Electronics,Computers & Accessories,Computer Components,,,,
DUAIU,duaiu,Beauty,Shave & Hair Removal,Men's,,,,
nbc BeautiLab,nbc-beautilab,Beauty,"Foot, Hand & Nail Care",Foot & Hand Care,,,,
Alfred Dunhill,alfred-dunhill,Beauty,Fragrance,Men's,,,,
Crate 61 Organics,crate-61-organics,Beauty,Skin Care,Body,,,,
JINGCOOL,jingcool,Electronics,Accessories & Supplies,Cell Phone Accessories,,,,
Perfecting Your Presence,perfecting-your-presence,Beauty,Makeup,Eyes,,,,
FKBAightccy,fkbaightccy,Electronics,Accessories & Supplies,Cell Phone Accessories,,,,
Oak City Beard Company,oak-city-beard-company,Beauty,Shave & Hair Removal,Men's,,,,
Cablix,cablix,Electronics,Accessories & Supplies,Computer Accessories,,,,
Wobe,wobe,Beauty,"Foot, Hand & Nail Care",Nail Art & Polish,,,,
DEWENWILS,dewenwils,Electronics,Accessories & Supplies,Cord Management,,,,
YZGame,yzgame,Electronics,Video Game Consoles & Accessories,Wii,,,,
Ritek,ritek,Electronics,Accessories & Supplies,Computer Accessories,,,,
King C. Gillette,king-c-gillette,Beauty,Shave & Hair Removal,Men's,,,,
cimetech,cimetech,Electronics,Accessories & Supplies,Computer Accessories,,,,
MAXSMLZT,maxsmlzt,Beauty,Personal Care,Piercing & Tattoo Supplies,,,,
Prince Matchabelli,prince-matchabelli,Beauty,Fragrance,Women's,,,,
FootSpa,footspa,Beauty,"Foot, Hand & Nail Care",Foot & Hand Care,,,,
Bedalio,bedalio,Electronics,Accessories & Supplies,Vehicle Electronics Accessories,,,,
MOGO MOVIE ON THE GO,mogo-movie-on-the-go,Electronics,Accessories & Supplies,Cell Phone Accessories,,,,
FirFiltr,firfiltr,Electronics,Accessories & Supplies,Vehicle Electronics Accessories,,,,
AZLA,azla,Electronics,Accessories & Supplies,Cell Phone Accessories,,,,
BeBeauty,bebeauty,Beauty,Shave & Hair Removal,Women's,,,,
QUI,qui,Electronics,Accessories & Supplies,Computer Accessories,,,,
Nagnahz,nagnahz,Electronics,Accessories & Supplies,Camera & Photo Accessories,,,,
SWSTINLING,swstinling,Beauty,Hair Care,Hair Accessories,,,,
WisFox,wisfox,Electronics,Accessories & Supplies,Computer Accessories,,,,
QRTVI,qrtvi,Beauty,Hair Care,Hair Accessories,,,,
Caunmy,caunmy,Beauty,Skin Care,Face,,,,
SuperDuomishu,superduomishu,Beauty,Hair Care,Styling Tools & Appliances,,,,
Tiffcofio,tiffcofio,Electronics,Accessories & Supplies,Power Strips & Surge Protectors,,,,
Rgar,rgar,Electronics,Accessories & Supplies,Computer Accessories,,,,
KoovDem,koovdem,Electronics,Computers & Accessories,Computer Components,,,,
Sumvision,sumvision,Electronics,Video Game Consoles & Accessories,Wii,,,,
viohead,viohead,Beauty,Shave & Hair Removal,Men's,,,,
RAYI,rayi,Beauty,Shave & Hair Removal,Men's,,,,
SGEYR,sgeyr,Electronics,Computers & Accessories,Computer Components,,,,
Ultimaxx,ultimaxx,Electronics,Accessories & Supplies,Camera & Photo Accessories,,,,
Neideso,neideso,Electronics,Accessories & Supplies,Vehicle Electronics Accessories,,,,
CIHTL,cihtl,Electronics,Accessories & Supplies,"Batteries, Chargers & Accessories",,,,
SZFUDIGO,szfudigo,Electronics,Accessories & Supplies,Computer Accessories,,,,
ZAXIDALER,zaxidaler,Electronics,Home Audio,Home Theater,,,,
Acoyer,acoyer,Electronics,Accessories & Supplies,Television Accessories,,,,
BODFPPC,bodfppc,Beauty,Skin Care,Face,,,,
Scope,scope,Beauty,Oral Care,Mouthwash,,,,
Bekecidi,bekecidi,Electronics,Wearable Technology,Accessories,,,,
Time To Remember,time-to-remember,Electronics,Accessories & Supplies,Camera & Photo Accessories,,,,
TEEYSO,teeyso,Beauty,Shave & Hair Removal,Men's,,,,
Utildom,utildom,Electronics,Accessories & Supplies,Television Accessories,,,,
HMKUGO,hmkugo,Electronics,Camera & Photo,Binoculars & Scopes,,,,
Medline Remedy,medline-remedy,Beauty,Skin Care,Body,,,,
Oracer,oracer,Electronics,Accessories & Supplies,Computer Accessories,,,,
LINANGE,linange,Beauty,Hair Care,Hair Masks,,,,
TAKTICK,taktick,Beauty,Skin Care,Face,,,,
ENJOYLink,enjoylink,Electronics,Accessories & Supplies,Television Accessories,,,,
INPHIC,inphic,Electronics,Accessories & Supplies,Computer Accessories,,,,
PROAIM,proaim,Electronics,Camera & Photo,Video,,,,
Conexant,conexant,Electronics,Computers & Accessories,Computer Components,,,,
SeBneny,sebneny,Beauty,Makeup,Body,,,,
Kase,kase,Electronics,Accessories & Supplies,Camera & Photo Accessories,,,,
Velodi,velodi,Electronics,Accessories & Supplies,Audio & Video Accessories,,,,
Carol's Daughter,carol-s-daughter,Beauty,Hair Care,Hair Masks,,,,
Pro-line Racing,pro-line-racing,Beauty,Hair Care,"Hair Perms, Relaxers & Texturizers",,,,
Ooosonlu,ooosonlu,Beauty,Hair Care,Hair Accessories,,,,
Giloner,giloner,Beauty,"Foot, Hand & Nail Care",Foot & Hand Care,,,,
Tbest,tbest,Electronics,Car & Vehicle Electronics,Car Electronics,,,,
joremx,joremx,Electronics,Accessories & Supplies,Cell Phone Accessories,,,,
Clairol Professional,clairol-professional,Beauty,Shave & Hair Removal,Women's,,,,
GAOSENLONK,gaosenlonk,Beauty,Makeup,Makeup Palettes,,,,
COMNICO,comnico,Beauty,Hair Care,Hair Coloring Products,,,,
Bass Rockers,bass-rockers,Electronics,Accessories & Supplies,Vehicle Electronics Accessories,,,,
Tedubax,tedubax,Electronics,Accessories & Supplies,Computer Accessories,,,,
Hanalei,hanalei,Beauty,Skin Care,Lip Care,,,,
TAORANJU,taoranju,Beauty,Shave & Hair Removal,Women's,,,,
Laritelle,laritelle,Beauty,Hair Care,Hair Loss Products,,,,
LinMei,linmei,Beauty,Shave & Hair Removal,Men's,,,,
AMZBOSS,amzboss,Electronics,Accessories & Supplies,Computer Accessories,,,,
Brightup,brightup,Beauty,Shave & Hair Removal,Men's,,,,
UYFGHSVB,uyfghsvb,Electronics,Accessories & Supplies,Camera & Photo Accessories,,,,
Seqoiyia,seqoiyia,Electronics,Cell Phones & Accessories,"Cases, Holsters & Clips",,,,
Nuofany,nuofany,Electronics,Portable Audio & Video,MP3 & MP4 Player Accessories,,,,
Interstate Batteries,interstate-batteries,Electronics,Accessories & Supplies,"Batteries, Chargers & Accessories",,,,
VOLCANOES CLUB,volcanoes-club,Electronics,Accessories & Supplies,Audio & Video Accessories,,,,
FEISIER,feisier,Beauty,Shave & Hair Removal,Men's,,,,
Sinjet,sinjet,Electronics,Car & Vehicle Electronics,Car Electronics,,,,
YoulerTex,youlertex,Beauty,Hair Care,Hair Accessories,,,,
Chloe,chloe,Beauty,Fragrance,Women's,,,,
USonline911,usonline911,Electronics,Video Game Consoles & Accessories,Nintendo DS,,,,
Freshscent,freshscent,Beauty,Shave & Hair Removal,Men's,,,,
KGAXUN,kgaxun,Beauty,Oral Care,Dry Mouth Relief,,,,
Queentona,queentona,Electronics,Accessories & Supplies,"Batteries, Chargers & Accessories",,,,
Kerstin Florian,kerstin-florian,Beauty,Personal Care,Bath & Bathing Accessories,,,,
MMonDod,mmondod,Beauty,Shave & Hair Removal,Women's,,,,
GOSDENG,gosdeng,Electronics,Accessories & Supplies,Vehicle Electronics Accessories,,,,
MAKJUNS,makjuns,Beauty,Oral Care,Dental Floss & Picks,,,,
WUXIDIXI,wuxidixi,Electronics,Cell Phones & Accessories,Carrier Cell Phones,,,,
Bed Head,bed-head,Beauty,Hair Care,Styling Tools & Appliances,,,,
Acorelle,acorelle,Beauty,Fragrance,Women's,,,,
K-Tech,k-tech,Electronics,Accessories & Supplies,Cell Phone Accessories,,,,
CHRISTINE SHELLY,christine-shelly,Beauty,"Foot, Hand & Nail Care",Nail Art & Polish,,,,
American Wellness Authority,american-wellness-authority,Beauty,"Foot, Hand & Nail Care",Tools & Accessories,,,,
Kosas,kosas,Beauty,Makeup,Eyes,,,,
GZKYYLEGS,gzkyylegs,Electronics,Accessories & Supplies,Office Electronics Accessories,,,,
NeedCrystals,needcrystals,Beauty,Skin Care,Face,,,,
STORM SHELL,storm-shell,Electronics,Accessories & Supplies,Television Accessories,,,,
NEXTBEAU,nextbeau,Beauty,Skin Care,Face,,,,
MOGOOD,mogood,Electronics,Computers & Accessories,Networking Products,,,,
KALLAK,kallak,Electronics,Car & Vehicle Electronics,Car Electronics,,,,
Vinanker,vinanker,Electronics,Accessories & Supplies,Computer Accessories,,,,
KronosRising,kronosrising,Electronics,Accessories & Supplies,Computer Accessories,,,,
VJQ,vjq,Electronics,Accessories & Supplies,Cell Phone Accessories,,,,
BRIOUT,briout,Electronics,Accessories & Supplies,Computer Accessories,,,,
Semme,semme,Beauty,Shave & Hair Removal,Men's,,,,
Rocky Mountain Barber Company,rocky-mountain-barber-company,Beauty,Shave & Hair Removal,Men's,,,,
seenda,seenda,Electronics,Accessories & Supplies,Computer Accessories,,,,
AmariMay,amarimay,Beauty,"Foot, Hand & Nail Care",Nail Art & Polish,,,,
Mkeke,mkeke,Electronics,Accessories & Supplies,Cell Phone Accessories,,,,
Degree,degree,Beauty,Personal Care,Deodorants & Antiperspirants,,,,
Emgykit,emgykit,Electronics,Portable Audio & Video,Radios,,,,
Softsoap,softsoap,Beauty,"Foot, Hand & Nail Care",Foot & Hand Care,,,,
Dermarest,dermarest,Beauty,Hair Care,Shampoo & Conditioner,,,,
DURACELL,duracell,Electronics,Accessories & Supplies,Camera & Photo Accessories,duracell.com,,,
IOGEAR,iogear,Electronics,Computers & Accessories,Computer Components,iogear.com,,,
CRASPIRE,craspire,Beauty,"Foot, Hand & Nail Care",Nail Art & Polish,,,,
匠の技,-,Beauty,"Foot, Hand & Nail Care",Tools & Accessories,,,,
IRON FORGE CABLE,iron-forge-cable,Electronics,Accessories & Supplies,Vehicle Electronics Accessories,,,,
SOSU,sosu,Beauty,Skin Care,Body,,,,
EMB,emb,Electronics,Car & Vehicle Electronics,Car Electronics,,,,
XMHF,xmhf,Electronics,Accessories & Supplies,Vehicle Electronics Accessories,,,,
Bolton Technical,bolton-technical,Electronics,Accessories & Supplies,Cell Phone Accessories,,,,
Fugetek,fugetek,Electronics,Camera & Photo,Video,,,,
Vgoohobby,vgoohobby,Electronics,Camera & Photo,Video,,,,
Kakurookie,kakurookie,Electronics,Accessories & Supplies,Computer Accessories,,,,
ビクター(VICTOR),-victor-,Electronics,Accessories & Supplies,Computer Accessories,,,,
ALIVER,aliver,Beauty,"Foot, Hand & Nail Care",Foot & Hand Care,,,,
Epic,epic,Beauty,Oral Care,Toothpaste,,,,
DOPENSPI,dopenspi,Beauty,Hair Care,Styling Tools & Appliances,,,,
Comfort Axis,comfort-axis,Beauty,Personal Care,Bath & Bathing Accessories,,,,
SAMPHON,samphon,Electronics,Accessories & Supplies,Computer Accessories,,,,
Fizzy,fizzy,Beauty,Oral Care,Mouthwash,,,,
Hosa,hosa,Electronics,Accessories & Supplies,Cables,hosatech.com,,,
Jian Cheng,jian-cheng,Electronics,Accessories & Supplies,Camera & Photo Accessories,,,,
ICE DROPS,ice-drops,Beauty,Oral Care,Breath Fresheners,,,,
Cisco,cisco,Electronics,Computers & Accessories,Networking Products,cisco.com,,,1
CroBlissful,croblissful,Electronics,Accessories & Supplies,Computer Accessories,,,,
LUOOHL,luoohl,Beauty,"Foot, Hand & Nail Care",Nail Art & Polish,,,,
Classic Samurai,classic-samurai,Beauty,Shave & Hair Removal,Men's,,,,
Sun Natural Products,sun-natural-products,Beauty,Makeup,Body,,,,
Imtiti,imtiti,Beauty,"Foot, Hand & Nail Care",Nail Art & Polish,,,,
BLEST PROFESSIONAL HAIR CARE,blest-professional-hair-care,Beauty,Hair Care,Hair Coloring Products,,,,
VideoSecu,videosecu,Electronics,Accessories & Supplies,Mounts,,,,
Tan Asz U,tan-asz-u,Beauty,Makeup,Body,,,,
Uwbettry,uwbettry,Beauty,"Foot, Hand & Nail Care",Foot & Hand Care,,,,
HomTop,homtop,Beauty,"Foot, Hand & Nail Care",Nail Art & Polish,,,,
TOUCHBeauty,touchbeauty,Beauty,"Foot, Hand & Nail Care",Nail Art & Polish,,,,
Covanm,covanm,Electronics,Video Game Consoles & Accessories,Wii,,,,
Syba,syba,Electronics,Computers & Accessories,Computer Components,,,,
Medical king,medical-king,Beauty,"Foot, Hand & Nail Care",Tools & Accessories,,,,
PiUR SKiN,piur-skin,Beauty,Makeup,Eyes,,,,
Hnzwbxg,hnzwbxg,Electronics,Accessories & Supplies,Camera & Photo Accessories,,,,
Wea&Hea,wea-hea,Beauty,"Foot, Hand & Nail Care",Tools & Accessories,,,,
Fantasy Nails,fantasy-nails,Beauty,"Foot, Hand & Nail Care",Nail Art & Polish,,,,
Noctua,noctua,Electronics,Computers & Accessories,Computer Components,noctua.at,,,
TeethBliss,teethbliss,Beauty,Shave & Hair Removal,Men's,,,,
Zoyork,zoyork,Beauty,Hair Care,Hair Coloring Products,,,,
OnStage,onstage,Electronics,Accessories & Supplies,Microphones,,,,
dr.pepti,dr-pepti,Beauty,Skin Care,Face,,,,
Bnineteenteam,bnineteenteam,Electronics,Accessories & Supplies,Microphones,,,,
MM CAMMPRO,mm-cammpro,Electronics,Camera & Photo,Video,,,,
PXNQMTJM,pxnqmtjm,Electronics,Accessories & Supplies,Computer Accessories,,,,
PMD Beauty,pmd-beauty,Beauty,Skin Care,Face,,,,
Ohuhu,ohuhu,Beauty,Hair Care,Styling Tools & Appliances,,,,
SUNATORIA,sunatoria,Beauty,"Foot, Hand & Nail Care",Foot & Hand Care,,,,
AIRNOGO,airnogo,Electronics,Computers & Accessories,Laptop Accessories,,,,
VIVXT,vivxt,Electronics,Accessories & Supplies,Camera & Photo Accessories,,,,
YIGO MASTER,yigo-master,Beauty,Personal Care,Bath & Bathing Accessories,,,,
COOPER,cooper,Electronics,Accessories & Supplies,Cell Phone Accessories,,,,
XP-PEN,xp-pen,Electronics,Accessories & Supplies,Computer Accessories,xp-pen.com,,,
Arlo's,arlo-s,Beauty,Shave & Hair Removal,Men's,,,,
Lancer Skincare,lancer-skincare,Beauty,Skin Care,Face,,,,
FIVONA,fivona,Beauty,Personal Care,Bath & Bathing Accessories,,,,
GuanTing,guanting,Electronics,Accessories & Supplies,"Batteries, Chargers & Accessories",,,,
Aimai Forever,aimai-forever,Electronics,Computers & Accessories,Tablet Accessories,,,,
PCTC,pctc,Electronics,Accessories & Supplies,Camera & Photo Accessories,,,,
Jumbl,jumbl,Electronics,Accessories & Supplies,Mounts,,,,
Skinomi,skinomi,Electronics,Video Game Consoles & Accessories,Sony PSP,,,,
LTANDBR,ltandbr,Electronics,Computers & Accessories,Computer Components,,,,
DYTDIEYINGTU,dytdieyingtu,Electronics,Accessories & Supplies,Camera & Photo Accessories,,,,
APPS2Car,apps2car,Electronics,Computers & Accessories,Tablet Accessories,,,,
Carlizem,carlizem,Electronics,Accessories & Supplies,Vehicle Electronics Accessories,,,,
OMAX,omax,Electronics,Camera & Photo,Binoculars & Scopes,,,,
NSXAYIWE,nsxayiwe,Beauty,Shave & Hair Removal,Men's,,,,
HONOMA,honoma,Beauty,Personal Care,Bath & Bathing Accessories,,,,
Erayco,erayco,Electronics,Accessories & Supplies,Vehicle Electronics Accessories,,,,
Green Onions Supply,green-onions-supply,Electronics,Accessories & Supplies,Computer Accessories,,,,
LY LANYOS,ly-lanyos,Beauty,"Foot, Hand & Nail Care",Nail Art & Polish,,,,
Peach Slices,peach-slices,Beauty,Skin Care,Face,,,,
Xutekcy,xutekcy,Electronics,Car & Vehicle Electronics,Car Electronics,,,,
Energizer,energizer,Electronics,Accessories & Supplies,Cell Phone Accessories,energizer.com,,,
RDMODO,rdmodo,Electronics,Cell Phones & Accessories,"Cases, Holsters & Clips",,,,
Bazzle's Beard,bazzle-s-beard,Beauty,Personal Care,Piercing & Tattoo Supplies,,,,
VOSS ENLARGER LENS,voss-enlarger-lens,Electronics,Accessories & Supplies,Camera & Photo Accessories,,,,
P&G PROFESSIONAL,p-g-professional,Beauty,"Foot, Hand & Nail Care",Foot & Hand Care,,,,
Basis,basis,Beauty,Skin Care,Body,,,,
Star,star,Beauty,"Foot, Hand & Nail Care",Nail Care,,,,
Delta Electronics,delta-electronics,Electronics,Computers & Accessories,Laptop Accessories,,,,
PANMILED,panmiled,Electronics,Accessories & Supplies,Audio & Video Accessories,,,,
BALI BODY,bali-body,Beauty,Skin Care,Body,,,,
AMFRNE,amfrne,Electronics,Accessories & Supplies,Vehicle Electronics Accessories,,,,
FJHEPERPOO,fjheperpoo,Electronics,Accessories & Supplies,Cell Phone Accessories,,,,
VizGiz,vizgiz,Electronics,Accessories & Supplies,Cell Phone Accessories,,,,
TEYOUYI,teyouyi,Electronics,Accessories & Supplies,Camera & Photo Accessories,,,,
GENZYRE,genzyre,Beauty,Hair Care,Hair Cutting Tools,,,,
Jxjslp,jxjslp,Electronics,Computers & Accessories,Laptop Accessories,,,,
QCKANLJ,qckanlj,Electronics,Accessories & Supplies,Cell Phone Accessories,,,,
TRSILLE,trsille,Beauty,Skin Care,Body,,,,
Frerdui,frerdui,Beauty,Skin Care,Body,,,,
Mellbree,mellbree,Electronics,Video Game Consoles & Accessories,Nintendo DS,,,,
SOEYBAE,soeybae,Electronics,Accessories & Supplies,Cables,,,,
ZugGear,zuggear,Electronics,Car & Vehicle Electronics,Car Electronics,,,,
Abib,abib,Beauty,Skin Care,Eyes,,,,
miechua,miechua,Beauty,Shave & Hair Removal,Men's,,,,
FRUDRIK,frudrik,Electronics,Accessories & Supplies,Cables,,,,
Ritz Camera,ritz-camera,Electronics,Camera & Photo,Film Photography,,,,
Jisile,jisile,Electronics,Accessories & Supplies,Computer Accessories,,,,
Isoplus,isoplus,Beauty,Hair Care,Hair Loss Products,,,,
QNAP,qnap,Electronics,Computers & Accessories,Data Storage,qnap.com,,,
WEISHI,weishi,Beauty,Shave & Hair Removal,Men's,,,,
be quiet!,be-quiet-,Electronics,Computers & Accessories,Computer Components,,,,
SVS,svs,Electronics,Accessories & Supplies,Cables,svsound.com,,,1
LANXIRE,lanxire,Electronics,Accessories & Supplies,Microphones,,,,
Project Reef,project-reef,Beauty,Skin Care,Sunscreens & Tanning Products,,,,
SHENMZ,shenmz,Electronics,Video Game Consoles & Accessories,Nintendo DS,,,,
Herold Solingen,herold-solingen,Beauty,Shave & Hair Removal,Men's,,,,
EuLea,eulea,Beauty,Hair Care,Hair Cutting Tools,,,,
Eopzol,eopzol,Electronics,Video Game Consoles & Accessories,Wii,,,,
ELP ESSENTIAL,elp-essential,Beauty,Fragrance,Dusting Powders,,,,
LUEXBOX,luexbox,Beauty,Shave & Hair Removal,Men's,,,,
FARMSTAY,farmstay,Beauty,Skin Care,Eyes,,,,
QUBA LINEN,quba-linen,Beauty,"Foot, Hand & Nail Care",Tools & Accessories,,,,
JvKzaen,jvkzaen,Electronics,Accessories & Supplies,Computer Accessories,,,,
Rode,rode,Electronics,Accessories & Supplies,Microphones,rode.com,,,1
HHOOMY,hhoomy,Beauty,"Foot, Hand & Nail Care",Nail Art & Polish,,,,
Sumgsn,sumgsn,Electronics,Accessories & Supplies,Computer Accessories,,,,
SleepRight,sleepright,Beauty,Oral Care,Teeth Grinding Guards,,,,
AUSTERE,austere,Electronics,Accessories & Supplies,Cables,,,,
Finally Hair,finally-hair,Beauty,Hair Care,Hair Loss Products,,,,
MIRAGE LAYON,mirage-layon,Beauty,"Foot, Hand & Nail Care",Nail Art & Polish,,,,
biba de sousa,biba-de-sousa,Beauty,Skin Care,Face,,,,
FDKOBE,fdkobe,Electronics,Camera & Photo,Video,,,,
Qirssyn,qirssyn,Electronics,Accessories & Supplies,Computer Accessories,,,,
Amcrest,amcrest,Electronics,Camera & Photo,Video Surveillance,,,,
GAXI,gaxi,Electronics,Video Game Consoles & Accessories,Wii U,,,,
abcGoodefg,abcgoodefg,Electronics,Accessories & Supplies,Computer Accessories,,,,
Earth Therapeutics,earth-therapeutics,Beauty,"Foot, Hand & Nail Care",Foot & Hand Care,,,,
GGZone,ggzone,Electronics,Video Game Consoles & Accessories,Xbox 360,,,,
Biutee,biutee,Beauty,"Foot, Hand & Nail Care",Nail Art & Polish,,,,
Trim,trim,Beauty,"Foot, Hand & Nail Care",Tools & Accessories,,,,
COMSOON,comsoon,Electronics,Accessories & Supplies,Vehicle Electronics Accessories,,,,
Gallo Acoustics,gallo-acoustics,Electronics,Home Audio,Home Theater,,,,
atimier,atimier,Beauty,"Foot, Hand & Nail Care",Tools & Accessories,,,,
LNKERCO,lnkerco,Electronics,Car & Vehicle Electronics,Car Electronics,,,,
HOHOO,hohoo,Beauty,Oral Care,Dental Floss & Picks,,,,
Thsucords,thsucords,Electronics,Accessories & Supplies,Cables,,,,
SHADES SPOT,shades-spot,Electronics,Camera & Photo,Video,,,,
QHMLMJT,qhmlmjt,Electronics,Accessories & Supplies,Vehicle Electronics Accessories,,,,
LYUNAIL Professional,lyunail-professional,Beauty,"Foot, Hand & Nail Care",Nail Art & Polish,,,,
FEMORO,femoro,Electronics,Computers & Accessories,Computer Components,,,,
lejiada,lejiada,Electronics,Accessories & Supplies,Office Electronics Accessories,,,,
Tensea,tensea,Electronics,Wearable Technology,Accessories,,,,
BioAuVity,bioauvity,Beauty,Hair Care,"Extensions, Wigs & Accessories",,,,
LoopTone,looptone,Electronics,Home Audio,Turntables & Accessories,,,,
Denabuty,denabuty,Beauty,"Foot, Hand & Nail Care",Nail Art & Polish,,,,
Muse,muse,Electronics,Portable Audio & Video,Cassette Players & Recorders,,,,
Mighty Patch,mighty-patch,Beauty,Skin Care,Face,,,,
Ezcora,ezcora,Beauty,Shave & Hair Removal,Men's,,,,
Modem,modem,Electronics,Computers & Accessories,Computer Components,,,,
SLKIJDHFB,slkijdhfb,Electronics,Accessories & Supplies,Computer Accessories,,,,
PEOGOHS,peogohs,Electronics,Computers & Accessories,Networking Products,,,,
Green Med,green-med,Beauty,Skin Care,Face,,,,
Ippurger,ippurger,Beauty,Skin Care,Face,,,,
TENEALAY,tenealay,Electronics,Accessories & Supplies,Audio & Video Accessories,,,,
hehua,hehua,Electronics,Accessories & Supplies,Office Electronics Accessories,,,,
Wbacon,wbacon,Electronics,Portable Audio & Video,Minidisc Players,,,,
BARBERPLAN,barberplan,Beauty,"Foot, Hand & Nail Care",Nail Art & Polish,,,,
Skinit,skinit,Electronics,Portable Audio & Video,MP3 & MP4 Player Accessories,,,,
Radicaln,radicaln,Beauty,Shave & Hair Removal,Men's,,,,
Rednow,rednow,Electronics,Accessories & Supplies,Vehicle Electronics Accessories,,,,
CLSYBelize,clsybelize,Beauty,Hair Care,Styling Tools & Appliances,,,,
Rabbitcozy,rabbitcozy,Beauty,Hair Care,Hair Cutting Tools,,,,
WMQL,wmql,Beauty,Skin Care,Face,,,,
ALBEAUT,albeaut,Beauty,Makeup,Face,,,,
Karoxy,karoxy,Beauty,Oral Care,Toothbrushes & Accessories,,,,
Pia beauty squad,pia-beauty-squad,Beauty,Hair Care,Hair Coloring Products,,,,
CUNBIYINA,cunbiyina,Beauty,Makeup,Eyes,,,,
Cloe,cloe,Beauty,Shave & Hair Removal,Men's,,,,
Madison Reed,madison-reed,Beauty,Hair Care,Hair Coloring Products,,,,
ALLC,allc,Electronics,Accessories & Supplies,Computer Accessories,,,,
KATHY&BOB,kathy-bob,Electronics,Accessories & Supplies,Computer Accessories,,,,
Notpolish,notpolish,Beauty,"Foot, Hand & Nail Care",Nail Art & Polish,,,,
Nextron,nextron,Electronics,Portable Audio & Video,Boomboxes,,,,
Amzpas,amzpas,Electronics,Accessories & Supplies,Audio & Video Accessories,,,,
ICONSIAM,iconsiam,Beauty,Makeup,Eyes,,,,
Three Triping,three-triping,Electronics,Accessories & Supplies,Camera & Photo Accessories,,,,
SMS,sms,Electronics,Accessories & Supplies,Camera & Photo Accessories,,,,
ANHAN,anhan,Electronics,Accessories & Supplies,Installation Services,,,,
FEASYCOM,feasycom,Electronics,Computers & Accessories,Networking Products,,,,
Aqua Velva,aqua-velva,Beauty,Shave & Hair Removal,Men's,,,,
Karen Murrell,karen-murrell,Beauty,Skin Care,Lip Care,,,,
ZWHEZYYS,zwhezyys,Electronics,Accessories & Supplies,Computer Accessories,,,,
efluky,efluky,Electronics,Accessories & Supplies,Computer Accessories,,,,
EAMPANG,eampang,Electronics,Computers & Accessories,Tablet Accessories,,,,
BLAAROOM,blaaroom,Beauty,"Foot, Hand & Nail Care",Nail Art & Polish,,,,
Tapix,tapix,Electronics,Accessories & Supplies,Camera & Photo Accessories,,,,
Reshma Beauty,reshma-beauty,Beauty,Hair Care,Hair Coloring Products,,,,
TEVSINPO,tevsinpo,Beauty,Shave & Hair Removal,Men's,,,,
Gerass,gerass,Electronics,Accessories & Supplies,Power Strips & Surge Protectors,,,,
T Tulead,t-tulead,Electronics,Accessories & Supplies,Audio & Video Accessories,,,,
DBX,dbx,Electronics,Accessories & Supplies,Microphones,,,,
Veemoon,veemoon,Electronics,Accessories & Supplies,Computer Accessories,,,,
Atomos,atomos,Electronics,Camera & Photo,Video,atomos.com,,,
SUNCHI,sunchi,Electronics,Accessories & Supplies,Cell Phone Accessories,,,,
YOUNGAR,youngar,Electronics,Accessories & Supplies,Computer Accessories,,,,
SOXUI,soxui,Beauty,Hair Care,Hair Coloring Products,,,,
CaSZLUTION,caszlution,Electronics,Computers & Accessories,Laptop Accessories,,,,
LCYLFH,lcylfh,Electronics,Accessories & Supplies,Audio & Video Accessories,,,,
Peter Thomas Roth,peter-thomas-roth,Beauty,Skin Care,Eyes,peterthomasroth.com,,,1
Pedifix,pedifix,Beauty,"Foot, Hand & Nail Care",Tools & Accessories,,,,
Cover Your Gray,cover-your-gray,Beauty,Hair Care,Hair Coloring Products,,,,
aowoka,aowoka,Electronics,"GPS, Finders & Accessories",Item Finders,,,,
TONERC,tonerc,Electronics,Accessories & Supplies,Computer Accessories,,,,
MoyRetty,moyretty,Beauty,"Foot, Hand & Nail Care",Foot & Hand Care,,,,
HOYOLS,hoyols,Beauty,Hair Care,Hair Accessories,,,,
Ginaday,ginaday,Beauty,Hair Care,Hair Treatment Oils,,,,
Aroma Diffuser,aroma-diffuser,Electronics,Accessories & Supplies,Computer Accessories,,,,
PORTHOLIC,portholic,Electronics,Cell Phones & Accessories,"Cases, Holsters & Clips",,,,
WANJIAXINHUI,wanjiaxinhui,Beauty,"Foot, Hand & Nail Care",Tools & Accessories,,,,
HOYGI,hoygi,Beauty,Skin Care,Face,,,,
DUKABEL,dukabel,Electronics,Accessories & Supplies,Computer Accessories,,,,
yolin,yolin,Electronics,Accessories & Supplies,Computer Accessories,,,,
Peastrex,peastrex,Electronics,Computers & Accessories,Tablet Accessories,,,,
LECUU,lecuu,Electronics,Accessories & Supplies,Computer Accessories,,,,
Brvlsoc,brvlsoc,Beauty,Personal Care,Bath & Bathing Accessories,,,,
Bazivve,bazivve,Beauty,Shave & Hair Removal,Women's,,,,
Buxom,buxom,Beauty,Makeup,Lips,,,,
MicQutr,micqutr,Electronics,Accessories & Supplies,Microphones,,,,
Arrid,arrid,Beauty,Personal Care,Deodorants & Antiperspirants,,,,
Tryone,tryone,Electronics,Computers & Accessories,Tablet Accessories,,,,
GLAMNE,glamne,Beauty,"Foot, Hand & Nail Care",Tools & Accessories,,,,
Vcddom,vcddom,Electronics,Accessories & Supplies,Audio & Video Accessories,,,,
QOOQ,qooq,Beauty,Skin Care,Face,,,,
Tetra-Teknica,tetra-teknica,Electronics,Accessories & Supplies,Microphones,,,,
Shark,shark,Beauty,Hair Care,Styling Tools & Appliances,sharkclean.com,,,1
Fine,fine,Beauty,Shave & Hair Removal,Men's,,,,
Curel,curel,Beauty,Skin Care,Face,,,,
DIMONY,dimony,Beauty,Personal Care,Bath & Bathing Accessories,,,,
SoundBox,soundbox,Electronics,Accessories & Supplies,Vehicle Electronics Accessories,,,,
Agirlvct,agirlvct,Beauty,"Foot, Hand & Nail Care",Tools & Accessories,,,,
Embrasé Essential Shaving Oils,embras-essential-shaving-oils,Beauty,Shave & Hair Removal,Women's,,,,
Petite 'N Pretty,petite-n-pretty,Beauty,Makeup,Makeup Sets,,,,
GJOOKA,gjooka,Beauty,Skin Care,Eyes,,,,
BQAN,bqan,Beauty,"Foot, Hand & Nail Care",Nail Art & Polish,,,,
HCFeng,hcfeng,Electronics,Accessories & Supplies,Computer Accessories,,,,
UBANU,ubanu,Electronics,Accessories & Supplies,Audio & Video Accessories,,,,
TOORUN,toorun,Electronics,Accessories & Supplies,Cell Phone Accessories,,,,
Wesdut,wesdut,Electronics,Accessories & Supplies,Computer Accessories,,,,
Happtiger,happtiger,Beauty,Personal Care,Bath & Bathing Accessories,,,,
Meking,meking,Electronics,Camera & Photo,Video,,,,
DAVV,davv,Beauty,Hair Care,Hair Loss Products,,,,
Sum Of All,sum-of-all,Beauty,Skin Care,Face,,,,
BANA ART,bana-art,Beauty,"Foot, Hand & Nail Care",Nail Art & Polish,,,,
JADEWELL,jadewell,Beauty,Hair Care,Hair Coloring Products,,,,
POLYTE,polyte,Beauty,Hair Care,Hair Accessories,,,,
Lanteso,lanteso,Electronics,Accessories & Supplies,Computer Accessories,,,,
Klipdasse,klipdasse,Electronics,Accessories & Supplies,Camera & Photo Accessories,,,,
Selens,selens,Electronics,Accessories & Supplies,Camera & Photo Accessories,,,,
yolanda,yolanda,Electronics,Accessories & Supplies,Computer Accessories,,,,
Monarch Specialties,monarch-specialties,Electronics,Accessories & Supplies,Computer Accessories,,,,
ZOWEETEK,zoweetek,Electronics,Accessories & Supplies,Microphones,,,,
Dolmifapro,dolmifapro,Beauty,Shave & Hair Removal,Men's,,,,
YIZHUO,yizhuo,Beauty,"Foot, Hand & Nail Care",Nail Art & Polish,,,,
LSSOAZZVVN,lssoazzvvn,Electronics,eBook Readers & Accessories,Reading Lights,,,,
ycwwzzh,ycwwzzh,Electronics,Accessories & Supplies,Cables,,,,
ACCKUO,acckuo,Electronics,Cell Phones & Accessories,"Cases, Holsters & Clips",,,,
RAPTOR,raptor,Electronics,Accessories & Supplies,Vehicle Electronics Accessories,,,,
Jennifer Lopez,jennifer-lopez,Beauty,Fragrance,Women's,,,,
H14,h14,Beauty,Shave & Hair Removal,Men's,,,,
driew,driew,Beauty,Hair Care,Hair Coloring Products,,,,
TGSBHIO,tgsbhio,Beauty,Shave & Hair Removal,Men's,,,,
Ambico,ambico,Electronics,Accessories & Supplies,Camera & Photo Accessories,,,,
YPA MICROPHONES,ypa-microphones,Electronics,Accessories & Supplies,Microphones,,,,
OTOTEC,ototec,Electronics,Accessories & Supplies,Vehicle Electronics Accessories,,,,
CAVIAHUE,caviahue,Beauty,Skin Care,Face,,,,
Etercycle,etercycle,Beauty,"Foot, Hand & Nail Care",Nail Art & Polish,,,,
TADA BEAUTY,tada-beauty,Beauty,Shave & Hair Removal,Women's,,,,
Suoman,suoman,Electronics,Accessories & Supplies,Cell Phone Accessories,,,,
LSI,lsi,Electronics,Computers & Accessories,Computer Components,,,,
J-MEE,j-mee,Beauty,Hair Care,Hair Accessories,,,,
WWYICHEN,wwyichen,Beauty,"Foot, Hand & Nail Care",Nail Art & Polish,,,,
Kukyller,kukyller,Electronics,Accessories & Supplies,Television Accessories,,,,
PatchRx,patchrx,Beauty,Skin Care,Face,,,,
SPEEDORA,speedora,Electronics,Accessories & Supplies,Computer Accessories,,,,
EZEELAI,ezeelai,Beauty,Oral Care,Denture Care,,,,
SICOLTT,sicoltt,Beauty,Hair Care,Styling Tools & Appliances,,,,
Nature's Beauty,nature-s-beauty,Beauty,Skin Care,Body,,,,
Toptech,toptech,Beauty,Shave & Hair Removal,Men's,,,,
Closs,closs,Electronics,Computers & Accessories,Laptop Accessories,,,,
Ulta Beauty,ulta-beauty,Beauty,Makeup,Eyes,,,,
EYDHCN,eydhcn,Beauty,Shave & Hair Removal,Men's,,,,
Jebousike,jebousike,Beauty,Hair Care,Hair Coloring Products,,,,
Vikings Blade,vikings-blade,Beauty,Shave & Hair Removal,Men's,,,,
Armor All,armor-all,Electronics,Car & Vehicle Electronics,Car Electronics,,,,
Kldnkig,kldnkig,Beauty,Hair Care,Hair Accessories,,,,
GLOBAL FASHION Professional,global-fashion-professional,Beauty,"Foot, Hand & Nail Care",Nail Art & Polish,,,,
OPUTAT,oputat,Beauty,"Foot, Hand & Nail Care",Nail Art & Polish,,,,
SUNLAND,sunland,Beauty,Hair Care,Hair Accessories,,,,
AREAJD,areajd,Electronics,Accessories & Supplies,Mounts,,,,
URTHEONE,urtheone,Beauty,Hair Care,Styling Tools & Appliances,,,,
MMDW,mmdw,Electronics,Accessories & Supplies,Computer Accessories,,,,
MINICOR,minicor,Electronics,Accessories & Supplies,Camera & Photo Accessories,,,,
INGA,inga,Electronics,Accessories & Supplies,Cell Phone Accessories,,,,
Naturally Vain,naturally-vain,Beauty,Personal Care,Bath & Bathing Accessories,,,,
MDWXDOFP,mdwxdofp,Electronics,Computers & Accessories,Computer Components,,,,
Amscan,amscan,Beauty,Makeup,Makeup Sets,,,,
Wandyme,wandyme,Beauty,"Foot, Hand & Nail Care",Nail Care,,,,
owlyee,owlyee,Beauty,"Foot, Hand & Nail Care",Nail Art & Polish,,,,
(SHEHVOO),-shehvoo-,Beauty,Hair Care,Shampoo & Conditioner,,,,
Xidehuy,xidehuy,Electronics,Portable Audio & Video,MP3 & MP4 Players,,,,
EDUP,edup,Electronics,Computers & Accessories,Computer Components,,,,
AEA,aea,Electronics,Accessories & Supplies,Microphones,,,,
OPAUL,opaul,Beauty,Hair Care,Styling Products,,,,
Kendir,kendir,Electronics,Accessories & Supplies,Cell Phone Accessories,,,,
Moonlight Feather,moonlight-feather,Beauty,Hair Care,"Extensions, Wigs & Accessories",,,,
Desobry,desobry,Electronics,Car & Vehicle Electronics,Car Electronics,,,,
UQHXRSIKJ,uqhxrsikj,Electronics,Accessories & Supplies,Microphones,,,,
Crystal Essence,crystal-essence,Beauty,Personal Care,Deodorants & Antiperspirants,,,,
Clofiak,clofiak,Beauty,Hair Care,Hair Coloring Products,,,,
Calgon,calgon,Beauty,Personal Care,Bath & Bathing Accessories,,,,
2-Be-Best,2-be-best,Electronics,Accessories & Supplies,Computer Accessories,,,,
ZEXMTE,zexmte,Electronics,Computers & Accessories,Networking Products,,,,
Manna Kadar,manna-kadar,Beauty,Makeup,Lips,,,,
deli,deli,Electronics,Accessories & Supplies,Office Electronics Accessories,,,,
Barker Wellness Co,barker-wellness-co,Beauty,Personal Care,Piercing & Tattoo Supplies,,,,
Davidoff,davidoff,Beauty,Shave & Hair Removal,Men's,,,,
AINOPE,ainope,Electronics,Accessories & Supplies,Cell Phone Accessories,,,,
sylacor,sylacor,Electronics,Wearable Technology,Accessories,,,,
KLIO PROFESSIONAL,klio-professional,Beauty,"Foot, Hand & Nail Care",Nail Art & Polish,,,,
Kat Von D,kat-von-d,Beauty,Makeup,Eyes,,,,
TRUGLO,truglo,Electronics,Camera & Photo,Binoculars & Scopes,,,,
Thousover,thousover,Electronics,Accessories & Supplies,Computer Accessories,,,,
AYWFEY,aywfey,Electronics,Accessories & Supplies,Vehicle Electronics Accessories,,,,
SOEKAVIA,soekavia,Electronics,Car & Vehicle Electronics,Car Electronics,,,,
Nature Skin Shop,nature-skin-shop,Beauty,Hair Care,Hair Loss Products,,,,
VEZQUA,vezqua,Electronics,Accessories & Supplies,Microphones,,,,
eKids,ekids,Electronics,Accessories & Supplies,Microphones,,,,
ALFA Network,alfa-network,Electronics,Computers & Accessories,Networking Products,,,,
HYOUJIN,hyoujin,Beauty,Hair Care,Styling Tools & Appliances,,,,
NUSWOR,nuswor,Electronics,Accessories & Supplies,Vehicle Electronics Accessories,,,,
UBoring,uboring,Beauty,Shave & Hair Removal,Men's,,,,
Existing Beauty,existing-beauty,Beauty,Makeup,Eyes,,,,
Eyeskey,eyeskey,Electronics,Accessories & Supplies,Cell Phone Accessories,,,,
Nabi,nabi,Beauty,Makeup,Eyes,,,,
Gransumr,gransumr,Beauty,Shave & Hair Removal,Women's,,,,
CAPART,capart,Electronics,Camera & Photo,Video,,,,
Ethnic Gals,ethnic-gals,Beauty,Hair Care,Hair Masks,,,,
YF-ANEN,yf-anen,Beauty,Personal Care,Bath & Bathing Accessories,,,,
TERSUM,tersum,Electronics,Camera & Photo,Video,,,,
Cables Direct Online,cables-direct-online,Electronics,Accessories & Supplies,Cables,,,,
Orlian,orlian,Electronics,Computers & Accessories,Data Storage,,,,
Young Goose,young-goose,Beauty,Skin Care,Face,,,,
HASK,hask,Beauty,Hair Care,Shampoo & Conditioner,,,,
Redavid,redavid,Beauty,Hair Care,Hair Treatment Oils,,,,
YAEISM,yaeism,Beauty,"Foot, Hand & Nail Care",Nail Art & Polish,,,,
MADURIAO,maduriao,Beauty,Hair Care,Styling Tools & Appliances,,,,
Uppuppy,uppuppy,Electronics,Computers & Accessories,Tablet Accessories,,,,
BAILI,baili,Beauty,Shave & Hair Removal,Men's,,,,
Phisco,phisco,Beauty,Shave & Hair Removal,Men's,,,,
Dr Teal's,dr-teal-s,Beauty,Skin Care,Body,,,,
Xiusiyt,xiusiyt,Electronics,Accessories & Supplies,Computer Accessories,,,,
Abireiv,abireiv,Electronics,Accessories & Supplies,Computer Accessories,,,,
XXZU,xxzu,Electronics,Accessories & Supplies,Camera & Photo Accessories,,,,
Fynhvi,fynhvi,Electronics,Camera & Photo,Video,,,,
GoWorth,goworth,Beauty,Personal Care,Bath & Bathing Accessories,,,,
JIELUO,jieluo,Beauty,"Foot, Hand & Nail Care",Tools & Accessories,,,,
MusicSkins,musicskins,Electronics,Accessories & Supplies,Cell Phone Accessories,,,,
Sorry Mom,sorry-mom,Beauty,Personal Care,Piercing & Tattoo Supplies,,,,
JIKIOU,jikiou,Electronics,Accessories & Supplies,Computer Accessories,,,,
inRobert,inrobert,Electronics,Computers & Accessories,Computer Components,,,,
topstache,topstache,Electronics,Cell Phones & Accessories,"Cases, Holsters & Clips",,,,
FASOTY,fasoty,Beauty,Hair Care,Hair Accessories,,,,
Comoze Lamps,comoze-lamps,Electronics,Accessories & Supplies,Audio & Video Accessories,,,,
VIXLW,vixlw,Electronics,Computers & Accessories,Computer Components,,,,
duri,duri,Beauty,"Foot, Hand & Nail Care",Nail Care,,,,
KECHICHENGYUN,kechichengyun,Electronics,Accessories & Supplies,Mounts,,,,
7AM2M,7am2m,Beauty,Oral Care,Dental Floss & Picks,,,,
Quip,quip,Beauty,Oral Care,Toothbrushes & Accessories,,,,
SEA TECH,sea-tech,Electronics,Computers & Accessories,Computer Components,,,,
NileCart,nilecart,Beauty,"Foot, Hand & Nail Care",Foot & Hand Care,,,,
DECSZDY,decszdy,Electronics,Computers & Accessories,Laptop Accessories,,,,
VISOFO,visofo,Beauty,Shave & Hair Removal,Women's,,,,
Sodaer,sodaer,Beauty,Shave & Hair Removal,Women's,,,,
Alronly,alronly,Electronics,Computers & Accessories,Computer Components,,,,
MARS WELLNESS,mars-wellness,Beauty,Hair Care,Styling Tools & Appliances,,,,
KUOSGM,kuosgm,Electronics,Accessories & Supplies,Computer Accessories,,,,
Note Cosmetics,note-cosmetics,Beauty,Makeup,Face,,,,
ORIBE,oribe,Beauty,Skin Care,Body,,,,
Ancor,ancor,Electronics,Accessories & Supplies,Vehicle Electronics Accessories,,,,
ApisQueen,apisqueen,Electronics,Accessories & Supplies,Computer Accessories,,,,
Incinkod,incinkod,Beauty,Hair Care,Hair Accessories,,,,
melyde,melyde,Beauty,Hair Care,Hair Coloring Products,,,,
Accessonico,accessonico,Electronics,eBook Readers & Accessories,Stands,,,,
BookGuard,bookguard,Electronics,Computers & Accessories,Data Storage,,,,
CREDA-FRESH,creda-fresh,Beauty,Personal Care,Bath & Bathing Accessories,,,,
Queekay,queekay,Electronics,Accessories & Supplies,Cord Management,,,,
SimpleTech,simpletech,Electronics,Accessories & Supplies,Camera & Photo Accessories,,,,
pibidi,pibidi,Electronics,Accessories & Supplies,Television Accessories,,,,
SOO DΞSIVI,soo-d-sivi,Beauty,Skin Care,Eyes,,,,
Geyoga,geyoga,Beauty,"Foot, Hand & Nail Care",Foot & Hand Care,,,,
YMZYEKB,ymzyekb,Electronics,Computers & Accessories,Computer Components,,,,
Hennaveda,hennaveda,Beauty,Hair Care,Hair Coloring Products,,,,
NXPPYY,nxppyy,Beauty,Shave & Hair Removal,Men's,,,,
Zahara,zahara,Electronics,Accessories & Supplies,Computer Accessories,,,,
YFONG,yfong,Beauty,Hair Care,Hair Accessories,,,,
NEW YORK BIOLOGY THE ULTIMATE COSMECEUTICALS,new-york-biology-the-ultimate-cosmeceuticals,Beauty,Skin Care,Body,,,,
Camara,camara,Beauty,Fragrance,Men's,,,,
Argaviva,argaviva,Beauty,"Foot, Hand & Nail Care",Tools & Accessories,,,,
FUAHXYES,fuahxyes,Electronics,Accessories & Supplies,Cell Phone Accessories,,,,
Tanmqin,tanmqin,Electronics,Accessories & Supplies,Cell Phone Accessories,,,,
DONCIDAY,donciday,Electronics,Accessories & Supplies,Computer Accessories,,,,
Bigwinyep,bigwinyep,Electronics,Accessories & Supplies,Camera & Photo Accessories,,,,
retigazo,retigazo,Beauty,Oral Care,Denture Care,,,,
DUNGZDUZ,dungzduz,Electronics,Accessories & Supplies,Computer Accessories,,,,
NOWEIERTON,noweierton,Electronics,Accessories & Supplies,Vehicle Electronics Accessories,,,,
Obagi Medical,obagi-medical,Beauty,Skin Care,Face,,,,
Buf-Puf,buf-puf,Beauty,Personal Care,Bath & Bathing Accessories,,,,
DADA-TECH,dada-tech,Beauty,Oral Care,Children's Dental Care,,,,
Terk,terk,Electronics,Accessories & Supplies,Television Accessories,,,,
Leemeimei,leemeimei,Beauty,"Foot, Hand & Nail Care",Tools & Accessories,,,,
Urban Skin Rx,urban-skin-rx,Beauty,Skin Care,Face,,,,
YEEBECA,yeebeca,Beauty,Personal Care,Piercing & Tattoo Supplies,,,,
SAMEBUTECO,samebuteco,Beauty,"Foot, Hand & Nail Care",Tools & Accessories,,,,
velolink,velolink,Electronics,Computers & Accessories,Networking Products,,,,
haisstronica,haisstronica,Electronics,Accessories & Supplies,Vehicle Electronics Accessories,,,,
IXTECH,ixtech,Electronics,Accessories & Supplies,Microphones,,,,
AGE beautiful,age-beautiful,Beauty,Hair Care,Hair Coloring Products,,,,
True + Luscious,true-luscious,Beauty,Makeup,Eyes,,,,
Amztown,amztown,Beauty,"Foot, Hand & Nail Care",Nail Art & Polish,,,,
Swarovski,swarovski,Electronics,Camera & Photo,Binoculars & Scopes,swarovski.com,,,
Vphev,vphev,Electronics,Portable Audio & Video,Cassette Players & Recorders,,,,
TecUnite,tecunite,Beauty,Shave & Hair Removal,Men's,,,,
Personna,personna,Beauty,Shave & Hair Removal,Men's,,,,
GeoGeoDIY,geogeodiy,Beauty,Hair Care,Hair Accessories,,,,
DMTATTOO,dmtattoo,Beauty,Personal Care,Piercing & Tattoo Supplies,,,,
PERSPIREX,perspirex,Beauty,Personal Care,Deodorants & Antiperspirants,,,,
Luxiv,luxiv,Electronics,Accessories & Supplies,Computer Accessories,,,,
kamapulo,kamapulo,Electronics,Portable Audio & Video,Radios,,,,
DEVISELOVE,deviselove,Electronics,Cell Phones & Accessories,"Cases, Holsters & Clips",,,,
BUBEFSKD,bubefskd,Beauty,Shave & Hair Removal,Women's,,,,
Tea Tree Therapy,tea-tree-therapy,Beauty,Personal Care,Bath & Bathing Accessories,,,,
Zoom,zoom,Electronics,Accessories & Supplies,Microphones,zoom.us,,,
Duotipa,duotipa,Electronics,Computers & Accessories,Tablet Replacement Parts,,,,
CHLANT,chlant,Beauty,Shave & Hair Removal,Men's,,,,
moeverEX,moeverex,Electronics,Accessories & Supplies,Telephone Accessories,,,,
JERXUN,jerxun,Electronics,Accessories & Supplies,Cell Phone Accessories,,,,
Reepic Cosmer,reepic-cosmer,Beauty,Hair Care,Hair Masks,,,,
Geopu,geopu,Beauty,"Foot, Hand & Nail Care",Tools & Accessories,,,,
Speed Stick,speed-stick,Beauty,Personal Care,Deodorants & Antiperspirants,,,,
AFUNTA,afunta,Electronics,Accessories & Supplies,Camera & Photo Accessories,,,,
ONIKUMA GAMING,onikuma-gaming,Electronics,Accessories & Supplies,Computer Accessories,,,,
HomeMount,homemount,Electronics,Accessories & Supplies,Mounts,,,,
Craig,craig,Electronics,Portable Audio & Video,Cassette Players & Recorders,,,,
Ergotron,ergotron,Electronics,Accessories & Supplies,Computer Accessories,ergotron.com,,,
Hand in Hand,hand-in-hand,Beauty,Skin Care,Lip Care,,,,
LÓVFEIFAN,l-vfeifan,Electronics,Accessories & Supplies,"Batteries, Chargers & Accessories",,,,
Subeauty,subeauty,Electronics,Accessories & Supplies,Computer Accessories,,,,
ZO SKIN HEALTH,zo-skin-health,Beauty,Skin Care,Face,,,,
Vonrui,vonrui,Beauty,"Foot, Hand & Nail Care",Nail Art & Polish,,,,
Dream Reach,dream-reach,Beauty,Hair Care,Hair Cutting Tools,,,,
KAB,kab,Beauty,Makeup,Makeup Sets,,,,
AILTECK,ailteck,Electronics,Accessories & Supplies,Cables,,,,
KuanStore,kuanstore,Beauty,"Foot, Hand & Nail Care",Tools & Accessories,,,,
TN TrunkNets Inc,tn-trunknets-inc,Electronics,Accessories & Supplies,Vehicle Electronics Accessories,,,,
UV-CABLE,uv-cable,Electronics,Accessories & Supplies,Computer Accessories,,,,
qenuh,qenuh,Beauty,Personal Care,Bath & Bathing Accessories,,,,
The Humble Co.,the-humble-co-,Beauty,Oral Care,Mouthwash,,,,
HEIDI'S,heidi-s,Beauty,"Foot, Hand & Nail Care",Nail Care,,,,
Nosiny,nosiny,Beauty,Shave & Hair Removal,Men's,,,,
SOVA,sova,Beauty,Oral Care,Teeth Grinding Guards,,,,
URSA Straps,ursa-straps,Electronics,Accessories & Supplies,Microphones,,,,
Bundle Monster,bundle-monster,Electronics,Video Game Consoles & Accessories,Xbox 360,,,,
Green Canyon Spa,green-canyon-spa,Beauty,"Foot, Hand & Nail Care",Foot & Hand Care,,,,
ZHIWHIS,zhiwhis,Electronics,Portable Audio & Video,Radios,,,,
BZIZU,bzizu,Electronics,Computers & Accessories,Computer Components,,,,
Crogooe,crogooe,Beauty,Skin Care,Face,,,,
TYKNWPW,tyknwpw,Electronics,Accessories & Supplies,Television Accessories,,,,
Ericka J,ericka-j,Beauty,Hair Care,"Extensions, Wigs & Accessories",,,,
AYDZWJM,aydzwjm,Beauty,"Foot, Hand & Nail Care",Nail Art & Polish,,,,
Cattle,cattle,Electronics,Accessories & Supplies,"Batteries, Chargers & Accessories",,,,
Eco-Fused,eco-fused,Electronics,Accessories & Supplies,Computer Accessories,,,,
Eiko,eiko,Electronics,Accessories & Supplies,Computer Accessories,,,,
Thermaltake,thermaltake,Electronics,Computers & Accessories,Computer Components,thermaltake.com,,,
Gegoup,gegoup,Beauty,Hair Care,Hair Loss Products,,,,
BAIJIALI,baijiali,Electronics,Portable Audio & Video,Radios,,,,
Dmtdnid,dmtdnid,Beauty,Shave & Hair Removal,Women's,,,,
HHZL,hhzl,Electronics,Accessories & Supplies,Vehicle Electronics Accessories,,,,
TaIYanG,taiyang,Electronics,Computers & Accessories,Tablet Accessories,,,,
LPBeads,lpbeads,Beauty,"Foot, Hand & Nail Care",Nail Art & Polish,,,,
EPOMAKER,epomaker,Electronics,Accessories & Supplies,Cell Phone Accessories,,,,
ZIUMIER,ziumier,Electronics,Accessories & Supplies,Computer Accessories,,,,
Chivixe,chivixe,Beauty,Hair Care,Styling Tools & Appliances,,,,
Rantherm,rantherm,Beauty,"Foot, Hand & Nail Care",Foot & Hand Care,,,,
MQLPXI,mqlpxi,Electronics,Accessories & Supplies,Vehicle Electronics Accessories,,,,
aoukoslt,aoukoslt,Electronics,Accessories & Supplies,Microphones,,,,
Gsnagole,gsnagole,Beauty,Shave & Hair Removal,Women's,,,,
YEAOI,yeaoi,Electronics,Accessories & Supplies,Cables,,,,
Blomiky,blomiky,Electronics,Accessories & Supplies,"Batteries, Chargers & Accessories",,,,
InstaDji,instadji,Electronics,Accessories & Supplies,Camera & Photo Accessories,,,,
Brrnoo,brrnoo,Beauty,Shave & Hair Removal,Men's,,,,
MBS Supplies,mbs-supplies,Beauty,Hair Care,Hair Coloring Products,,,,
Laurensory,laurensory,Electronics,Home Audio,Stereo System Components,,,,
NPYXBR,npyxbr,Beauty,Shave & Hair Removal,Women's,,,,
Vitalix,vitalix,Beauty,Hair Care,Hair Loss Products,,,,
EsOfficce,esofficce,Electronics,Accessories & Supplies,Computer Accessories,,,,
TaNix,tanix,Electronics,Portable Audio & Video,MP3 & MP4 Player Accessories,,,,
liangxinyun,liangxinyun,Electronics,Accessories & Supplies,Cables,,,,
WoTravelPaL,wotravelpal,Electronics,Accessories & Supplies,Vehicle Electronics Accessories,,,,
IWORKBOARD,iworkboard,Electronics,Accessories & Supplies,Audio & Video Accessories,,,,
Ashanti Naturals,ashanti-naturals,Beauty,Skin Care,Body,,,,
POSEIDON,poseidon,Beauty,Personal Care,Piercing & Tattoo Supplies,,,,
Vitabath,vitabath,Beauty,Personal Care,Bath & Bathing Accessories,,,,
Viviscal,viviscal,Beauty,Hair Care,Shampoo & Conditioner,,,,
Joshua Adams,joshua-adams,Electronics,Accessories & Supplies,Vehicle Electronics Accessories,,,,
Anderic,anderic,Electronics,Accessories & Supplies,Computer Accessories,,,,
DIGIERA,digiera,Electronics,Accessories & Supplies,Camera & Photo Accessories,,,,
WITRN,witrn,Beauty,Shave & Hair Removal,Women's,,,,
Al Haramain,al-haramain,Beauty,Fragrance,Women's,,,,
A TOP DESIGN,a-top-design,Beauty,Makeup,Body,,,,
RWT,rwt,Beauty,Skin Care,Eyes,,,,
Zhithink,zhithink,Electronics,Accessories & Supplies,Computer Accessories,,,,
Ravello Essentials,ravello-essentials,Beauty,Personal Care,Bath & Bathing Accessories,,,,
ShuangZ.X,shuangz-x,Beauty,"Foot, Hand & Nail Care",Tools & Accessories,,,,
HeeYaa,heeyaa,Beauty,"Foot, Hand & Nail Care",Nail Care,,,,
TruSkin,truskin,Beauty,Skin Care,Face,,,,
shenruifa,shenruifa,Electronics,Accessories & Supplies,Audio & Video Accessories,,,,
GREEN.L,green-l,Electronics,Accessories & Supplies,Camera & Photo Accessories,,,,
Foweroty,foweroty,Electronics,Cell Phones & Accessories,"Cases, Holsters & Clips",,,,
Geo F. Trumper,geo-f-trumper,Beauty,Shave & Hair Removal,Men's,,,,
Cheyenne,cheyenne,Beauty,Personal Care,Piercing & Tattoo Supplies,,,,
LIKEVOW,likevow,Beauty,Personal Care,Bath & Bathing Accessories,,,,
Kinizuxi,kinizuxi,Electronics,Accessories & Supplies,Microphones,,,,
Lewitt,lewitt,Electronics,Accessories & Supplies,Microphones,,,,
Just for Men,just-for-men,Beauty,Hair Care,Hair Coloring Products,,,,
SUPHOUSE,suphouse,Beauty,Hair Care,Styling Tools & Appliances,,,,
IntiMD,intimd,Beauty,Shave & Hair Removal,Women's,,,,
Hitron,hitron,Electronics,Computers & Accessories,Networking Products,,,,
KOENWEENI,koenweeni,Beauty,Hair Care,Hair Coloring Products,,,,
Fishent,fishent,Beauty,Personal Care,Bath & Bathing Accessories,,,,
EVERPRO,everpro,Beauty,Hair Care,Hair Coloring Products,,,,
JOSALINAS,josalinas,Beauty,"Foot, Hand & Nail Care",Nail Art & Polish,,,,
Kepwam,kepwam,Electronics,Accessories & Supplies,Computer Accessories,,,,
YXG,yxg,Electronics,Accessories & Supplies,Microphones,,,,
Aspen Kay Naturals,aspen-kay-naturals,Beauty,Skin Care,Face,,,,
Jinreoo,jinreoo,Electronics,Accessories & Supplies,Cell Phone Accessories,,,,
Verseo,verseo,Beauty,Shave & Hair Removal,Women's,,,,
HTBMALL,htbmall,Electronics,Accessories & Supplies,Camera & Photo Accessories,,,,
A-Parts,a-parts,Electronics,Accessories & Supplies,Cell Phone Accessories,,,,
YITIAOXIAOYU,yitiaoxiaoyu,Electronics,Accessories & Supplies,Computer Accessories,,,,
OQXEJPHFN,oqxejphfn,Beauty,"Foot, Hand & Nail Care",Nail Art & Polish,,,,
Unismar,unismar,Electronics,Accessories & Supplies,Office Electronics Accessories,,,,
TOWOND,towond,Electronics,Accessories & Supplies,Office Electronics Accessories,,,,
ABNER,abner,Beauty,Hair Care,Styling Tools & Appliances,,,,
JxmnTex,jxmntex,Beauty,Personal Care,Bath & Bathing Accessories,,,,
Ecosonique Technology,ecosonique-technology,Electronics,Accessories & Supplies,Cell Phone Accessories,,,,
JAWSEU,jawseu,Electronics,Accessories & Supplies,Cell Phone Accessories,,,,
Copkim,copkim,Electronics,Accessories & Supplies,Microphones,,,,
FLIPALM,flipalm,Electronics,Cell Phones & Accessories,"Cases, Holsters & Clips",,,,
LUXURY BY LEVANI,luxury-by-levani,Beauty,Oral Care,Toothbrushes & Accessories,,,,
Merbeau,merbeau,Beauty,Skin Care,Face,,,,
GroWell,growell,Beauty,Hair Care,Hair Loss Products,,,,
Iris Ohyama,iris-ohyama,Electronics,Accessories & Supplies,Camera & Photo Accessories,,,,
Sunloy,sunloy,Electronics,Video Game Consoles & Accessories,PlayStation Vita,,,,
Coventry Creations,coventry-creations,Beauty,Fragrance,Women's,,,,
GIN FOXI,gin-foxi,Electronics,Accessories & Supplies,Cell Phone Accessories,,,,
NONK,nonk,Beauty,Shave & Hair Removal,Men's,,,,
The Crème Shop,the-cr-me-shop,Beauty,Makeup,Lips,,,,
The Henna Guys,the-henna-guys,Beauty,Hair Care,Hair Coloring Products,,,,
SEKINININT,sekininint,Beauty,Shave & Hair Removal,Men's,,,,
Ensigear,ensigear,Electronics,Accessories & Supplies,Television Accessories,,,,
Baylis & Harding,baylis-harding,Beauty,Skin Care,Body,,,,
# BFFLOVE,-bfflove,Beauty,Skin Care,Body,,,,
Lubriderm,lubriderm,Beauty,Skin Care,Body,,,,
Lawie,lawie,Beauty,Hair Care,Hair Accessories,,,,
RoadKing,roadking,Electronics,Accessories & Supplies,Cell Phone Accessories,,,,
Nebulous Stars,nebulous-stars,Beauty,Hair Care,Hair Coloring Products,,,,
Maxonar,maxonar,Electronics,Accessories & Supplies,Computer Accessories,,,,
Rebecca Minkoff,rebecca-minkoff,Beauty,Fragrance,Women's,,,,
J JIMOO,j-jimoo,Beauty,Skin Care,Eyes,,,,
HIDB,hidb,Electronics,Accessories & Supplies,Television Accessories,,,,
firtstnow,firtstnow,Electronics,Accessories & Supplies,Cell Phone Accessories,,,,
THEMANCODE,themancode,Beauty,Fragrance,Men's,,,,
CZFSWT,czfswt,Beauty,"Foot, Hand & Nail Care",Nail Art & Polish,,,,
RoseFish,rosefish,Beauty,Oral Care,Children's Dental Care,,,,
Sara Happ,sara-happ,Beauty,Skin Care,Lip Care,,,,
vlarmohs,vlarmohs,Electronics,Accessories & Supplies,Vehicle Electronics Accessories,,,,
Nvnceiw,nvnceiw,Electronics,Accessories & Supplies,Cell Phone Accessories,,,,
OnMexa,onmexa,Beauty,Shave & Hair Removal,Men's,,,,
Ugeat,ugeat,Beauty,Hair Care,"Extensions, Wigs & Accessories",,,,
CULGC,culgc,Electronics,Accessories & Supplies,Computer Accessories,,,,
Spaseeba,spaseeba,Electronics,Accessories & Supplies,Computer Accessories,,,,
BERLAT,berlat,Electronics,Accessories & Supplies,Computer Accessories,,,,
ZMYPPYA,zmyppya,Electronics,Accessories & Supplies,Camera & Photo Accessories,,,,
Refine,refine,Beauty,Shave & Hair Removal,Men's,,,,
YINGFENG,yingfeng,Beauty,Hair Care,Hair Accessories,,,,
Astromania,astromania,Electronics,Accessories & Supplies,Camera & Photo Accessories,,,,
Taken,taken,Electronics,Accessories & Supplies,"Batteries, Chargers & Accessories",,,,
TracFone,tracfone,Electronics,Cell Phones & Accessories,Carrier Cell Phones,,,,
Genuine Fred,genuine-fred,Beauty,Skin Care,Eyes,,,,
HANTOLK,hantolk,Electronics,Accessories & Supplies,Cell Phone Accessories,,,,
DS. DISTINCTIVE STYLE,ds-distinctive-style,Electronics,Wearable Technology,Accessories,,,,
Superer,superer,Beauty,Shave & Hair Removal,Men's,,,,
AICARS,aicars,Electronics,Accessories & Supplies,Audio & Video Accessories,,,,
Psiriol,psiriol,Beauty,Makeup,Lips,,,,
Tenext,tenext,Electronics,Computers & Accessories,Networking Products,,,,
OLELON,olelon,Beauty,Skin Care,Face,,,,
ECOLOVI,ecolovi,Electronics,Accessories & Supplies,Computer Accessories,,,,
Al-Rehab,al-rehab,Beauty,Fragrance,Women's,,,,
LCZLBath,lczlbath,Beauty,Personal Care,Bath & Bathing Accessories,,,,
LIHAN,lihan,Electronics,Accessories & Supplies,Vehicle Electronics Accessories,,,,
Swanlake,swanlake,Electronics,Accessories & Supplies,"Batteries, Chargers & Accessories",,,,
Funtopia,funtopia,Beauty,Hair Care,Hair Accessories,,,,
EbidDealz,ebiddealz,Electronics,Computers & Accessories,Computer Components,,,,
HANNI,hanni,Beauty,Shave & Hair Removal,Women's,,,,
Mulutoo,mulutoo,Beauty,"Foot, Hand & Nail Care",Nail Art & Polish,,,,
R-fun,r-fun,Electronics,Accessories & Supplies,Cell Phone Accessories,,,,
Voiluk,voiluk,Beauty,"Foot, Hand & Nail Care",Nail Art & Polish,,,,
Jamohi,jamohi,Beauty,"Foot, Hand & Nail Care",Nail Art & Polish,,,,
Sky High Car Audio,sky-high-car-audio,Electronics,Accessories & Supplies,Vehicle Electronics Accessories,,,,
B BESTBRONZE,b-bestbronze,Beauty,Makeup,Body,,,,
Hoegoa,hoegoa,Beauty,Hair Care,Hair Loss Products,,,,
AVFAVF,avfavf,Beauty,Personal Care,Bath & Bathing Accessories,,,,
chicshow,chicshow,Beauty,Skin Care,Face,,,,
coalwop,coalwop,Electronics,Video Game Consoles & Accessories,Sony PSP,,,,
Ruaiok,ruaiok,Electronics,Camera & Photo,Binoculars & Scopes,,,,
Zents,zents,Beauty,Skin Care,Body,,,,
#EverydayHustle,-everydayhustle,Beauty,Shave & Hair Removal,Men's,,,,
225FWY,225fwy,Electronics,Accessories & Supplies,Vehicle Electronics Accessories,,,,
Anghie,anghie,Beauty,Personal Care,Piercing & Tattoo Supplies,,,,
SYSYERAN,sysyeran,Beauty,Skin Care,Eyes,,,,
OXO,oxo,Electronics,Accessories & Supplies,Camera & Photo Accessories,,,,
iHome,ihome,Electronics,Accessories & Supplies,Cell Phone Accessories,,,,
Kunodi,kunodi,Electronics,Accessories & Supplies,Cell Phone Accessories,,,,
Mcduyant,mcduyant,Beauty,Makeup,Makeup Palettes,,,,
THURLADY,thurlady,Beauty,Shave & Hair Removal,Women's,,,,
PzewMo,pzewmo,Electronics,Accessories & Supplies,Computer Accessories,,,,
AKASO,akaso,Electronics,Accessories & Supplies,Camera & Photo Accessories,,,,
paco rabanne,paco-rabanne,Beauty,Fragrance,Sets,,,,
LyricLoom,lyricloom,Electronics,Accessories & Supplies,Microphones,,,,
DAXINGXING,daxingxing,Electronics,Accessories & Supplies,Computer Accessories,,,,
Breakthrough Photography,breakthrough-photography,Electronics,Accessories & Supplies,Camera & Photo Accessories,,,,
MiroPure,miropure,Beauty,Hair Care,Styling Tools & Appliances,,,,
Maui Babe,maui-babe,Beauty,Skin Care,Sunscreens & Tanning Products,,,,
ZenithShine,zenithshine,Beauty,Personal Care,Bath & Bathing Accessories,,,,
HNMZDS,hnmzds,Electronics,Accessories & Supplies,Audio & Video Accessories,,,,
Mosptnspg,mosptnspg,Electronics,Accessories & Supplies,Computer Accessories,,,,
ALILUSSO,alilusso,Electronics,Accessories & Supplies,Cell Phone Accessories,,,,
YIQINGJIE,yiqingjie,Beauty,Personal Care,Bath & Bathing Accessories,,,,
YUFANYA,yufanya,Electronics,Accessories & Supplies,Computer Accessories,,,,
Human+Kind,human-kind,Beauty,"Foot, Hand & Nail Care",Foot & Hand Care,,,,
Whiosyrt,whiosyrt,Beauty,"Foot, Hand & Nail Care",Nail Art & Polish,,,,
Vingtank,vingtank,Beauty,Shave & Hair Removal,Women's,,,,
DKMUS,dkmus,Electronics,Accessories & Supplies,Vehicle Electronics Accessories,,,,
KAYZON,kayzon,Beauty,Shave & Hair Removal,Women's,,,,
Dead Sea Essentials,dead-sea-essentials,Beauty,Skin Care,Body,,,,
DOUNIU,douniu,Beauty,Shave & Hair Removal,Men's,,,,
HBU,hbu,Electronics,Accessories & Supplies,Cables,,,,
L. Erickson,l-erickson,Beauty,Hair Care,Hair Accessories,,,,
QUATTRO FOR WOMEN,quattro-for-women,Beauty,Shave & Hair Removal,Women's,,,,
Angksorm,angksorm,Electronics,Accessories & Supplies,Microphones,,,,
EIRNAY,eirnay,Beauty,Skin Care,Body,,,,
ROCKSTONE POWER,rockstone-power,Electronics,Accessories & Supplies,"Batteries, Chargers & Accessories",,,,
Niubil,niubil,Electronics,Accessories & Supplies,Cell Phone Accessories,,,,
Hdvjdnoxg,hdvjdnoxg,Electronics,Accessories & Supplies,Camera & Photo Accessories,,,,
BUSP-HYY,busp-hyy,Electronics,Accessories & Supplies,Computer Accessories,,,,
MALKO,malko,Electronics,Video Game Consoles & Accessories,Wii,,,,
Baigeda,baigeda,Electronics,Accessories & Supplies,Computer Accessories,,,,
Cordro,cordro,Beauty,Oral Care,Toothbrushes & Accessories,,,,
IANFAN,ianfan,Beauty,"Foot, Hand & Nail Care",Foot & Hand Care,,,,
Fregum,fregum,Beauty,Oral Care,Orthodontic Supplies,,,,
GYWY,gywy,Electronics,Accessories & Supplies,Camera & Photo Accessories,,,,
PIPUHA,pipuha,Beauty,Personal Care,Bath & Bathing Accessories,,,,
KongJuntzd,kongjuntzd,Beauty,Makeup,Body,,,,
alle's,alle-s,Beauty,"Foot, Hand & Nail Care",Nail Art & Polish,,,,
DARKROCK,darkrock,Electronics,Computers & Accessories,Computer Components,,,,
ASIYUN,asiyun,Electronics,Accessories & Supplies,Cell Phone Accessories,,,,
Fixodent,fixodent,Beauty,Oral Care,Denture Care,,,,
LIANSUM,liansum,Electronics,Accessories & Supplies,Camera & Photo Accessories,,,,
HUAREW,huarew,Electronics,Accessories & Supplies,Vehicle Electronics Accessories,,,,
STIGMA,stigma,Beauty,Personal Care,Piercing & Tattoo Supplies,,,,
Timeline,timeline,Beauty,Skin Care,Face,,,,
Better Cables,better-cables,Electronics,Accessories & Supplies,Cables,,,,
Ogetok,ogetok,Electronics,Camera & Photo,Video,,,,
Etour,etour,Electronics,Accessories & Supplies,Microphones,,,,
Gamilys,gamilys,Electronics,Video Game Consoles & Accessories,Wii,,,,
AYAGROUP,ayagroup,Electronics,Accessories & Supplies,Computer Accessories,,,,
dar darouxiao,dar-darouxiao,Beauty,Shave & Hair Removal,Women's,,,,
Barydat,barydat,Beauty,Hair Care,Hair Coloring Products,,,,
PGSONIC,pgsonic,Electronics,Accessories & Supplies,"Batteries, Chargers & Accessories",,,,
Huthbrother,huthbrother,Electronics,Accessories & Supplies,"Batteries, Chargers & Accessories",,,,
Fotodiox,fotodiox,Electronics,Accessories & Supplies,Camera & Photo Accessories,,,,
SMALLRIG,smallrig,Electronics,Camera & Photo,Video,,,,
BENOISON,benoison,Electronics,Accessories & Supplies,Camera & Photo Accessories,,,,
Fueiyita,fueiyita,Electronics,Accessories & Supplies,Vehicle Electronics Accessories,,,,
Fecoul,fecoul,Electronics,Wearable Technology,Glasses,,,,
OP/TECH USA,op-tech-usa,Electronics,Accessories & Supplies,Camera & Photo Accessories,,,,
Willhom,willhom,Electronics,Accessories & Supplies,Computer Accessories,,,,
Lasnten,lasnten,Beauty,Shave & Hair Removal,Women's,,,,
Dookoe,dookoe,Electronics,Accessories & Supplies,"Batteries, Chargers & Accessories",,,,
J RIHZ,j-rihz,Electronics,Television & Video,HD DVD Players,,,,
JINSUI,jinsui,Electronics,Accessories & Supplies,Camera & Photo Accessories,,,,
êb être belle,-b-tre-belle,Beauty,Skin Care,Face,,,,
khanka,khanka,Electronics,Accessories & Supplies,Cell Phone Accessories,,,,
UICINOY,uicinoy,Beauty,Shave & Hair Removal,Men's,,,,
Estranst,estranst,Electronics,Accessories & Supplies,Computer Accessories,,,,
Live2Pedal,live2pedal,Electronics,Accessories & Supplies,Cell Phone Accessories,,,,
ccHuDE,cchude,Beauty,Shave & Hair Removal,Men's,,,,
IMBZBK,imbzbk,Electronics,Accessories & Supplies,Cell Phone Accessories,,,,
PEUTIER,peutier,Beauty,Shave & Hair Removal,Men's,,,,
Dragonfy,dragonfy,Beauty,Shave & Hair Removal,Women's,,,,
SMBK,smbk,Beauty,Skin Care,Body,,,,
yokokat,yokokat,Beauty,Makeup,Body,,,,
10Gsupxsel,10gsupxsel,Electronics,Accessories & Supplies,Computer Accessories,,,,
Altura Photo,altura-photo,Electronics,Accessories & Supplies,Camera & Photo Accessories,,,,
Eternal Living,eternal-living,Beauty,"Foot, Hand & Nail Care",Tools & Accessories,,,,
YUET,yuet,Beauty,Personal Care,Bath & Bathing Accessories,,,,
EverSmile,eversmile,Beauty,Oral Care,Orthodontic Supplies,,,,
Gloria Vanderbilt,gloria-vanderbilt,Beauty,Fragrance,Women's,,,,
CG CHIPS GATE,cg-chips-gate,Electronics,Home Audio,Stereo System Components,,,,
Smith's,smith-s,Beauty,"Foot, Hand & Nail Care",Foot & Hand Care,,,,
Aogigigio,aogigigio,Beauty,Shave & Hair Removal,Women's,,,,
Avalon Organics,avalon-organics,Beauty,Skin Care,Face,,,,
Souwixlum,souwixlum,Beauty,Skin Care,Eyes,,,,
Akstore,akstore,Beauty,Shave & Hair Removal,Men's,,,,
Tanstic,tanstic,Electronics,Accessories & Supplies,Cord Management,,,,
Cantu,cantu,Beauty,Shave & Hair Removal,Men's,,,,
KayNicam,kaynicam,Electronics,Accessories & Supplies,Microphones,,,,
Brecoy,brecoy,Electronics,Accessories & Supplies,Computer Accessories,,,,
Cyrank,cyrank,Electronics,Accessories & Supplies,Vehicle Electronics Accessories,,,,
Yoico,yoico,Electronics,Accessories & Supplies,Cables,,,,
KabelDirekt,kabeldirekt,Electronics,Accessories & Supplies,Cables,,,,
amBand,amband,Electronics,Accessories & Supplies,Cell Phone Accessories,,,,
Yanwenx,yanwenx,Beauty,Hair Care,Hair Accessories,,,,
vilcome,vilcome,Electronics,Accessories & Supplies,Audio & Video Accessories,,,,
Audioengine,audioengine,Electronics,Accessories & Supplies,Audio & Video Accessories,audioengineusa.com,,,
1-Shoppe All-in-Kit,1-shoppe-all-in-kit,Beauty,Makeup,Makeup Remover,,,,
SKEZN,skezn,Electronics,Accessories & Supplies,Camera & Photo Accessories,,,,
Smartby,smartby,Electronics,Accessories & Supplies,Television Accessories,,,,
tweexy,tweexy,Beauty,"Foot, Hand & Nail Care",Nail Art & Polish,,,,
SLWJAXGT,slwjaxgt,Beauty,"Foot, Hand & Nail Care",Foot & Hand Care,,,,
SUPALAND,supaland,Electronics,Car & Vehicle Electronics,Car Electronics,,,,
Hongzer,hongzer,Electronics,Accessories & Supplies,Computer Accessories,,,,
Mnswand,mnswand,Beauty,Skin Care,Eyes,,,,
Whitman and Daughter,whitman-and-daughter,Beauty,Personal Care,Piercing & Tattoo Supplies,,,,
Cyber Gadget,cyber-gadget,Electronics,Video Game Consoles & Accessories,PlayStation Vita,,,,
Aketek,aketek,Electronics,Accessories & Supplies,Audio & Video Accessories,,,,
CANDORLOV,candorlov,Beauty,Skin Care,Face,,,,
WUAGNCK,wuagnck,Electronics,Accessories & Supplies,Computer Accessories,,,,
Amecire,amecire,Beauty,Hair Care,"Extensions, Wigs & Accessories",,,,
Star Shower,star-shower,Electronics,Accessories & Supplies,Camera & Photo Accessories,,,,
SCSI Adapter Controller Card,scsi-adapter-controller-card,Electronics,Accessories & Supplies,Computer Accessories,,,,
AOKADUTE,aokadute,Electronics,Video Game Consoles & Accessories,Nintendo DS,,,,
RelaxScene,relaxscene,Beauty,Personal Care,Bath & Bathing Accessories,,,,
PURE AWARENESS,pure-awareness,Beauty,Shave & Hair Removal,Women's,,,,
xozeooeu,xozeooeu,Electronics,Accessories & Supplies,Cord Management,,,,
Dhanishka,dhanishka,Beauty,Shave & Hair Removal,Men's,,,,
Aphohome,aphohome,Beauty,Shave & Hair Removal,Women's,,,,
Relaxweex,relaxweex,Electronics,Accessories & Supplies,Television Accessories,,,,
Neebol,neebol,Beauty,Personal Care,Piercing & Tattoo Supplies,,,,
GOHHME,gohhme,Electronics,Wearable Technology,Accessories,,,,
Sassy by Savannah Chrisley,sassy-by-savannah-chrisley,Beauty,Makeup,Makeup Sets,,,,
Oucscru,oucscru,Electronics,Wearable Technology,Rings,,,,
Dladhict,dladhict,Beauty,Personal Care,Piercing & Tattoo Supplies,,,,
Mad Man,mad-man,Beauty,Shave & Hair Removal,Women's,,,,
SoHai,sohai,Beauty,"Foot, Hand & Nail Care",Tools & Accessories,,,,
Limentea,limentea,Electronics,Video Game Consoles & Accessories,PlayStation Vita,,,,
Prosa,prosa,Beauty,Makeup,Eyes,,,,
ORIENTLEAF,orientleaf,Beauty,Skin Care,Face,,,,
Bee Naturals,bee-naturals,Beauty,Shave & Hair Removal,Men's,,,,
JAYJUN JJ,jayjun-jj,Beauty,Skin Care,Eyes,,,,
Auronino,auronino,Electronics,Portable Audio & Video,MP3 & MP4 Player Accessories,,,,
NUZELA,nuzela,Beauty,Shave & Hair Removal,Men's,,,,
glaze,glaze,Beauty,Hair Care,Hair Coloring Products,,,,
OCOUYVD,ocouyvd,Beauty,"Foot, Hand & Nail Care",Nail Art & Polish,,,,
The Wires Zone,the-wires-zone,Electronics,Accessories & Supplies,Vehicle Electronics Accessories,,,,
troutcreeksoaps,troutcreeksoaps,Beauty,Skin Care,Body,,,,
SYGY,sygy,Beauty,Hair Care,Hair Accessories,,,,
Tobvory,tobvory,Beauty,Personal Care,Bath & Bathing Accessories,,,,
LOPIANY,lopiany,Beauty,Oral Care,Teeth Grinding Guards,,,,
Muzata,muzata,Electronics,Accessories & Supplies,Vehicle Electronics Accessories,,,,
Celurich,celurich,Beauty,Oral Care,Toothbrushes & Accessories,,,,
koolehaoda,koolehaoda,Electronics,Accessories & Supplies,Camera & Photo Accessories,,,,
Jeledeor,jeledeor,Electronics,Accessories & Supplies,Vehicle Electronics Accessories,,,,
Leche Pal Pelo,leche-pal-pelo,Beauty,Fragrance,Children's,,,,
Oormgsrc,oormgsrc,Beauty,Oral Care,Teeth Grinding Guards,,,,
NOUS,nous,Beauty,Hair Care,Hair Coloring Products,,,,
MARKER SKIN,marker-skin,Beauty,Skin Care,Sets & Kits,,,,
LeeCrynoid,leecrynoid,Electronics,Wearable Technology,Accessories,,,,
Tulbeys,tulbeys,Electronics,Wearable Technology,Glasses,,,,
SEYUGOPTI,seyugopti,Electronics,Accessories & Supplies,Microphones,,,,
Shahnaz Husain,shahnaz-husain,Beauty,Hair Care,Hair Coloring Products,,,,
SPAZAZZ SPA BOMBZZ,spazazz-spa-bombzz,Beauty,Personal Care,Bath & Bathing Accessories,,,,
DigiWave,digiwave,Electronics,Television & Video,Satellite Television,,,,
Cloud Microphones,cloud-microphones,Electronics,Accessories & Supplies,Microphones,,,,
Sirui,sirui,Electronics,Accessories & Supplies,Camera & Photo Accessories,,,,
YGDMD,ygdmd,Electronics,Accessories & Supplies,Audio & Video Accessories,,,,
traderplus,traderplus,Electronics,Video Game Consoles & Accessories,Wii U,,,,
Vuexar,vuexar,Electronics,Accessories & Supplies,Computer Accessories,,,,
Reletech,reletech,Electronics,Accessories & Supplies,Computer Accessories,,,,
SiliconDust,silicondust,Electronics,Computers & Accessories,Computer Components,,,,
RASDDER,rasdder,Beauty,Personal Care,Bath & Bathing Accessories,,,,
karotto,karotto,Electronics,Accessories & Supplies,Camera & Photo Accessories,,,,
GOODY,goody,Beauty,Hair Care,Hair Accessories,,,,
Peach & Lily,peach-lily,Beauty,Skin Care,Face,,,,
Scunci,scunci,Beauty,Hair Care,Hair Accessories,,,,
RIHUALS,rihuals,Electronics,Accessories & Supplies,Cell Phone Accessories,,,,
Tiffen,tiffen,Electronics,Accessories & Supplies,Camera & Photo Accessories,,,,
Arestech,arestech,Electronics,Accessories & Supplies,Vehicle Electronics Accessories,,,,
Pxm&MM,pxm-mm,Electronics,Accessories & Supplies,Vehicle Electronics Accessories,,,,
Cangder,cangder,Electronics,Accessories & Supplies,Cord Management,,,,
Luzsco,luzsco,Electronics,Camera & Photo,Binoculars & Scopes,,,,
SMOLOUU,smolouu,Beauty,Makeup,Makeup Palettes,,,,
rom&nd,rom-nd,Beauty,Makeup,Eyes,,,,
GZGDLJQ,gzgdljq,Electronics,Accessories & Supplies,Microphones,,,,
jiingekk,jiingekk,Beauty,"Foot, Hand & Nail Care",Nail Art & Polish,,,,
OTTOLIVES,ottolives,Beauty,Personal Care,Deodorants & Antiperspirants,,,,
AMD,amd,Electronics,Computers & Accessories,Computer Components,amd.com,,,1
Moman,moman,Electronics,Accessories & Supplies,Microphones,,,,
KENBAIDIO,kenbaidio,Electronics,Accessories & Supplies,Microphones,,,,
Yealink,yealink,Electronics,Accessories & Supplies,Computer Accessories,,,,
Nalodu,nalodu,Beauty,Hair Care,Hair Accessories,,,,
The Goodfellas' smile,the-goodfellas-smile,Beauty,Shave & Hair Removal,Men's,,,,
DaFuRui,dafurui,Electronics,Accessories & Supplies,Computer Accessories,,,,
INSEESI,inseesi,Electronics,Accessories & Supplies,Camera & Photo Accessories,,,,
EULAXLAB,eulaxlab,Beauty,Personal Care,Bath & Bathing Accessories,,,,
AACL,aacl,Electronics,Accessories & Supplies,Cell Phone Accessories,,,,
xiaoks,xiaoks,Beauty,Skin Care,Eyes,,,,
Homakover,homakover,Electronics,Accessories & Supplies,Computer Accessories,,,,
LIFE WORKS,life-works,Beauty,Skin Care,Eyes,,,,
WEWAHIVER,wewahiver,Electronics,Accessories & Supplies,Microphones,,,,
MINI-FACTORY,mini-factory,Electronics,Accessories & Supplies,Vehicle Electronics Accessories,,,,
LEBENLANG,lebenlang,Beauty,Hair Care,Styling Tools & Appliances,,,,
MITSUBISHI,mitsubishi,Electronics,Accessories & Supplies,Audio & Video Accessories,mitsubishielectric.com,,,
ZenToes,zentoes,Beauty,"Foot, Hand & Nail Care",Foot & Hand Care,,,,
HODSEUKIN,hodseukin,Electronics,Accessories & Supplies,Computer Accessories,,,,
BM Premium,bm-premium,Electronics,Accessories & Supplies,Camera & Photo Accessories,,,,
LeFix,lefix,Electronics,Computers & Accessories,Computer Components,,,,
AXA AXCESSABLES,axa-axcessables,Electronics,Accessories & Supplies,Microphones,,,,
Adagio California,adagio-california,Beauty,Hair Care,Styling Tools & Appliances,,,,
Eco Style,eco-style,Beauty,Hair Care,Styling Products,,,,
ROÉKO,ro-ko,Electronics,Accessories & Supplies,Computer Accessories,,,,
Click By Ciera,click-by-ciera,Beauty,"Foot, Hand & Nail Care",Nail Care,,,,
ミザールテック,-,Electronics,Accessories & Supplies,Camera & Photo Accessories,,,,
SZHAIYIJIN,szhaiyijin,Electronics,Accessories & Supplies,Computer Accessories,,,,
Mackie,mackie,Electronics,Accessories & Supplies,Audio & Video Accessories,mackie.com,,,1
Antica Farmacista,antica-farmacista,Beauty,Skin Care,Sets & Kits,,,,
GOSICUKA,gosicuka,Beauty,Hair Care,Hair Accessories,,,,
Giffgaff,giffgaff,Electronics,Accessories & Supplies,Telephone Accessories,,,,
Rapoo,rapoo,Electronics,Accessories & Supplies,Computer Accessories,,,,
Orvina,orvina,Beauty,Shave & Hair Removal,Women's,,,,
Natesukii,natesukii,Electronics,Accessories & Supplies,Camera & Photo Accessories,,,,
POWEROWL,powerowl,Electronics,Accessories & Supplies,"Batteries, Chargers & Accessories",,,,
MagicFiber,magicfiber,Electronics,Accessories & Supplies,Television Accessories,,,,
LANDOT,landot,Beauty,Hair Care,Styling Tools & Appliances,,,,
XINPENGLIU,xinpengliu,Electronics,Accessories & Supplies,Vehicle Electronics Accessories,,,,
Uumauny,uumauny,Electronics,Portable Audio & Video,Portable & Handheld TVs,,,,
ASEVAT,asevat,Electronics,Accessories & Supplies,Camera & Photo Accessories,,,,
OZDOZD,ozdozd,Beauty,Hair Care,Hair Coloring Products,,,,
Smity,smity,Beauty,Shave & Hair Removal,Men's,,,,
Parfums De Coeur,parfums-de-coeur,Beauty,Fragrance,Men's,,,,
oakxco,oakxco,Electronics,Accessories & Supplies,Cell Phone Accessories,,,,
Mighty Max Battery,mighty-max-battery,Electronics,Accessories & Supplies,"Batteries, Chargers & Accessories",,,,
FHI Heat,fhi-heat,Beauty,Hair Care,Styling Tools & Appliances,,,,
POWRIG,powrig,Electronics,Accessories & Supplies,Vehicle Electronics Accessories,,,,
Sigma,sigma,Electronics,Camera & Photo,Lenses,sigma-global.com,,,1
RKINC,rkinc,Beauty,"Foot, Hand & Nail Care",Tools & Accessories,,,,
Shuomeng,shuomeng,Electronics,Accessories & Supplies,Computer Accessories,,,,
RedFlow,redflow,Beauty,"Foot, Hand & Nail Care",Tools & Accessories,,,,
ReliCo,relico,Beauty,"Foot, Hand & Nail Care",Nail Care,,,,
BESSLEE,besslee,Beauty,"Foot, Hand & Nail Care",Foot & Hand Care,,,,
ZZILME,zzilme,Beauty,Skin Care,Face,,,,
WeToolGoo,wetoolgoo,Electronics,Accessories & Supplies,"Batteries, Chargers & Accessories",,,,
Sminiker Professional,sminiker-professional,Beauty,Shave & Hair Removal,Men's,,,,
Lampelc,lampelc,Electronics,Wearable Technology,Accessories,,,,
FHALLYNN,fhallynn,Beauty,Hair Care,Styling Tools & Appliances,,,,
Glamnetic,glamnetic,Beauty,"Foot, Hand & Nail Care",Nail Art & Polish,,,,
SUERBEATY,suerbeaty,Beauty,Shave & Hair Removal,Women's,,,,
DLYFULL,dlyfull,Electronics,Accessories & Supplies,"Batteries, Chargers & Accessories",,,,
Slicker,slicker,Electronics,Accessories & Supplies,Camera & Photo Accessories,,,,
RhinoShield,rhinoshield,Electronics,Cell Phones & Accessories,"Cases, Holsters & Clips",,,,
ORNIN,ornin,Electronics,Accessories & Supplies,Telephone Accessories,,,,
Bigorq,bigorq,Beauty,Shave & Hair Removal,Women's,,,,
Skrfren,skrfren,Beauty,Hair Care,Hair Accessories,,,,
XQBX,xqbx,Beauty,Shave & Hair Removal,Women's,,,,
KOOPEEN,koopeen,Electronics,Camera & Photo,Binoculars & Scopes,,,,
Krest,krest,Beauty,Hair Care,Styling Tools & Appliances,,,,
SHANFEILU,shanfeilu,Electronics,Accessories & Supplies,Computer Accessories,,,,
Farrinne,farrinne,Electronics,Accessories & Supplies,Cell Phone Accessories,,,,
ThreeH,threeh,Electronics,Home Audio,Compact Radios & Stereos,,,,
KATOLK,katolk,Electronics,Cell Phones & Accessories,"Cases, Holsters & Clips",,,,
Mazda,mazda,Electronics,Car & Vehicle Electronics,Car Electronics,,,,
Cluvox,cluvox,Electronics,Accessories & Supplies,Cell Phone Accessories,,,,
X-MEDIA,x-media,Electronics,Accessories & Supplies,Computer Accessories,,,,
CHRSHN,chrshn,Beauty,Hair Care,"Extensions, Wigs & Accessories",,,,
7artisans,7artisans,Electronics,Accessories & Supplies,Camera & Photo Accessories,,,,
Oasis,oasis,Beauty,Oral Care,Dry Mouth Relief,,,,
nextec,nextec,Electronics,Video Game Consoles & Accessories,Xbox 360,,,,
brand,brand,Electronics,Accessories & Supplies,Audio & Video Accessories,,,,
Radiant Colors,radiant-colors,Beauty,Personal Care,Piercing & Tattoo Supplies,,,,
KOHEEL,koheel,Beauty,Oral Care,Teeth Grinding Guards,,,,
ILJIUEY,iljiuey,Electronics,Accessories & Supplies,Camera & Photo Accessories,,,,
BHARVEST,bharvest,Electronics,Accessories & Supplies,Cell Phone Accessories,,,,
Sophena,sophena,Electronics,Accessories & Supplies,Computer Accessories,,,,
Solimpia,solimpia,Beauty,Shave & Hair Removal,Women's,,,,
AV Steel,av-steel,Electronics,Car & Vehicle Electronics,Car Electronics,,,,
RtLvio,rtlvio,Beauty,Shave & Hair Removal,Women's,,,,
TearRestore,tearrestore,Beauty,Skin Care,Eyes,,,,
Fully.,fully-,Electronics,Computers & Accessories,Laptop Accessories,,,,
Retro-Bit,retro-bit,Electronics,Accessories & Supplies,Computer Accessories,,,,
XHF,xhf,Electronics,Accessories & Supplies,Vehicle Electronics Accessories,,,,
KT Deals,kt-deals,Beauty,Personal Care,Bath & Bathing Accessories,,,,
Arkare,arkare,Electronics,Accessories & Supplies,"Batteries, Chargers & Accessories",,,,
MUKSIRON,muksiron,Electronics,Accessories & Supplies,Computer Accessories,,,,
JoyfulGlam,joyfulglam,Beauty,Makeup,Body,,,,
OTOFLY,otofly,Electronics,Cell Phones & Accessories,"Cases, Holsters & Clips",,,,
symbiome,symbiome,Beauty,Skin Care,Face,,,,
HollyView,hollyview,Electronics,Accessories & Supplies,Microphones,,,,
SHVYOG,shvyog,Beauty,Skin Care,Face,,,,
YTBYT,ytbyt,Beauty,Hair Care,"Extensions, Wigs & Accessories",,,,
HYFORL,hyforl,Electronics,Camera & Photo,Video,,,,
Picun,picun,Electronics,Accessories & Supplies,Cell Phone Accessories,,,,
KANUIMA,kanuima,Electronics,Camera & Photo,Video,,,,
HS,hs,Electronics,Accessories & Supplies,Cord Management,,,,
YICHEEY,yicheey,Electronics,Cell Phones & Accessories,"Cases, Holsters & Clips",,,,
Dynastar,dynastar,Electronics,Television & Video,HD DVD Players,,,,
COOBST,coobst,Beauty,Oral Care,Toothbrushes & Accessories,,,,
LUMITY,lumity,Beauty,Skin Care,Body,,,,
Pjordo,pjordo,Beauty,Personal Care,Bath & Bathing Accessories,,,,
Caveman Grooming Co,caveman-grooming-co,Beauty,Shave & Hair Removal,Men's,,,,
ecoed,ecoed,Beauty,Hair Care,Styling Tools & Appliances,,,,
YAODHAOD,yaodhaod,Electronics,Accessories & Supplies,Computer Accessories,,,,
osou,osou,Beauty,Hair Care,Styling Tools & Appliances,,,,
QRZBPZWE,qrzbpzwe,Beauty,Shave & Hair Removal,Women's,,,,
CLEIDE,cleide,Electronics,Accessories & Supplies,Cell Phone Accessories,,,,
Malwaker,malwaker,Beauty,"Foot, Hand & Nail Care",Tools & Accessories,,,,
Dr. Squatch,dr-squatch,Beauty,Skin Care,Body,,,,
YATOUR,yatour,Electronics,Car & Vehicle Electronics,Car Electronics,,,,
iwillink,iwillink,Electronics,Accessories & Supplies,Audio & Video Accessories,,,,
WEOOEN,weooen,Electronics,Accessories & Supplies,Camera & Photo Accessories,,,,
OHALEEP,ohaleep,Beauty,Oral Care,Teeth Grinding Guards,,,,
Banana Boat,banana-boat,Beauty,Skin Care,Sunscreens & Tanning Products,,,,
Bye Bye Loofah,bye-bye-loofah,Beauty,Personal Care,Bath & Bathing Accessories,,,,
Schmidt's,schmidt-s,Beauty,Personal Care,Deodorants & Antiperspirants,,,,
Joylittle,joylittle,Beauty,Personal Care,Bath & Bathing Accessories,,,,
Folgtek,folgtek,Electronics,Accessories & Supplies,Camera & Photo Accessories,,,,
Xpatee,xpatee,Electronics,Accessories & Supplies,Cord Management,,,,
Luxurecourt,luxurecourt,Beauty,Hair Care,Hair Accessories,,,,
KATA,kata,Electronics,Accessories & Supplies,Computer Accessories,,,,
CollectHall,collecthall,Electronics,Accessories & Supplies,Audio & Video Accessories,,,,
Seminca,seminca,Beauty,"Foot, Hand & Nail Care",Nail Art & Polish,,,,
Magic Touch,magic-touch,Beauty,Shave & Hair Removal,Men's,,,,
UCANBE,ucanbe,Beauty,Makeup,Eyes,,,,
L E M O N,l-e-m-o-n,Beauty,Fragrance,Dusting Powders,,,,
Stonybrook,stonybrook,Beauty,Hair Care,Shampoo & Conditioner,,,,
Cherisnowy,cherisnowy,Beauty,Makeup,Body,,,,
Maja,maja,Beauty,Fragrance,Women's,,,,
COCOSOLIS,cocosolis,Beauty,Skin Care,Sunscreens & Tanning Products,,,,
MarcWeiss,marcweiss,Beauty,Hair Care,Hair Loss Products,,,,
TANSUO,tansuo,Electronics,Accessories & Supplies,Camera & Photo Accessories,,,,
UUYYEO,uuyyeo,Beauty,"Foot, Hand & Nail Care",Nail Art & Polish,,,,
NEDIFON,nedifon,Beauty,Oral Care,Toothbrushes & Accessories,,,,
Salt & Stone,salt-stone,Beauty,Skin Care,Body,,,,
B.TAN,b-tan,Beauty,Skin Care,Sunscreens & Tanning Products,,,,
Ximimark,ximimark,Electronics,Camera & Photo,Video,,,,1
utimcare,utimcare,Beauty,Oral Care,Toothbrushes & Accessories,,,,
Feather hair Extensions,feather-hair-extensions,Beauty,Hair Care,"Extensions, Wigs & Accessories",,,,
MLDMANDALV,mldmandalv,Beauty,Makeup,Body,,,,
COVIK,covik,Beauty,Shave & Hair Removal,Women's,,,,
OPD,opd,Electronics,Camera & Photo,Binoculars & Scopes,,,,
MerryNEO,merryneo,Beauty,Fragrance,Women's,,,,
Meyin,meyin,Electronics,Accessories & Supplies,Camera & Photo Accessories,,,,
Kalff,kalff,Electronics,Accessories & Supplies,Audio & Video Accessories,,,,
BENKIA,benkia,Electronics,Accessories & Supplies,"Batteries, Chargers & Accessories",,,,
Jerome Russell,jerome-russell,Beauty,Makeup,Body,,,,
new star tattoo,new-star-tattoo,Beauty,Personal Care,Piercing & Tattoo Supplies,,,,
NineRoms,nineroms,Beauty,"Foot, Hand & Nail Care",Nail Care,,,,
CMWGKBC,cmwgkbc,Beauty,Personal Care,Bath & Bathing Accessories,,,,
UQOIE,uqoie,Electronics,Video Game Consoles & Accessories,PlayStation Vita,,,,
RIKSOIN,riksoin,Electronics,Accessories & Supplies,Cables,,,,
Gillette,gillette,Beauty,Shave & Hair Removal,Women's,gillette.com,,,1
Tanovations Ed Hardy,tanovations-ed-hardy,Beauty,Skin Care,Sunscreens & Tanning Products,,,,
CRAFNEW,crafnew,Electronics,Accessories & Supplies,"Batteries, Chargers & Accessories",,,,
BEST CHOICE MAGNETS,best-choice-magnets,Beauty,"Foot, Hand & Nail Care",Nail Art & Polish,,,,
Yantuo,yantuo,Electronics,Accessories & Supplies,Audio & Video Accessories,,,,
OZER,ozer,Beauty,Personal Care,Piercing & Tattoo Supplies,,,,
House of Hur,house-of-hur,Beauty,Makeup,Face,,,,
Bellezza,bellezza,Beauty,Hair Care,Styling Tools & Appliances,,,,
Vepkuso,vepkuso,Beauty,"Foot, Hand & Nail Care",Tools & Accessories,,,,
Mambino Organics,mambino-organics,Beauty,Personal Care,Bath & Bathing Accessories,,,,
SNS SECRET NAILS SYSTEM,sns-secret-nails-system,Beauty,"Foot, Hand & Nail Care",Nail Art & Polish,,,,
INLAZTIM,inlaztim,Beauty,Hair Care,Hair Accessories,,,,
Pretwad,pretwad,Beauty,Hair Care,Hair Accessories,,,,
CTA Digital,cta-digital,Electronics,Video Game Consoles & Accessories,Wii,ctadigital.com,,,
Universal CableTether,universal-cabletether,Electronics,Accessories & Supplies,Computer Accessories,,,,
Monfurise,monfurise,Electronics,Accessories & Supplies,Computer Accessories,,,,
YOTMS,yotms,Electronics,Video Game Consoles & Accessories,Xbox 360,,,,
PUPUPE,pupupe,Beauty,Skin Care,Face,,,,
Nakedcellphone,nakedcellphone,Electronics,Accessories & Supplies,Computer Accessories,,,,
EAVO,eavo,Electronics,Accessories & Supplies,Cell Phone Accessories,,,,
spywkn,spywkn,Electronics,Wearable Technology,Rings,,,,
STREAM 2 SEA,stream-2-sea,Beauty,Skin Care,Sunscreens & Tanning Products,,,,
Baby Zermat,baby-zermat,Beauty,Fragrance,Children's,,,,
ARTEZA,arteza,Beauty,Hair Care,Hair Coloring Products,,,,
TAGRY,tagry,Electronics,Accessories & Supplies,Cell Phone Accessories,,,,
BEDELITE,bedelite,Beauty,Personal Care,Bath & Bathing Accessories,,,,
CHENJIN,chenjin,Electronics,Accessories & Supplies,Camera & Photo Accessories,,,,
mankk,mankk,Electronics,Accessories & Supplies,Computer Accessories,,,,
AVGPC,avgpc,Electronics,Computers & Accessories,Computers & Tablets,,,,
NICITY,nicity,Beauty,Shave & Hair Removal,Men's,,,,
GIGABYTE,gigabyte,Electronics,Computers & Accessories,Computers & Tablets,https://www.gigabyte.com/,,,1
Ontel,ontel,Electronics,Accessories & Supplies,"Batteries, Chargers & Accessories",,,,
ARKON,arkon,Electronics,Computers & Accessories,Tablet Accessories,,,,
Pomp Styl,pomp-styl,Beauty,Shave & Hair Removal,Men's,,,,
QIXINSTAR,qixinstar,Beauty,Shave & Hair Removal,Men's,,,,
FEUNLEM,feunlem,Beauty,Hair Care,Hair Accessories,,,,
Gentle Treatment,gentle-treatment,Beauty,Hair Care,"Hair Perms, Relaxers & Texturizers",,,,
Certain Dri,certain-dri,Beauty,Personal Care,Deodorants & Antiperspirants,,,,
bissuuy,bissuuy,Beauty,Shave & Hair Removal,Men's,,,,
BRMUD,brmud,Beauty,Skin Care,Body,,,,
FOTGA,fotga,Electronics,Camera & Photo,Video,,,,
FUNAI,funai,Electronics,Television & Video,DVD Players & Recorders,,,,
Nicer,nicer,Electronics,Accessories & Supplies,Television Accessories,,,,
GSRUAN,gsruan,Electronics,Computers & Accessories,Tablet Accessories,,,,
reroso,reroso,Electronics,Accessories & Supplies,Vehicle Electronics Accessories,,,,
inkbox,inkbox,Beauty,Makeup,Body,,,,
Chuancheng,chuancheng,Beauty,Hair Care,Styling Tools & Appliances,,,,
PHONSUN,phonsun,Electronics,Computers & Accessories,Tablet Replacement Parts,,,,
Well People,well-people,Beauty,Skin Care,Eyes,,,,
ChoCho Track,chocho-track,Beauty,Shave & Hair Removal,Men's,,,,
COSYONALL,cosyonall,Beauty,Shave & Hair Removal,Men's,,,,
AFAXINRIE,afaxinrie,Electronics,Accessories & Supplies,Camera & Photo Accessories,,,,
HSEM,hsem,Beauty,Hair Care,Hair Accessories,,,,
SvaTao,svatao,Beauty,"Foot, Hand & Nail Care",Foot & Hand Care,,,,
chaseroad,chaseroad,Electronics,Video Game Consoles & Accessories,Xbox 360,,,,
Cosmofarma,cosmofarma,Beauty,Hair Care,Hair Loss Products,,,,
PEDVSTY,pedvsty,Electronics,Cell Phones & Accessories,"Cases, Holsters & Clips",,,,
Tunteil,tunteil,Electronics,Accessories & Supplies,Television Accessories,,,,
Lawei,lawei,Electronics,Accessories & Supplies,Audio & Video Accessories,,,,
KYLIE,kylie,Beauty,Skin Care,Lip Care,,,,
Pac-Dent,pac-dent,Beauty,Oral Care,Sensitivity Treatments,,,,
Gimars,gimars,Electronics,Accessories & Supplies,Computer Accessories,,,,
PlexDisc,plexdisc,Electronics,Accessories & Supplies,Computer Accessories,,,,
URBAN SOMBRERO,urban-sombrero,Beauty,Shave & Hair Removal,Men's,,,,
Man Friday,man-friday,Electronics,Video Game Consoles & Accessories,Wii U,,,,
Mad Hippie,mad-hippie,Beauty,Skin Care,Face,,,,
WONDER FAMILY,wonder-family,Beauty,Personal Care,Piercing & Tattoo Supplies,,,,
Uhuru Naturals,uhuru-naturals,Beauty,Hair Care,Hair Loss Products,,,,
Tribe,tribe,Electronics,Cell Phones & Accessories,"Cases, Holsters & Clips",,,,
Tropical Apothecary,tropical-apothecary,Beauty,Skin Care,Body,,,,
GigaGround,gigaground,Beauty,"Foot, Hand & Nail Care",Tools & Accessories,,,,
BPXX,bpxx,Electronics,Accessories & Supplies,Office Electronics Accessories,,,,
GRETHER'S,grether-s,Beauty,Oral Care,Dry Mouth Relief,,,,
AmberVec,ambervec,Electronics,Accessories & Supplies,Computer Accessories,,,,
BCKENEY,bckeney,Beauty,Personal Care,Bath & Bathing Accessories,,,,
Eveline,eveline,Beauty,"Foot, Hand & Nail Care",Nail Care,,,,
ARSTBETY,arstbety,Electronics,Accessories & Supplies,Office Electronics Accessories,,,,
SWDSTP,swdstp,Electronics,Portable Audio & Video,Radios,,,,
GERTZY,gertzy,Beauty,Shave & Hair Removal,Men's,,,,
psycat,psycat,Beauty,Shave & Hair Removal,Men's,,,,
Kroaya,kroaya,Beauty,Shave & Hair Removal,Women's,,,,
MiamiMD,miamimd,Beauty,Skin Care,Face,,,,
Tylubio,tylubio,Electronics,Accessories & Supplies,Computer Accessories,,,,
RASASI,rasasi,Beauty,Fragrance,Men's,,,,
MINETAN BODY.SKIN,minetan-body-skin,Beauty,Skin Care,Sunscreens & Tanning Products,,,,
Shaevle,shaevle,Electronics,Accessories & Supplies,Microphones,,,,
Centon,centon,Electronics,Accessories & Supplies,Camera & Photo Accessories,,,,
Winsome,winsome,Electronics,Accessories & Supplies,Computer Accessories,,,,
Liebert,liebert,Electronics,Accessories & Supplies,Computer Accessories,,,,
SYABO,syabo,Beauty,Skin Care,Face,,,,
iMBAPrice,imbaprice,Electronics,Accessories & Supplies,Cables,,,,
Vitalore,vitalore,Beauty,Skin Care,Eyes,,,,
Maahongh,maahongh,Beauty,Hair Care,Hair Cutting Tools,,,,
Hendel,hendel,Electronics,Accessories & Supplies,Vehicle Electronics Accessories,,,,
ABSOK,absok,Beauty,"Foot, Hand & Nail Care",Tools & Accessories,,,,
Candy Bila,candy-bila,Electronics,Accessories & Supplies,Cell Phone Accessories,,,,
JAPONESQUE,japonesque,Beauty,"Foot, Hand & Nail Care",Tools & Accessories,,,,
Tesori d'Oriente,tesori-d-oriente,Beauty,Personal Care,Bath & Bathing Accessories,,,,
Nokia,nokia,Electronics,Cell Phones & Accessories,Carrier Cell Phones,nokia.com,,,1
PIVETOS,pivetos,Beauty,Skin Care,Face,,,,
STALEKS PRO,staleks-pro,Beauty,"Foot, Hand & Nail Care",Tools & Accessories,,,,
Walking Way,walking-way,Electronics,Accessories & Supplies,Camera & Photo Accessories,,,,
Yiphates,yiphates,Electronics,Accessories & Supplies,Computer Accessories,,,,
KONOVA,konova,Electronics,Camera & Photo,Video,,,,
Kimchi Chic,kimchi-chic,Beauty,Skin Care,Face,,,,
BOD man,bod-man,Beauty,Fragrance,Men's,,,,
ZIDIYORUO,zidiyoruo,Electronics,Accessories & Supplies,Camera & Photo Accessories,,,,
Lunwag,lunwag,Electronics,Accessories & Supplies,Vehicle Electronics Accessories,,,,
Yard House,yard-house,Beauty,Skin Care,Body,,,,
Keyshine,keyshine,Beauty,Shave & Hair Removal,Men's,,,,
Vevelux,vevelux,Electronics,Accessories & Supplies,Camera & Photo Accessories,,,,
Vanjua,vanjua,Electronics,Accessories & Supplies,Vehicle Electronics Accessories,,,,
PoP voice,pop-voice,Electronics,Accessories & Supplies,Microphones,,,,
nvxigac,nvxigac,Beauty,Shave & Hair Removal,Women's,,,,
ENNVA,ennva,Beauty,Shave & Hair Removal,Men's,,,,
Gadcrystal,gadcrystal,Beauty,"Foot, Hand & Nail Care",Nail Art & Polish,,,,
French Girl Organics,french-girl-organics,Beauty,Skin Care,Lip Care,,,,
Opal Camera,opal-camera,Electronics,Accessories & Supplies,Computer Accessories,,,,
Accu-Shot,accu-shot,Electronics,Accessories & Supplies,Camera & Photo Accessories,,,,
Bubble Skincare,bubble-skincare,Beauty,Skin Care,Face,,,,
LSI Logic,lsi-logic,Electronics,Computers & Accessories,Computer Components,,,,
Luna Bronze,luna-bronze,Beauty,Skin Care,Sunscreens & Tanning Products,,,,
LIENS,liens,Electronics,Computers & Accessories,Laptop Accessories,,,,
Bombay Shaving Company,bombay-shaving-company,Beauty,Shave & Hair Removal,Men's,,,,
SDYZ,sdyz,Electronics,Accessories & Supplies,Computer Accessories,,,,
Krisp Shave,krisp-shave,Beauty,Shave & Hair Removal,Men's,,,,
Qwedcxza,qwedcxza,Beauty,Shave & Hair Removal,Women's,,,,
OfeooAi,ofeooai,Electronics,Accessories & Supplies,Camera & Photo Accessories,,,,
PURPLE CANYON,purple-canyon,Beauty,"Foot, Hand & Nail Care",Foot & Hand Care,,,,
NOEEWUPO,noeewupo,Beauty,Shave & Hair Removal,Women's,,,,
SH,sh,Electronics,eBook Readers & Accessories,Stands,,,,
GLOBELEC,globelec,Electronics,Accessories & Supplies,Vehicle Electronics Accessories,,,,
MemoryMasters,memorymasters,Electronics,Accessories & Supplies,Computer Accessories,,,,
5minskin,5minskin,Beauty,Shave & Hair Removal,Women's,,,,
Cavaillès,cavaill-s,Beauty,Personal Care,Bath & Bathing Accessories,,,,
TAMHOO,tamhoo,Beauty,"Foot, Hand & Nail Care",Nail Art & Polish,,,,
Daoeny,daoeny,Electronics,Accessories & Supplies,Computer Accessories,,,,
Lansinoh,lansinoh,Beauty,Skin Care,Maternity,,,,
HighPoint,highpoint,Electronics,Computers & Accessories,Computer Components,,,,
Psitek,psitek,Electronics,Computers & Accessories,Laptop Accessories,,,,
EWAGOA,ewagoa,Beauty,Hair Care,Hair Accessories,,,,
Fiemack,fiemack,Beauty,Shave & Hair Removal,Women's,,,,
POPETPOP,popetpop,Beauty,Hair Care,Hair Cutting Tools,,,,
WXZOS,wxzos,Electronics,Car & Vehicle Electronics,Car Electronics,,,,
WATIPUNO,watipuno,Electronics,Accessories & Supplies,Computer Accessories,,,,
TKLBLS,tklbls,Electronics,Accessories & Supplies,Microphones,,,,
VENAMINE,venamine,Beauty,Skin Care,Sunscreens & Tanning Products,,,,
AAJK,aajk,Electronics,Accessories & Supplies,Office Electronics Accessories,,,,
Nakery,nakery,Beauty,Skin Care,Face,,,,
Onfinio,onfinio,Electronics,Accessories & Supplies,Computer Accessories,,,,
Jacadi,jacadi,Beauty,Fragrance,Children's,,,,
moisturizing,moisturizing,Beauty,Personal Care,Bath & Bathing Accessories,,,,
Dr. Foot,dr-foot,Beauty,"Foot, Hand & Nail Care",Foot & Hand Care,,,,
INFRA,infra,Beauty,Hair Care,Shampoo & Conditioner,,,,
RK NAUTICAL INSTRUMENT,rk-nautical-instrument,Electronics,Camera & Photo,Binoculars & Scopes,,,,
Rekukos,rekukos,Electronics,Accessories & Supplies,Computer Accessories,,,,
XUEVORIY,xuevoriy,Electronics,Accessories & Supplies,Vehicle Electronics Accessories,,,,
Ciyebst,ciyebst,Electronics,Accessories & Supplies,Computer Accessories,,,,
OLAZARAH,olazarah,Beauty,Personal Care,Bath & Bathing Accessories,,,,
Yasterd,yasterd,Beauty,"Foot, Hand & Nail Care",Nail Art & Polish,,,,
Bleach Pro Whitening,bleach-pro-whitening,Beauty,Oral Care,Teeth Whitening,,,,
WGGE,wgge,Electronics,Accessories & Supplies,Audio & Video Accessories,,,,
YSSTKFD,ysstkfd,Electronics,Computers & Accessories,Tablet Accessories,,,,
Tatiwoo,tatiwoo,Beauty,"Foot, Hand & Nail Care",Nail Art & Polish,,,,
KABAKE,kabake,Electronics,Accessories & Supplies,Computer Accessories,,,,
MODA,moda,Beauty,Hair Care,Shampoo & Conditioner,,,,
Nicpower,nicpower,Beauty,Shave & Hair Removal,Men's,,,,
PPAKK,ppakk,Beauty,"Foot, Hand & Nail Care",Nail Art & Polish,,,,
Phoenix Foot Peel,phoenix-foot-peel,Beauty,"Foot, Hand & Nail Care",Foot & Hand Care,,,,
Panleding,panleding,Beauty,Hair Care,Hair Accessories,,,,
SGEOYPIL,sgeoypil,Beauty,Oral Care,Toothbrushes & Accessories,,,,
cugunu,cugunu,Electronics,Accessories & Supplies,Computer Accessories,,,,
Acediar,acediar,Electronics,Accessories & Supplies,Cell Phone Accessories,,,,
Jconly,jconly,Beauty,Personal Care,Piercing & Tattoo Supplies,,,,
PIDINUK,pidinuk,Electronics,Accessories & Supplies,Cell Phone Accessories,,,,
Atenyue,atenyue,Electronics,Cell Phones & Accessories,"Cases, Holsters & Clips",,,,
Mooerca,mooerca,Beauty,Personal Care,Bath & Bathing Accessories,,,,
Pwkvsn,pwkvsn,Beauty,Hair Care,Hair Masks,,,,
GrowTech,growtech,Electronics,Accessories & Supplies,Computer Accessories,,,,
Lepique,lepique,Beauty,Skin Care,Face,,,,
Pacha Soap Co,pacha-soap-co,Beauty,Skin Care,Body,,,,
Snazaroo,snazaroo,Beauty,Makeup,Body,,,,
Wet Brush,wet-brush,Beauty,Hair Care,Styling Tools & Appliances,,,,
BenQ,benq,Electronics,Accessories & Supplies,Computer Accessories,benq.com,,,1
NentMent,nentment,Beauty,"Foot, Hand & Nail Care",Nail Art & Polish,,,,
krofaue,krofaue,Beauty,"Foot, Hand & Nail Care",Nail Art & Polish,,,,
VANDESAIL,vandesail,Electronics,Accessories & Supplies,Cables,,,,
Brush Buddies,brush-buddies,Beauty,Oral Care,Children's Dental Care,,,,
Gigaram,gigaram,Electronics,Accessories & Supplies,Computer Accessories,,,,
Deholto,deholto,Electronics,Wearable Technology,Accessories,,,,
SWUU,swuu,Electronics,Accessories & Supplies,Cell Phone Accessories,,,,
Envy,envy,Beauty,Skin Care,Eyes,,,,
Diamond Audio Technology,diamond-audio-technology,Electronics,Car & Vehicle Electronics,Car Electronics,,,,
Giorgio,giorgio,Beauty,Fragrance,Women's,,,,
THELIFELICIOUS,thelifelicious,Electronics,Accessories & Supplies,Computer Accessories,,,,
Beesjuy,beesjuy,Beauty,Makeup,Body,,,,
MOLILON,molilon,Beauty,"Foot, Hand & Nail Care",Nail Art & Polish,,,,
SIROLISA,sirolisa,Electronics,Accessories & Supplies,Computer Accessories,,,,
Hiyoo,hiyoo,Electronics,Accessories & Supplies,Computer Accessories,,,,
Satellite Oasis,satellite-oasis,Electronics,Accessories & Supplies,Television Accessories,,,,
PEARL,pearl,Beauty,Shave & Hair Removal,Men's,,,,
Bautia,bautia,Beauty,Hair Care,Styling Tools & Appliances,,,,
CBAZY,cbazy,Electronics,Accessories & Supplies,Cord Management,,,,
PRISMXR,prismxr,Electronics,Wearable Technology,Accessories,,,,
Skywin,skywin,Electronics,Computers & Accessories,Laptop Accessories,,,,
Marvexi,marvexi,Beauty,Hair Care,Hair Coloring Products,,,,
BAYNIK,baynik,Beauty,Shave & Hair Removal,Men's,,,,
Organic Fiji,organic-fiji,Beauty,Skin Care,Body,,,,
VI+AL,vi-al,Electronics,Computers & Accessories,Laptop Accessories,,,,
DPWOUM,dpwoum,Beauty,Shave & Hair Removal,Men's,,,,
Nestl,nestl,Electronics,Computers & Accessories,Laptop Accessories,,,,
Aucurwen,aucurwen,Beauty,"Foot, Hand & Nail Care",Tools & Accessories,,,,
Kipcush,kipcush,Electronics,eBook Readers & Accessories,Power Cables,,,,
Big Mike's,big-mike-s,Electronics,Accessories & Supplies,Camera & Photo Accessories,,,,
butter LONDON,butter-london,Beauty,"Foot, Hand & Nail Care",Nail Art & Polish,,,,
FabMay Beauty,fabmay-beauty,Beauty,Shave & Hair Removal,Women's,,,,
Right Guard,right-guard,Beauty,Personal Care,Deodorants & Antiperspirants,,,,
Vin Beauty,vin-beauty,Beauty,Makeup,Makeup Palettes,,,,
MIEKLALE,mieklale,Electronics,Accessories & Supplies,"Batteries, Chargers & Accessories",,,,
Semusgx,semusgx,Electronics,Accessories & Supplies,Television Accessories,,,,
DIME,dime,Beauty,Skin Care,Face,,,,
Orglace,orglace,Beauty,Personal Care,Piercing & Tattoo Supplies,,,,
Artisul,artisul,Electronics,Accessories & Supplies,Computer Accessories,,,,
Pino Silvestre,pino-silvestre,Beauty,Fragrance,Men's,,,,
Bourjois,bourjois,Beauty,Makeup,Face,bourjois.com,,,1
AWO,awo,Electronics,Accessories & Supplies,Computer Accessories,,,,
REGENEPURE,regenepure,Beauty,Hair Care,Hair Loss Products,,,,
IQXGE,iqxge,Beauty,"Foot, Hand & Nail Care",Nail Art & Polish,,,,
FORCEONE,forceone,Beauty,Shave & Hair Removal,Men's,,,,
Cay Skin,cay-skin,Beauty,Skin Care,Sunscreens & Tanning Products,,,,
Akunbem,akunbem,Beauty,Shave & Hair Removal,Women's,,,,
Aqualief,aqualief,Electronics,Accessories & Supplies,Cell Phone Accessories,,,,
FRCVESNG,frcvesng,Electronics,Accessories & Supplies,Vehicle Electronics Accessories,,,,
Oxford,oxford,Electronics,Accessories & Supplies,Camera & Photo Accessories,,,,
TONYMOLY,tonymoly,Beauty,Skin Care,Face,tonymoly.com,,,1
Tom's of Maine,tom-s-of-maine,Beauty,Personal Care,Deodorants & Antiperspirants,,,,
HevChay,hevchay,Beauty,Hair Care,Hair Loss Products,,,,
RunCam,runcam,Electronics,Camera & Photo,Video,,,,
Justnard,justnard,Beauty,Shave & Hair Removal,Men's,,,,
Gobiteli,gobiteli,Beauty,Personal Care,Bath & Bathing Accessories,,,,
SOGCASE,sogcase,Electronics,Accessories & Supplies,Computer Accessories,,,,
FANJEIS,fanjeis,Beauty,Shave & Hair Removal,Men's,,,,
Avando,avando,Beauty,Personal Care,Bath & Bathing Accessories,,,,
Mliong,mliong,Electronics,Accessories & Supplies,Computer Accessories,,,,
Musou,musou,Electronics,Accessories & Supplies,Audio & Video Accessories,,,,
Postta,postta,Electronics,Accessories & Supplies,Cables,,,,
Bangun,bangun,Electronics,Accessories & Supplies,Cables,,,,
ArioseMonde,ariosemonde,Beauty,Skin Care,Body,,,,
Lee Beauty Professional,lee-beauty-professional,Beauty,"Foot, Hand & Nail Care",Tools & Accessories,,,,
HIRAY,hiray,Beauty,Hair Care,Styling Tools & Appliances,,,,
BIODANCE,biodance,Beauty,Skin Care,Face,,,,
Royal Crown,royal-crown,Beauty,Shave & Hair Removal,Men's,,,,
MESCOMB,mescomb,Beauty,Hair Care,Styling Tools & Appliances,,,,
MAYICIVO,mayicivo,Beauty,Skin Care,Body,,,,
Batiste,batiste,Beauty,Hair Care,Shampoo & Conditioner,,,,
AICHESON,aicheson,Electronics,Computers & Accessories,Laptop Accessories,,,,
Bayer Kimya,bayer-kimya,Beauty,Hair Care,Hair Loss Products,bayer.com.tr,,,
Sunshine,sunshine,Beauty,Oral Care,Sensitivity Treatments,,,,
CY-SUZON,cy-suzon,Electronics,Computers & Accessories,Networking Products,,,,
ODJSY,odjsy,Beauty,Hair Care,Hair Cutting Tools,,,,
Hollyland,hollyland,Electronics,Accessories & Supplies,Microphones,hollyland-tech.com,,,
J.R. Watkins,j-r-watkins,Beauty,"Foot, Hand & Nail Care",Foot & Hand Care,,,,
COOLA,coola,Beauty,Skin Care,Sunscreens & Tanning Products,,,,
Credo,credo,Beauty,"Foot, Hand & Nail Care",Tools & Accessories,,,,
The Dust Patrol,the-dust-patrol,Electronics,Accessories & Supplies,Camera & Photo Accessories,,,,
Ultimate Ears,ultimate-ears,Electronics,Accessories & Supplies,Cell Phone Accessories,ultimateears.com,,,
PUFFIAIR,puffiair,Beauty,Oral Care,Breath Fresheners,,,,
BlinkingNails,blinkingnails,Beauty,"Foot, Hand & Nail Care",Tools & Accessories,,,,
Nadula,nadula,Beauty,Hair Care,"Extensions, Wigs & Accessories",,,,
WhaleLife,whalelife,Beauty,Personal Care,Bath & Bathing Accessories,,,,
ACE,ace,Electronics,Computers & Accessories,Computers & Tablets,,,,
Athena Club,athena-club,Beauty,Shave & Hair Removal,Women's,,,,
DoonTyxiad,doontyxiad,Beauty,Shave & Hair Removal,Men's,,,,
Eggsnow,eggsnow,Electronics,Accessories & Supplies,Microphones,,,,
FUYAHA,fuyaha,Electronics,Wearable Technology,Accessories,,,,
Haosens,haosens,Beauty,Shave & Hair Removal,Men's,,,,
General Motors,general-motors,Electronics,Car & Vehicle Electronics,Car Electronics,,,,
Ditoi,ditoi,Beauty,Skin Care,Face,,,,
Keabroir,keabroir,Electronics,Accessories & Supplies,Camera & Photo Accessories,,,,
UNOISETION,unoisetion,Beauty,Skin Care,Face,,,,
Skin Centrick,skin-centrick,Beauty,Makeup,Body,,,,
ToiletTree Products,toilettree-products,Beauty,Shave & Hair Removal,Men's,,,,
CAFSOB,cafsob,Beauty,Shave & Hair Removal,Women's,,,,
Alberto VO5,alberto-vo5,Beauty,Hair Care,Shampoo & Conditioner,,,,
Love Beauty And Planet,love-beauty-and-planet,Beauty,Personal Care,Bath & Bathing Accessories,,,,
TV Technologies LLC,tv-technologies-llc,Electronics,Accessories & Supplies,Television Accessories,,,,
iscream,iscream,Beauty,Hair Care,Hair Coloring Products,,,,
BaBylissPRO,babylisspro,Beauty,Hair Care,Styling Tools & Appliances,,,,
Bayattoo,bayattoo,Electronics,Accessories & Supplies,"Batteries, Chargers & Accessories",,,,
Beelink,beelink,Electronics,Computers & Accessories,Computers & Tablets,,,,
Bubbacare,bubbacare,Beauty,Shave & Hair Removal,Women's,,,,
SUNITEC,sunitec,Electronics,Accessories & Supplies,Vehicle Electronics Accessories,,,,
Raspberry Pi,raspberry-pi,Electronics,Computers & Accessories,Computer Components,,,,
WSHAITE,wshaite,Electronics,Accessories & Supplies,Computer Accessories,,,,
Pardarsey,pardarsey,Electronics,Accessories & Supplies,Computer Accessories,,,,
Kebrela,kebrela,Electronics,Cell Phones & Accessories,"Cases, Holsters & Clips",,,,
yAyusi,yayusi,Electronics,Camera & Photo,Video,,,,
ZZRANYE,zzranye,Electronics,Accessories & Supplies,Audio & Video Accessories,,,,
Makarios,makarios,Electronics,Accessories & Supplies,Computer Accessories,,,,
Olaplex,olaplex,Beauty,Hair Care,Shampoo & Conditioner,olaplex.com,,,
Lacer,lacer,Beauty,Hair Care,"Extensions, Wigs & Accessories",,,,
KLIOMAX,kliomax,Electronics,Accessories & Supplies,Camera & Photo Accessories,,,,
NewJourney,newjourney,Electronics,Accessories & Supplies,Cell Phone Accessories,,,,
Febreze,febreze,Beauty,Personal Care,Bath & Bathing Accessories,,,,
ANVOW,anvow,Electronics,Wearable Technology,Accessories,,,,
Furbo,furbo,Electronics,Accessories & Supplies,Camera & Photo Accessories,,,,
Brown Sugar,brown-sugar,Beauty,Makeup,Body,,,,
JOE GREEN CO,joe-green-co,Beauty,Hair Care,"Extensions, Wigs & Accessories",,,,
RAZONIX,razonix,Beauty,Skin Care,Eyes,,,,
ChiaoPio,chiaopio,Electronics,Accessories & Supplies,Computer Accessories,,,,
Yoiilnz,yoiilnz,Electronics,Accessories & Supplies,"Batteries, Chargers & Accessories",,,,
DSD TECH,dsd-tech,Electronics,Accessories & Supplies,Computer Accessories,,,,
Marquis,marquis,Electronics,Camera & Photo,Video Surveillance,,,,
Schwarzkopf Professional,schwarzkopf-professional,Beauty,Hair Care,Hair Coloring Products,,,,
YGiTK,ygitk,Electronics,Accessories & Supplies,Audio & Video Accessories,,,,
lightdow,lightdow,Electronics,Accessories & Supplies,Camera & Photo Accessories,,,,
SOLASKY,solasky,Beauty,Shave & Hair Removal,Men's,,,,
Belker,belker,Electronics,Accessories & Supplies,"Batteries, Chargers & Accessories",,,,
KAAL,kaal,Beauty,Hair Care,Hair Loss Products,,,,
PRYZUNA,pryzuna,Beauty,"Foot, Hand & Nail Care",Nail Art & Polish,,,,
COCOONORIGINAL,cocoonoriginal,Beauty,Skin Care,Face,,,,
Aresvns,aresvns,Beauty,Makeup,Body,,,,
PFARRER,pfarrer,Beauty,Personal Care,Piercing & Tattoo Supplies,,,,
Million Magnets,million-magnets,Beauty,Oral Care,Toothbrushes & Accessories,,,,
TULA,tula,Beauty,Skin Care,Eyes,,,,
SAMNISOO,samnisoo,Electronics,Camera & Photo,Video,,,,
FREEORR,freeorr,Beauty,"Foot, Hand & Nail Care",Nail Art & Polish,,,,
ilapothecary,ilapothecary,Beauty,Personal Care,Bath & Bathing Accessories,,,,
SVP,svp,Electronics,Camera & Photo,Underwater Photography,,,,
TEREZ & HONOR,terez-honor,Beauty,Skin Care,Eyes,,,,
Yeebline,yeebline,Electronics,Accessories & Supplies,Camera & Photo Accessories,,,,
Spazazz,spazazz,Beauty,Personal Care,Bath & Bathing Accessories,,,,
Diginex,diginex,Electronics,Cell Phones & Accessories,Carrier Cell Phones,,,,
MAGIC,magic,Beauty,Shave & Hair Removal,Men's,,,,
Pro-Draw,pro-draw,Electronics,Accessories & Supplies,Cell Phone Accessories,,,,
VIETNAT,vietnat,Beauty,Skin Care,Body,,,,
JUMAN,juman,Beauty,Skin Care,Body,,,,
Bikini Zone,bikini-zone,Beauty,Shave & Hair Removal,Women's,,,,
GUIANDJING,guiandjing,Electronics,Accessories & Supplies,Vehicle Electronics Accessories,,,,
Bridgold,bridgold,Electronics,Accessories & Supplies,Television Accessories,,,,
total wireless,total-wireless,Electronics,Cell Phones & Accessories,Carrier Cell Phones,,,,
Turcom,turcom,Electronics,Accessories & Supplies,Computer Accessories,,,,
Record-Happy,record-happy,Electronics,Accessories & Supplies,Television Accessories,,,,
Raritan,raritan,Electronics,Accessories & Supplies,Television Accessories,,,,
Mylene Hair,mylene-hair,Beauty,Hair Care,"Extensions, Wigs & Accessories",,,,
Recovery Aftercare,recovery-aftercare,Beauty,Personal Care,Piercing & Tattoo Supplies,,,,
CHOOSE-IT,choose-it,Beauty,"Foot, Hand & Nail Care",Nail Art & Polish,,,,
sccvee,sccvee,Electronics,Accessories & Supplies,Cell Phone Accessories,,,,
EFISH,efish,Electronics,Accessories & Supplies,"Batteries, Chargers & Accessories",,,,
Matsusho,matsusho,Electronics,Accessories & Supplies,Cell Phone Accessories,,,,
NIWUIO,niwuio,Beauty,Shave & Hair Removal,Men's,,,,
PIKTIME,piktime,Electronics,Accessories & Supplies,Computer Accessories,,,,
PETERBILT,peterbilt,Electronics,Accessories & Supplies,Vehicle Electronics Accessories,,,,
VT COSMETICS,vt-cosmetics,Beauty,Skin Care,Face,,,,
Christrio,christrio,Beauty,"Foot, Hand & Nail Care",Nail Art & Polish,,,,
Nocs Provisions,nocs-provisions,Electronics,Accessories & Supplies,Camera & Photo Accessories,,,,
OmniShaver,omnishaver,Beauty,Shave & Hair Removal,Men's,,,,
Pirate Face Tattoo,pirate-face-tattoo,Beauty,Personal Care,Piercing & Tattoo Supplies,,,,
Guangyuweiye,guangyuweiye,Electronics,Video Game Consoles & Accessories,Sony PSP,,,,
FINDUFA,findufa,Electronics,Accessories & Supplies,Audio & Video Accessories,,,,
PonJel,ponjel,Electronics,Computers & Accessories,Tablet Accessories,,,,
AMORNO,amorno,Electronics,Portable Audio & Video,MP3 & MP4 Player Accessories,,,,
kmag,kmag,Electronics,Accessories & Supplies,Microphones,,,,
Happy Wraps,happy-wraps,Beauty,Skin Care,Eyes,,,,
Shorogyt,shorogyt,Electronics,Accessories & Supplies,Cell Phone Accessories,,,,
Welclux,welclux,Beauty,Shave & Hair Removal,Men's,,,,
GODO,godo,Electronics,Accessories & Supplies,Computer Accessories,,,,
Antool,antool,Electronics,Accessories & Supplies,Cell Phone Accessories,,,,
Razor Emporium,razor-emporium,Beauty,Shave & Hair Removal,Men's,,,,
Moxita,moxita,Electronics,Accessories & Supplies,Cord Management,,,,
BeautyStat,beautystat,Beauty,Skin Care,Face,,,,
Keeygo,keeygo,Beauty,Personal Care,Bath & Bathing Accessories,,,,
Dr. Bump,dr-bump,Beauty,Shave & Hair Removal,Women's,,,,
Feirsh,feirsh,Electronics,Video Game Consoles & Accessories,Wii U,,,,
Abhiya's,abhiya-s,Beauty,Shave & Hair Removal,Men's,,,,
Yieyosd,yieyosd,Beauty,Shave & Hair Removal,Men's,,,,
Elsophie,elsophie,Beauty,Oral Care,Teeth Grinding Guards,,,,
KIRKLAND,kirkland,Beauty,Hair Care,Hair Loss Products,,,,
Humminbird,humminbird,Electronics,Accessories & Supplies,Vehicle Electronics Accessories,,,,
jeosisy,jeosisy,Beauty,"Foot, Hand & Nail Care",Nail Care,,,,
AHANDMAKER,ahandmaker,Beauty,Shave & Hair Removal,Men's,,,,
Relax Spa & Bath,relax-spa-bath,Beauty,Hair Care,"Hair Perms, Relaxers & Texturizers",,,,
YXSMPS,yxsmps,Electronics,Accessories & Supplies,Computer Accessories,,,,
Amella,amella,Beauty,Hair Care,"Extensions, Wigs & Accessories",,,,
KTGEE,ktgee,Electronics,Accessories & Supplies,Cell Phone Accessories,,,,
HFENGZN,hfengzn,Electronics,Accessories & Supplies,Computer Accessories,,,,
Lea,lea,Beauty,Shave & Hair Removal,Men's,,,,
Enegitech,enegitech,Electronics,Accessories & Supplies,Camera & Photo Accessories,,,,
GUA,gua,Electronics,Car & Vehicle Electronics,Vehicle GPS,,,,
WJCMLT Tattoo Art,wjcmlt-tattoo-art,Beauty,Personal Care,Piercing & Tattoo Supplies,,,,
BUTFULAKE,butfulake,Electronics,Accessories & Supplies,Cell Phone Accessories,,,,
Kate Blanc Cosmetics,kate-blanc-cosmetics,Beauty,Skin Care,Face,,,,
Leadsound,leadsound,Electronics,Accessories & Supplies,Cell Phone Accessories,,,,
Tolesum,tolesum,Electronics,Video Game Consoles & Accessories,Wii,,,,
MYSTÉRE BEAUTÉ,myst-re-beaut-,Beauty,Skin Care,Sunscreens & Tanning Products,,,,
EHOPE,ehope,Beauty,"Foot, Hand & Nail Care",Nail Art & Polish,,,,
HBFQMDJLX,hbfqmdjlx,Electronics,Computers & Accessories,Computer Components,,,,
Rokelos,rokelos,Beauty,"Foot, Hand & Nail Care",Foot & Hand Care,,,,
Watchful Warthog,watchful-warthog,Beauty,Oral Care,Dental Floss & Picks,,,,
ANRUI,anrui,Beauty,"Foot, Hand & Nail Care",Tools & Accessories,,,,
HNYYZL,hnyyzl,Beauty,"Foot, Hand & Nail Care",Nail Art & Polish,,,,
Rowsmau,rowsmau,Electronics,Video Game Consoles & Accessories,PlayStation Vita,,,,
HERTZ,hertz,Electronics,Car & Vehicle Electronics,Car Electronics,,,,
Wazor,wazor,Beauty,Hair Care,Styling Tools & Appliances,,,,
Cesomeey,cesomeey,Beauty,Hair Care,"Extensions, Wigs & Accessories",,,,
Harperton,harperton,Beauty,"Foot, Hand & Nail Care",Tools & Accessories,,,,
MicroConnect,microconnect,Electronics,Portable Audio & Video,MP3 & MP4 Player Accessories,,,,
Aura Monaco,aura-monaco,Beauty,Shave & Hair Removal,Women's,,,,
RemoteKing,remoteking,Electronics,Car & Vehicle Electronics,Car Electronics,,,,
Timetec,timetec,Electronics,Computers & Accessories,Computer Components,,,,
HAPMARS,hapmars,Beauty,Hair Care,Hair Coloring Products,,,,
Vusoset,vusoset,Beauty,"Foot, Hand & Nail Care",Tools & Accessories,,,,
Vigorous,vigorous,Beauty,Hair Care,"Extensions, Wigs & Accessories",,,,
TOPEPOP,topepop,Electronics,Accessories & Supplies,Cell Phone Accessories,,,,
Sevomie,sevomie,Electronics,Accessories & Supplies,Camera & Photo Accessories,,,,
RELIAGINT,reliagint,Electronics,Accessories & Supplies,Cables,,,,
YONGDA,yongda,Beauty,Personal Care,Piercing & Tattoo Supplies,,,,
Tnarru,tnarru,Electronics,Cell Phones & Accessories,"Cases, Holsters & Clips",,,,
Bruislard,bruislard,Beauty,Hair Care,"Extensions, Wigs & Accessories",,,,
LFJ,lfj,Beauty,Personal Care,Bath & Bathing Accessories,,,,
VIMC,vimc,Electronics,Accessories & Supplies,Cell Phone Accessories,,,,
Qiifaiikooii,qiifaiikooii,Beauty,Shave & Hair Removal,Women's,,,,
ODOX.MS,odox-ms,Beauty,Personal Care,Bath & Bathing Accessories,,,,
Funnymoom,funnymoom,Beauty,Shave & Hair Removal,Men's,,,,
AMANKA,amanka,Electronics,Accessories & Supplies,Audio & Video Accessories,,,,
Dionis,dionis,Beauty,"Foot, Hand & Nail Care",Foot & Hand Care,,,,
KoluaWax,koluawax,Beauty,Shave & Hair Removal,Women's,,,,
Zoostliss,zoostliss,Beauty,"Foot, Hand & Nail Care",Nail Art & Polish,,,,
HiMo,himo,Beauty,"Foot, Hand & Nail Care",Nail Art & Polish,,,,
XVV,xvv,Electronics,Accessories & Supplies,Camera & Photo Accessories,,,,
Tcb,tcb,Beauty,Hair Care,"Hair Perms, Relaxers & Texturizers",,,,
Sanus,sanus,Electronics,Accessories & Supplies,Mounts,,,,
Perfa,perfa,Beauty,Personal Care,Bath & Bathing Accessories,,,,
Gefone,gefone,Electronics,Accessories & Supplies,Television Accessories,,,,
Focusrite,focusrite,Electronics,Accessories & Supplies,Microphones,focusrite.com,,,1
gianotter,gianotter,Electronics,Accessories & Supplies,Computer Accessories,,,,
Ryetvok,ryetvok,Beauty,Makeup,Lips,,,,
Fastronix Solutions,fastronix-solutions,Electronics,Accessories & Supplies,Vehicle Electronics Accessories,,,,
HANNLOMAX,hannlomax,Electronics,Home Audio,Compact Radios & Stereos,,,,
Mrryiio,mrryiio,Electronics,Accessories & Supplies,Vehicle Electronics Accessories,,,,
ALIDA PURE,alida-pure,Beauty,Skin Care,Lip Care,,,,
The Doctor's,the-doctor-s,Beauty,Oral Care,Dental Floss & Picks,,,,
XINKEEN,xinkeen,Electronics,Video Game Consoles & Accessories,Xbox 360,,,,
Yoqanr,yoqanr,Electronics,Accessories & Supplies,Audio & Video Accessories,,,,
UXBAEXZK,uxbaexzk,Beauty,Hair Care,Hair Coloring Products,,,,
Mbiydeg,mbiydeg,Electronics,Accessories & Supplies,Computer Accessories,,,,
CYDZSW,cydzsw,Electronics,Accessories & Supplies,Vehicle Electronics Accessories,,,,
EREE HAIR,eree-hair,Beauty,Hair Care,"Extensions, Wigs & Accessories",,,,
Elephant Health,elephant-health,Beauty,"Foot, Hand & Nail Care",Foot & Hand Care,,,,
WAYBER,wayber,Electronics,Accessories & Supplies,Audio & Video Accessories,,,,
Veea Face,veea-face,Beauty,Skin Care,Eyes,,,,
gunkill,gunkill,Beauty,Shave & Hair Removal,Men's,,,,
SOLAKAKA,solakaka,Electronics,Accessories & Supplies,Computer Accessories,,,,
Ruwado,ruwado,Beauty,Hair Care,Hair Accessories,,,,
Linkstyle,linkstyle,Electronics,Television & Video,Satellite Television,,,,
STAEDTLER,staedtler,Electronics,Accessories & Supplies,Office Electronics Accessories,,,,
ZBJBinCH,zbjbinch,Beauty,Shave & Hair Removal,Men's,,,,
Kinhaly,kinhaly,Electronics,Accessories & Supplies,Audio & Video Accessories,,,,
YTFCYIKBG,ytfcyikbg,Electronics,Accessories & Supplies,Cell Phone Accessories,,,,
Pohgelan,pohgelan,Electronics,Accessories & Supplies,Cell Phone Accessories,,,,
Tronixpro,tronixpro,Electronics,Accessories & Supplies,Camera & Photo Accessories,,,,
Noughty,noughty,Beauty,Hair Care,Hair Accessories,,,,
Hair Food,hair-food,Beauty,Hair Care,Shampoo & Conditioner,,,,
Qavhun,qavhun,Beauty,Fragrance,Men's,,,,
Umbra,umbra,Electronics,Accessories & Supplies,Cell Phone Accessories,,,,
SINCODA,sincoda,Electronics,Accessories & Supplies,Telephone Accessories,,,,
MC Nails,mc-nails,Beauty,"Foot, Hand & Nail Care",Nail Art & Polish,,,,
Clean & Clear,clean-clear,Beauty,Skin Care,Face,,,,
Poligrip,poligrip,Beauty,Oral Care,Denture Care,,,,
Permotary,permotary,Beauty,Skin Care,Eyes,,,,
Pacific Shaving Company,pacific-shaving-company,Beauty,Shave & Hair Removal,Men's,,,,
Vantec,vantec,Electronics,Computers & Accessories,Computer Components,vantecusa.com,,,
Coast,coast,Beauty,Skin Care,Body,,,,
Femme Couture,femme-couture,Beauty,Makeup,Eyes,,,,
UJFQBH,ujfqbh,Beauty,Personal Care,Bath & Bathing Accessories,,,,
DERPHEA,derphea,Beauty,Skin Care,Face,,,,
TAPOUT,tapout,Beauty,Fragrance,Men's,,,,
cinbasr,cinbasr,Beauty,Shave & Hair Removal,Men's,,,,
YOXSPD,yoxspd,Beauty,Shave & Hair Removal,Men's,,,,
Glyph Production Technologies,glyph-production-technologies,Electronics,Computers & Accessories,Computer Components,,,,
Anwenk,anwenk,Electronics,Accessories & Supplies,Camera & Photo Accessories,,,,
LongXTX covus,longxtx-covus,Electronics,Accessories & Supplies,Cell Phone Accessories,,,,
DAN Technology,dan-technology,Beauty,Hair Care,Styling Tools & Appliances,,,,
Rynapac,rynapac,Electronics,Cell Phones & Accessories,"Cases, Holsters & Clips",,,,
gurelax,gurelax,Beauty,Shave & Hair Removal,Women's,,,,
TNRV,tnrv,Electronics,Accessories & Supplies,Computer Accessories,,,,
SQULIGT,squligt,Beauty,Hair Care,Hair Accessories,,,,
spa luxetique,spa-luxetique,Beauty,Skin Care,Body,,,,
ATWATER,atwater,Beauty,Shave & Hair Removal,Men's,,,,
Minerva Crafts,minerva-crafts,Electronics,Accessories & Supplies,Computer Accessories,,,,
ChaoQ,chaoq,Electronics,Accessories & Supplies,Computer Accessories,,,,
MICROPACK Digitally Yours,micropack-digitally-yours,Electronics,Accessories & Supplies,Computer Accessories,,,,
Sderoq,sderoq,Beauty,Hair Care,Hair Accessories,,,,
MOROZKISPA,morozkispa,Beauty,Personal Care,Bath & Bathing Accessories,,,,
YANGWRshop,yangwrshop,Beauty,Hair Care,Hair Accessories,,,,
FAMILIFE,familife,Beauty,"Foot, Hand & Nail Care",Tools & Accessories,,,,
TIMMKOO,timmkoo,Electronics,Portable Audio & Video,MP3 & MP4 Player Accessories,,,,
Senka,senka,Beauty,Skin Care,Face,,,,
COFFEE MUG WARMER,coffee-mug-warmer,Electronics,Accessories & Supplies,Computer Accessories,,,,
QUUGE,quuge,Electronics,Accessories & Supplies,Computer Accessories,,,,
salbsever,salbsever,Beauty,Hair Care,Hair Accessories,,,,
Prizmora,prizmora,Electronics,Accessories & Supplies,Microphones,,,,
eyxformula,eyxformula,Beauty,"Foot, Hand & Nail Care",Nail Art & Polish,,,,
NVRTTRR,nvrttrr,Electronics,Accessories & Supplies,Computer Accessories,,,,
Danpaty,danpaty,Beauty,Personal Care,Bath & Bathing Accessories,,,,
LEFXMOPHY,lefxmophy,Electronics,Accessories & Supplies,Microphones,,,,
PENBOR,penbor,Electronics,Accessories & Supplies,"Batteries, Chargers & Accessories",,,,
Bawanfa,bawanfa,Electronics,Accessories & Supplies,Computer Accessories,,,,
Gingi Med,gingi-med,Beauty,Oral Care,Sensitivity Treatments,,,,
MÜHLE,m-hle,Beauty,Shave & Hair Removal,Men's,,,,
INTECHING,inteching,Electronics,Accessories & Supplies,Computer Accessories,,,,
SKIN LAB BY BSL,skin-lab-by-bsl,Beauty,Skin Care,Eyes,,,,
DupakSYS,dupaksys,Beauty,Hair Care,Hair Loss Products,,,,
Waving Palms,waving-palms,Beauty,Oral Care,Teeth Whitening,,,,
ZUOLACO,zuolaco,Electronics,Accessories & Supplies,Mounts,,,,
Minlu,minlu,Electronics,Accessories & Supplies,Computer Accessories,,,,
Kaiser,kaiser,Electronics,Accessories & Supplies,Camera & Photo Accessories,,,,
BUDI,budi,Electronics,Cell Phones & Accessories,"Cases, Holsters & Clips",,,,
Power Acoustik,power-acoustik,Electronics,Car & Vehicle Electronics,Car Electronics,poweracoustik.com,,,
SIFFOI,siffoi,Beauty,Shave & Hair Removal,Men's,,,,
GS Online,gs-online,Beauty,Shave & Hair Removal,Men's,,,,
LOVERY,lovery,Beauty,Skin Care,Body,,,,
EMGTMS Y&Z,emgtms-y-z,Electronics,Accessories & Supplies,Cables,,,,
RapidLash,rapidlash,Beauty,Makeup,Eyes,,,,
Farmona,farmona,Beauty,Hair Care,Hair Loss Products,,,,
HETTHI,hetthi,Electronics,Computers & Accessories,Laptop Accessories,,,,
AWEGANICS,aweganics,Beauty,Hair Care,Hair Loss Products,,,,
Wilson Electronics,wilson-electronics,Electronics,Accessories & Supplies,Installation Services,,,,
UnaMela,unamela,Electronics,Accessories & Supplies,Computer Accessories,,,,
Beard Octane,beard-octane,Beauty,Shave & Hair Removal,Men's,,,,
SKLNXAZ,sklnxaz,Beauty,Shave & Hair Removal,Women's,,,,
VTech,vtech,Electronics,Accessories & Supplies,Telephone Accessories,vtech.com,,,
Souyoyu,souyoyu,Electronics,Accessories & Supplies,Microphones,,,,
Atralia,atralia,Beauty,Fragrance,Men's,,,,
OPPEAL.HOSMALL,oppeal-hosmall,Beauty,Skin Care,Body,,,,
Oddtype,oddtype,Beauty,Makeup,Lips,,,,
Caboki,caboki,Beauty,Hair Care,Hair Loss Products,,,,
AXEMOORE,axemoore,Beauty,Hair Care,Hair Cutting Tools,,,,
EVERYOUTH,everyouth,Beauty,Skin Care,Face,,,,
EveryAmp,everyamp,Electronics,Accessories & Supplies,Vehicle Electronics Accessories,,,,
ENBUER,enbuer,Electronics,Accessories & Supplies,Television Accessories,,,,
Tinsea,tinsea,Electronics,Accessories & Supplies,Microphones,,,,
Bade Natural,bade-natural,Beauty,Skin Care,Face,,,,
upHere,uphere,Electronics,Computers & Accessories,Computer Components,,,,
Slick Solutions,slick-solutions,Beauty,"Foot, Hand & Nail Care",Tools & Accessories,,,,
Aputure,aputure,Electronics,Camera & Photo,Video,aputure.com,,,
VoroDcip,vorodcip,Electronics,Accessories & Supplies,Computer Accessories,,,,
LYMCY,lymcy,Beauty,Personal Care,Bath & Bathing Accessories,,,,
Daggett & Ramsdell,daggett-ramsdell,Beauty,"Foot, Hand & Nail Care",Nail Care,,,,
HIENA PRO,hiena-pro,Beauty,Shave & Hair Removal,Men's,,,,
MATEPLEX,mateplex,Beauty,Hair Care,"Extensions, Wigs & Accessories",,,,
Sacksy Thyme,sacksy-thyme,Beauty,Skin Care,Eyes,,,,
KMC,kmc,Electronics,Accessories & Supplies,Power Strips & Surge Protectors,,,,
Alcatel,alcatel,Electronics,Cell Phones & Accessories,Carrier Cell Phones,alcatelmobile.com,,,
Cobana,cobana,Beauty,Hair Care,Hair Accessories,,,,
FVFV,fvfv,Electronics,Computers & Accessories,Networking Products,,,,
FUWANG,fuwang,Electronics,Accessories & Supplies,Computer Accessories,,,,
Katy Perry,katy-perry,Beauty,Fragrance,Women's,,,,
YOOODONNN,yooodonnn,Electronics,Accessories & Supplies,Cell Phone Accessories,,,,
iGel Beauty,igel-beauty,Beauty,"Foot, Hand & Nail Care",Nail Art & Polish,,,,
GIOVANNI,giovanni,Beauty,Hair Care,Shampoo & Conditioner,,,,
EFAITHFIX,efaithfix,Electronics,Accessories & Supplies,Computer Accessories,,,,
JASSINS,jassins,Beauty,"Foot, Hand & Nail Care",Nail Art & Polish,,,,
LumenTip,lumentip,Beauty,Personal Care,Piercing & Tattoo Supplies,,,,
MAUTONG,mautong,Electronics,Accessories & Supplies,Camera & Photo Accessories,,,,
Stealth Cam,stealth-cam,Electronics,Accessories & Supplies,Computer Accessories,,,,
VOBAGA,vobaga,Electronics,Accessories & Supplies,Computer Accessories,,,,
NatraCure,natracure,Beauty,"Foot, Hand & Nail Care",Foot & Hand Care,,,,
"Goldwood Sound, Inc.",goldwood-sound-inc-,Electronics,Accessories & Supplies,Vehicle Electronics Accessories,,,,
Appolus,appolus,Beauty,Skin Care,Face,,,,
ROLSHOL,rolshol,Beauty,Hair Care,Hair Accessories,,,,
SynHHergyx,synhhergyx,Beauty,Hair Care,Hair Coloring Products,,,,
ROVXEMES,rovxemes,Electronics,Accessories & Supplies,Cell Phone Accessories,,,,
Wacom,wacom,Electronics,Accessories & Supplies,Computer Accessories,wacom.com,,,
Godrej Nupur Henna,godrej-nupur-henna,Beauty,Hair Care,Hair Coloring Products,,,,
SIE,sie,Electronics,Video Game Consoles & Accessories,PlayStation Vita,,,,
CABLEDECONN,cabledeconn,Electronics,Accessories & Supplies,Computer Accessories,,,,
CB12,cb12,Beauty,Oral Care,Breath Fresheners,,,,
Ajrwiiy,ajrwiiy,Beauty,Shave & Hair Removal,Men's,,,,
OZXNO,ozxno,Electronics,Accessories & Supplies,Audio & Video Accessories,,,,
POS Paper,pos-paper,Electronics,Accessories & Supplies,Computer Accessories,,,,
LURA,lura,Beauty,Hair Care,Styling Tools & Appliances,,,,
TINKSKY,tinksky,Beauty,Shave & Hair Removal,Men's,,,,
ZORKI-4,zorki-4,Electronics,Camera & Photo,Film Photography,,,,
MAGNIFYING AIDS,magnifying-aids,Beauty,Shave & Hair Removal,Women's,,,,
Joeyset,joeyset,Beauty,Personal Care,Bath & Bathing Accessories,,,,
HENNA COSMETICS CYPRI,henna-cosmetics-cypri,Beauty,Hair Care,Hair Coloring Products,,,,
DAOKAI,daokai,Electronics,Accessories & Supplies,Microphones,,,,
Holyenten,holyenten,Beauty,"Foot, Hand & Nail Care",Foot & Hand Care,,,,
ESUOHYM,esuohym,Beauty,"Foot, Hand & Nail Care",Nail Art & Polish,,,,
DERMAdoctor,dermadoctor,Beauty,Skin Care,Face,,,,
JIAXUE,jiaxue,Electronics,Accessories & Supplies,Computer Accessories,,,,
lyvantha,lyvantha,Beauty,"Foot, Hand & Nail Care",Foot & Hand Care,,,,
Digoloan,digoloan,Electronics,Accessories & Supplies,Cables,,,,
pinkpapaya,pinkpapaya,Beauty,Shave & Hair Removal,Women's,,,,
PARWART,parwart,Beauty,Hair Care,Hair Coloring Products,,,,
Aileam,aileam,Beauty,Personal Care,Bath & Bathing Accessories,,,,
RUITROLIKER,ruitroliker,Electronics,Accessories & Supplies,Cables,,,,
Just Us,just-us,Beauty,Skin Care,Face,,,,
ARAMIS,aramis,Beauty,Fragrance,Men's,,,,
Dr. Emma,dr-emma,Beauty,Oral Care,Dental Floss & Picks,,,,
USRobotics,usrobotics,Electronics,Computers & Accessories,Computer Components,,,,
Cbiumpro,cbiumpro,Beauty,"Foot, Hand & Nail Care",Tools & Accessories,,,,
SONDPEX,sondpex,Electronics,Car & Vehicle Electronics,Car Electronics,,,,
qiqibaobao,qiqibaobao,Beauty,"Foot, Hand & Nail Care",Nail Art & Polish,,,,
Peixiong,peixiong,Electronics,Accessories & Supplies,"Batteries, Chargers & Accessories",,,,
MillSO,millso,Electronics,Accessories & Supplies,Microphones,,,,
Litlcutie,litlcutie,Beauty,Oral Care,Teeth Grinding Guards,,,,
Labriciyon,labriciyon,Beauty,Personal Care,Piercing & Tattoo Supplies,,,,
VIKICON,vikicon,Beauty,Shave & Hair Removal,Women's,,,,
Uiosmuph,uiosmuph,Electronics,Accessories & Supplies,Computer Accessories,,,,
skourvut,skourvut,Beauty,Hair Care,Styling Tools & Appliances,,,,
Hemudu,hemudu,Electronics,Accessories & Supplies,Audio & Video Accessories,,,,
TAG Body Art,tag-body-art,Beauty,Makeup,Body,,,,
DreamGenius,dreamgenius,Beauty,Shave & Hair Removal,Women's,,,,
Vivo Per Lei,vivo-per-lei,Beauty,Skin Care,Face,,,,
ALLIFE,allife,Electronics,Computers & Accessories,Tablet Accessories,,,,
PHSUREO,phsureo,Electronics,Accessories & Supplies,Camera & Photo Accessories,,,,
512 Audio,512-audio,Electronics,Accessories & Supplies,Microphones,,,,
Death Grip,death-grip,Beauty,Shave & Hair Removal,Men's,,,,
Hylunia,hylunia,Beauty,Skin Care,Face,,,,
Tarswesi,tarswesi,Electronics,Portable Audio & Video,MP3 & MP4 Players,,,,
Green Esthetics,green-esthetics,Beauty,Oral Care,Sensitivity Treatments,,,,
TUOLNK,tuolnk,Electronics,Accessories & Supplies,Cables,,,,
Xmenha,xmenha,Electronics,Accessories & Supplies,Cell Phone Accessories,,,,
CALM LIFE,calm-life,Beauty,Skin Care,Face,,,,
aboutface,aboutface,Beauty,Makeup,Lips,,,,
un known,un-known,Electronics,Accessories & Supplies,Audio & Video Accessories,,,,
Poppy & Pout,poppy-pout,Beauty,Skin Care,Lip Care,,,,
YUFFUN,yuffun,Electronics,Portable Audio & Video,Radios,,,,
dpHUE,dphue,Beauty,Hair Care,Hair Coloring Products,,,,
Olaemuo,olaemuo,Beauty,Hair Care,Hair Loss Products,,,,
Veet,veet,Beauty,Shave & Hair Removal,Women's,,,,
NORTHERN CROWN COSMETICS,northern-crown-cosmetics,Beauty,Shave & Hair Removal,Men's,,,,
Qivorimith,qivorimith,Beauty,"Foot, Hand & Nail Care",Nail Art & Polish,,,,
EYEYE,eyeye,Electronics,Accessories & Supplies,Computer Accessories,,,,
ORALEXIS,oralexis,Beauty,Oral Care,Toothbrushes & Accessories,,,,
FHIEORY,fhieory,Electronics,Accessories & Supplies,Computer Accessories,,,,
HOTWEEMS,hotweems,Electronics,Accessories & Supplies,Computer Accessories,,,,
VAUBORTTI,vaubortti,Electronics,Accessories & Supplies,Vehicle Electronics Accessories,,,,
RZJSKJZM,rzjskjzm,Electronics,Camera & Photo,Binoculars & Scopes,,,,
SOPROM,soprom,Electronics,Accessories & Supplies,Audio & Video Accessories,,,,
Casemetro,casemetro,Electronics,Accessories & Supplies,Cell Phone Accessories,,,,
YUTIANHOME,yutianhome,Electronics,Accessories & Supplies,Cables,,,,
YARELI,yareli,Beauty,Personal Care,Bath & Bathing Accessories,,,,
Clubman,clubman,Beauty,Shave & Hair Removal,Men's,,,,
Divine Derriere,divine-derriere,Beauty,Skin Care,Face,,,,
TKYZMS,tkyzms,Beauty,Makeup,Makeup Palettes,,,,
GOYOJO,goyojo,Electronics,Camera & Photo,Binoculars & Scopes,,,,
JimKing,jimking,Beauty,Personal Care,Piercing & Tattoo Supplies,,,,
Seapuri,seapuri,Beauty,Hair Care,Hair Loss Products,,,,
Lykjdnz,lykjdnz,Beauty,"Foot, Hand & Nail Care",Nail Art & Polish,,,,
DAILY REMEDY,daily-remedy,Beauty,"Foot, Hand & Nail Care",Foot & Hand Care,,,,
Waffletechnology,waffletechnology,Electronics,Accessories & Supplies,Computer Accessories,,,,
Snyeest,snyeest,Electronics,Wearable Technology,Accessories,,,,
EURONEXT,euronext,Beauty,Hair Care,"Extensions, Wigs & Accessories",,,,
Bwxsyws,bwxsyws,Electronics,Accessories & Supplies,Television Accessories,,,,
Isobel,isobel,Electronics,Portable Audio & Video,MP3 & MP4 Player Accessories,,,,
Aoyvsktv,aoyvsktv,Electronics,Accessories & Supplies,Television Accessories,,,,
Pixelman,pixelman,Electronics,Accessories & Supplies,Cables,,,,
natrlteeth,natrlteeth,Beauty,Oral Care,Teeth Grinding Guards,,,,
WELLMAKING,wellmaking,Electronics,Accessories & Supplies,Camera & Photo Accessories,,,,
SCOVEE,scovee,Electronics,Accessories & Supplies,Cables,,,,
ANNKE,annke,Electronics,Accessories & Supplies,Computer Accessories,,,,
CSTESVN,cstesvn,Electronics,Video Game Consoles & Accessories,Nintendo DS,,,,
Bic Razors,bic-razors,Beauty,Shave & Hair Removal,Women's,,,,
WESAPPINC,wesappinc,Electronics,Accessories & Supplies,Computer Accessories,,,,
MAYWILLA,maywilla,Electronics,Accessories & Supplies,Computer Accessories,,,,
AZZSY,azzsy,Electronics,Computers & Accessories,Tablet Accessories,,,,
Fasmov,fasmov,Electronics,Accessories & Supplies,Audio & Video Accessories,,,,
LION BEAM,lion-beam,Electronics,Accessories & Supplies,Computer Accessories,,,,
Wasabi Power,wasabi-power,Electronics,Accessories & Supplies,Camera & Photo Accessories,,,,
Granicell,granicell,Electronics,Accessories & Supplies,"Batteries, Chargers & Accessories",,,,
Annika Maya Cosmetics,annika-maya-cosmetics,Beauty,Makeup,Body,,,,
MIZON,mizon,Beauty,Skin Care,Eyes,,,,
Doreme,doreme,Beauty,Hair Care,Hair Coloring Products,,,,
SK-II,sk-ii,Beauty,Skin Care,Face,sk-ii.com,,,1
FKGZJF,fkgzjf,Electronics,Wearable Technology,Rings,,,,
Ouluoa,ouluoa,Electronics,Accessories & Supplies,Television Accessories,,,,
BALON,balon,Beauty,Hair Care,Styling Tools & Appliances,,,,
Oozmas,oozmas,Electronics,Accessories & Supplies,Office Electronics Accessories,,,,
MthsTec,mthstec,Electronics,Accessories & Supplies,Computer Accessories,,,,
Flsazrx,flsazrx,Electronics,Computers & Accessories,Computer Components,,,,
CRAFTS AND THE CITY,crafts-and-the-city,Beauty,"Foot, Hand & Nail Care",Foot & Hand Care,,,,
OPLCFO,oplcfo,Beauty,Hair Care,"Extensions, Wigs & Accessories",,,,
Tombow,tombow,Electronics,Accessories & Supplies,Office Electronics Accessories,,,,
Blue Nectar,blue-nectar,Beauty,Skin Care,Face,bluenectar.co.in,,,1
ANDREW LESSMAN,andrew-lessman,Beauty,Skin Care,Face,,,,
NWXVDS,nwxvds,Electronics,Computers & Accessories,Computer Components,,,,
EZGO,ezgo,Beauty,Oral Care,Sensitivity Treatments,,,,
Daarcin,daarcin,Electronics,Accessories & Supplies,Computer Accessories,,,,
LuxDR,luxdr,Beauty,Fragrance,Women's,,,,
VG VOGCREST,vg-vogcrest,Beauty,Shave & Hair Removal,Men's,,,,
HOOJIH,hoojih,Beauty,Hair Care,"Extensions, Wigs & Accessories",,,,
Rayovac,rayovac,Electronics,Accessories & Supplies,"Batteries, Chargers & Accessories",,,,
Powerdisk,powerdisk,Electronics,Accessories & Supplies,Computer Accessories,,,,
FineLife,finelife,Electronics,Camera & Photo,Binoculars & Scopes,,,,
Curtis,curtis,Electronics,Portable Audio & Video,Boomboxes,,,,
Wenobby,wenobby,Beauty,Hair Care,Hair Accessories,,,,
SEIHAI,seihai,Beauty,Shave & Hair Removal,Women's,,,,
Yokilly,yokilly,Beauty,"Foot, Hand & Nail Care",Nail Art & Polish,,,,
BENTLEY,bentley,Beauty,Fragrance,Men's,,,,
Jeirdus,jeirdus,Electronics,Accessories & Supplies,Cables,,,,
Jim&Gloria,jim-gloria,Beauty,Hair Care,Hair Coloring Products,,,,
Tweruna,tweruna,Beauty,Hair Care,Hair Coloring Products,,,,
Coolerage,coolerage,Electronics,Computers & Accessories,Computer Components,,,,
exgoofit,exgoofit,Electronics,Accessories & Supplies,Audio & Video Accessories,,,,
Fuyunohi,fuyunohi,Electronics,Accessories & Supplies,Camera & Photo Accessories,,,,
ChargerCity,chargercity,Electronics,Accessories & Supplies,Vehicle Electronics Accessories,,,,
VOFONO,vofono,Electronics,Accessories & Supplies,Vehicle Electronics Accessories,,,,
Harhana,harhana,Electronics,Accessories & Supplies,Computer Accessories,,,,
QLQXQTy,qlqxqty,Electronics,Accessories & Supplies,Camera & Photo Accessories,,,,
Rx Systems,rx-systems,Beauty,Hair Care,Hair Loss Products,,,,
SSE,sse,Electronics,Accessories & Supplies,Camera & Photo Accessories,,,,
Dark and Lovely,dark-and-lovely,Beauty,Hair Care,"Hair Perms, Relaxers & Texturizers",,,,
HappClan,happclan,Beauty,Hair Care,"Extensions, Wigs & Accessories",,,,
DUCOO,ducoo,Beauty,"Foot, Hand & Nail Care",Tools & Accessories,,,,
WINKAURA,winkaura,Electronics,Accessories & Supplies,Cell Phone Accessories,,,,
YUXIMAOYI,yuximaoyi,Electronics,Wearable Technology,Accessories,,,,
2FY2SW,2fy2sw,Electronics,Accessories & Supplies,Television Accessories,,,,
Tile,tile,Electronics,"GPS, Finders & Accessories",Item Finders,,,,
Dualeco,dualeco,Beauty,"Foot, Hand & Nail Care",Tools & Accessories,,,,
HZMM,hzmm,Beauty,"Foot, Hand & Nail Care",Tools & Accessories,,,,
SKERTS,skerts,Beauty,Hair Care,Hair Cutting Tools,,,,
AIRAO,airao,Beauty,Hair Care,"Extensions, Wigs & Accessories",,,,
Tontxxe,tontxxe,Electronics,Accessories & Supplies,Computer Accessories,,,,
Bump Patrol,bump-patrol,Beauty,Shave & Hair Removal,Men's,,,,
AMilHiTon,amilhiton,Beauty,"Foot, Hand & Nail Care",Nail Art & Polish,,,,
ForBaysy,forbaysy,Electronics,Accessories & Supplies,Camera & Photo Accessories,,,,
RemeVerse,remeverse,Beauty,Hair Care,Hair Loss Products,,,,
NAZANO,nazano,Beauty,Skin Care,Eyes,,,,
TriverseTech,triversetech,Electronics,Video Game Consoles & Accessories,PlayStation Vita,,,,
WONNIE,wonnie,Electronics,Car & Vehicle Electronics,Car Electronics,,,,
JawGrew,jawgrew,Electronics,Accessories & Supplies,Vehicle Electronics Accessories,,,,
QIANRENON,qianrenon,Electronics,Computers & Accessories,Computer Components,,,,
Gsteng,gsteng,Beauty,Fragrance,Men's,,,,
Marshall,marshall,Electronics,Accessories & Supplies,Cell Phone Accessories,marshall.com,,,1
Schick Hydro Silk,schick-hydro-silk,Beauty,Shave & Hair Removal,Women's,,,,
KEXIN,kexin,Electronics,Accessories & Supplies,Camera & Photo Accessories,,,,
GNDROO,gndroo,Beauty,Shave & Hair Removal,Women's,,,,
nu-pore,nu-pore,Beauty,"Foot, Hand & Nail Care",Foot & Hand Care,,,,
Lovely Beauty Supplies,lovely-beauty-supplies,Beauty,Hair Care,Hair Cutting Tools,,,,
LOXP,loxp,Electronics,Computers & Accessories,Laptop Accessories,,,,
Koss,koss,Electronics,Accessories & Supplies,Cell Phone Accessories,koss.com,,,1
MOORDIEL,moordiel,Electronics,Accessories & Supplies,Camera & Photo Accessories,,,,
Ortofon,ortofon,Electronics,Accessories & Supplies,Audio & Video Accessories,ortofon.com,,,
VinylBDS,vinylbds,Electronics,Accessories & Supplies,Camera & Photo Accessories,,,,
Crabtree & Evelyn,crabtree-evelyn,Beauty,"Foot, Hand & Nail Care",Foot & Hand Care,,,,
CPM Delta 1,cpm-delta-1,Electronics,Accessories & Supplies,Camera & Photo Accessories,,,,
ZENIFAN,zenifan,Electronics,Computers & Accessories,Computer Components,,,,
Audiosavings,audiosavings,Electronics,Accessories & Supplies,Audio & Video Accessories,,,,
UKYEE,ukyee,Electronics,Accessories & Supplies,Cables,,,,
Qusmeiyici,qusmeiyici,Beauty,Makeup,Eyes,,,,
CYKLAR,cyklar,Beauty,Skin Care,Body,,,,
FORTINET,fortinet,Electronics,Computers & Accessories,Warranties & Services,,,,
Audiovox,audiovox,Electronics,Accessories & Supplies,Telephone Accessories,audiovox.com,,,
JOJOCOSMO,jojocosmo,Beauty,Shave & Hair Removal,Men's,,,,
Aquasentials,aquasentials,Beauty,Personal Care,Bath & Bathing Accessories,,,,
Microderm GLO,microderm-glo,Beauty,Skin Care,Face,,,,
Ubluker,ubluker,Electronics,Accessories & Supplies,Cables,,,,
Restmo,restmo,Electronics,Accessories & Supplies,Power Protection,,,,
91STICKYHAND,91stickyhand,Beauty,Makeup,Body,,,,
KRADAA,kradaa,Beauty,Shave & Hair Removal,Women's,,,,
Paraffin Wax Works,paraffin-wax-works,Beauty,"Foot, Hand & Nail Care",Foot & Hand Care,,,,
KIMOBER,kimober,Beauty,"Foot, Hand & Nail Care",Nail Art & Polish,,,,
LUMORIA,lumoria,Beauty,Hair Care,"Extensions, Wigs & Accessories",,,,
GISELA D,gisela-d,Electronics,Accessories & Supplies,Camera & Photo Accessories,,,,
QAJOPFN,qajopfn,Electronics,Computers & Accessories,Computer Components,,,,
FAELBATY,faelbaty,Beauty,Hair Care,Hair Accessories,,,,
Go Mouthwash,go-mouthwash,Beauty,Oral Care,Breath Fresheners,,,,
SUPERVR,supervr,Electronics,Wearable Technology,Accessories,,,,
Rebox,rebox,Electronics,Accessories & Supplies,Computer Accessories,,,,
Ruirgo,ruirgo,Beauty,Shave & Hair Removal,Women's,,,,
Lativu,lativu,Electronics,Accessories & Supplies,Telephone Accessories,,,,
FOURGUN,fourgun,Electronics,Accessories & Supplies,Cord Management,,,,
Tipsketch,tipsketch,Beauty,"Foot, Hand & Nail Care",Nail Art & Polish,,,,
OUCENY,ouceny,Beauty,Skin Care,Eyes,,,,
Neateeth,neateeth,Beauty,Oral Care,Teeth Grinding Guards,,,,
Gaocthiy,gaocthiy,Beauty,Shave & Hair Removal,Men's,,,,
Gogogo Sport Vpro,gogogo-sport-vpro,Electronics,Camera & Photo,Binoculars & Scopes,,,,
Naponal,naponal,Electronics,Accessories & Supplies,Vehicle Electronics Accessories,,,,
RIYADAone,riyadaone,Electronics,Accessories & Supplies,Computer Accessories,,,,
HUOOQT,huooqt,Electronics,Computers & Accessories,Warranties & Services,,,,
RamboCables,rambocables,Electronics,Accessories & Supplies,Cables,,,,
Alexjuxin,alexjuxin,Beauty,"Foot, Hand & Nail Care",Tools & Accessories,,,,
ALOCKMA,alockma,Beauty,"Foot, Hand & Nail Care",Tools & Accessories,,,,
Victrola,victrola,Electronics,Home Audio,Turntables & Accessories,,,,
SoulBay,soulbay,Electronics,Accessories & Supplies,"Batteries, Chargers & Accessories",,,,
MAEATHOO,maeathoo,Beauty,Shave & Hair Removal,Men's,,,,
COYAHO,coyaho,Beauty,"Foot, Hand & Nail Care",Foot & Hand Care,,,,
MILEBROWN PERFECT PLUS,milebrown-perfect-plus,Beauty,Hair Care,Hair Coloring Products,,,,
Cotchear,cotchear,Electronics,Accessories & Supplies,"Batteries, Chargers & Accessories",,,,
RAM MOUNTS,ram-mounts,Electronics,Computers & Accessories,Laptop Accessories,,,,
IYARKAI,iyarkai,Beauty,Shave & Hair Removal,Women's,,,,
Sanlaki,sanlaki,Electronics,Wearable Technology,Accessories,,,,
Moursope,moursope,Electronics,Accessories & Supplies,Cell Phone Accessories,,,,
Plum,plum,Electronics,Cell Phones & Accessories,Carrier Cell Phones,,,,
SISQUOC HEALTHCARE,sisquoc-healthcare,Beauty,"Foot, Hand & Nail Care",Nail Care,,,,
Fcozpjk,fcozpjk,Beauty,"Foot, Hand & Nail Care",Nail Art & Polish,,,,
XUKEKOY,xukekoy,Electronics,Video Game Consoles & Accessories,Xbox 360,,,,
Spectrum Optical Instruments,spectrum-optical-instruments,Electronics,Camera & Photo,Binoculars & Scopes,,,,
Cuxnoo,cuxnoo,Electronics,Accessories & Supplies,Cables,,,,
Wiaocit,wiaocit,Electronics,Accessories & Supplies,Cell Phone Accessories,,,,
Octuitey,octuitey,Beauty,Oral Care,Denture Care,,,,
BCXY,bcxy,Electronics,Portable Audio & Video,MP3 & MP4 Player Accessories,,,,
videodisc,videodisc,Electronics,Accessories & Supplies,Computer Accessories,,,,
JoycePure,joycepure,Electronics,Accessories & Supplies,Vehicle Electronics Accessories,,,,
Leominor,leominor,Beauty,Oral Care,Dental Floss & Picks,,,,
Hotiary,hotiary,Beauty,Hair Care,Hair Loss Products,,,,
LOOPACELL,loopacell,Electronics,Accessories & Supplies,"Batteries, Chargers & Accessories",,,,
Green Hills,green-hills,Electronics,Television & Video,Analog-to-Digital (DTV) Converters,,,,
MHU,mhu,Beauty,Hair Care,Styling Tools & Appliances,,,,
Orbram,orbram,Electronics,Accessories & Supplies,Computer Accessories,,,,
Meirrnyyu,meirrnyyu,Beauty,Personal Care,Bath & Bathing Accessories,,,,
WQDMKE,wqdmke,Electronics,Accessories & Supplies,Camera & Photo Accessories,,,,
KXICYUR,kxicyur,Beauty,Shave & Hair Removal,Women's,,,,
Burbifro,burbifro,Electronics,Accessories & Supplies,Television Accessories,,,,
Fucozan,fucozan,Electronics,Cell Phones & Accessories,"Cases, Holsters & Clips",,,,
HMNYSOL,hmnysol,Beauty,"Foot, Hand & Nail Care",Foot & Hand Care,,,,
Crimson Trace,crimson-trace,Electronics,Camera & Photo,Binoculars & Scopes,,,,
KINGLEON MEN'S GROOMING,kingleon-men-s-grooming,Beauty,Shave & Hair Removal,Men's,,,,
PLZRMBME,plzrmbme,Electronics,Accessories & Supplies,Camera & Photo Accessories,,,,
Lehwey,lehwey,Electronics,Portable Audio & Video,Portable CD Players,,,,
Pro Shave,pro-shave,Beauty,Shave & Hair Removal,Men's,,,,
MiiKARE,miikare,Electronics,Accessories & Supplies,Cell Phone Accessories,,,,
Liphisy,liphisy,Electronics,Accessories & Supplies,Camera & Photo Accessories,,,,
INTERNATIONAL NAIL MANUFACTURERS,international-nail-manufacturers,Beauty,"Foot, Hand & Nail Care",Nail Art & Polish,,,,
ULTECHNOVO,ultechnovo,Electronics,Accessories & Supplies,Camera & Photo Accessories,,,,
vhbw,vhbw,Electronics,Accessories & Supplies,Cell Phone Accessories,,,,
Kit,kit,Electronics,Portable Audio & Video,MP3 & MP4 Player Accessories,,,,
AMAZEAR,amazear,Electronics,Camera & Photo,Video,,,,
Super Salve,super-salve,Beauty,Personal Care,Piercing & Tattoo Supplies,,,,
SOBE TAN,sobe-tan,Beauty,Skin Care,Body,,,,
Usiriy,usiriy,Beauty,Personal Care,Piercing & Tattoo Supplies,,,,
EVAOUXIU,evaouxiu,Beauty,Makeup,Face,,,,
D-Link,d-link,Electronics,Computers & Accessories,Networking Products,dlink.com,,,
Dxliwky,dxliwky,Beauty,Hair Care,Styling Tools & Appliances,,,,
Xinfox,xinfox,Beauty,Shave & Hair Removal,Women's,,,,
SSK,ssk,Electronics,Accessories & Supplies,Computer Accessories,,,,
YUKSY,yuksy,Electronics,Accessories & Supplies,Vehicle Electronics Accessories,,,,
Aromasong,aromasong,Beauty,Skin Care,Body,,,,
LIGHTSPEED,lightspeed,Electronics,Car & Vehicle Electronics,Aviation Electronics,,,,
MIZHSE,mizhse,Beauty,"Foot, Hand & Nail Care",Nail Art & Polish,,,,
TangoSun,tangosun,Electronics,Accessories & Supplies,Cell Phone Accessories,,,,
Honeycomb Wax Company,honeycomb-wax-company,Beauty,Shave & Hair Removal,Women's,,,,
SKROSS,skross,Electronics,Portable Audio & Video,MP3 & MP4 Player Accessories,,,,
Clicktronic,clicktronic,Electronics,Accessories & Supplies,Cables,,,,
TurboIon,turboion,Beauty,Hair Care,Styling Tools & Appliances,,,,
Aeaocvo,aeaocvo,Beauty,Makeup,Lips,,,,
VANJETO,vanjeto,Beauty,"Foot, Hand & Nail Care",Nail Art & Polish,,,,
soieho,soieho,Beauty,Hair Care,Hair Cutting Tools,,,,
W IN-MIX,w-in-mix,Electronics,Accessories & Supplies,Microphones,,,,
GSHLLO,gshllo,Beauty,Hair Care,Hair Coloring Products,,,,
ZPCO,zpco,Beauty,Skin Care,Face,,,,
Rain,rain,Beauty,Skin Care,Eyes,,,,
TLS.eagle,tls-eagle,Electronics,Accessories & Supplies,Television Accessories,,,,
Chuya,chuya,Beauty,Personal Care,Bath & Bathing Accessories,,,,
LAWINK,lawink,Beauty,Shave & Hair Removal,Women's,,,,
JOMISE,jomise,Electronics,Car & Vehicle Electronics,Car Electronics,,,,
Ilford,ilford,Electronics,Accessories & Supplies,Camera & Photo Accessories,,,,
Allure,allure,Beauty,Shave & Hair Removal,Women's,,,,
IODENT,iodent,Beauty,Oral Care,Oral Pain Relief,,,,
Get Back Gorgeous,get-back-gorgeous,Beauty,Hair Care,Hair Loss Products,,,,
FUIJOL,fuijol,Electronics,Accessories & Supplies,Camera & Photo Accessories,,,,
NinjajoyOX,ninjajoyox,Electronics,Accessories & Supplies,Computer Accessories,,,,
Foot Miracle,foot-miracle,Beauty,"Foot, Hand & Nail Care",Foot & Hand Care,,,,
TANGLE TEEZER,tangle-teezer,Beauty,Hair Care,Styling Tools & Appliances,,,,
Haokry,haokry,Beauty,Hair Care,Hair Cutting Tools,,,,
YOTENKO,yotenko,Electronics,Accessories & Supplies,Cables,,,,
dralud,dralud,Electronics,Accessories & Supplies,Vehicle Electronics Accessories,,,,
EXTALOW,extalow,Beauty,Skin Care,Body,,,,
DFBCCZB,dfbcczb,Beauty,Oral Care,Toothbrushes & Accessories,,,,
BGGJJ,bggjj,Beauty,Skin Care,Face,,,,
JOLVKA,jolvka,Beauty,Skin Care,Face,,,,
KTRIO,ktrio,Electronics,Accessories & Supplies,Computer Accessories,,,,
ISO Beauty,iso-beauty,Beauty,Hair Care,Styling Tools & Appliances,,,,
Ridata,ridata,Electronics,Accessories & Supplies,Computer Accessories,,,,
Allary,allary,Beauty,Shave & Hair Removal,Men's,,,,
Cywhrvzsf,cywhrvzsf,Electronics,Home Audio,Home Theater,,,,
Gear Keeper,gear-keeper,Electronics,Accessories & Supplies,Microphones,,,,
HealthyDerm,healthyderm,Beauty,Skin Care,Eyes,,,,
CORATED,corated,Beauty,Skin Care,Body,,,,
Bruder,bruder,Beauty,Skin Care,Face,,,,
TATUWST,tatuwst,Beauty,Makeup,Body,,,,
Jenmex,jenmex,Beauty,Hair Care,Hair Accessories,,,,
AMOBON,amobon,Beauty,"Foot, Hand & Nail Care",Tools & Accessories,,,,
HOOMBOOM,hoomboom,Beauty,"Foot, Hand & Nail Care",Tools & Accessories,,,,
Hyde,hyde,Beauty,"Foot, Hand & Nail Care",Nail Care,,,,
RangWood,rangwood,Electronics,Accessories & Supplies,Cell Phone Accessories,,,,
Aeykoasi,aeykoasi,Beauty,Makeup,Eyes,,,,
Seapeoa,seapeoa,Beauty,Oral Care,Toothbrushes & Accessories,,,,
GOOHOCHY,goohochy,Electronics,Accessories & Supplies,Microphones,,,,
havit,havit,Electronics,Accessories & Supplies,Computer Accessories,,,,
Vanki,vanki,Beauty,Shave & Hair Removal,Men's,,,,
Beinilai,beinilai,Beauty,"Foot, Hand & Nail Care",Tools & Accessories,,,,
GANGZHIBAO,gangzhibao,Electronics,Accessories & Supplies,Computer Accessories,,,,
STSEETOP,stseetop,Electronics,Accessories & Supplies,Camera & Photo Accessories,,,,
hungkaturn,hungkaturn,Beauty,Personal Care,Bath & Bathing Accessories,,,,
Instituto Español,instituto-espa-ol,Beauty,Skin Care,Body,,,,
Xjahwr,xjahwr,Electronics,Accessories & Supplies,Cell Phone Accessories,,,,
HERITAGE STORE,heritage-store,Beauty,Skin Care,Face,,,,
GALAGLIMMER,galaglimmer,Beauty,Hair Care,Hair Accessories,,,,
ZC GEL,zc-gel,Electronics,Accessories & Supplies,Vehicle Electronics Accessories,,,,
musejoy,musejoy,Beauty,Makeup,Makeup Sets,,,,
PJ Masks,pj-masks,Beauty,Personal Care,Bath & Bathing Accessories,,,,
Intenze,intenze,Beauty,Personal Care,Piercing & Tattoo Supplies,,,,
テザエッグ,-,Electronics,Video Game Consoles & Accessories,Sony PSP,,,,
NEC,nec,Electronics,Accessories & Supplies,Computer Accessories,,,,
MILANO COLLECTION,milano-collection,Beauty,Hair Care,Styling Tools & Appliances,,,,
Snmzlc,snmzlc,Beauty,"Foot, Hand & Nail Care",Nail Art & Polish,,,,
GOMYTH,gomyth,Beauty,Hair Care,Styling Tools & Appliances,,,,
Fruit of the Earth,fruit-of-the-earth,Beauty,Skin Care,Sunscreens & Tanning Products,,,,
Fouews,fouews,Beauty,Personal Care,Bath & Bathing Accessories,,,,
ESENHARBER,esenharber,Beauty,Oral Care,Teeth Grinding Guards,,,,
CNKNO,cnkno,Electronics,Accessories & Supplies,Vehicle Electronics Accessories,,,,
CITYGOO,citygoo,Beauty,Skin Care,Eyes,,,,
Perfect Image,perfect-image,Beauty,Skin Care,Face,,,,
True Botanicals,true-botanicals,Beauty,Skin Care,Face,,,,
Sumind,sumind,Electronics,Video Game Consoles & Accessories,Xbox 360,,,,
KINGLAKE,kinglake,Beauty,Personal Care,Bath & Bathing Accessories,,,,
JW Shears,jw-shears,Beauty,Hair Care,Hair Cutting Tools,,,,
AIMENGXI,aimengxi,Beauty,Skin Care,Face,,,,
Vthahaby,vthahaby,Electronics,Accessories & Supplies,Telephone Accessories,,,,
· TS SHAMPOO · TS SHAMPOO TS T,-ts-shampoo-ts-shampoo-ts-t,Beauty,Hair Care,Hair Loss Products,,,,
Wiresmith,wiresmith,Electronics,Video Game Consoles & Accessories,Nintendo DS,,,,
NADiminish,nadiminish,Beauty,"Foot, Hand & Nail Care",Nail Care,,,,
BVLGARI,bvlgari,Beauty,Fragrance,Men's,,,,
Magnum Solace,magnum-solace,Beauty,Personal Care,Bath & Bathing Accessories,,,,
YEXEXINM,yexexinm,Electronics,Accessories & Supplies,Audio & Video Accessories,,,,
Frovetani,frovetani,Beauty,"Foot, Hand & Nail Care",Nail Care,,,,
Motorola Sound,motorola-sound,Electronics,Accessories & Supplies,Vehicle Electronics Accessories,,,,
Anself,anself,Beauty,Shave & Hair Removal,Men's,,,,
T.N. Dickinson's,t-n-dickinson-s,Beauty,Skin Care,Face,,,,
Mia,mia,Beauty,"Foot, Hand & Nail Care",Nail Art & Polish,,,,
ACASIS,acasis,Electronics,Accessories & Supplies,Computer Accessories,,,,
Urknall,urknall,Beauty,Personal Care,Piercing & Tattoo Supplies,,,,
PATRICK TA,patrick-ta,Beauty,Makeup,Lips,,,,
Color Street,color-street,Beauty,"Foot, Hand & Nail Care",Nail Art & Polish,,,,
Vsagier,vsagier,Electronics,Cell Phones & Accessories,"Cases, Holsters & Clips",,,,
RIJATRAGAR,rijatragar,Beauty,Hair Care,Styling Tools & Appliances,,,,
Relax and Wax,relax-and-wax,Beauty,Shave & Hair Removal,Women's,,,,
InStyler,instyler,Beauty,Hair Care,Styling Tools & Appliances,,,,
Inova Professional,inova-professional,Beauty,Hair Care,Hair Loss Products,,,,
Liccx,liccx,Electronics,Accessories & Supplies,Camera & Photo Accessories,,,,
Bstenky,bstenky,Electronics,Accessories & Supplies,Vehicle Electronics Accessories,,,,
KONNAO,konnao,Electronics,Accessories & Supplies,Cell Phone Accessories,,,,
bebe,bebe,Beauty,Skin Care,Body,,,,
C&E,c-e,Electronics,Accessories & Supplies,Computer Accessories,,,,
ASTRA OPTIX,astra-optix,Electronics,Camera & Photo,Binoculars & Scopes,,,,
LEAFE,leafe,Electronics,Accessories & Supplies,Cell Phone Accessories,,,,
Hiseeu,hiseeu,Electronics,Camera & Photo,Video Surveillance,,,,
HESTYA,hestya,Beauty,Hair Care,Styling Tools & Appliances,,,,
GAQWOK,gaqwok,Beauty,Hair Care,Hair Accessories,,,,
C G CHANGEEK,c-g-changeek,Electronics,Accessories & Supplies,Computer Accessories,,,,
CfoPiryx,cfopiryx,Electronics,Camera & Photo,Video,,,,
Luntak,luntak,Electronics,Accessories & Supplies,Computer Accessories,,,,
AZMNDA,azmnda,Electronics,Accessories & Supplies,Computer Accessories,,,,
KINGMAS,kingmas,Electronics,Accessories & Supplies,Cell Phone Accessories,,,,
WENEWFINE,wenewfine,Beauty,"Foot, Hand & Nail Care",Nail Art & Polish,,,,
Yulejo,yulejo,Electronics,Accessories & Supplies,Vehicle Electronics Accessories,,,,
HEALLILY,heallily,Beauty,Personal Care,Piercing & Tattoo Supplies,,,,
BMR,bmr,Electronics,Accessories & Supplies,Vehicle Electronics Accessories,,,,
KCGANI,kcgani,Electronics,Accessories & Supplies,Camera & Photo Accessories,,,,
CANSHN,canshn,Electronics,Cell Phones & Accessories,"Cases, Holsters & Clips",,,,
PIPIGE,pipige,Beauty,Skin Care,Sunscreens & Tanning Products,,,,
Jremg,jremg,Beauty,"Foot, Hand & Nail Care",Nail Art & Polish,,,,
Msiud,msiud,Beauty,Shave & Hair Removal,Women's,,,,
Ultrahold,ultrahold,Beauty,Hair Care,"Extensions, Wigs & Accessories",,,,
Golden State Art,golden-state-art,Electronics,Accessories & Supplies,Camera & Photo Accessories,,,,
ZhangyiHot,zhangyihot,Beauty,"Foot, Hand & Nail Care",Nail Art & Polish,,,,
IRXSEE,irxsee,Electronics,Portable Audio & Video,Portable & Handheld TVs,,,,
Cheges,cheges,Electronics,Accessories & Supplies,Cables,,,,
Chom,chom,Beauty,Makeup,Lips,,,,
HeadBlade,headblade,Beauty,Shave & Hair Removal,Men's,,,,
Qinlorgo,qinlorgo,Electronics,Accessories & Supplies,Cell Phone Accessories,,,,
Tricomax,tricomax,Beauty,Hair Care,Hair Loss Products,,,,
Extravaganza Nails,extravaganza-nails,Beauty,"Foot, Hand & Nail Care",Nail Art & Polish,,,,
DIRECTV,directv,Electronics,Accessories & Supplies,Television Accessories,,,,
Fsmiling,fsmiling,Beauty,Hair Care,Hair Accessories,,,,
Ruahouine,ruahouine,Beauty,Skin Care,Lip Care,,,,
Silkland,silkland,Electronics,Accessories & Supplies,Computer Accessories,,,,
SuperMouth,supermouth,Beauty,Oral Care,Sensitivity Treatments,,,,
PURPLE GORILLA,purple-gorilla,Beauty,Shave & Hair Removal,Women's,,,,
JustGreatDealz,justgreatdealz,Electronics,Accessories & Supplies,Telephone Accessories,,,,
AxiyanX,axiyanx,Beauty,Oral Care,Dental Floss & Picks,,,,
DOYEEWO,doyeewo,Beauty,Skin Care,Sets & Kits,,,,
DanNuo,dannuo,Beauty,Shave & Hair Removal,Men's,,,,
VicRole,vicrole,Electronics,Wearable Technology,Accessories,,,,
Antimbee,antimbee,Electronics,Computers & Accessories,Warranties & Services,,,,
The Naked Bee,the-naked-bee,Beauty,"Foot, Hand & Nail Care",Foot & Hand Care,,,,
Bioplex,bioplex,Beauty,Hair Care,Shampoo & Conditioner,,,,
PEACECOLOR,peacecolor,Beauty,"Foot, Hand & Nail Care",Nail Care,,,,
CANNI,canni,Beauty,"Foot, Hand & Nail Care",Nail Art & Polish,,,,
Jake Defense,jake-defense,Electronics,Camera & Photo,Binoculars & Scopes,,,,
XtremPro,xtrempro,Electronics,Accessories & Supplies,Computer Accessories,,,,
LUORNG,luorng,Electronics,Accessories & Supplies,Microphones,,,,
RDFJ,rdfj,Electronics,Video Game Consoles & Accessories,PlayStation Vita,,,,
Oriflame,oriflame,Beauty,"Foot, Hand & Nail Care",Foot & Hand Care,,,,
YaCeSyn,yacesyn,Electronics,Accessories & Supplies,Television Accessories,,,,
goldwheat,goldwheat,Beauty,Hair Care,Hair Cutting Tools,,,,
Womnwomn,womnwomn,Electronics,Accessories & Supplies,Camera & Photo Accessories,,,,
Van Der Hagen,van-der-hagen,Beauty,Shave & Hair Removal,Men's,,,,
Foncomy,foncomy,Beauty,"Foot, Hand & Nail Care",Nail Care,,,,
Frgyee,frgyee,Electronics,Accessories & Supplies,Microphones,,,,
WELLBOB,wellbob,Electronics,Computers & Accessories,Laptop Accessories,,,,
Aoremon,aoremon,Beauty,Oral Care,Toothbrushes & Accessories,,,,
DNHCLL,dnhcll,Beauty,Hair Care,Styling Tools & Appliances,,,,
CURA32,cura32,Beauty,Oral Care,Toothbrushes & Accessories,,,,
Bymore,bymore,Beauty,Oral Care,Toothbrushes & Accessories,,,,
KELink,kelink,Electronics,Accessories & Supplies,Cables,,,,
TWINS PARFUM,twins-parfum,Beauty,Fragrance,Men's,,,,
Alo World,alo-world,Electronics,Accessories & Supplies,Telephone Accessories,,,,
Qdsuh,qdsuh,Beauty,"Foot, Hand & Nail Care",Nail Art & Polish,,,,
CRASHOT,crashot,Electronics,Accessories & Supplies,Cell Phone Accessories,,,,
Aquior,aquior,Beauty,Personal Care,Bath & Bathing Accessories,,,,
NTAWYT,ntawyt,Beauty,Hair Care,Hair Accessories,,,,
HTS,hts,Beauty,Hair Care,Hair Cutting Tools,,,,
Aulzaju,aulzaju,Electronics,Cell Phones & Accessories,"Cases, Holsters & Clips",,,,
Carroten,carroten,Beauty,Skin Care,Sunscreens & Tanning Products,,,,
elice,elice,Electronics,Accessories & Supplies,Camera & Photo Accessories,,,,
Dexe,dexe,Beauty,Hair Care,Hair Loss Products,,,,
You have diamonds in your pockets. Show the world!,you-have-diamonds-in-your-pockets-show-the-world-,Beauty,Shave & Hair Removal,Men's,,,,
YOUKOOL,youkool,Beauty,Skin Care,Lip Care,,,,
Aemus,aemus,Electronics,Accessories & Supplies,Cell Phone Accessories,,,,
AOMGD,aomgd,Beauty,Hair Care,Hair Cutting Tools,,,,
OXWINOU,oxwinou,Electronics,Accessories & Supplies,"Batteries, Chargers & Accessories",,,,
Tangle Angel,tangle-angel,Beauty,Hair Care,Styling Tools & Appliances,,,,
Southern Scan,southern-scan,Electronics,Accessories & Supplies,Camera & Photo Accessories,,,,
C-LUX,c-lux,Beauty,Makeup,Face,,,,
triangle,triangle,Electronics,Home Audio,Speakers,,,,
Maixbomr,maixbomr,Electronics,Accessories & Supplies,Computer Accessories,,,,
LOYATRO,loyatro,Beauty,Skin Care,Face,,,,
palmperfect,palmperfect,Beauty,Shave & Hair Removal,Women's,,,,
POANES,poanes,Electronics,Accessories & Supplies,Cell Phone Accessories,,,,
IZME,izme,Beauty,Makeup,Eyes,,,,
Tourmate,tourmate,Electronics,Accessories & Supplies,Cell Phone Accessories,,,,
HUANGENG,huangeng,Electronics,Computers & Accessories,Computer Components,,,,
Australian Botanical Soap,australian-botanical-soap,Beauty,Skin Care,Body,,,,
Living proof,living-proof,Beauty,Hair Care,Shampoo & Conditioner,livingproof.com,,,
Ceydoew,ceydoew,Electronics,Accessories & Supplies,Cord Management,,,,
Yves Saint Laurent,yves-saint-laurent,Beauty,Fragrance,Men's,,,,
Beizkna,beizkna,Electronics,Portable Audio & Video,Minidisc Players,,,,
Aora,aora,Beauty,"Foot, Hand & Nail Care",Nail Art & Polish,,,,
QUMOX,qumox,Electronics,Video Game Consoles & Accessories,Wii U,,,,
Womaness,womaness,Beauty,Skin Care,Face,,,,
XIAOKOA,xiaokoa,Electronics,Accessories & Supplies,Microphones,,,,
hellovetee,hellovetee,Electronics,Camera & Photo,Video,,,,
fantaseal,fantaseal,Electronics,Accessories & Supplies,Camera & Photo Accessories,,,,
V-8,v-8,Electronics,Accessories & Supplies,Audio & Video Accessories,,,,
Gemsanva,gemsanva,Beauty,"Foot, Hand & Nail Care",Nail Art & Polish,,,,
Starkik,starkik,Electronics,Accessories & Supplies,Cell Phone Accessories,,,,
Nurture by Nature Botanicals,nurture-by-nature-botanicals,Beauty,Skin Care,Body,,,,
VIVOCH,vivoch,Electronics,Accessories & Supplies,Cables,,,,
Snow Abonci,snow-abonci,Electronics,Wearable Technology,Accessories,,,,
Ialtsidws,ialtsidws,Electronics,Cell Phones & Accessories,"Cases, Holsters & Clips",,,,
Vetrarian,vetrarian,Beauty,Fragrance,Women's,,,,
Grandma Bea's,grandma-bea-s,Beauty,"Foot, Hand & Nail Care",Nail Care,,,,
sartyee,sartyee,Electronics,Accessories & Supplies,Computer Accessories,,,,
CNDNO,cndno,Beauty,Shave & Hair Removal,Men's,,,,
CIMELR,cimelr,Electronics,Camera & Photo,Underwater Photography,,,,
Malcolm's Miracle,malcolm-s-miracle,Beauty,"Foot, Hand & Nail Care",Foot & Hand Care,,,,
Golddachs,golddachs,Beauty,Shave & Hair Removal,Men's,,,,
Dr. Brandt Skincare,dr-brandt-skincare,Beauty,Skin Care,Face,,,,
Skin Nation,skin-nation,Beauty,Skin Care,Eyes,,,,
DD Audio,dd-audio,Electronics,Car & Vehicle Electronics,Car Electronics,ddaudio.com,,,
VELOZ,veloz,Beauty,Shave & Hair Removal,Women's,,,,
Makeblock,makeblock,Electronics,Accessories & Supplies,"Batteries, Chargers & Accessories",,,,
Dumjug,dumjug,Electronics,Camera & Photo,Binoculars & Scopes,,,,
Yebeauty,yebeauty,Beauty,Hair Care,Hair Coloring Products,,,,
Weiyirot,weiyirot,Electronics,Video Game Consoles & Accessories,Wii,,,,
konovo,konovo,Beauty,"Foot, Hand & Nail Care",Tools & Accessories,,,,
MEKK,mekk,Beauty,"Foot, Hand & Nail Care",Nail Art & Polish,,,,
elkson,elkson,Electronics,Wearable Technology,Accessories,,,,
LUOERPI,luoerpi,Electronics,Accessories & Supplies,Computer Accessories,,,,
EYAYEN,eyayen,Electronics,Accessories & Supplies,Cord Management,,,,
Roslim,roslim,Beauty,Personal Care,Bath & Bathing Accessories,,,,
AIMIKE,aimike,Beauty,Hair Care,Hair Accessories,,,,
OPTURA HD,optura-hd,Electronics,Accessories & Supplies,Camera & Photo Accessories,,,,
EASDMN,easdmn,Electronics,Computers & Accessories,Tablet Accessories,,,,
Label KINGDOM,label-kingdom,Electronics,Accessories & Supplies,Office Electronics Accessories,,,,
PlusAcc,plusacc,Electronics,Accessories & Supplies,Mounts,,,,
Jachee,jachee,Electronics,Accessories & Supplies,Television Accessories,,,,
Kertiberif,kertiberif,Beauty,Hair Care,Styling Tools & Appliances,,,,
GUUSMART,guusmart,Electronics,Accessories & Supplies,Cell Phone Accessories,,,,
Riatudsy,riatudsy,Electronics,Accessories & Supplies,"Batteries, Chargers & Accessories",,,,
Fender,fender,Electronics,Accessories & Supplies,Audio & Video Accessories,fender.com,,,1
Biolage,biolage,Beauty,Hair Care,Shampoo & Conditioner,,,,
wavytalk,wavytalk,Beauty,Hair Care,Styling Tools & Appliances,,,,
SePkus,sepkus,Electronics,Accessories & Supplies,Vehicle Electronics Accessories,,,,
KICKY RIDE,kicky-ride,Electronics,Car & Vehicle Electronics,Car Electronics,,,,
GREATHTEK,greathtek,Electronics,Computers & Accessories,Computer Components,,,,
Dowire,dowire,Electronics,Accessories & Supplies,Vehicle Electronics Accessories,,,,
Lekgavd,lekgavd,Beauty,Hair Care,Hair Accessories,,,,
Abovehill,abovehill,Electronics,Accessories & Supplies,Camera & Photo Accessories,,,,
SimplyVital,simplyvital,Beauty,Skin Care,Face,,,,
PanniOhye,panniohye,Beauty,Shave & Hair Removal,Women's,,,,
VIZIO,vizio,Electronics,Television & Video,Home Theater Systems,vizio.com,,,1
Lite-On,lite-on,Electronics,Computers & Accessories,Computer Components,liteon.com,,,
Dabalash,dabalash,Beauty,Makeup,Eyes,,,,
Akuirtoi,akuirtoi,Beauty,"Foot, Hand & Nail Care",Nail Art & Polish,,,,
Reach,reach,Beauty,Oral Care,Dental Floss & Picks,,,,
SKLK-SEL,sklk-sel,Electronics,Accessories & Supplies,Vehicle Electronics Accessories,,,,
Labelife,labelife,Electronics,Accessories & Supplies,Office Electronics Accessories,,,,
TPhaelay,tphaelay,Electronics,Computers & Accessories,Tablet Replacement Parts,,,,
Bulldog Mens Skincare and Grooming,bulldog-mens-skincare-and-grooming,Beauty,Shave & Hair Removal,Men's,,,,
HOSAILY,hosaily,Beauty,"Foot, Hand & Nail Care",Nail Art & Polish,,,,
xiwxi,xiwxi,Electronics,Accessories & Supplies,Cell Phone Accessories,,,,
Betued,betued,Beauty,Shave & Hair Removal,Men's,,,,
MRY,mry,Beauty,Shave & Hair Removal,Men's,,,,
FWUNYVN,fwunyvn,Beauty,Personal Care,Bath & Bathing Accessories,,,,
legendary-yes,legendary-yes,Beauty,Shave & Hair Removal,Men's,,,,
Yunsailing,yunsailing,Electronics,Accessories & Supplies,Cell Phone Accessories,,,,
SaltWorks,saltworks,Beauty,Personal Care,Bath & Bathing Accessories,,,,
ROBOHOOK,robohook,Beauty,Makeup,Eyes,,,,
LineOn,lineon,Electronics,Wearable Technology,Accessories,,,,
AhfuLife,ahfulife,Beauty,Shave & Hair Removal,Men's,,,,
Aroma Season,aroma-season,Beauty,Skin Care,Eyes,,,,
KOLWOVEN,kolwoven,Electronics,Accessories & Supplies,Computer Accessories,,,,
ALIOBC,aliobc,Beauty,Makeup,Makeup Palettes,,,,
Bloom and Blossom,bloom-and-blossom,Beauty,Skin Care,Maternity,,,,
Qwivo,qwivo,Beauty,Shave & Hair Removal,Men's,,,,
NiZiTOK,nizitok,Electronics,Accessories & Supplies,Vehicle Electronics Accessories,,,,
Lesipee,lesipee,Electronics,Accessories & Supplies,Computer Accessories,,,,
awlbed,awlbed,Electronics,Accessories & Supplies,Vehicle Electronics Accessories,,,,
Drimfly,drimfly,Electronics,Accessories & Supplies,Vehicle Electronics Accessories,,,,
LNYMZD,lnymzd,Electronics,Home Audio,Stereo System Components,,,,
Gttiuey,gttiuey,Beauty,"Foot, Hand & Nail Care",Nail Art & Polish,,,,
UOKHO,uokho,Electronics,Accessories & Supplies,Office Electronics Accessories,,,,
Aimyzii,aimyzii,Electronics,Accessories & Supplies,Cables,,,,
QTEANCOOL,qteancool,Electronics,Television & Video,Satellite Television,,,,
Lokyango,lokyango,Beauty,"Foot, Hand & Nail Care",Nail Art & Polish,,,,
beyerdynamic,beyerdynamic,Electronics,Accessories & Supplies,Microphones,beyerdynamic.com,,,1
JiYu,jiyu,Beauty,Skin Care,Face,,,,
KASIYLUX,kasiylux,Electronics,Car & Vehicle Electronics,Car Electronics,,,,
XAOSUN,xaosun,Electronics,Accessories & Supplies,Computer Accessories,,,,
Just My Style,just-my-style,Beauty,Hair Care,"Hair Perms, Relaxers & Texturizers",,,,
mornwell,mornwell,Beauty,Oral Care,Dental Floss & Picks,,,,
Angrox,angrox,Electronics,Accessories & Supplies,Television Accessories,,,,
WEXNECOWKZ,wexnecowkz,Beauty,Hair Care,Styling Tools & Appliances,,,,
Dr. PAWPAW ORIGINAL BALM,dr-pawpaw-original-balm,Beauty,Skin Care,Lip Care,,,,
Ergonflow,ergonflow,Electronics,Accessories & Supplies,Cell Phone Accessories,,,,
ACSKD,acskd,Beauty,Oral Care,Dental Floss & Picks,,,,
JVR,jvr,Beauty,Skin Care,Face,,,,
Fuse,fuse,Electronics,Accessories & Supplies,Cord Management,,,,
NAILKISS,nailkiss,Beauty,"Foot, Hand & Nail Care",Nail Art & Polish,,,,
NUTRAHARMONY,nutraharmony,Beauty,Skin Care,Eyes,,,,
Cosywell,cosywell,Beauty,Hair Care,Hair Coloring Products,,,,
Avya Skincare,avya-skincare,Beauty,Skin Care,Face,,,,
Wilkinson Sword,wilkinson-sword,Beauty,Shave & Hair Removal,Men's,,,,
Pholiten,pholiten,Electronics,Accessories & Supplies,Computer Accessories,,,,
Pankoo,pankoo,Electronics,Camera & Photo,Binoculars & Scopes,,,,
Aihatic,aihatic,Beauty,Skin Care,Eyes,,,,
ORICO,orico,Electronics,Accessories & Supplies,Computer Accessories,,,,
WOERGG,woergg,Beauty,Shave & Hair Removal,Men's,,,,
Viatia,viatia,Beauty,Shave & Hair Removal,Men's,,,,
Augshy,augshy,Electronics,Accessories & Supplies,Microphones,,,,
Raynic,raynic,Electronics,Portable Audio & Video,Radios,,,,
La SACHI,la-sachi,Beauty,Shave & Hair Removal,Women's,,,,
RikView,rikview,Beauty,"Foot, Hand & Nail Care",Nail Art & Polish,,,,
Fujitsu,fujitsu,Electronics,Camera & Photo,Printers & Scanners,fujitsu.com,,,
Camille Rose,camille-rose,Beauty,Hair Care,Hair Treatment Oils,,,,
ARKSight,arksight,Electronics,Accessories & Supplies,"Batteries, Chargers & Accessories",,,,
Koji White,koji-white,Beauty,Skin Care,Face,,,,
AQDD,aqdd,Electronics,Accessories & Supplies,Computer Accessories,,,,
