"id","name","description","handle","mpath","is_active","is_internal","rank","parent_category_id","created_at","updated_at","deleted_at","metadata"
"pcat_01KE1PPB81J41E4DHBVBSK81D1","Electronics","","electronics","pcat_01KE1PPB81J41E4DHBVBSK81D1",True,False,0,NULL,"2026-01-03 10:33:17.826+00","2026-01-08 12:38:13.199+00",NULL,"{""original_id"": ""493964"", ""thumb_image"": ""/static/1767431911074--.webp"", ""banner_image"": ""/static/1767431911074--.webp"", ""original_path"": ""Electronics"", ""original_level"": 0}"
"pcat_01KEC4P2WST0HX1JQ8YQJT433B","Beauty","","beauty","pcat_01KEC4P2WST0HX1JQ8YQJT433B",True,False,1,NULL,"2026-01-07 11:50:13.657+00","2026-01-07 11:50:13.657+00",NULL,"{""original_id"": ""11055981"", ""original_path"": ""Beauty"", ""original_level"": 0}"
"pcat_01KEC4P6Q57NGC80BH634TZ2AA","Fragrance","","fragrance","pcat_01KEC4P2WST0HX1JQ8YQJT433B.pcat_01KEC4P6Q57NGC80BH634TZ2AA",True,False,1,"pcat_01KEC4P2WST0HX1JQ8YQJT433B","2026-01-07 11:50:17.573+00","2026-01-07 11:50:17.573+00",NULL,"{""original_id"": ""11056591"", ""original_path"": ""Beauty > Fragrance"", ""original_level"": 1}"
"pcat_01KEC4P70NA6X2ZMA4RWQZJN35","Cologne","","cologne","pcat_01KEC4P2WST0HX1JQ8YQJT433B.pcat_01KEC4P6Q57NGC80BH634TZ2AA.pcat_01KEC4P6X61TVGQEG32EYEVXQN.pcat_01KEC4P70NA6X2ZMA4RWQZJN35",True,False,1,"pcat_01KEC4P6X61TVGQEG32EYEVXQN","2026-01-07 11:50:17.877+00","2026-01-07 11:50:17.877+00",NULL,"{""original_id"": ""11059721"", ""original_path"": ""Beauty > Fragrance > Men's > Cologne"", ""original_level"": 3}"
"pcat_01KEC4P7TGMWGHKSNWNXAG0V9X","Hair Care","","hair-care","pcat_01KEC4P2WST0HX1JQ8YQJT433B.pcat_01KEC4P7TGMWGHKSNWNXAG0V9X",True,False,2,"pcat_01KEC4P2WST0HX1JQ8YQJT433B","2026-01-07 11:50:18.705+00","2026-01-07 11:50:18.705+00",NULL,"{""original_id"": ""11057241"", ""original_path"": ""Beauty > Hair Care"", ""original_level"": 1}"
"pcat_01KEC4P88A1RAB1K71BNSVN2KK","Hairpieces","","hairpieces","pcat_01KEC4P2WST0HX1JQ8YQJT433B.pcat_01KEC4P7TGMWGHKSNWNXAG0V9X.pcat_01KEC4P7XX5EX3636D400CRVC8.pcat_01KEC4P88A1RAB1K71BNSVN2KK",True,False,3,"pcat_01KEC4P7XX5EX3636D400CRVC8","2026-01-07 11:50:19.146+00","2026-01-07 11:50:19.146+00",NULL,"{""original_id"": ""702380011"", ""original_path"": ""Beauty > Personal Care > Hair Care > Extensions, Wigs & Accessories > Hairpieces"", ""original_level"": 3}"
"pcat_01KE1PPTDT79YQJF8GH8SQYJWV","Portable Line-In Speakers","","portable-line-in-speakers","pcat_01KE1PPB81J41E4DHBVBSK81D1.pcat_01KE1PPBAB99K7X0G0J686QQYP.pcat_01KE1PPRXSNCQBHBTMSBZGBK71.pcat_01KE1PPT7XPM46DFJEDTS7R9GR.pcat_01KE1PPTDT79YQJF8GH8SQYJWV",True,False,2,"pcat_01KE1PPT7XPM46DFJEDTS7R9GR","2026-01-03 10:33:33.37+00","2026-01-03 10:33:33.37+00",NULL,"{""original_id"": ""9977446011"", ""original_path"": ""Electronics > Accessories & Supplies > Cell Phone Accessories > Portable Speakers & Audio Docks > Portable Line-In Speakers"", ""original_level"": 4}"
"pcat_01KE1PPTJNDFX67QJWPQ79MPDD","Phone Backs","","phone-backs","pcat_01KE1PPB81J41E4DHBVBSK81D1.pcat_01KE1PPBAB99K7X0G0J686QQYP.pcat_01KE1PPRXSNCQBHBTMSBZGBK71.pcat_01KE1PPTG1Z71KAWYQPG5NGQSR.pcat_01KE1PPTJNDFX67QJWPQ79MPDD",True,False,0,"pcat_01KE1PPTG1Z71KAWYQPG5NGQSR","2026-01-03 10:33:33.526+00","2026-01-03 10:33:33.526+00",NULL,"{""original_id"": ""19633580011"", ""original_path"": ""Electronics > Accessories & Supplies > Cell Phone Accessories > Replacement Parts > Phone Backs"", ""original_level"": 4}"
"pcat_01KE1PPTMTAZZVTYY5X1VDTS61","Screens","","screens","pcat_01KE1PPB81J41E4DHBVBSK81D1.pcat_01KE1PPBAB99K7X0G0J686QQYP.pcat_01KE1PPRXSNCQBHBTMSBZGBK71.pcat_01KE1PPTG1Z71KAWYQPG5NGQSR.pcat_01KE1PPTMTAZZVTYY5X1VDTS61",True,False,1,"pcat_01KE1PPTG1Z71KAWYQPG5NGQSR","2026-01-03 10:33:33.594+00","2026-01-03 10:33:33.594+00",NULL,"{""original_id"": ""19633579011"", ""original_path"": ""Electronics > Accessories & Supplies > Cell Phone Accessories > Replacement Parts > Screens"", ""original_level"": 4}"
"pcat_01KE1PPTPS3ZBHY892VQKKYG29","Screen Protectors","","screen-protectors","pcat_01KE1PPB81J41E4DHBVBSK81D1.pcat_01KE1PPBAB99K7X0G0J686QQYP.pcat_01KE1PPRXSNCQBHBTMSBZGBK71.pcat_01KE1PPTPS3ZBHY892VQKKYG29",True,False,11,"pcat_01KE1PPRXSNCQBHBTMSBZGBK71","2026-01-03 10:33:33.658+00","2026-01-03 10:33:33.658+00",NULL,"{""original_id"": ""2407781011"", ""original_path"": ""Electronics > Accessories & Supplies > Cell Phone Accessories > Screen Protectors"", ""original_level"": 3}"
"pcat_01KE1PPTRMRCJ9G0MA6284EE6C","Selfie Sticks & Tripods","","selfie-sticks-tripods","pcat_01KE1PPB81J41E4DHBVBSK81D1.pcat_01KE1PPBAB99K7X0G0J686QQYP.pcat_01KE1PPRXSNCQBHBTMSBZGBK71.pcat_01KE1PPTRMRCJ9G0MA6284EE6C",True,False,12,"pcat_01KE1PPRXSNCQBHBTMSBZGBK71","2026-01-03 10:33:33.716+00","2026-01-03 10:33:33.716+00",NULL,"{""original_id"": ""11139606011"", ""original_path"": ""Electronics > Accessories & Supplies > Cell Phone Accessories > Selfie Sticks & Tripods"", ""original_level"": 3}"
"pcat_01KE1PPTTH8HF6DPHNQW4ASKN7","Signal Boosters","","signal-boosters","pcat_01KE1PPB81J41E4DHBVBSK81D1.pcat_01KE1PPBAB99K7X0G0J686QQYP.pcat_01KE1PPRXSNCQBHBTMSBZGBK71.pcat_01KE1PPTTH8HF6DPHNQW4ASKN7",True,False,13,"pcat_01KE1PPRXSNCQBHBTMSBZGBK71","2026-01-03 10:33:33.777+00","2026-01-03 10:33:33.777+00",NULL,"{""original_id"": ""2407782011"", ""original_path"": ""Electronics > Accessories & Supplies > Cell Phone Accessories > Signal Boosters"", ""original_level"": 3}"
"pcat_01KE1PPTWP98N0MYJM6TM64YEK","Single Ear Bluetooth Headsets","","single-ear-bluetooth-headsets","pcat_01KE1PPB81J41E4DHBVBSK81D1.pcat_01KE1PPBAB99K7X0G0J686QQYP.pcat_01KE1PPRXSNCQBHBTMSBZGBK71.pcat_01KE1PPTWP98N0MYJM6TM64YEK",True,False,14,"pcat_01KE1PPRXSNCQBHBTMSBZGBK71","2026-01-03 10:33:33.846+00","2026-01-03 10:33:33.846+00",NULL,"{""original_id"": ""18021376011"", ""original_path"": ""Electronics > Accessories & Supplies > Cell Phone Accessories > Single Ear Bluetooth Headsets"", ""original_level"": 3}"
"pcat_01KE1PPTYXX7Y0GHH51G5PR41C","Smartwatch Accessories","","smartwatch-accessories","pcat_01KE1PPB81J41E4DHBVBSK81D1.pcat_01KE1PPBAB99K7X0G0J686QQYP.pcat_01KE1PPRXSNCQBHBTMSBZGBK71.pcat_01KE1PPTYXX7Y0GHH51G5PR41C",True,False,15,"pcat_01KE1PPRXSNCQBHBTMSBZGBK71","2026-01-03 10:33:33.917+00","2026-01-03 10:33:33.917+00",NULL,"{""original_id"": ""7939902011"", ""original_path"": ""Electronics > Accessories & Supplies > Cell Phone Accessories > Smartwatch Accessories"", ""original_level"": 3}"
"pcat_01KE1PPV1AM9HDMZDTHET20BFF","Smartwatch Bands","","smartwatch-bands","pcat_01KE1PPB81J41E4DHBVBSK81D1.pcat_01KE1PPBAB99K7X0G0J686QQYP.pcat_01KE1PPRXSNCQBHBTMSBZGBK71.pcat_01KE1PPTYXX7Y0GHH51G5PR41C.pcat_01KE1PPV1AM9HDMZDTHET20BFF",True,False,0,"pcat_01KE1PPTYXX7Y0GHH51G5PR41C","2026-01-03 10:33:33.995+00","2026-01-03 10:33:33.995+00",NULL,"{""original_id"": ""11591904011"", ""original_path"": ""Electronics > Accessories & Supplies > Cell Phone Accessories > Smartwatch Accessories > Smartwatch Bands"", ""original_level"": 4}"
"pcat_01KE1PPV3KRQ3YZVG67244JCSY","Smartwatch Cables & Chargers","","smartwatch-cables-chargers","pcat_01KE1PPB81J41E4DHBVBSK81D1.pcat_01KE1PPBAB99K7X0G0J686QQYP.pcat_01KE1PPRXSNCQBHBTMSBZGBK71.pcat_01KE1PPTYXX7Y0GHH51G5PR41C.pcat_01KE1PPV3KRQ3YZVG67244JCSY",True,False,1,"pcat_01KE1PPTYXX7Y0GHH51G5PR41C","2026-01-03 10:33:34.067+00","2026-01-03 10:33:34.067+00",NULL,"{""original_id"": ""11591898011"", ""original_path"": ""Electronics > Accessories & Supplies > Cell Phone Accessories > Smartwatch Accessories > Smartwatch Cables & Chargers"", ""original_level"": 4}"
"pcat_01KE1PPV5JR5TX8SZD8KWS311Q","Smartwatch Cases","","smartwatch-cases","pcat_01KE1PPB81J41E4DHBVBSK81D1.pcat_01KE1PPBAB99K7X0G0J686QQYP.pcat_01KE1PPRXSNCQBHBTMSBZGBK71.pcat_01KE1PPTYXX7Y0GHH51G5PR41C.pcat_01KE1PPV5JR5TX8SZD8KWS311Q",True,False,2,"pcat_01KE1PPTYXX7Y0GHH51G5PR41C","2026-01-03 10:33:34.13+00","2026-01-03 10:33:34.13+00",NULL,"{""original_id"": ""18031880011"", ""original_path"": ""Electronics > Accessories & Supplies > Cell Phone Accessories > Smartwatch Accessories > Smartwatch Cases"", ""original_level"": 4}"
"pcat_01KE1PPV7CGNP9F9PDY8CTWZC4","Smartwatch Cases with Band","","smartwatch-cases-with-band","pcat_01KE1PPB81J41E4DHBVBSK81D1.pcat_01KE1PPBAB99K7X0G0J686QQYP.pcat_01KE1PPRXSNCQBHBTMSBZGBK71.pcat_01KE1PPTYXX7Y0GHH51G5PR41C.pcat_01KE1PPV7CGNP9F9PDY8CTWZC4",True,False,3,"pcat_01KE1PPTYXX7Y0GHH51G5PR41C","2026-01-03 10:33:34.188+00","2026-01-03 10:33:34.188+00",NULL,"{""original_id"": ""18031881011"", ""original_path"": ""Electronics > Accessories & Supplies > Cell Phone Accessories > Smartwatch Accessories > Smartwatch Cases with Band"", ""original_level"": 4}"
"pcat_01KE1PPV9TD3YY42GKQ139AWRH","Smartwatch Necklaces","","smartwatch-necklaces","pcat_01KE1PPB81J41E4DHBVBSK81D1.pcat_01KE1PPBAB99K7X0G0J686QQYP.pcat_01KE1PPRXSNCQBHBTMSBZGBK71.pcat_01KE1PPTYXX7Y0GHH51G5PR41C.pcat_01KE1PPV9TD3YY42GKQ139AWRH",True,False,4,"pcat_01KE1PPTYXX7Y0GHH51G5PR41C","2026-01-03 10:33:34.266+00","2026-01-03 10:33:34.266+00",NULL,"{""original_id"": ""18018228011"", ""original_path"": ""Electronics > Accessories & Supplies > Cell Phone Accessories > Smartwatch Accessories > Smartwatch Necklaces"", ""original_level"": 4}"
"pcat_01KE1PPVC3XC1HRKZ2HM0SP1C3","Smartwatch Screen Protectors","","smartwatch-screen-protectors","pcat_01KE1PPB81J41E4DHBVBSK81D1.pcat_01KE1PPBAB99K7X0G0J686QQYP.pcat_01KE1PPRXSNCQBHBTMSBZGBK71.pcat_01KE1PPTYXX7Y0GHH51G5PR41C.pcat_01KE1PPVC3XC1HRKZ2HM0SP1C3",True,False,5,"pcat_01KE1PPTYXX7Y0GHH51G5PR41C","2026-01-03 10:33:34.339+00","2026-01-03 10:33:34.339+00",NULL,"{""original_id"": ""11591906011"", ""original_path"": ""Electronics > Accessories & Supplies > Cell Phone Accessories > Smartwatch Accessories > Smartwatch Screen Protectors"", ""original_level"": 4}"
"pcat_01KEC4PA80A7BEF3GRZJ87JCFE","Wig Caps","","wig-caps","pcat_01KEC4P2WST0HX1JQ8YQJT433B.pcat_01KEC4P7TGMWGHKSNWNXAG0V9X.pcat_01KEC4P7XX5EX3636D400CRVC8.pcat_01KEC4PA80A7BEF3GRZJ87JCFE",True,False,4,"pcat_01KEC4P7XX5EX3636D400CRVC8","2026-01-07 11:50:21.184+00","2026-01-07 11:50:21.184+00",NULL,"{""original_id"": ""10676818011"", ""original_path"": ""Beauty > Personal Care > Hair Care > Extensions, Wigs & Accessories > Wig Caps"", ""original_level"": 3}"
"pcat_01KE1PPVE7F4E39S4RPCYCF09Z","Smartwatch Stickers","","smartwatch-stickers","pcat_01KE1PPB81J41E4DHBVBSK81D1.pcat_01KE1PPBAB99K7X0G0J686QQYP.pcat_01KE1PPRXSNCQBHBTMSBZGBK71.pcat_01KE1PPTYXX7Y0GHH51G5PR41C.pcat_01KE1PPVE7F4E39S4RPCYCF09Z",True,False,6,"pcat_01KE1PPTYXX7Y0GHH51G5PR41C","2026-01-03 10:33:34.407+00","2026-01-03 10:33:34.407+00",NULL,"{""original_id"": ""11591908011"", ""original_path"": ""Electronics > Accessories & Supplies > Cell Phone Accessories > Smartwatch Accessories > Smartwatch Stickers"", ""original_level"": 4}"
"pcat_01KE1PPVG10B620R14F2PAHP71","Smartwatches","","smartwatches","pcat_01KE1PPB81J41E4DHBVBSK81D1.pcat_01KE1PPBAB99K7X0G0J686QQYP.pcat_01KE1PPRXSNCQBHBTMSBZGBK71.pcat_01KE1PPVG10B620R14F2PAHP71",True,False,16,"pcat_01KE1PPRXSNCQBHBTMSBZGBK71","2026-01-03 10:33:34.466+00","2026-01-03 10:33:34.466+00",NULL,"{""original_id"": ""7939901011"", ""original_path"": ""Electronics > Accessories & Supplies > Cell Phone Accessories > Smartwatches"", ""original_level"": 3}"
"pcat_01KE1PPVJ39059HCRMXTCFYEX3","Virtual Reality Headsets","","virtual-reality-headsets","pcat_01KE1PPB81J41E4DHBVBSK81D1.pcat_01KE1PPBAB99K7X0G0J686QQYP.pcat_01KE1PPRXSNCQBHBTMSBZGBK71.pcat_01KE1PPVJ39059HCRMXTCFYEX3",True,False,17,"pcat_01KE1PPRXSNCQBHBTMSBZGBK71","2026-01-03 10:33:34.531+00","2026-01-03 10:33:34.531+00",NULL,"{""original_id"": ""14775002011"", ""original_path"": ""Electronics > Accessories & Supplies > Cell Phone Accessories > Virtual Reality Headsets"", ""original_level"": 3}"
"pcat_01KE1PPVPA19ZKDR79QKVH4TZK","Audio & Video Accessories","","audio-video-accessories-2","pcat_01KE1PPB81J41E4DHBVBSK81D1.pcat_01KE1PPBAB99K7X0G0J686QQYP.pcat_01KE1PPVM97MY0BBVK3Y2GJDZS.pcat_01KE1PPVPA19ZKDR79QKVH4TZK",True,False,0,"pcat_01KE1PPVM97MY0BBVK3Y2GJDZS","2026-01-03 10:33:34.667+00","2026-01-03 10:33:34.667+00",NULL,"{""original_id"": ""11548951011"", ""original_path"": ""Electronics > Accessories & Supplies > Computer Accessories > Audio & Video Accessories"", ""original_level"": 3}"
"pcat_01KE1PPVRJJQKGV93Y8BRVJ2VX","Computer Headsets","","computer-headsets","pcat_01KE1PPB81J41E4DHBVBSK81D1.pcat_01KE1PPBAB99K7X0G0J686QQYP.pcat_01KE1PPVM97MY0BBVK3Y2GJDZS.pcat_01KE1PPVPA19ZKDR79QKVH4TZK.pcat_01KE1PPVRJJQKGV93Y8BRVJ2VX",True,False,0,"pcat_01KE1PPVPA19ZKDR79QKVH4TZK","2026-01-03 10:33:34.739+00","2026-01-03 10:33:34.739+00",NULL,"{""original_id"": ""3015405011"", ""original_path"": ""Computers > Computer Accessories & Peripherals > Audio & Video Accessories > Computer Headsets"", ""original_level"": 4}"
"pcat_01KE1PPVTKKR9A90T0ZCGDWA2D","Computer Microphones","","computer-microphones","pcat_01KE1PPB81J41E4DHBVBSK81D1.pcat_01KE1PPBAB99K7X0G0J686QQYP.pcat_01KE1PPVM97MY0BBVK3Y2GJDZS.pcat_01KE1PPVPA19ZKDR79QKVH4TZK.pcat_01KE1PPVTKKR9A90T0ZCGDWA2D",True,False,1,"pcat_01KE1PPVPA19ZKDR79QKVH4TZK","2026-01-03 10:33:34.803+00","2026-01-03 10:33:34.803+00",NULL,"{""original_id"": ""3015406011"", ""original_path"": ""Computers > Computer Accessories & Peripherals > Audio & Video Accessories > Computer Microphones"", ""original_level"": 4}"
"pcat_01KE1PPVWKWSJGYJKV6SXGSDCP","Computer Speakers","","computer-speakers","pcat_01KE1PPB81J41E4DHBVBSK81D1.pcat_01KE1PPBAB99K7X0G0J686QQYP.pcat_01KE1PPVM97MY0BBVK3Y2GJDZS.pcat_01KE1PPVPA19ZKDR79QKVH4TZK.pcat_01KE1PPVWKWSJGYJKV6SXGSDCP",True,False,2,"pcat_01KE1PPVPA19ZKDR79QKVH4TZK","2026-01-03 10:33:34.867+00","2026-01-03 10:33:34.867+00",NULL,"{""original_id"": ""172471"", ""original_path"": ""Computers > Computer Accessories & Peripherals > Audio & Video Accessories > Computer Speakers"", ""original_level"": 4}"
"pcat_01KE1PPVYCKRW1C55R8MAVVY5Q","Webcam Stands & Mounts","","webcam-stands-mounts","pcat_01KE1PPB81J41E4DHBVBSK81D1.pcat_01KE1PPBAB99K7X0G0J686QQYP.pcat_01KE1PPVM97MY0BBVK3Y2GJDZS.pcat_01KE1PPVPA19ZKDR79QKVH4TZK.pcat_01KE1PPVYCKRW1C55R8MAVVY5Q",True,False,3,"pcat_01KE1PPVPA19ZKDR79QKVH4TZK","2026-01-03 10:33:34.925+00","2026-01-03 10:33:34.925+00",NULL,"{""original_id"": ""18145285011"", ""original_path"": ""Computers > Computer Accessories & Peripherals > Audio & Video Accessories > Webcam Stands & Mounts"", ""original_level"": 4}"
"pcat_01KE1PPW0DXX7BT5AMF82XKKR6","Webcams","","webcams","pcat_01KE1PPB81J41E4DHBVBSK81D1.pcat_01KE1PPBAB99K7X0G0J686QQYP.pcat_01KE1PPVM97MY0BBVK3Y2GJDZS.pcat_01KE1PPVPA19ZKDR79QKVH4TZK.pcat_01KE1PPW0DXX7BT5AMF82XKKR6",True,False,4,"pcat_01KE1PPVPA19ZKDR79QKVH4TZK","2026-01-03 10:33:34.989+00","2026-01-03 10:33:34.989+00",NULL,"{""original_id"": ""172511"", ""original_path"": ""Computers > Computer Accessories & Peripherals > Audio & Video Accessories > Webcams"", ""original_level"": 4}"
"pcat_01KE1PPW2BVWTG2WWE4YW4MENM","Blank Media","","blank-media","pcat_01KE1PPB81J41E4DHBVBSK81D1.pcat_01KE1PPBAB99K7X0G0J686QQYP.pcat_01KE1PPVM97MY0BBVK3Y2GJDZS.pcat_01KE1PPW2BVWTG2WWE4YW4MENM",True,False,1,"pcat_01KE1PPVM97MY0BBVK3Y2GJDZS","2026-01-03 10:33:35.051+00","2026-01-03 10:33:35.051+00",NULL,"{""original_id"": ""281408"", ""original_path"": ""Electronics > Accessories & Supplies > Computer Accessories > Blank Media"", ""original_level"": 3}"
"pcat_01KE1PPW4KAP3VHJ1XEXV619VB","BD-R Discs","","bd-r-discs","pcat_01KE1PPB81J41E4DHBVBSK81D1.pcat_01KE1PPBAB99K7X0G0J686QQYP.pcat_01KE1PPVM97MY0BBVK3Y2GJDZS.pcat_01KE1PPW2BVWTG2WWE4YW4MENM.pcat_01KE1PPW4KAP3VHJ1XEXV619VB",True,False,0,"pcat_01KE1PPW2BVWTG2WWE4YW4MENM","2026-01-03 10:33:35.123+00","2026-01-03 10:33:35.123+00",NULL,"{""original_id"": ""668575011"", ""original_path"": ""Electronics > Accessories & Supplies > Computer Accessories > Blank Media > BD-R Discs"", ""original_level"": 4}"
"pcat_01KE1PPW6X6GAZ9VC3075K892D","BD-RE Discs","","bd-re-discs","pcat_01KE1PPB81J41E4DHBVBSK81D1.pcat_01KE1PPBAB99K7X0G0J686QQYP.pcat_01KE1PPVM97MY0BBVK3Y2GJDZS.pcat_01KE1PPW2BVWTG2WWE4YW4MENM.pcat_01KE1PPW6X6GAZ9VC3075K892D",True,False,1,"pcat_01KE1PPW2BVWTG2WWE4YW4MENM","2026-01-03 10:33:35.197+00","2026-01-03 10:33:35.197+00",NULL,"{""original_id"": ""668576011"", ""original_path"": ""Electronics > Accessories & Supplies > Computer Accessories > Blank Media > BD-RE Discs"", ""original_level"": 4}"
"pcat_01KE1PPW93MQDJJR7CSC3JWQH3","CD-R Discs","","cd-r-discs","pcat_01KE1PPB81J41E4DHBVBSK81D1.pcat_01KE1PPBAB99K7X0G0J686QQYP.pcat_01KE1PPVM97MY0BBVK3Y2GJDZS.pcat_01KE1PPW2BVWTG2WWE4YW4MENM.pcat_01KE1PPW93MQDJJR7CSC3JWQH3",True,False,2,"pcat_01KE1PPW2BVWTG2WWE4YW4MENM","2026-01-03 10:33:35.268+00","2026-01-03 10:33:35.268+00",NULL,"{""original_id"": ""172458"", ""original_path"": ""Electronics > Accessories & Supplies > Computer Accessories > Blank Media > CD-R Discs"", ""original_level"": 4}"
"pcat_01KE1PPWB3T1KDGV0BZT4Q0Q76","CD-RW Discs","","cd-rw-discs","pcat_01KE1PPB81J41E4DHBVBSK81D1.pcat_01KE1PPBAB99K7X0G0J686QQYP.pcat_01KE1PPVM97MY0BBVK3Y2GJDZS.pcat_01KE1PPW2BVWTG2WWE4YW4MENM.pcat_01KE1PPWB3T1KDGV0BZT4Q0Q76",True,False,3,"pcat_01KE1PPW2BVWTG2WWE4YW4MENM","2026-01-03 10:33:35.331+00","2026-01-03 10:33:35.331+00",NULL,"{""original_id"": ""3690571"", ""original_path"": ""Electronics > Accessories & Supplies > Computer Accessories > Blank Media > CD-RW Discs"", ""original_level"": 4}"
"pcat_01KEC4PABHHPVXWRPWX0ZP36MD","Wigs","","wigs","pcat_01KEC4P2WST0HX1JQ8YQJT433B.pcat_01KEC4P7TGMWGHKSNWNXAG0V9X.pcat_01KEC4P7XX5EX3636D400CRVC8.pcat_01KEC4PABHHPVXWRPWX0ZP36MD",True,False,5,"pcat_01KEC4P7XX5EX3636D400CRVC8","2026-01-07 11:50:21.297+00","2026-01-07 11:50:21.297+00",NULL,"{""original_id"": ""702381011"", ""original_path"": ""Beauty > Hair Care > Extensions, Wigs & Accessories > Wigs"", ""original_level"": 3}"
"pcat_01KEC4PADJWY1Z8KYMQQHDKNN2","Hair & Scalp Treatments","","hair-scalp-treatments","pcat_01KEC4P2WST0HX1JQ8YQJT433B.pcat_01KEC4P7TGMWGHKSNWNXAG0V9X.pcat_01KEC4PADJWY1Z8KYMQQHDKNN2",True,False,1,"pcat_01KEC4P7TGMWGHKSNWNXAG0V9X","2026-01-07 11:50:21.363+00","2026-01-07 11:50:21.363+00",NULL,"{""original_id"": ""11057431"", ""original_path"": ""Beauty > Hair Care > Hair & Scalp Treatments"", ""original_level"": 2}"
"pcat_01KEC4PAFTFVWR4RJ4R1PJW1QR","Hair Accessories","","hair-accessories","pcat_01KEC4P2WST0HX1JQ8YQJT433B.pcat_01KEC4P7TGMWGHKSNWNXAG0V9X.pcat_01KEC4PAFTFVWR4RJ4R1PJW1QR",True,False,2,"pcat_01KEC4P7TGMWGHKSNWNXAG0V9X","2026-01-07 11:50:21.435+00","2026-01-07 11:50:21.435+00",NULL,"{""original_id"": ""11057971"", ""original_path"": ""Beauty > Personal Care > Hair Care > Hair Accessories"", ""original_level"": 2}"
"pcat_01KEC4PAHQQF8NGEXDFZAPTXVN","Barrettes","","barrettes","pcat_01KEC4P2WST0HX1JQ8YQJT433B.pcat_01KEC4P7TGMWGHKSNWNXAG0V9X.pcat_01KEC4PAFTFVWR4RJ4R1PJW1QR.pcat_01KEC4PAHQQF8NGEXDFZAPTXVN",True,False,0,"pcat_01KEC4PAFTFVWR4RJ4R1PJW1QR","2026-01-07 11:50:21.495+00","2026-01-07 11:50:21.495+00",NULL,"{""original_id"": ""11057981"", ""original_path"": ""Beauty > Personal Care > Hair Care > Hair Accessories > Barrettes"", ""original_level"": 3}"
"pcat_01KEC4PAKEVDRCDDWPRQ6QYAJ8","Bun & Crown Shapers","","bun-crown-shapers","pcat_01KEC4P2WST0HX1JQ8YQJT433B.pcat_01KEC4P7TGMWGHKSNWNXAG0V9X.pcat_01KEC4PAFTFVWR4RJ4R1PJW1QR.pcat_01KEC4PAKEVDRCDDWPRQ6QYAJ8",True,False,1,"pcat_01KEC4PAFTFVWR4RJ4R1PJW1QR","2026-01-07 11:50:21.55+00","2026-01-07 11:50:21.55+00",NULL,"{""original_id"": ""10676142011"", ""original_path"": ""Beauty > Personal Care > Hair Care > Hair Accessories > Bun & Crown Shapers"", ""original_level"": 3}"
"pcat_01KE1PPWD140M47YQHFAXZDEZ1","DATs","","dats","pcat_01KE1PPB81J41E4DHBVBSK81D1.pcat_01KE1PPBAB99K7X0G0J686QQYP.pcat_01KE1PPVM97MY0BBVK3Y2GJDZS.pcat_01KE1PPW2BVWTG2WWE4YW4MENM.pcat_01KE1PPWD140M47YQHFAXZDEZ1",True,False,4,"pcat_01KE1PPW2BVWTG2WWE4YW4MENM","2026-01-03 10:33:35.393+00","2026-01-03 10:33:35.393+00",NULL,"{""original_id"": ""172538"", ""original_path"": ""Electronics > Accessories & Supplies > Computer Accessories > Blank Media > DATs"", ""original_level"": 4}"
"pcat_01KE1PPWF4EA3Z2459MPSM7QQQ","DVD+R Discs","","dvd-r-discs","pcat_01KE1PPB81J41E4DHBVBSK81D1.pcat_01KE1PPBAB99K7X0G0J686QQYP.pcat_01KE1PPVM97MY0BBVK3Y2GJDZS.pcat_01KE1PPW2BVWTG2WWE4YW4MENM.pcat_01KE1PPWF4EA3Z2459MPSM7QQQ",True,False,5,"pcat_01KE1PPW2BVWTG2WWE4YW4MENM","2026-01-03 10:33:35.46+00","2026-01-03 10:33:35.46+00",NULL,"{""original_id"": ""10967881"", ""original_path"": ""Electronics > Accessories & Supplies > Computer Accessories > Blank Media > DVD+R Discs"", ""original_level"": 4}"
"pcat_01KE1PPWGWDN70MPGTVKDJR908","DVD+RW Discs","","dvd-rw-discs","pcat_01KE1PPB81J41E4DHBVBSK81D1.pcat_01KE1PPBAB99K7X0G0J686QQYP.pcat_01KE1PPVM97MY0BBVK3Y2GJDZS.pcat_01KE1PPW2BVWTG2WWE4YW4MENM.pcat_01KE1PPWGWDN70MPGTVKDJR908",True,False,6,"pcat_01KE1PPW2BVWTG2WWE4YW4MENM","2026-01-03 10:33:35.516+00","2026-01-03 10:33:35.516+00",NULL,"{""original_id"": ""1036656"", ""original_path"": ""Electronics > Accessories & Supplies > Computer Accessories > Blank Media > DVD+RW Discs"", ""original_level"": 4}"
"pcat_01KE1PPWJWC7WVFNT6Y08XXRGE","DVD-R Discs","","dvd-r-discs-2","pcat_01KE1PPB81J41E4DHBVBSK81D1.pcat_01KE1PPBAB99K7X0G0J686QQYP.pcat_01KE1PPVM97MY0BBVK3Y2GJDZS.pcat_01KE1PPW2BVWTG2WWE4YW4MENM.pcat_01KE1PPWJWC7WVFNT6Y08XXRGE",True,False,7,"pcat_01KE1PPW2BVWTG2WWE4YW4MENM","2026-01-03 10:33:35.58+00","2026-01-03 10:33:35.58+00",NULL,"{""original_id"": ""1036658"", ""original_path"": ""Electronics > Accessories & Supplies > Computer Accessories > Blank Media > DVD-R Discs"", ""original_level"": 4}"
"pcat_01KE1PPWMT1V0CR6NCS0VA9BQ5","DVD-RAM Discs","","dvd-ram-discs","pcat_01KE1PPB81J41E4DHBVBSK81D1.pcat_01KE1PPBAB99K7X0G0J686QQYP.pcat_01KE1PPVM97MY0BBVK3Y2GJDZS.pcat_01KE1PPW2BVWTG2WWE4YW4MENM.pcat_01KE1PPWMT1V0CR6NCS0VA9BQ5",True,False,8,"pcat_01KE1PPW2BVWTG2WWE4YW4MENM","2026-01-03 10:33:35.643+00","2026-01-03 10:33:35.643+00",NULL,"{""original_id"": ""760794"", ""original_path"": ""Electronics > Accessories & Supplies > Computer Accessories > Blank Media > DVD-RAM Discs"", ""original_level"": 4}"
"pcat_01KE1PPWPWHV7QTBTDSCZXFB0C","DVD-RW Discs","","dvd-rw-discs-2","pcat_01KE1PPB81J41E4DHBVBSK81D1.pcat_01KE1PPBAB99K7X0G0J686QQYP.pcat_01KE1PPVM97MY0BBVK3Y2GJDZS.pcat_01KE1PPW2BVWTG2WWE4YW4MENM.pcat_01KE1PPWPWHV7QTBTDSCZXFB0C",True,False,9,"pcat_01KE1PPW2BVWTG2WWE4YW4MENM","2026-01-03 10:33:35.708+00","2026-01-03 10:33:35.708+00",NULL,"{""original_id"": ""1036660"", ""original_path"": ""Electronics > Accessories & Supplies > Computer Accessories > Blank Media > DVD-RW Discs"", ""original_level"": 4}"
"pcat_01KE1PPWRW4DR2GNCFXA4PCPJT","Data Cartridges","","data-cartridges","pcat_01KE1PPB81J41E4DHBVBSK81D1.pcat_01KE1PPBAB99K7X0G0J686QQYP.pcat_01KE1PPVM97MY0BBVK3Y2GJDZS.pcat_01KE1PPW2BVWTG2WWE4YW4MENM.pcat_01KE1PPWRW4DR2GNCFXA4PCPJT",True,False,10,"pcat_01KE1PPW2BVWTG2WWE4YW4MENM","2026-01-03 10:33:35.772+00","2026-01-03 10:33:35.772+00",NULL,"{""original_id"": ""229180"", ""original_path"": ""Electronics > Accessories & Supplies > Computer Accessories > Blank Media > Data Cartridges"", ""original_level"": 4}"
"pcat_01KEC4Y1CJEA7YD93PTWR3EEC1","Hair Accessories","","hair-accessories-2","pcat_01KEC4P2WST0HX1JQ8YQJT433B.pcat_01KEC4P7TGMWGHKSNWNXAG0V9X.pcat_01KEC4Y1CJEA7YD93PTWR3EEC1",True,False,3,"pcat_01KEC4P7TGMWGHKSNWNXAG0V9X","2026-01-07 11:54:34.258+00","2026-01-07 11:54:34.258+00",NULL,"{""original_id"": ""11057971"", ""original_path"": ""Beauty > Personal Care > Hair Care > Hair Accessories"", ""original_level"": 2}"
"pcat_01KEC4YD3DMMHACPWQ1ECWZ0K0","Women's","","women-s-2","pcat_01KEC4P2WST0HX1JQ8YQJT433B.pcat_01KEC4YAY3GEX1A4WX0CEP5FZS.pcat_01KEC4YD3DMMHACPWQ1ECWZ0K0",True,False,1,"pcat_01KEC4YAY3GEX1A4WX0CEP5FZS","2026-01-07 11:54:46.253+00","2026-01-07 11:54:46.253+00",NULL,"{""original_id"": ""13269990011"", ""original_path"": ""Beauty > Shave & Hair Removal > Women's"", ""original_level"": 2}"
"pcat_01KE1PQVN001F48494X0RYCZEY","Tablet Accessories","","tablet-accessories","pcat_01KE1PPB81J41E4DHBVBSK81D1.pcat_01KE1PQNSFKWS419CNSEJ5KZM9.pcat_01KE1PQVN001F48494X0RYCZEY",True,False,7,"pcat_01KE1PQNSFKWS419CNSEJ5KZM9","2026-01-03 10:34:07.392+00","2026-01-03 10:34:07.392+00",NULL,"{""original_id"": ""2348628011"", ""original_path"": ""Electronics > Computers & Accessories > Tablet Accessories"", ""original_level"": 2}"
"pcat_01KEC4YJ41CVJK9Q1GE43RCS32","Children's Sunscreen","","children-s-sunscreen","pcat_01KEC4P2WST0HX1JQ8YQJT433B.pcat_01KEC4YEXJTQXPFE7N66ZYAA65.pcat_01KEC4YHSNJYDP9MAVRR9P4GX9.pcat_01KEC4YJ0PJ5MG7542V37NHG8J.pcat_01KEC4YJ41CVJK9Q1GE43RCS32",True,False,1,"pcat_01KEC4YJ0PJ5MG7542V37NHG8J","2026-01-07 11:54:51.393+00","2026-01-07 11:54:51.393+00",NULL,"{""original_id"": ""166860011"", ""original_path"": ""Beauty > Personal Care > Skin Care > Sunscreens & Tanning Products > Sunscreens > Children's Sunscreen"", ""original_level"": 4}"
"pcat_01KEC4YJ5YB1S400JWBXP0FHHE","Facial Sunscreens","","facial-sunscreens","pcat_01KEC4P2WST0HX1JQ8YQJT433B.pcat_01KEC4YEXJTQXPFE7N66ZYAA65.pcat_01KEC4YHSNJYDP9MAVRR9P4GX9.pcat_01KEC4YJ0PJ5MG7542V37NHG8J.pcat_01KEC4YJ5YB1S400JWBXP0FHHE",True,False,2,"pcat_01KEC4YJ0PJ5MG7542V37NHG8J","2026-01-07 11:54:51.454+00","2026-01-07 11:54:51.454+00",NULL,"{""original_id"": ""7792567011"", ""original_path"": ""Beauty > Personal Care > Skin Care > Sunscreens & Tanning Products > Sunscreens > Facial Sunscreens"", ""original_level"": 4}"
"pcat_01KEC4YJ7Q4Y92FZ7WXXAKX5TH","Lip Sunscreens","","lip-sunscreens","pcat_01KEC4P2WST0HX1JQ8YQJT433B.pcat_01KEC4YEXJTQXPFE7N66ZYAA65.pcat_01KEC4YHSNJYDP9MAVRR9P4GX9.pcat_01KEC4YJ0PJ5MG7542V37NHG8J.pcat_01KEC4YJ7Q4Y92FZ7WXXAKX5TH",True,False,3,"pcat_01KEC4YJ0PJ5MG7542V37NHG8J","2026-01-07 11:54:51.511+00","2026-01-07 11:54:51.511+00",NULL,"{""original_id"": ""11062691"", ""original_path"": ""Beauty > Personal Care > Skin Care > Sunscreens & Tanning Products > Sunscreens > Lip Sunscreens"", ""original_level"": 4}"
"pcat_01KEC4YJ9GF8XCD8HGQNZJN7VM","Tanning Oils & Lotions","","tanning-oils-lotions","pcat_01KEC4P2WST0HX1JQ8YQJT433B.pcat_01KEC4YEXJTQXPFE7N66ZYAA65.pcat_01KEC4YHSNJYDP9MAVRR9P4GX9.pcat_01KEC4YJ9GF8XCD8HGQNZJN7VM",True,False,4,"pcat_01KEC4YHSNJYDP9MAVRR9P4GX9","2026-01-07 11:54:51.568+00","2026-01-07 11:54:51.568+00",NULL,"{""original_id"": ""11062731"", ""original_path"": ""Beauty > Personal Care > Skin Care > Sunscreens & Tanning Products > Tanning Oils & Lotions"", ""original_level"": 3}"
"pcat_01KE1PPWTZWQQVNBF0ECMJ19WT","Floppy Diskettes","","floppy-diskettes","pcat_01KE1PPB81J41E4DHBVBSK81D1.pcat_01KE1PPBAB99K7X0G0J686QQYP.pcat_01KE1PPVM97MY0BBVK3Y2GJDZS.pcat_01KE1PPW2BVWTG2WWE4YW4MENM.pcat_01KE1PPWTZWQQVNBF0ECMJ19WT",True,False,11,"pcat_01KE1PPW2BVWTG2WWE4YW4MENM","2026-01-03 10:33:35.839+00","2026-01-03 10:33:35.839+00",NULL,"{""original_id"": ""172461"", ""original_path"": ""Electronics > Accessories & Supplies > Computer Accessories > Blank Media > Floppy Diskettes"", ""original_level"": 4}"
"pcat_01KE1PPWX3JMZTA8HB5H0Y2D2J","Minidiscs","","minidiscs","pcat_01KE1PPB81J41E4DHBVBSK81D1.pcat_01KE1PPBAB99K7X0G0J686QQYP.pcat_01KE1PPVM97MY0BBVK3Y2GJDZS.pcat_01KE1PPW2BVWTG2WWE4YW4MENM.pcat_01KE1PPWX3JMZTA8HB5H0Y2D2J",True,False,12,"pcat_01KE1PPW2BVWTG2WWE4YW4MENM","2026-01-03 10:33:35.908+00","2026-01-03 10:33:35.908+00",NULL,"{""original_id"": ""172539"", ""original_path"": ""Electronics > Accessories & Supplies > Computer Accessories > Blank Media > Minidiscs"", ""original_level"": 4}"
"pcat_01KE1PPWZ3XEFJ2HP3RKRTG4RA","Zip Discs","","zip-discs","pcat_01KE1PPB81J41E4DHBVBSK81D1.pcat_01KE1PPBAB99K7X0G0J686QQYP.pcat_01KE1PPVM97MY0BBVK3Y2GJDZS.pcat_01KE1PPW2BVWTG2WWE4YW4MENM.pcat_01KE1PPWZ3XEFJ2HP3RKRTG4RA",True,False,13,"pcat_01KE1PPW2BVWTG2WWE4YW4MENM","2026-01-03 10:33:35.971+00","2026-01-03 10:33:35.971+00",NULL,"{""original_id"": ""172462"", ""original_path"": ""Electronics > Accessories & Supplies > Computer Accessories > Blank Media > Zip Discs"", ""original_level"": 4}"
"pcat_01KE1PPX1AG1QNNAPBB1ZBNHCM","Blue Light Blocking Glasses","","blue-light-blocking-glasses","pcat_01KE1PPB81J41E4DHBVBSK81D1.pcat_01KE1PPBAB99K7X0G0J686QQYP.pcat_01KE1PPVM97MY0BBVK3Y2GJDZS.pcat_01KE1PPX1AG1QNNAPBB1ZBNHCM",True,False,2,"pcat_01KE1PPVM97MY0BBVK3Y2GJDZS","2026-01-03 10:33:36.042+00","2026-01-03 10:33:36.042+00",NULL,"{""original_id"": ""17919093011"", ""original_path"": ""Electronics > Accessories & Supplies > Computer Accessories > Blue Light Blocking Glasses"", ""original_level"": 3}"
"pcat_01KE1PPX3DRBQQZZS16QB4R5GH","Cable Security Devices","","cable-security-devices","pcat_01KE1PPB81J41E4DHBVBSK81D1.pcat_01KE1PPBAB99K7X0G0J686QQYP.pcat_01KE1PPVM97MY0BBVK3Y2GJDZS.pcat_01KE1PPX3DRBQQZZS16QB4R5GH",True,False,3,"pcat_01KE1PPVM97MY0BBVK3Y2GJDZS","2026-01-03 10:33:36.109+00","2026-01-03 10:33:36.109+00",NULL,"{""original_id"": ""11036541"", ""original_path"": ""Electronics > Accessories & Supplies > Computer Accessories > Cable Security Devices"", ""original_level"": 3}"
"pcat_01KE1PPX58FWFRFRFVNFXF89ES","Cables & Interconnects","","cables-interconnects","pcat_01KE1PPB81J41E4DHBVBSK81D1.pcat_01KE1PPBAB99K7X0G0J686QQYP.pcat_01KE1PPVM97MY0BBVK3Y2GJDZS.pcat_01KE1PPX58FWFRFRFVNFXF89ES",True,False,4,"pcat_01KE1PPVM97MY0BBVK3Y2GJDZS","2026-01-03 10:33:36.168+00","2026-01-03 10:33:36.168+00",NULL,"{""original_id"": ""172463"", ""original_path"": ""Electronics > Accessories & Supplies > Computer Accessories > Cables & Interconnects"", ""original_level"": 3}"
"pcat_01KE1PPX7AT6Z3GK1DK9SNB53S","Ethernet Cables","","ethernet-cables","pcat_01KE1PPB81J41E4DHBVBSK81D1.pcat_01KE1PPBAB99K7X0G0J686QQYP.pcat_01KE1PPVM97MY0BBVK3Y2GJDZS.pcat_01KE1PPX58FWFRFRFVNFXF89ES.pcat_01KE1PPX7AT6Z3GK1DK9SNB53S",True,False,0,"pcat_01KE1PPX58FWFRFRFVNFXF89ES","2026-01-03 10:33:36.234+00","2026-01-03 10:33:36.234+00",NULL,"{""original_id"": ""464398"", ""original_path"": ""Electronics > Accessories & Supplies > Computer Accessories > Cables & Interconnects > Ethernet Cables"", ""original_level"": 4}"
"pcat_01KE1PPXA6SJTGEWSK6EZ965W9","Cat 5 Cables","","cat-5-cables","pcat_01KE1PPB81J41E4DHBVBSK81D1.pcat_01KE1PPBAB99K7X0G0J686QQYP.pcat_01KE1PPVM97MY0BBVK3Y2GJDZS.pcat_01KE1PPX58FWFRFRFVNFXF89ES.pcat_01KE1PPX7AT6Z3GK1DK9SNB53S.pcat_01KE1PPXA6SJTGEWSK6EZ965W9",True,False,0,"pcat_01KE1PPX7AT6Z3GK1DK9SNB53S","2026-01-03 10:33:36.327+00","2026-01-03 10:33:36.327+00",NULL,"{""original_id"": ""9938476011"", ""original_path"": ""Electronics > Accessories & Supplies > Computer Accessories > Cables & Interconnects > Ethernet Cables > Cat 5 Cables"", ""original_level"": 0}"
"pcat_01KE1PQVRY1P59ERG0391TEBMM","Bags","","bags","pcat_01KE1PPB81J41E4DHBVBSK81D1.pcat_01KE1PQNSFKWS419CNSEJ5KZM9.pcat_01KE1PQVN001F48494X0RYCZEY.pcat_01KE1PQVQ07ZSCFW3MXHTTCN0K.pcat_01KE1PQVRY1P59ERG0391TEBMM",True,False,0,"pcat_01KE1PQVQ07ZSCFW3MXHTTCN0K","2026-01-03 10:34:07.518+00","2026-01-06 15:21:24.588+00",NULL,"{""original_id"": ""10032723011"", ""thumb_image"": ""/static/1767431911074--.webp"", ""original_path"": ""Electronics > Computers & Accessories > Tablet Accessories > Bags, Cases & Sleeves > Bags"", ""original_level"": 4}"
"pcat_01KEC4P2ZFDQBB4TFWMMQ0591K","Foot, Hand & Nail Care","","foot-hand-nail-care","pcat_01KEC4P2WST0HX1JQ8YQJT433B.pcat_01KEC4P2ZFDQBB4TFWMMQ0591K",True,False,0,"pcat_01KEC4P2WST0HX1JQ8YQJT433B","2026-01-07 11:50:13.743+00","2026-01-07 11:50:13.743+00",NULL,"{""original_id"": ""17242866011"", ""original_path"": ""Beauty > Foot, Hand & Nail Care"", ""original_level"": 1}"
"pcat_01KEC4P31WETHABMYTK8RNREWF","Foot & Hand Care","","foot-hand-care","pcat_01KEC4P2WST0HX1JQ8YQJT433B.pcat_01KEC4P2ZFDQBB4TFWMMQ0591K.pcat_01KEC4P31WETHABMYTK8RNREWF",True,False,0,"pcat_01KEC4P2ZFDQBB4TFWMMQ0591K","2026-01-07 11:50:13.82+00","2026-01-07 11:50:13.82+00",NULL,"{""original_id"": ""11062211"", ""original_path"": ""Beauty > Foot, Hand & Nail Care > Foot & Hand Care"", ""original_level"": 2}"
"pcat_01KEC4P33RPH0C461SM6P59M82","Foot Creams & Lotions","","foot-creams-lotions","pcat_01KEC4P2WST0HX1JQ8YQJT433B.pcat_01KEC4P2ZFDQBB4TFWMMQ0591K.pcat_01KEC4P31WETHABMYTK8RNREWF.pcat_01KEC4P33RPH0C461SM6P59M82",True,False,0,"pcat_01KEC4P31WETHABMYTK8RNREWF","2026-01-07 11:50:13.88+00","2026-01-07 11:50:13.88+00",NULL,"{""original_id"": ""3780041"", ""original_path"": ""Beauty > Foot, Hand & Nail Care > Foot & Hand Care > Foot Creams & Lotions"", ""original_level"": 3}"
"pcat_01KEC4P35YN25Y89R6ZBFEB3G9","Foot Masks","","foot-masks","pcat_01KEC4P2WST0HX1JQ8YQJT433B.pcat_01KEC4P2ZFDQBB4TFWMMQ0591K.pcat_01KEC4P31WETHABMYTK8RNREWF.pcat_01KEC4P35YN25Y89R6ZBFEB3G9",True,False,1,"pcat_01KEC4P31WETHABMYTK8RNREWF","2026-01-07 11:50:13.95+00","2026-01-07 11:50:13.95+00",NULL,"{""original_id"": ""17701648011"", ""original_path"": ""Beauty > Foot, Hand & Nail Care > Foot & Hand Care > Foot Masks"", ""original_level"": 3}"
"pcat_01KEC4P389BP00QAPWBYXX9WP3","Hand Creams & Lotions","","hand-creams-lotions","pcat_01KEC4P2WST0HX1JQ8YQJT433B.pcat_01KEC4P2ZFDQBB4TFWMMQ0591K.pcat_01KEC4P31WETHABMYTK8RNREWF.pcat_01KEC4P389BP00QAPWBYXX9WP3",True,False,2,"pcat_01KEC4P31WETHABMYTK8RNREWF","2026-01-07 11:50:14.025+00","2026-01-07 11:50:14.025+00",NULL,"{""original_id"": ""11062261"", ""original_path"": ""Beauty > Foot, Hand & Nail Care > Foot & Hand Care > Hand Creams & Lotions"", ""original_level"": 3}"
"pcat_01KEC4P3A0RP2FPDG7VTQK43V7","Hand Wash","","hand-wash","pcat_01KEC4P2WST0HX1JQ8YQJT433B.pcat_01KEC4P2ZFDQBB4TFWMMQ0591K.pcat_01KEC4P31WETHABMYTK8RNREWF.pcat_01KEC4P3A0RP2FPDG7VTQK43V7",True,False,3,"pcat_01KEC4P31WETHABMYTK8RNREWF","2026-01-07 11:50:14.08+00","2026-01-07 11:50:14.08+00",NULL,"{""original_id"": ""11062271"", ""original_path"": ""Beauty > Foot, Hand & Nail Care > Foot & Hand Care > Hand Wash"", ""original_level"": 3}"
"pcat_01KEC4P3BXVD77MDYFM4WG6P01","Moisturizing Gloves","","moisturizing-gloves","pcat_01KEC4P2WST0HX1JQ8YQJT433B.pcat_01KEC4P2ZFDQBB4TFWMMQ0591K.pcat_01KEC4P31WETHABMYTK8RNREWF.pcat_01KEC4P3BXVD77MDYFM4WG6P01",True,False,4,"pcat_01KEC4P31WETHABMYTK8RNREWF","2026-01-07 11:50:14.141+00","2026-01-07 11:50:14.141+00",NULL,"{""original_id"": ""11062281"", ""original_path"": ""Beauty > Foot, Hand & Nail Care > Foot & Hand Care > Moisturizing Gloves"", ""original_level"": 3}"
"pcat_01KEC4P3DXBQG283K0MWMAG1PY","Moisturizing Socks","","moisturizing-socks","pcat_01KEC4P2WST0HX1JQ8YQJT433B.pcat_01KEC4P2ZFDQBB4TFWMMQ0591K.pcat_01KEC4P31WETHABMYTK8RNREWF.pcat_01KEC4P3DXBQG283K0MWMAG1PY",True,False,5,"pcat_01KEC4P31WETHABMYTK8RNREWF","2026-01-07 11:50:14.205+00","2026-01-07 11:50:14.205+00",NULL,"{""original_id"": ""390141011"", ""original_path"": ""Beauty > Foot, Hand & Nail Care > Foot & Hand Care > Moisturizing Socks"", ""original_level"": 3}"
"pcat_01KEC4P3GH601BEWACFRDTGGCR","Paraffin Baths","","paraffin-baths","pcat_01KEC4P2WST0HX1JQ8YQJT433B.pcat_01KEC4P2ZFDQBB4TFWMMQ0591K.pcat_01KEC4P31WETHABMYTK8RNREWF.pcat_01KEC4P3GH601BEWACFRDTGGCR",True,False,6,"pcat_01KEC4P31WETHABMYTK8RNREWF","2026-01-07 11:50:14.29+00","2026-01-07 11:50:14.29+00",NULL,"{""original_id"": ""3787271"", ""original_path"": ""Beauty > Foot, Hand & Nail Care > Foot & Hand Care > Paraffin Baths"", ""original_level"": 3}"
"pcat_01KEC4P3J91W66C9S3C4C0MYCN","Salts & Soaks","","salts-soaks","pcat_01KEC4P2WST0HX1JQ8YQJT433B.pcat_01KEC4P2ZFDQBB4TFWMMQ0591K.pcat_01KEC4P31WETHABMYTK8RNREWF.pcat_01KEC4P3J91W66C9S3C4C0MYCN",True,False,7,"pcat_01KEC4P31WETHABMYTK8RNREWF","2026-01-07 11:50:14.345+00","2026-01-07 11:50:14.345+00",NULL,"{""original_id"": ""17269968011"", ""original_path"": ""Beauty > Foot, Hand & Nail Care > Foot & Hand Care > Salts & Soaks"", ""original_level"": 3}"
"pcat_01KEC4P3MAAKH8ZFJM6768EZ2S","Scrubs","","scrubs","pcat_01KEC4P2WST0HX1JQ8YQJT433B.pcat_01KEC4P2ZFDQBB4TFWMMQ0591K.pcat_01KEC4P31WETHABMYTK8RNREWF.pcat_01KEC4P3MAAKH8ZFJM6768EZ2S",True,False,8,"pcat_01KEC4P31WETHABMYTK8RNREWF","2026-01-07 11:50:14.411+00","2026-01-07 11:50:14.411+00",NULL,"{""original_id"": ""17269969011"", ""original_path"": ""Beauty > Foot, Hand & Nail Care > Foot & Hand Care > Scrubs"", ""original_level"": 3}"
"pcat_01KEC4P3P1R6Z3TG1TVYF122AR","Nail Art & Polish","","nail-art-polish","pcat_01KEC4P2WST0HX1JQ8YQJT433B.pcat_01KEC4P2ZFDQBB4TFWMMQ0591K.pcat_01KEC4P3P1R6Z3TG1TVYF122AR",True,False,1,"pcat_01KEC4P2ZFDQBB4TFWMMQ0591K","2026-01-07 11:50:14.465+00","2026-01-07 11:50:14.465+00",NULL,"{""original_id"": ""11059311"", ""original_path"": ""Beauty > Foot, Hand & Nail Care > Nail Art & Polish"", ""original_level"": 2}"
"pcat_01KEC4P3RFH5XAN39JN7JEGKBQ","Base & Top Coats","","base-top-coats","pcat_01KEC4P2WST0HX1JQ8YQJT433B.pcat_01KEC4P2ZFDQBB4TFWMMQ0591K.pcat_01KEC4P3P1R6Z3TG1TVYF122AR.pcat_01KEC4P3RFH5XAN39JN7JEGKBQ",True,False,0,"pcat_01KEC4P3P1R6Z3TG1TVYF122AR","2026-01-07 11:50:14.543+00","2026-01-07 11:50:14.543+00",NULL,"{""original_id"": ""17269950011"", ""original_path"": ""Beauty > Foot, Hand & Nail Care > Nail Art & Polish > Base & Top Coats"", ""original_level"": 3}"
"pcat_01KEC4P3TP5YSA5SDDDF8NZSY4","Base Coat","","base-coat","pcat_01KEC4P2WST0HX1JQ8YQJT433B.pcat_01KEC4P2ZFDQBB4TFWMMQ0591K.pcat_01KEC4P3P1R6Z3TG1TVYF122AR.pcat_01KEC4P3RFH5XAN39JN7JEGKBQ.pcat_01KEC4P3TP5YSA5SDDDF8NZSY4",True,False,0,"pcat_01KEC4P3RFH5XAN39JN7JEGKBQ","2026-01-07 11:50:14.614+00","2026-01-07 11:50:14.614+00",NULL,"{""original_id"": ""17269952011"", ""original_path"": ""Beauty > Foot, Hand & Nail Care > Nail Art & Polish > Base & Top Coats > Base Coat"", ""original_level"": 4}"
"pcat_01KE1PPBAB99K7X0G0J686QQYP","Accessories & Supplies","","accessories-supplies","pcat_01KE1PPB81J41E4DHBVBSK81D1.pcat_01KE1PPBAB99K7X0G0J686QQYP",True,False,0,"pcat_01KE1PPB81J41E4DHBVBSK81D1","2026-01-03 10:33:17.899+00","2026-01-03 10:33:17.899+00",NULL,"{""original_id"": ""281407"", ""original_path"": ""Electronics > Accessories & Supplies"", ""original_level"": 1}"
"pcat_01KEC4P3WMF5GYVGJMD9R5DR0P","Combination Base & Top Coats","","combination-base-top-coats","pcat_01KEC4P2WST0HX1JQ8YQJT433B.pcat_01KEC4P2ZFDQBB4TFWMMQ0591K.pcat_01KEC4P3P1R6Z3TG1TVYF122AR.pcat_01KEC4P3RFH5XAN39JN7JEGKBQ.pcat_01KEC4P3WMF5GYVGJMD9R5DR0P",True,False,1,"pcat_01KEC4P3RFH5XAN39JN7JEGKBQ","2026-01-07 11:50:14.676+00","2026-01-07 11:50:14.676+00",NULL,"{""original_id"": ""11059361"", ""original_path"": ""Beauty > Foot, Hand & Nail Care > Nail Art & Polish > Base & Top Coats > Combination Base & Top Coats"", ""original_level"": 4}"
"pcat_01KEC4P3YGK7GDQ9B0X8KW8TX3","Top Coat","","top-coat","pcat_01KEC4P2WST0HX1JQ8YQJT433B.pcat_01KEC4P2ZFDQBB4TFWMMQ0591K.pcat_01KEC4P3P1R6Z3TG1TVYF122AR.pcat_01KEC4P3RFH5XAN39JN7JEGKBQ.pcat_01KEC4P3YGK7GDQ9B0X8KW8TX3",True,False,2,"pcat_01KEC4P3RFH5XAN39JN7JEGKBQ","2026-01-07 11:50:14.737+00","2026-01-07 11:50:14.737+00",NULL,"{""original_id"": ""17269951011"", ""original_path"": ""Beauty > Foot, Hand & Nail Care > Nail Art & Polish > Base & Top Coats > Top Coat"", ""original_level"": 4}"
"pcat_01KEC4P40CC5K5ZB0G4C4H7ZFQ","Curing Lamps","","curing-lamps","pcat_01KEC4P2WST0HX1JQ8YQJT433B.pcat_01KEC4P2ZFDQBB4TFWMMQ0591K.pcat_01KEC4P3P1R6Z3TG1TVYF122AR.pcat_01KEC4P40CC5K5ZB0G4C4H7ZFQ",True,False,1,"pcat_01KEC4P3P1R6Z3TG1TVYF122AR","2026-01-07 11:50:14.796+00","2026-01-07 11:50:14.796+00",NULL,"{""original_id"": ""13861691011"", ""original_path"": ""Beauty > Foot, Hand & Nail Care > Nail Art & Polish > Curing Lamps"", ""original_level"": 3}"
"pcat_01KEC4P4243V47WDFRDYJ7PVF1","False Nails & Accessories","","false-nails-accessories","pcat_01KEC4P2WST0HX1JQ8YQJT433B.pcat_01KEC4P2ZFDQBB4TFWMMQ0591K.pcat_01KEC4P3P1R6Z3TG1TVYF122AR.pcat_01KEC4P4243V47WDFRDYJ7PVF1",True,False,2,"pcat_01KEC4P3P1R6Z3TG1TVYF122AR","2026-01-07 11:50:14.852+00","2026-01-07 11:50:14.852+00",NULL,"{""original_id"": ""16261986011"", ""original_path"": ""Beauty > Foot, Hand & Nail Care > Nail Art & Polish > False Nails & Accessories"", ""original_level"": 3}"
"pcat_01KEC4P43V9C5YND0XB2SPRBNQ","Acrylic Nail Tools","","acrylic-nail-tools","pcat_01KEC4P2WST0HX1JQ8YQJT433B.pcat_01KEC4P2ZFDQBB4TFWMMQ0591K.pcat_01KEC4P3P1R6Z3TG1TVYF122AR.pcat_01KEC4P4243V47WDFRDYJ7PVF1.pcat_01KEC4P43V9C5YND0XB2SPRBNQ",True,False,0,"pcat_01KEC4P4243V47WDFRDYJ7PVF1","2026-01-07 11:50:14.907+00","2026-01-07 11:50:14.907+00",NULL,"{""original_id"": ""13861682011"", ""original_path"": ""Beauty > Foot, Hand & Nail Care > Nail Art & Polish > False Nails & Accessories > Acrylic Nail Tools"", ""original_level"": 4}"
"pcat_01KEC4P45G5T4RWSS0TVGJ7D25","Acrylic Powders & Liquids","","acrylic-powders-liquids","pcat_01KEC4P2WST0HX1JQ8YQJT433B.pcat_01KEC4P2ZFDQBB4TFWMMQ0591K.pcat_01KEC4P3P1R6Z3TG1TVYF122AR.pcat_01KEC4P4243V47WDFRDYJ7PVF1.pcat_01KEC4P45G5T4RWSS0TVGJ7D25",True,False,1,"pcat_01KEC4P4243V47WDFRDYJ7PVF1","2026-01-07 11:50:14.96+00","2026-01-07 11:50:14.961+00",NULL,"{""original_id"": ""17269962011"", ""original_path"": ""Beauty > Foot, Hand & Nail Care > Nail Art & Polish > False Nails & Accessories > Acrylic Powders & Liquids"", ""original_level"": 4}"
"pcat_01KEC4P477W0G3WQMB6CJR6M9V","False Nails","","false-nails","pcat_01KEC4P2WST0HX1JQ8YQJT433B.pcat_01KEC4P2ZFDQBB4TFWMMQ0591K.pcat_01KEC4P3P1R6Z3TG1TVYF122AR.pcat_01KEC4P4243V47WDFRDYJ7PVF1.pcat_01KEC4P477W0G3WQMB6CJR6M9V",True,False,2,"pcat_01KEC4P4243V47WDFRDYJ7PVF1","2026-01-07 11:50:15.015+00","2026-01-07 11:50:15.015+00",NULL,"{""original_id"": ""3784781"", ""original_path"": ""Beauty > Foot, Hand & Nail Care > Nail Art & Polish > False Nails & Accessories > False Nails"", ""original_level"": 4}"
"pcat_01KEC4P492SB0MDTQ26T0XNHAC","Nail Glue","","nail-glue","pcat_01KEC4P2WST0HX1JQ8YQJT433B.pcat_01KEC4P2ZFDQBB4TFWMMQ0591K.pcat_01KEC4P3P1R6Z3TG1TVYF122AR.pcat_01KEC4P4243V47WDFRDYJ7PVF1.pcat_01KEC4P492SB0MDTQ26T0XNHAC",True,False,3,"pcat_01KEC4P4243V47WDFRDYJ7PVF1","2026-01-07 11:50:15.074+00","2026-01-07 11:50:15.074+00",NULL,"{""original_id"": ""17269963011"", ""original_path"": ""Beauty > Foot, Hand & Nail Care > Nail Art & Polish > False Nails & Accessories > Nail Glue"", ""original_level"": 4}"
"pcat_01KEC4P4ARKE5K86PKZVWG2KT8","Nail Tips","","nail-tips","pcat_01KEC4P2WST0HX1JQ8YQJT433B.pcat_01KEC4P2ZFDQBB4TFWMMQ0591K.pcat_01KEC4P3P1R6Z3TG1TVYF122AR.pcat_01KEC4P4243V47WDFRDYJ7PVF1.pcat_01KEC4P4ARKE5K86PKZVWG2KT8",True,False,4,"pcat_01KEC4P4243V47WDFRDYJ7PVF1","2026-01-07 11:50:15.128+00","2026-01-07 11:50:15.128+00",NULL,"{""original_id"": ""13861684011"", ""original_path"": ""Beauty > Foot, Hand & Nail Care > Nail Art & Polish > False Nails & Accessories > Nail Tips"", ""original_level"": 4}"
"pcat_01KEC4P4CD776KQZPKMNW7H6HS","Nail Art Accessories","","nail-art-accessories","pcat_01KEC4P2WST0HX1JQ8YQJT433B.pcat_01KEC4P2ZFDQBB4TFWMMQ0591K.pcat_01KEC4P3P1R6Z3TG1TVYF122AR.pcat_01KEC4P4CD776KQZPKMNW7H6HS",True,False,3,"pcat_01KEC4P3P1R6Z3TG1TVYF122AR","2026-01-07 11:50:15.181+00","2026-01-07 11:50:15.181+00",NULL,"{""original_id"": ""13106071"", ""original_path"": ""Beauty > Foot, Hand & Nail Care > Nail Art & Polish > Nail Art Accessories"", ""original_level"": 3}"
"pcat_01KEC4P4E0NDGYEHT95704HECC","Decoration Kits","","decoration-kits","pcat_01KEC4P2WST0HX1JQ8YQJT433B.pcat_01KEC4P2ZFDQBB4TFWMMQ0591K.pcat_01KEC4P3P1R6Z3TG1TVYF122AR.pcat_01KEC4P4CD776KQZPKMNW7H6HS.pcat_01KEC4P4E0NDGYEHT95704HECC",True,False,0,"pcat_01KEC4P4CD776KQZPKMNW7H6HS","2026-01-07 11:50:15.232+00","2026-01-07 11:50:15.232+00",NULL,"{""original_id"": ""17269953011"", ""original_path"": ""Beauty > Foot, Hand & Nail Care > Nail Art & Polish > Nail Art Accessories > Decoration Kits"", ""original_level"": 4}"
"pcat_01KEC4P4FYT5DHVFKW94W9PJGB","Fimo","","fimo","pcat_01KEC4P2WST0HX1JQ8YQJT433B.pcat_01KEC4P2ZFDQBB4TFWMMQ0591K.pcat_01KEC4P3P1R6Z3TG1TVYF122AR.pcat_01KEC4P4CD776KQZPKMNW7H6HS.pcat_01KEC4P4FYT5DHVFKW94W9PJGB",True,False,1,"pcat_01KEC4P4CD776KQZPKMNW7H6HS","2026-01-07 11:50:15.294+00","2026-01-07 11:50:15.294+00",NULL,"{""original_id"": ""17269954011"", ""original_path"": ""Beauty > Foot, Hand & Nail Care > Nail Art & Polish > Nail Art Accessories > Fimo"", ""original_level"": 4}"
"pcat_01KEC4P4HRWS67QPAT8M23FQZS","Glitters","","glitters","pcat_01KEC4P2WST0HX1JQ8YQJT433B.pcat_01KEC4P2ZFDQBB4TFWMMQ0591K.pcat_01KEC4P3P1R6Z3TG1TVYF122AR.pcat_01KEC4P4CD776KQZPKMNW7H6HS.pcat_01KEC4P4HRWS67QPAT8M23FQZS",True,False,2,"pcat_01KEC4P4CD776KQZPKMNW7H6HS","2026-01-07 11:50:15.352+00","2026-01-07 11:50:15.352+00",NULL,"{""original_id"": ""17269955011"", ""original_path"": ""Beauty > Foot, Hand & Nail Care > Nail Art & Polish > Nail Art Accessories > Glitters"", ""original_level"": 4}"
"pcat_01KEC4P4KQCVAWGP787RSYE8DX","Pearls","","pearls","pcat_01KEC4P2WST0HX1JQ8YQJT433B.pcat_01KEC4P2ZFDQBB4TFWMMQ0591K.pcat_01KEC4P3P1R6Z3TG1TVYF122AR.pcat_01KEC4P4CD776KQZPKMNW7H6HS.pcat_01KEC4P4KQCVAWGP787RSYE8DX",True,False,3,"pcat_01KEC4P4CD776KQZPKMNW7H6HS","2026-01-07 11:50:15.415+00","2026-01-07 11:50:15.415+00",NULL,"{""original_id"": ""17269956011"", ""original_path"": ""Beauty > Foot, Hand & Nail Care > Nail Art & Polish > Nail Art Accessories > Pearls"", ""original_level"": 4}"
"pcat_01KEC4P4NQ5KC1KW0A515EAJM2","Rhinestones","","rhinestones","pcat_01KEC4P2WST0HX1JQ8YQJT433B.pcat_01KEC4P2ZFDQBB4TFWMMQ0591K.pcat_01KEC4P3P1R6Z3TG1TVYF122AR.pcat_01KEC4P4CD776KQZPKMNW7H6HS.pcat_01KEC4P4NQ5KC1KW0A515EAJM2",True,False,4,"pcat_01KEC4P4CD776KQZPKMNW7H6HS","2026-01-07 11:50:15.479+00","2026-01-07 11:50:15.479+00",NULL,"{""original_id"": ""17269957011"", ""original_path"": ""Beauty > Foot, Hand & Nail Care > Nail Art & Polish > Nail Art Accessories > Rhinestones"", ""original_level"": 4}"
"pcat_01KEC4P4R90Z8JXG44SYVB64VJ","Stickers & Decals","","stickers-decals","pcat_01KEC4P2WST0HX1JQ8YQJT433B.pcat_01KEC4P2ZFDQBB4TFWMMQ0591K.pcat_01KEC4P3P1R6Z3TG1TVYF122AR.pcat_01KEC4P4CD776KQZPKMNW7H6HS.pcat_01KEC4P4R90Z8JXG44SYVB64VJ",True,False,5,"pcat_01KEC4P4CD776KQZPKMNW7H6HS","2026-01-07 11:50:15.561+00","2026-01-07 11:50:15.561+00",NULL,"{""original_id"": ""17269958011"", ""original_path"": ""Beauty > Foot, Hand & Nail Care > Nail Art & Polish > Nail Art Accessories > Stickers & Decals"", ""original_level"": 4}"
"pcat_01KEC4P4T0805BECYSV9FY4TGR","Striping Tape Lines","","striping-tape-lines","pcat_01KEC4P2WST0HX1JQ8YQJT433B.pcat_01KEC4P2ZFDQBB4TFWMMQ0591K.pcat_01KEC4P3P1R6Z3TG1TVYF122AR.pcat_01KEC4P4CD776KQZPKMNW7H6HS.pcat_01KEC4P4T0805BECYSV9FY4TGR",True,False,6,"pcat_01KEC4P4CD776KQZPKMNW7H6HS","2026-01-07 11:50:15.616+00","2026-01-07 11:50:15.616+00",NULL,"{""original_id"": ""17269959011"", ""original_path"": ""Beauty > Foot, Hand & Nail Care > Nail Art & Polish > Nail Art Accessories > Striping Tape Lines"", ""original_level"": 4}"
"pcat_01KEC4P4VR6WV5VB1XZMP7XRWH","Studs","","studs","pcat_01KEC4P2WST0HX1JQ8YQJT433B.pcat_01KEC4P2ZFDQBB4TFWMMQ0591K.pcat_01KEC4P3P1R6Z3TG1TVYF122AR.pcat_01KEC4P4CD776KQZPKMNW7H6HS.pcat_01KEC4P4VR6WV5VB1XZMP7XRWH",True,False,7,"pcat_01KEC4P4CD776KQZPKMNW7H6HS","2026-01-07 11:50:15.672+00","2026-01-07 11:50:15.672+00",NULL,"{""original_id"": ""17269960011"", ""original_path"": ""Beauty > Foot, Hand & Nail Care > Nail Art & Polish > Nail Art Accessories > Studs"", ""original_level"": 4}"
"pcat_01KEC4P4XE5YXJAH2EF01F7VD5","Wraps","","wraps","pcat_01KEC4P2WST0HX1JQ8YQJT433B.pcat_01KEC4P2ZFDQBB4TFWMMQ0591K.pcat_01KEC4P3P1R6Z3TG1TVYF122AR.pcat_01KEC4P4CD776KQZPKMNW7H6HS.pcat_01KEC4P4XE5YXJAH2EF01F7VD5",True,False,8,"pcat_01KEC4P4CD776KQZPKMNW7H6HS","2026-01-07 11:50:15.726+00","2026-01-07 11:50:15.726+00",NULL,"{""original_id"": ""17269961011"", ""original_path"": ""Beauty > Foot, Hand & Nail Care > Nail Art & Polish > Nail Art Accessories > Wraps"", ""original_level"": 4}"
"pcat_01KEC4P4ZBGFEPP909JKP7TDZY","Nail Brushes","","nail-brushes","pcat_01KEC4P2WST0HX1JQ8YQJT433B.pcat_01KEC4P2ZFDQBB4TFWMMQ0591K.pcat_01KEC4P3P1R6Z3TG1TVYF122AR.pcat_01KEC4P4ZBGFEPP909JKP7TDZY",True,False,4,"pcat_01KEC4P3P1R6Z3TG1TVYF122AR","2026-01-07 11:50:15.787+00","2026-01-07 11:50:15.787+00",NULL,"{""original_id"": ""11063531"", ""original_path"": ""Beauty > Foot, Hand & Nail Care > Nail Art & Polish > Nail Brushes"", ""original_level"": 3}"
"pcat_01KEC4P515DNQCGW4B28D5WFA4","Nail Dryers","","nail-dryers","pcat_01KEC4P2WST0HX1JQ8YQJT433B.pcat_01KEC4P2ZFDQBB4TFWMMQ0591K.pcat_01KEC4P3P1R6Z3TG1TVYF122AR.pcat_01KEC4P515DNQCGW4B28D5WFA4",True,False,5,"pcat_01KEC4P3P1R6Z3TG1TVYF122AR","2026-01-07 11:50:15.845+00","2026-01-07 11:50:15.845+00",NULL,"{""original_id"": ""3784801"", ""original_path"": ""Beauty > Foot, Hand & Nail Care > Nail Art & Polish > Nail Dryers"", ""original_level"": 3}"
"pcat_01KEC4P533HANJE8A425B2ZWJE","Nail Polish","","nail-polish","pcat_01KEC4P2WST0HX1JQ8YQJT433B.pcat_01KEC4P2ZFDQBB4TFWMMQ0591K.pcat_01KEC4P3P1R6Z3TG1TVYF122AR.pcat_01KEC4P533HANJE8A425B2ZWJE",True,False,6,"pcat_01KEC4P3P1R6Z3TG1TVYF122AR","2026-01-07 11:50:15.908+00","2026-01-07 11:50:15.908+00",NULL,"{""original_id"": ""11059321"", ""original_path"": ""Beauty > Foot, Hand & Nail Care > Nail Art & Polish > Nail Polish"", ""original_level"": 3}"
"pcat_01KEC4P55G04ZZFCYS9JBC4SGS","Nail Polish Remover","","nail-polish-remover","pcat_01KEC4P2WST0HX1JQ8YQJT433B.pcat_01KEC4P2ZFDQBB4TFWMMQ0591K.pcat_01KEC4P3P1R6Z3TG1TVYF122AR.pcat_01KEC4P55G04ZZFCYS9JBC4SGS",True,False,7,"pcat_01KEC4P3P1R6Z3TG1TVYF122AR","2026-01-07 11:50:15.984+00","2026-01-07 11:50:15.984+00",NULL,"{""original_id"": ""11059371"", ""original_path"": ""Beauty > Foot, Hand & Nail Care > Nail Art & Polish > Nail Polish Remover"", ""original_level"": 3}"
"pcat_01KEC4P57DPBMG3KPYRAKD00MJ","Nail Thickening Solution","","nail-thickening-solution","pcat_01KEC4P2WST0HX1JQ8YQJT433B.pcat_01KEC4P2ZFDQBB4TFWMMQ0591K.pcat_01KEC4P3P1R6Z3TG1TVYF122AR.pcat_01KEC4P57DPBMG3KPYRAKD00MJ",True,False,8,"pcat_01KEC4P3P1R6Z3TG1TVYF122AR","2026-01-07 11:50:16.045+00","2026-01-07 11:50:16.045+00",NULL,"{""original_id"": ""3782871"", ""original_path"": ""Beauty > Foot, Hand & Nail Care > Nail Art & Polish > Nail Thickening Solution"", ""original_level"": 3}"
"pcat_01KEC4P59FY5XY3CXGVFFKJG33","Nail Care","","nail-care","pcat_01KEC4P2WST0HX1JQ8YQJT433B.pcat_01KEC4P2ZFDQBB4TFWMMQ0591K.pcat_01KEC4P59FY5XY3CXGVFFKJG33",True,False,2,"pcat_01KEC4P2ZFDQBB4TFWMMQ0591K","2026-01-07 11:50:16.111+00","2026-01-07 11:50:16.111+00",NULL,"{""original_id"": ""11062291"", ""original_path"": ""Beauty > Foot, Hand & Nail Care > Nail Care"", ""original_level"": 2}"
"pcat_01KEC4P5B8MXXXCW6YQHWF1DNA","Cuticle Care","","cuticle-care","pcat_01KEC4P2WST0HX1JQ8YQJT433B.pcat_01KEC4P2ZFDQBB4TFWMMQ0591K.pcat_01KEC4P59FY5XY3CXGVFFKJG33.pcat_01KEC4P5B8MXXXCW6YQHWF1DNA",True,False,0,"pcat_01KEC4P59FY5XY3CXGVFFKJG33","2026-01-07 11:50:16.168+00","2026-01-07 11:50:16.168+00",NULL,"{""original_id"": ""11062221"", ""original_path"": ""Beauty > Foot, Hand & Nail Care > Nail Care > Cuticle Care"", ""original_level"": 3}"
"pcat_01KEC4P5D9VWC3SPDYSVKNHSK4","Cuticle Oils","","cuticle-oils","pcat_01KEC4P2WST0HX1JQ8YQJT433B.pcat_01KEC4P2ZFDQBB4TFWMMQ0591K.pcat_01KEC4P59FY5XY3CXGVFFKJG33.pcat_01KEC4P5B8MXXXCW6YQHWF1DNA.pcat_01KEC4P5D9VWC3SPDYSVKNHSK4",True,False,0,"pcat_01KEC4P5B8MXXXCW6YQHWF1DNA","2026-01-07 11:50:16.233+00","2026-01-07 11:50:16.233+00",NULL,"{""original_id"": ""19171614011"", ""original_path"": ""Beauty > Foot, Hand & Nail Care > Nail Care > Cuticle Care > Cuticle Oils"", ""original_level"": 4}"
"pcat_01KEC4P5F508ET7FA32J8SJ856","Cuticle Removing Fluids","","cuticle-removing-fluids","pcat_01KEC4P2WST0HX1JQ8YQJT433B.pcat_01KEC4P2ZFDQBB4TFWMMQ0591K.pcat_01KEC4P59FY5XY3CXGVFFKJG33.pcat_01KEC4P5B8MXXXCW6YQHWF1DNA.pcat_01KEC4P5F508ET7FA32J8SJ856",True,False,1,"pcat_01KEC4P5B8MXXXCW6YQHWF1DNA","2026-01-07 11:50:16.294+00","2026-01-07 11:50:16.294+00",NULL,"{""original_id"": ""11062241"", ""original_path"": ""Beauty > Foot, Hand & Nail Care > Nail Care > Cuticle Care > Cuticle Removing Fluids"", ""original_level"": 4}"
"pcat_01KEC4P5H1SBBMRBRVGTBQDP3X","Cuticle Repair Creams","","cuticle-repair-creams","pcat_01KEC4P2WST0HX1JQ8YQJT433B.pcat_01KEC4P2ZFDQBB4TFWMMQ0591K.pcat_01KEC4P59FY5XY3CXGVFFKJG33.pcat_01KEC4P5B8MXXXCW6YQHWF1DNA.pcat_01KEC4P5H1SBBMRBRVGTBQDP3X",True,False,2,"pcat_01KEC4P5B8MXXXCW6YQHWF1DNA","2026-01-07 11:50:16.353+00","2026-01-07 11:50:16.353+00",NULL,"{""original_id"": ""19171615011"", ""original_path"": ""Beauty > Foot, Hand & Nail Care > Nail Care > Cuticle Care > Cuticle Repair Creams"", ""original_level"": 4}"
"pcat_01KEC4P5K9TD3VYTQJJB7APD7S","Growth Formula","","growth-formula","pcat_01KEC4P2WST0HX1JQ8YQJT433B.pcat_01KEC4P2ZFDQBB4TFWMMQ0591K.pcat_01KEC4P59FY5XY3CXGVFFKJG33.pcat_01KEC4P5K9TD3VYTQJJB7APD7S",True,False,1,"pcat_01KEC4P59FY5XY3CXGVFFKJG33","2026-01-07 11:50:16.425+00","2026-01-07 11:50:16.425+00",NULL,"{""original_id"": ""11062311"", ""original_path"": ""Beauty > Foot, Hand & Nail Care > Nail Care > Growth Formula"", ""original_level"": 3}"
"pcat_01KEC4P5NEHM6QV8D503PHEXMH","Nail Repair","","nail-repair","pcat_01KEC4P2WST0HX1JQ8YQJT433B.pcat_01KEC4P2ZFDQBB4TFWMMQ0591K.pcat_01KEC4P59FY5XY3CXGVFFKJG33.pcat_01KEC4P5NEHM6QV8D503PHEXMH",True,False,2,"pcat_01KEC4P59FY5XY3CXGVFFKJG33","2026-01-07 11:50:16.494+00","2026-01-07 11:50:16.494+00",NULL,"{""original_id"": ""11062321"", ""original_path"": ""Beauty > Foot, Hand & Nail Care > Nail Care > Nail Repair"", ""original_level"": 3}"
"pcat_01KEC4P5QMPWRGQFDE1JPNK8MD","Nail Strengthening","","nail-strengthening","pcat_01KEC4P2WST0HX1JQ8YQJT433B.pcat_01KEC4P2ZFDQBB4TFWMMQ0591K.pcat_01KEC4P59FY5XY3CXGVFFKJG33.pcat_01KEC4P5QMPWRGQFDE1JPNK8MD",True,False,3,"pcat_01KEC4P59FY5XY3CXGVFFKJG33","2026-01-07 11:50:16.564+00","2026-01-07 11:50:16.564+00",NULL,"{""original_id"": ""11062331"", ""original_path"": ""Beauty > Foot, Hand & Nail Care > Nail Care > Nail Strengthening"", ""original_level"": 3}"
"pcat_01KEC4P5SVY0CQPEQG2EGFKPA4","Nail Whitening","","nail-whitening","pcat_01KEC4P2WST0HX1JQ8YQJT433B.pcat_01KEC4P2ZFDQBB4TFWMMQ0591K.pcat_01KEC4P59FY5XY3CXGVFFKJG33.pcat_01KEC4P5SVY0CQPEQG2EGFKPA4",True,False,4,"pcat_01KEC4P59FY5XY3CXGVFFKJG33","2026-01-07 11:50:16.635+00","2026-01-07 11:50:16.635+00",NULL,"{""original_id"": ""11062341"", ""original_path"": ""Beauty > Foot, Hand & Nail Care > Nail Care > Nail Whitening"", ""original_level"": 3}"
"pcat_01KEC4P5VVZ6YPRG68H77BFHE3","Ridge Filler","","ridge-filler","pcat_01KEC4P2WST0HX1JQ8YQJT433B.pcat_01KEC4P2ZFDQBB4TFWMMQ0591K.pcat_01KEC4P59FY5XY3CXGVFFKJG33.pcat_01KEC4P5VVZ6YPRG68H77BFHE3",True,False,5,"pcat_01KEC4P59FY5XY3CXGVFFKJG33","2026-01-07 11:50:16.699+00","2026-01-07 11:50:16.699+00",NULL,"{""original_id"": ""11062351"", ""original_path"": ""Beauty > Foot, Hand & Nail Care > Nail Care > Ridge Filler"", ""original_level"": 3}"
"pcat_01KEC4P5XZBTC3667Q3EC9ZW3Y","Tools & Accessories","","tools-accessories","pcat_01KEC4P2WST0HX1JQ8YQJT433B.pcat_01KEC4P2ZFDQBB4TFWMMQ0591K.pcat_01KEC4P5XZBTC3667Q3EC9ZW3Y",True,False,3,"pcat_01KEC4P2ZFDQBB4TFWMMQ0591K","2026-01-07 11:50:16.767+00","2026-01-07 11:50:16.767+00",NULL,"{""original_id"": ""11063461"", ""original_path"": ""Beauty > Foot, Hand & Nail Care > Tools & Accessories"", ""original_level"": 2}"
"pcat_01KEC4P5ZVJQ9TZV6TABEGKB6Y","Callus Trimmers","","callus-trimmers","pcat_01KEC4P2WST0HX1JQ8YQJT433B.pcat_01KEC4P2ZFDQBB4TFWMMQ0591K.pcat_01KEC4P5XZBTC3667Q3EC9ZW3Y.pcat_01KEC4P5ZVJQ9TZV6TABEGKB6Y",True,False,0,"pcat_01KEC4P5XZBTC3667Q3EC9ZW3Y","2026-01-07 11:50:16.827+00","2026-01-07 11:50:16.827+00",NULL,"{""original_id"": ""3779971"", ""original_path"": ""Beauty > Foot, Hand & Nail Care > Tools & Accessories > Callus Trimmers"", ""original_level"": 3}"
"pcat_01KEC4P61GBZSM5ZWVNWMWRD4T","Cuticle Tools","","cuticle-tools","pcat_01KEC4P2WST0HX1JQ8YQJT433B.pcat_01KEC4P2ZFDQBB4TFWMMQ0591K.pcat_01KEC4P5XZBTC3667Q3EC9ZW3Y.pcat_01KEC4P61GBZSM5ZWVNWMWRD4T",True,False,1,"pcat_01KEC4P5XZBTC3667Q3EC9ZW3Y","2026-01-07 11:50:16.881+00","2026-01-07 11:50:16.881+00",NULL,"{""original_id"": ""13861679011"", ""original_path"": ""Beauty > Foot, Hand & Nail Care > Tools & Accessories > Cuticle Tools"", ""original_level"": 3}"
"pcat_01KEC4P634F0A314MTNFWMXZQV","Foot Baths & Spas","","foot-baths-spas","pcat_01KEC4P2WST0HX1JQ8YQJT433B.pcat_01KEC4P2ZFDQBB4TFWMMQ0591K.pcat_01KEC4P5XZBTC3667Q3EC9ZW3Y.pcat_01KEC4P634F0A314MTNFWMXZQV",True,False,2,"pcat_01KEC4P5XZBTC3667Q3EC9ZW3Y","2026-01-07 11:50:16.933+00","2026-01-07 11:50:16.933+00",NULL,"{""original_id"": ""15003720011"", ""original_path"": ""Beauty > Foot, Hand & Nail Care > Tools & Accessories > Foot Baths & Spas"", ""original_level"": 3}"
"pcat_01KEC4P656TC10551RZ8GWRJB0","Foot Files","","foot-files","pcat_01KEC4P2WST0HX1JQ8YQJT433B.pcat_01KEC4P2ZFDQBB4TFWMMQ0591K.pcat_01KEC4P5XZBTC3667Q3EC9ZW3Y.pcat_01KEC4P656TC10551RZ8GWRJB0",True,False,3,"pcat_01KEC4P5XZBTC3667Q3EC9ZW3Y","2026-01-07 11:50:16.998+00","2026-01-07 11:50:16.998+00",NULL,"{""original_id"": ""11063611"", ""original_path"": ""Beauty > Foot, Hand & Nail Care > Tools & Accessories > Foot Files"", ""original_level"": 3}"
"pcat_01KEC4P67F0G4TGE044TGY61QK","Foot Pumices","","foot-pumices","pcat_01KEC4P2WST0HX1JQ8YQJT433B.pcat_01KEC4P2ZFDQBB4TFWMMQ0591K.pcat_01KEC4P5XZBTC3667Q3EC9ZW3Y.pcat_01KEC4P67F0G4TGE044TGY61QK",True,False,4,"pcat_01KEC4P5XZBTC3667Q3EC9ZW3Y","2026-01-07 11:50:17.072+00","2026-01-07 11:50:17.072+00",NULL,"{""original_id"": ""13861687011"", ""original_path"": ""Beauty > Foot, Hand & Nail Care > Tools & Accessories > Foot Pumices"", ""original_level"": 3}"
"pcat_01KEC4P697N4GZX2R6X59SFGYE","Nail Art Equipment","","nail-art-equipment","pcat_01KEC4P2WST0HX1JQ8YQJT433B.pcat_01KEC4P2ZFDQBB4TFWMMQ0591K.pcat_01KEC4P5XZBTC3667Q3EC9ZW3Y.pcat_01KEC4P697N4GZX2R6X59SFGYE",True,False,5,"pcat_01KEC4P5XZBTC3667Q3EC9ZW3Y","2026-01-07 11:50:17.127+00","2026-01-07 11:50:17.127+00",NULL,"{""original_id"": ""13106421"", ""original_path"": ""Beauty > Foot, Hand & Nail Care > Tools & Accessories > Nail Art Equipment"", ""original_level"": 3}"
"pcat_01KEC4P6AWWA357N4R835KXHY3","Nail Tools","","nail-tools","pcat_01KEC4P2WST0HX1JQ8YQJT433B.pcat_01KEC4P2ZFDQBB4TFWMMQ0591K.pcat_01KEC4P5XZBTC3667Q3EC9ZW3Y.pcat_01KEC4P6AWWA357N4R835KXHY3",True,False,6,"pcat_01KEC4P5XZBTC3667Q3EC9ZW3Y","2026-01-07 11:50:17.181+00","2026-01-07 11:50:17.181+00",NULL,"{""original_id"": ""17269965011"", ""original_path"": ""Beauty > Foot, Hand & Nail Care > Tools & Accessories > Nail Tools"", ""original_level"": 3}"
"pcat_01KEC4P6CMQY3YNP977ADQE979","Ingrown Toenail Tools","","ingrown-toenail-tools","pcat_01KEC4P2WST0HX1JQ8YQJT433B.pcat_01KEC4P2ZFDQBB4TFWMMQ0591K.pcat_01KEC4P5XZBTC3667Q3EC9ZW3Y.pcat_01KEC4P6AWWA357N4R835KXHY3.pcat_01KEC4P6CMQY3YNP977ADQE979",True,False,0,"pcat_01KEC4P6AWWA357N4R835KXHY3","2026-01-07 11:50:17.237+00","2026-01-07 11:50:17.237+00",NULL,"{""original_id"": ""13861689011"", ""original_path"": ""Beauty > Foot, Hand & Nail Care > Tools & Accessories > Nail Tools > Ingrown Toenail Tools"", ""original_level"": 4}"
"pcat_01KEC4P6E8K5Z8P2XEF2NGE75C","Nail Clippers","","nail-clippers","pcat_01KEC4P2WST0HX1JQ8YQJT433B.pcat_01KEC4P2ZFDQBB4TFWMMQ0591K.pcat_01KEC4P5XZBTC3667Q3EC9ZW3Y.pcat_01KEC4P6AWWA357N4R835KXHY3.pcat_01KEC4P6E8K5Z8P2XEF2NGE75C",True,False,1,"pcat_01KEC4P6AWWA357N4R835KXHY3","2026-01-07 11:50:17.288+00","2026-01-07 11:50:17.288+00",NULL,"{""original_id"": ""11063481"", ""original_path"": ""Beauty > Foot, Hand & Nail Care > Tools & Accessories > Nail Tools > Nail Clippers"", ""original_level"": 4}"
"pcat_01KEC4P6FXZ9HKBH0GA0H1XMP9","Nail Files & Buffers","","nail-files-buffers","pcat_01KEC4P2WST0HX1JQ8YQJT433B.pcat_01KEC4P2ZFDQBB4TFWMMQ0591K.pcat_01KEC4P5XZBTC3667Q3EC9ZW3Y.pcat_01KEC4P6AWWA357N4R835KXHY3.pcat_01KEC4P6FXZ9HKBH0GA0H1XMP9",True,False,2,"pcat_01KEC4P6AWWA357N4R835KXHY3","2026-01-07 11:50:17.341+00","2026-01-07 11:50:17.341+00",NULL,"{""original_id"": ""11063551"", ""original_path"": ""Beauty > Foot, Hand & Nail Care > Tools & Accessories > Nail Tools > Nail Files & Buffers"", ""original_level"": 4}"
"pcat_01KEC4P6HRR6V6AEDR878E30QC","Sets & Kits","","sets-kits","pcat_01KEC4P2WST0HX1JQ8YQJT433B.pcat_01KEC4P2ZFDQBB4TFWMMQ0591K.pcat_01KEC4P5XZBTC3667Q3EC9ZW3Y.pcat_01KEC4P6HRR6V6AEDR878E30QC",True,False,7,"pcat_01KEC4P5XZBTC3667Q3EC9ZW3Y","2026-01-07 11:50:17.4+00","2026-01-07 11:50:17.4+00",NULL,"{""original_id"": ""3784911"", ""original_path"": ""Beauty > Foot, Hand & Nail Care > Tools & Accessories > Sets & Kits"", ""original_level"": 3}"
"pcat_01KEC4P6KNWCQ10VAG8WMSN5ME","Spa Slippers","","spa-slippers","pcat_01KEC4P2WST0HX1JQ8YQJT433B.pcat_01KEC4P2ZFDQBB4TFWMMQ0591K.pcat_01KEC4P5XZBTC3667Q3EC9ZW3Y.pcat_01KEC4P6KNWCQ10VAG8WMSN5ME",True,False,8,"pcat_01KEC4P5XZBTC3667Q3EC9ZW3Y","2026-01-07 11:50:17.461+00","2026-01-07 11:50:17.461+00",NULL,"{""original_id"": ""11063681"", ""original_path"": ""Beauty > Foot, Hand & Nail Care > Tools & Accessories > Spa Slippers"", ""original_level"": 3}"
"pcat_01KEC4P6NE0D8DRQFR3MNDJ0W0","Toe Separators","","toe-separators","pcat_01KEC4P2WST0HX1JQ8YQJT433B.pcat_01KEC4P2ZFDQBB4TFWMMQ0591K.pcat_01KEC4P5XZBTC3667Q3EC9ZW3Y.pcat_01KEC4P6NE0D8DRQFR3MNDJ0W0",True,False,9,"pcat_01KEC4P5XZBTC3667Q3EC9ZW3Y","2026-01-07 11:50:17.518+00","2026-01-07 11:50:17.518+00",NULL,"{""original_id"": ""11063691"", ""original_path"": ""Beauty > Foot, Hand & Nail Care > Tools & Accessories > Toe Separators"", ""original_level"": 3}"
"pcat_01KEC4P6S4QAN40X7Q4BP6AHJY","Children's","","children-s","pcat_01KEC4P2WST0HX1JQ8YQJT433B.pcat_01KEC4P6Q57NGC80BH634TZ2AA.pcat_01KEC4P6S4QAN40X7Q4BP6AHJY",True,False,0,"pcat_01KEC4P6Q57NGC80BH634TZ2AA","2026-01-07 11:50:17.636+00","2026-01-07 11:50:17.636+00",NULL,"{""original_id"": ""11056711"", ""original_path"": ""Beauty > Fragrance > Children's"", ""original_level"": 2}"
"pcat_01KEC4P6V0VSYK0PFZ5FARMVAQ","Dusting Powders","","dusting-powders","pcat_01KEC4P2WST0HX1JQ8YQJT433B.pcat_01KEC4P6Q57NGC80BH634TZ2AA.pcat_01KEC4P6V0VSYK0PFZ5FARMVAQ",True,False,1,"pcat_01KEC4P6Q57NGC80BH634TZ2AA","2026-01-07 11:50:17.696+00","2026-01-07 11:50:17.696+00",NULL,"{""original_id"": ""10292709011"", ""original_path"": ""Beauty > Fragrance > Dusting Powders"", ""original_level"": 2}"
"pcat_01KEC4P6X61TVGQEG32EYEVXQN","Men's","","men-s","pcat_01KEC4P2WST0HX1JQ8YQJT433B.pcat_01KEC4P6Q57NGC80BH634TZ2AA.pcat_01KEC4P6X61TVGQEG32EYEVXQN",True,False,2,"pcat_01KEC4P6Q57NGC80BH634TZ2AA","2026-01-07 11:50:17.766+00","2026-01-07 11:50:17.766+00",NULL,"{""original_id"": ""11056761"", ""original_path"": ""Beauty > Fragrance > Men's"", ""original_level"": 2}"
"pcat_01KEC4P6Z1RVTAG05YZC5JK258","Body Sprays","","body-sprays","pcat_01KEC4P2WST0HX1JQ8YQJT433B.pcat_01KEC4P6Q57NGC80BH634TZ2AA.pcat_01KEC4P6X61TVGQEG32EYEVXQN.pcat_01KEC4P6Z1RVTAG05YZC5JK258",True,False,0,"pcat_01KEC4P6X61TVGQEG32EYEVXQN","2026-01-07 11:50:17.825+00","2026-01-07 11:50:17.825+00",NULL,"{""original_id"": ""16262034011"", ""original_path"": ""Beauty > Fragrance > Men's > Body Sprays"", ""original_level"": 3}"
"pcat_01KEC4P72TJTYM1TCBRJC29GDH","Eau Fraiche","","eau-fraiche","pcat_01KEC4P2WST0HX1JQ8YQJT433B.pcat_01KEC4P6Q57NGC80BH634TZ2AA.pcat_01KEC4P6X61TVGQEG32EYEVXQN.pcat_01KEC4P72TJTYM1TCBRJC29GDH",True,False,2,"pcat_01KEC4P6X61TVGQEG32EYEVXQN","2026-01-07 11:50:17.946+00","2026-01-07 11:50:17.946+00",NULL,"{""original_id"": ""16262035011"", ""original_path"": ""Beauty > Fragrance > Men's > Eau Fraiche"", ""original_level"": 3}"
"pcat_01KEC4P7504465SDRG647GQE0M","Eau de Parfum","","eau-de-parfum","pcat_01KEC4P2WST0HX1JQ8YQJT433B.pcat_01KEC4P6Q57NGC80BH634TZ2AA.pcat_01KEC4P6X61TVGQEG32EYEVXQN.pcat_01KEC4P7504465SDRG647GQE0M",True,False,3,"pcat_01KEC4P6X61TVGQEG32EYEVXQN","2026-01-07 11:50:18.016+00","2026-01-07 11:50:18.016+00",NULL,"{""original_id"": ""363235011"", ""original_path"": ""Beauty > Fragrance > Men's > Eau de Parfum"", ""original_level"": 3}"
"pcat_01KEC4P76X2K8B9T992X1Z2BQB","Eau de Toilette","","eau-de-toilette","pcat_01KEC4P2WST0HX1JQ8YQJT433B.pcat_01KEC4P6Q57NGC80BH634TZ2AA.pcat_01KEC4P6X61TVGQEG32EYEVXQN.pcat_01KEC4P76X2K8B9T992X1Z2BQB",True,False,4,"pcat_01KEC4P6X61TVGQEG32EYEVXQN","2026-01-07 11:50:18.077+00","2026-01-07 11:50:18.077+00",NULL,"{""original_id"": ""363236011"", ""original_path"": ""Beauty > Fragrance > Men's > Eau de Toilette"", ""original_level"": 3}"
"pcat_01KEC4P78TGM53RFY2474V1ZR3","Sets","","sets","pcat_01KEC4P2WST0HX1JQ8YQJT433B.pcat_01KEC4P6Q57NGC80BH634TZ2AA.pcat_01KEC4P6X61TVGQEG32EYEVXQN.pcat_01KEC4P78TGM53RFY2474V1ZR3",True,False,5,"pcat_01KEC4P6X61TVGQEG32EYEVXQN","2026-01-07 11:50:18.138+00","2026-01-07 11:50:18.138+00",NULL,"{""original_id"": ""11059741"", ""original_path"": ""Beauty > Fragrance > Men's > Sets"", ""original_level"": 3}"
"pcat_01KEC4P7AGZXY0GXHDVR0GVVCS","Sets","","sets-2","pcat_01KEC4P2WST0HX1JQ8YQJT433B.pcat_01KEC4P6Q57NGC80BH634TZ2AA.pcat_01KEC4P7AGZXY0GXHDVR0GVVCS",True,False,3,"pcat_01KEC4P6Q57NGC80BH634TZ2AA","2026-01-07 11:50:18.192+00","2026-01-07 11:50:18.192+00",NULL,"{""original_id"": ""11056891"", ""original_path"": ""Beauty > Fragrance > Sets"", ""original_level"": 2}"
"pcat_01KEC4P7C41S2NQHY6FK9W85HJ","Women's","","women-s","pcat_01KEC4P2WST0HX1JQ8YQJT433B.pcat_01KEC4P6Q57NGC80BH634TZ2AA.pcat_01KEC4P7C41S2NQHY6FK9W85HJ",True,False,4,"pcat_01KEC4P6Q57NGC80BH634TZ2AA","2026-01-07 11:50:18.244+00","2026-01-07 11:50:18.244+00",NULL,"{""original_id"": ""11056931"", ""original_path"": ""Beauty > Fragrance > Women's"", ""original_level"": 2}"
"pcat_01KEC4P7E1ZC6T2K47G0384P86","Body Sprays","","body-sprays-2","pcat_01KEC4P2WST0HX1JQ8YQJT433B.pcat_01KEC4P6Q57NGC80BH634TZ2AA.pcat_01KEC4P7C41S2NQHY6FK9W85HJ.pcat_01KEC4P7E1ZC6T2K47G0384P86",True,False,0,"pcat_01KEC4P7C41S2NQHY6FK9W85HJ","2026-01-07 11:50:18.305+00","2026-01-07 11:50:18.305+00",NULL,"{""original_id"": ""3783161"", ""original_path"": ""Beauty > Fragrance > Women's > Body Sprays"", ""original_level"": 3}"
"pcat_01KEC4P7G5VDWMT0YBT3KSQ629","Cologne","","cologne-2","pcat_01KEC4P2WST0HX1JQ8YQJT433B.pcat_01KEC4P6Q57NGC80BH634TZ2AA.pcat_01KEC4P7C41S2NQHY6FK9W85HJ.pcat_01KEC4P7G5VDWMT0YBT3KSQ629",True,False,1,"pcat_01KEC4P7C41S2NQHY6FK9W85HJ","2026-01-07 11:50:18.374+00","2026-01-07 11:50:18.374+00",NULL,"{""original_id"": ""11057051"", ""original_path"": ""Beauty > Fragrance > Women's > Cologne"", ""original_level"": 3}"
"pcat_01KEC4P7J6HHH5DHE2CQS0EJEY","Eau Fraiche","","eau-fraiche-2","pcat_01KEC4P2WST0HX1JQ8YQJT433B.pcat_01KEC4P6Q57NGC80BH634TZ2AA.pcat_01KEC4P7C41S2NQHY6FK9W85HJ.pcat_01KEC4P7J6HHH5DHE2CQS0EJEY",True,False,2,"pcat_01KEC4P7C41S2NQHY6FK9W85HJ","2026-01-07 11:50:18.438+00","2026-01-07 11:50:18.438+00",NULL,"{""original_id"": ""16262036011"", ""original_path"": ""Beauty > Fragrance > Women's > Eau Fraiche"", ""original_level"": 3}"
"pcat_01KEC4P7KXKQSSP67T7PNCCEK3","Eau de Parfum","","eau-de-parfum-2","pcat_01KEC4P2WST0HX1JQ8YQJT433B.pcat_01KEC4P6Q57NGC80BH634TZ2AA.pcat_01KEC4P7C41S2NQHY6FK9W85HJ.pcat_01KEC4P7KXKQSSP67T7PNCCEK3",True,False,3,"pcat_01KEC4P7C41S2NQHY6FK9W85HJ","2026-01-07 11:50:18.493+00","2026-01-07 11:50:18.493+00",NULL,"{""original_id"": ""11057071"", ""original_path"": ""Beauty > Fragrance > Women's > Eau de Parfum"", ""original_level"": 3}"
"pcat_01KEC4P7NRQ4WVC751C7QYESA1","Eau de Toilette","","eau-de-toilette-2","pcat_01KEC4P2WST0HX1JQ8YQJT433B.pcat_01KEC4P6Q57NGC80BH634TZ2AA.pcat_01KEC4P7C41S2NQHY6FK9W85HJ.pcat_01KEC4P7NRQ4WVC751C7QYESA1",True,False,4,"pcat_01KEC4P7C41S2NQHY6FK9W85HJ","2026-01-07 11:50:18.552+00","2026-01-07 11:50:18.552+00",NULL,"{""original_id"": ""11057081"", ""original_path"": ""Beauty > Fragrance > Women's > Eau de Toilette"", ""original_level"": 3}"
"pcat_01KEC4P7QZY3CA1CBR1HA2TB0G","Sets","","sets-3","pcat_01KEC4P2WST0HX1JQ8YQJT433B.pcat_01KEC4P6Q57NGC80BH634TZ2AA.pcat_01KEC4P7C41S2NQHY6FK9W85HJ.pcat_01KEC4P7QZY3CA1CBR1HA2TB0G",True,False,5,"pcat_01KEC4P7C41S2NQHY6FK9W85HJ","2026-01-07 11:50:18.624+00","2026-01-07 11:50:18.624+00",NULL,"{""original_id"": ""11057111"", ""original_path"": ""Beauty > Fragrance > Women's > Sets"", ""original_level"": 3}"
"pcat_01KEC4P7XX5EX3636D400CRVC8","Extensions, Wigs & Accessories","","extensions-wigs-accessories","pcat_01KEC4P2WST0HX1JQ8YQJT433B.pcat_01KEC4P7TGMWGHKSNWNXAG0V9X.pcat_01KEC4P7XX5EX3636D400CRVC8",True,False,0,"pcat_01KEC4P7TGMWGHKSNWNXAG0V9X","2026-01-07 11:50:18.813+00","2026-01-07 11:50:18.813+00",NULL,"{""original_id"": ""13105931"", ""original_path"": ""Beauty > Personal Care > Hair Care > Extensions, Wigs & Accessories"", ""original_level"": 2}"
"pcat_01KEC4P80ET28MP3HDXZ1R8G5B","Adhesives","","adhesives","pcat_01KEC4P2WST0HX1JQ8YQJT433B.pcat_01KEC4P7TGMWGHKSNWNXAG0V9X.pcat_01KEC4P7XX5EX3636D400CRVC8.pcat_01KEC4P80ET28MP3HDXZ1R8G5B",True,False,0,"pcat_01KEC4P7XX5EX3636D400CRVC8","2026-01-07 11:50:18.894+00","2026-01-07 11:50:18.894+00",NULL,"{""original_id"": ""10676812011"", ""original_path"": ""Beauty > Personal Care > Hair Care > Extensions, Wigs & Accessories > Adhesives"", ""original_level"": 3}"
"pcat_01KEC4P82PSQAE5Y1NHQYSB99A","Feather Extensions","","feather-extensions","pcat_01KEC4P2WST0HX1JQ8YQJT433B.pcat_01KEC4P7TGMWGHKSNWNXAG0V9X.pcat_01KEC4P7XX5EX3636D400CRVC8.pcat_01KEC4P82PSQAE5Y1NHQYSB99A",True,False,1,"pcat_01KEC4P7XX5EX3636D400CRVC8","2026-01-07 11:50:18.966+00","2026-01-07 11:50:18.966+00",NULL,"{""original_id"": ""10676816011"", ""original_path"": ""Beauty > Personal Care > Hair Care > Extensions, Wigs & Accessories > Feather Extensions"", ""original_level"": 3}"
"pcat_01KEC4P8597Y93GDQ1X99K5X6K","Hair Extensions","","hair-extensions","pcat_01KEC4P2WST0HX1JQ8YQJT433B.pcat_01KEC4P7TGMWGHKSNWNXAG0V9X.pcat_01KEC4P7XX5EX3636D400CRVC8.pcat_01KEC4P8597Y93GDQ1X99K5X6K",True,False,2,"pcat_01KEC4P7XX5EX3636D400CRVC8","2026-01-07 11:50:19.049+00","2026-01-07 11:50:19.049+00",NULL,"{""original_id"": ""702379011"", ""original_path"": ""Beauty > Personal Care > Hair Care > Extensions, Wigs & Accessories > Hair Extensions"", ""original_level"": 3}"
"pcat_01KEC4Y1EF9EFKAXVACFKBHW0S","Barrettes","","barrettes-2","pcat_01KEC4P2WST0HX1JQ8YQJT433B.pcat_01KEC4P7TGMWGHKSNWNXAG0V9X.pcat_01KEC4Y1CJEA7YD93PTWR3EEC1.pcat_01KEC4Y1EF9EFKAXVACFKBHW0S",True,False,0,"pcat_01KEC4Y1CJEA7YD93PTWR3EEC1","2026-01-07 11:54:34.319+00","2026-01-07 11:54:34.319+00",NULL,"{""original_id"": ""11057981"", ""original_path"": ""Beauty > Personal Care > Hair Care > Hair Accessories > Barrettes"", ""original_level"": 3}"
"pcat_01KEC4Y1G5EQH5A2ZE9TPHTQH7","Bun & Crown Shapers","","bun-crown-shapers-2","pcat_01KEC4P2WST0HX1JQ8YQJT433B.pcat_01KEC4P7TGMWGHKSNWNXAG0V9X.pcat_01KEC4Y1CJEA7YD93PTWR3EEC1.pcat_01KEC4Y1G5EQH5A2ZE9TPHTQH7",True,False,1,"pcat_01KEC4Y1CJEA7YD93PTWR3EEC1","2026-01-07 11:54:34.373+00","2026-01-07 11:54:34.373+00",NULL,"{""original_id"": ""10676142011"", ""original_path"": ""Beauty > Personal Care > Hair Care > Hair Accessories > Bun & Crown Shapers"", ""original_level"": 3}"
"pcat_01KEC4Y1HWT8N02CCF96YFQ0PP","Clips","","clips-2","pcat_01KEC4P2WST0HX1JQ8YQJT433B.pcat_01KEC4P7TGMWGHKSNWNXAG0V9X.pcat_01KEC4Y1CJEA7YD93PTWR3EEC1.pcat_01KEC4Y1HWT8N02CCF96YFQ0PP",True,False,2,"pcat_01KEC4Y1CJEA7YD93PTWR3EEC1","2026-01-07 11:54:34.428+00","2026-01-07 11:54:34.428+00",NULL,"{""original_id"": ""3784401"", ""original_path"": ""Beauty > Personal Care > Hair Care > Hair Accessories > Clips"", ""original_level"": 3}"
"pcat_01KEC4Y1KSJ83D7DPB7PKP421V","Elastics & Ties","","elastics-ties","pcat_01KEC4P2WST0HX1JQ8YQJT433B.pcat_01KEC4P7TGMWGHKSNWNXAG0V9X.pcat_01KEC4Y1CJEA7YD93PTWR3EEC1.pcat_01KEC4Y1KSJ83D7DPB7PKP421V",True,False,3,"pcat_01KEC4Y1CJEA7YD93PTWR3EEC1","2026-01-07 11:54:34.489+00","2026-01-07 11:54:34.489+00",NULL,"{""original_id"": ""11058071"", ""original_path"": ""Beauty > Hair Care > Hair Accessories > Elastics & Ties"", ""original_level"": 3}"
"pcat_01KEC4Y1NNGAT0DFWBTGEPB6Q7","Hair Drying Towels","","hair-drying-towels","pcat_01KEC4P2WST0HX1JQ8YQJT433B.pcat_01KEC4P7TGMWGHKSNWNXAG0V9X.pcat_01KEC4Y1CJEA7YD93PTWR3EEC1.pcat_01KEC4Y1NNGAT0DFWBTGEPB6Q7",True,False,4,"pcat_01KEC4Y1CJEA7YD93PTWR3EEC1","2026-01-07 11:54:34.549+00","2026-01-07 11:54:34.549+00",NULL,"{""original_id"": ""3784491"", ""original_path"": ""Beauty > Personal Care > Hair Care > Hair Accessories > Hair Drying Towels"", ""original_level"": 3}"
"pcat_01KEC4Y1QNFNNX5ZV6CV3H0JYE","Hair Pins","","hair-pins","pcat_01KEC4P2WST0HX1JQ8YQJT433B.pcat_01KEC4P7TGMWGHKSNWNXAG0V9X.pcat_01KEC4Y1CJEA7YD93PTWR3EEC1.pcat_01KEC4Y1QNFNNX5ZV6CV3H0JYE",True,False,5,"pcat_01KEC4Y1CJEA7YD93PTWR3EEC1","2026-01-07 11:54:34.613+00","2026-01-07 11:54:34.613+00",NULL,"{""original_id"": ""3784391"", ""original_path"": ""Beauty > Personal Care > Hair Care > Hair Accessories > Hair Pins"", ""original_level"": 3}"
"pcat_01KEC4Y1SN9GHCA1A4NAXEJCGD","Headbands","","headbands","pcat_01KEC4P2WST0HX1JQ8YQJT433B.pcat_01KEC4P7TGMWGHKSNWNXAG0V9X.pcat_01KEC4Y1CJEA7YD93PTWR3EEC1.pcat_01KEC4Y1SN9GHCA1A4NAXEJCGD",True,False,6,"pcat_01KEC4Y1CJEA7YD93PTWR3EEC1","2026-01-07 11:54:34.677+00","2026-01-07 11:54:34.677+00",NULL,"{""original_id"": ""11058051"", ""original_path"": ""Beauty > Personal Care > Hair Care > Hair Accessories > Headbands"", ""original_level"": 3}"
"pcat_01KEC4Y1VDBMG99HQD64372JH9","Side Combs","","side-combs","pcat_01KEC4P2WST0HX1JQ8YQJT433B.pcat_01KEC4P7TGMWGHKSNWNXAG0V9X.pcat_01KEC4Y1CJEA7YD93PTWR3EEC1.pcat_01KEC4Y1VDBMG99HQD64372JH9",True,False,7,"pcat_01KEC4Y1CJEA7YD93PTWR3EEC1","2026-01-07 11:54:34.733+00","2026-01-07 11:54:34.733+00",NULL,"{""original_id"": ""11058011"", ""original_path"": ""Beauty > Personal Care > Hair Care > Hair Accessories > Side Combs"", ""original_level"": 3}"
"pcat_01KEC4Y1X5Q7PY4NH7Y90ZRHTR","Hair Coloring Products","","hair-coloring-products","pcat_01KEC4P2WST0HX1JQ8YQJT433B.pcat_01KEC4P7TGMWGHKSNWNXAG0V9X.pcat_01KEC4Y1X5Q7PY4NH7Y90ZRHTR",True,False,4,"pcat_01KEC4P7TGMWGHKSNWNXAG0V9X","2026-01-07 11:54:34.789+00","2026-01-07 11:54:34.789+00",NULL,"{""original_id"": ""11057451"", ""original_path"": ""Beauty > Personal Care > Hair Care > Hair Coloring Products"", ""original_level"": 2}"
"pcat_01KEC4Y1YWZ2QCNZHGJHB3B1RN","Color Additives & Fillers","","color-additives-fillers","pcat_01KEC4P2WST0HX1JQ8YQJT433B.pcat_01KEC4P7TGMWGHKSNWNXAG0V9X.pcat_01KEC4Y1X5Q7PY4NH7Y90ZRHTR.pcat_01KEC4Y1YWZ2QCNZHGJHB3B1RN",True,False,0,"pcat_01KEC4Y1X5Q7PY4NH7Y90ZRHTR","2026-01-07 11:54:34.844+00","2026-01-07 11:54:34.844+00",NULL,"{""original_id"": ""10676298011"", ""original_path"": ""Beauty > Hair Care > Hair Coloring Products > Color Additives & Fillers"", ""original_level"": 3}"
"pcat_01KEC4Y20KN5C519XB6YFTWCEG","Color Correctors","","color-correctors","pcat_01KEC4P2WST0HX1JQ8YQJT433B.pcat_01KEC4P7TGMWGHKSNWNXAG0V9X.pcat_01KEC4Y1X5Q7PY4NH7Y90ZRHTR.pcat_01KEC4Y20KN5C519XB6YFTWCEG",True,False,1,"pcat_01KEC4Y1X5Q7PY4NH7Y90ZRHTR","2026-01-07 11:54:34.899+00","2026-01-07 11:54:34.899+00",NULL,"{""original_id"": ""3781671"", ""original_path"": ""Beauty > Hair Care > Hair Coloring Products > Color Correctors"", ""original_level"": 3}"
"pcat_01KEC4Y22TNPB75BRVX42BXTKS","Color Glazes","","color-glazes","pcat_01KEC4P2WST0HX1JQ8YQJT433B.pcat_01KEC4P7TGMWGHKSNWNXAG0V9X.pcat_01KEC4Y1X5Q7PY4NH7Y90ZRHTR.pcat_01KEC4Y22TNPB75BRVX42BXTKS",True,False,2,"pcat_01KEC4Y1X5Q7PY4NH7Y90ZRHTR","2026-01-07 11:54:34.97+00","2026-01-07 11:54:34.97+00",NULL,"{""original_id"": ""10676302011"", ""original_path"": ""Beauty > Hair Care > Hair Coloring Products > Color Glazes"", ""original_level"": 3}"
"pcat_01KEC4Y24VRBCNAC8WT5W9W59F","Color Removers","","color-removers","pcat_01KEC4P2WST0HX1JQ8YQJT433B.pcat_01KEC4P7TGMWGHKSNWNXAG0V9X.pcat_01KEC4Y1X5Q7PY4NH7Y90ZRHTR.pcat_01KEC4Y24VRBCNAC8WT5W9W59F",True,False,3,"pcat_01KEC4Y1X5Q7PY4NH7Y90ZRHTR","2026-01-07 11:54:35.035+00","2026-01-07 11:54:35.035+00",NULL,"{""original_id"": ""3784201"", ""original_path"": ""Beauty > Hair Care > Hair Coloring Products > Color Removers"", ""original_level"": 3}"
"pcat_01KEC4Y26NABJK72ZV2FNTEZ7J","Coloring & Highlighting Tools","","coloring-highlighting-tools","pcat_01KEC4P2WST0HX1JQ8YQJT433B.pcat_01KEC4P7TGMWGHKSNWNXAG0V9X.pcat_01KEC4Y1X5Q7PY4NH7Y90ZRHTR.pcat_01KEC4Y26NABJK72ZV2FNTEZ7J",True,False,4,"pcat_01KEC4Y1X5Q7PY4NH7Y90ZRHTR","2026-01-07 11:54:35.093+00","2026-01-07 11:54:35.093+00",NULL,"{""original_id"": ""3784151"", ""original_path"": ""Beauty > Hair Care > Hair Coloring Products > Coloring & Highlighting Tools"", ""original_level"": 3}"
"pcat_01KEC4Y28AEB1R0AAMZTJ25WN8","Applicator Bottles","","applicator-bottles","pcat_01KEC4P2WST0HX1JQ8YQJT433B.pcat_01KEC4P7TGMWGHKSNWNXAG0V9X.pcat_01KEC4Y1X5Q7PY4NH7Y90ZRHTR.pcat_01KEC4Y26NABJK72ZV2FNTEZ7J.pcat_01KEC4Y28AEB1R0AAMZTJ25WN8",True,False,0,"pcat_01KEC4Y26NABJK72ZV2FNTEZ7J","2026-01-07 11:54:35.146+00","2026-01-07 11:54:35.146+00",NULL,"{""original_id"": ""3784161"", ""original_path"": ""Beauty > Hair Care > Hair Coloring Products > Coloring & Highlighting Tools > Applicator Bottles"", ""original_level"": 4}"
"pcat_01KEC4Y2A9YHY4SQTNW50TN5JK","Brushes, Combs & Needles","","brushes-combs-needles","pcat_01KEC4P2WST0HX1JQ8YQJT433B.pcat_01KEC4P7TGMWGHKSNWNXAG0V9X.pcat_01KEC4Y1X5Q7PY4NH7Y90ZRHTR.pcat_01KEC4Y26NABJK72ZV2FNTEZ7J.pcat_01KEC4Y2A9YHY4SQTNW50TN5JK",True,False,1,"pcat_01KEC4Y26NABJK72ZV2FNTEZ7J","2026-01-07 11:54:35.209+00","2026-01-07 11:54:35.209+00",NULL,"{""original_id"": ""3784171"", ""original_path"": ""Beauty > Hair Care > Hair Coloring Products > Coloring & Highlighting Tools > Brushes, Combs & Needles"", ""original_level"": 4}"
"pcat_01KEC4Y2C2NYJXYHVN6NSCY27X","Caps, Foils & Wraps","","caps-foils-wraps","pcat_01KEC4P2WST0HX1JQ8YQJT433B.pcat_01KEC4P7TGMWGHKSNWNXAG0V9X.pcat_01KEC4Y1X5Q7PY4NH7Y90ZRHTR.pcat_01KEC4Y26NABJK72ZV2FNTEZ7J.pcat_01KEC4Y2C2NYJXYHVN6NSCY27X",True,False,2,"pcat_01KEC4Y26NABJK72ZV2FNTEZ7J","2026-01-07 11:54:35.267+00","2026-01-07 11:54:35.267+00",NULL,"{""original_id"": ""3784181"", ""original_path"": ""Beauty > Hair Care > Hair Coloring Products > Coloring & Highlighting Tools > Caps, Foils & Wraps"", ""original_level"": 4}"
"pcat_01KEC4Y2DQQ3PGNK33RK3Y95GM","Hair Color Mixing Bowls","","hair-color-mixing-bowls","pcat_01KEC4P2WST0HX1JQ8YQJT433B.pcat_01KEC4P7TGMWGHKSNWNXAG0V9X.pcat_01KEC4Y1X5Q7PY4NH7Y90ZRHTR.pcat_01KEC4Y26NABJK72ZV2FNTEZ7J.pcat_01KEC4Y2DQQ3PGNK33RK3Y95GM",True,False,3,"pcat_01KEC4Y26NABJK72ZV2FNTEZ7J","2026-01-07 11:54:35.319+00","2026-01-07 11:54:35.319+00",NULL,"{""original_id"": ""3784191"", ""original_path"": ""Beauty > Hair Care > Hair Coloring Products > Coloring & Highlighting Tools > Hair Color Mixing Bowls"", ""original_level"": 4}"
"pcat_01KEC4Y2FE280FAW4Z0RDY5YEC","Developers","","developers","pcat_01KEC4P2WST0HX1JQ8YQJT433B.pcat_01KEC4P7TGMWGHKSNWNXAG0V9X.pcat_01KEC4Y1X5Q7PY4NH7Y90ZRHTR.pcat_01KEC4Y2FE280FAW4Z0RDY5YEC",True,False,5,"pcat_01KEC4Y1X5Q7PY4NH7Y90ZRHTR","2026-01-07 11:54:35.374+00","2026-01-07 11:54:35.374+00",NULL,"{""original_id"": ""10676347011"", ""original_path"": ""Beauty > Hair Care > Hair Coloring Products > Developers"", ""original_level"": 3}"
"pcat_01KEC4Y2H3FN4J46QKXF4Q0EK3","Hair Chalk","","hair-chalk","pcat_01KEC4P2WST0HX1JQ8YQJT433B.pcat_01KEC4P7TGMWGHKSNWNXAG0V9X.pcat_01KEC4Y1X5Q7PY4NH7Y90ZRHTR.pcat_01KEC4Y2H3FN4J46QKXF4Q0EK3",True,False,6,"pcat_01KEC4Y1X5Q7PY4NH7Y90ZRHTR","2026-01-07 11:54:35.428+00","2026-01-07 11:54:35.428+00",NULL,"{""original_id"": ""10676355011"", ""original_path"": ""Beauty > Hair Care > Hair Coloring Products > Hair Chalk"", ""original_level"": 3}"
"pcat_01KEC4Y2JTE2GGMC6DXY32RA65","Hair Color","","hair-color","pcat_01KEC4P2WST0HX1JQ8YQJT433B.pcat_01KEC4P7TGMWGHKSNWNXAG0V9X.pcat_01KEC4Y1X5Q7PY4NH7Y90ZRHTR.pcat_01KEC4Y2JTE2GGMC6DXY32RA65",True,False,7,"pcat_01KEC4Y1X5Q7PY4NH7Y90ZRHTR","2026-01-07 11:54:35.482+00","2026-01-07 11:54:35.482+00",NULL,"{""original_id"": ""10728531"", ""original_path"": ""Beauty > Hair Care > Hair Coloring Products > Hair Color"", ""original_level"": 3}"
"pcat_01KEC4Y2MFV53DXVQB741Z8F75","Hair Mascaras & Root Touch Ups","","hair-mascaras-root-touch-ups","pcat_01KEC4P2WST0HX1JQ8YQJT433B.pcat_01KEC4P7TGMWGHKSNWNXAG0V9X.pcat_01KEC4Y1X5Q7PY4NH7Y90ZRHTR.pcat_01KEC4Y2MFV53DXVQB741Z8F75",True,False,8,"pcat_01KEC4Y1X5Q7PY4NH7Y90ZRHTR","2026-01-07 11:54:35.535+00","2026-01-07 11:54:35.535+00",NULL,"{""original_id"": ""10676359011"", ""original_path"": ""Beauty > Hair Care > Hair Coloring Products > Hair Mascaras & Root Touch Ups"", ""original_level"": 3}"
"pcat_01KEC4Y2PC5709KAWTGBKZWJV8","Hennas","","hennas","pcat_01KEC4P2WST0HX1JQ8YQJT433B.pcat_01KEC4P7TGMWGHKSNWNXAG0V9X.pcat_01KEC4Y1X5Q7PY4NH7Y90ZRHTR.pcat_01KEC4Y2PC5709KAWTGBKZWJV8",True,False,9,"pcat_01KEC4Y1X5Q7PY4NH7Y90ZRHTR","2026-01-07 11:54:35.597+00","2026-01-07 11:54:35.597+00",NULL,"{""original_id"": ""3781641"", ""original_path"": ""Beauty > Hair Care > Hair Coloring Products > Hennas"", ""original_level"": 3}"
"pcat_01KEC4Y2RC6ZXBFNRV171FNGCB","Hair Cutting Tools","","hair-cutting-tools","pcat_01KEC4P2WST0HX1JQ8YQJT433B.pcat_01KEC4P7TGMWGHKSNWNXAG0V9X.pcat_01KEC4Y2RC6ZXBFNRV171FNGCB",True,False,5,"pcat_01KEC4P7TGMWGHKSNWNXAG0V9X","2026-01-07 11:54:35.66+00","2026-01-07 11:54:35.66+00",NULL,"{""original_id"": ""10676449011"", ""original_path"": ""Beauty > Personal Care > Hair Care > Hair Cutting Tools"", ""original_level"": 2}"
"pcat_01KEC4Y2T8TAMV2RBQ29QCA9B0","Hair Clippers & Accessories","","hair-clippers-accessories","pcat_01KEC4P2WST0HX1JQ8YQJT433B.pcat_01KEC4P7TGMWGHKSNWNXAG0V9X.pcat_01KEC4Y2RC6ZXBFNRV171FNGCB.pcat_01KEC4Y2T8TAMV2RBQ29QCA9B0",True,False,0,"pcat_01KEC4Y2RC6ZXBFNRV171FNGCB","2026-01-07 11:54:35.72+00","2026-01-07 11:54:35.72+00",NULL,"{""original_id"": ""7706130011"", ""original_path"": ""Beauty > Hair Care > Hair Cutting Tools > Hair Clippers & Accessories"", ""original_level"": 3}"
"pcat_01KEC4Y2VY3WDXYYRJRG0QS7NE","Hair Cutting Kits","","hair-cutting-kits","pcat_01KEC4P2WST0HX1JQ8YQJT433B.pcat_01KEC4P7TGMWGHKSNWNXAG0V9X.pcat_01KEC4Y2RC6ZXBFNRV171FNGCB.pcat_01KEC4Y2VY3WDXYYRJRG0QS7NE",True,False,1,"pcat_01KEC4Y2RC6ZXBFNRV171FNGCB","2026-01-07 11:54:35.774+00","2026-01-07 11:54:35.774+00",NULL,"{""original_id"": ""3006301011"", ""original_path"": ""Beauty > Hair Care > Hair Cutting Tools > Hair Cutting Kits"", ""original_level"": 3}"
"pcat_01KEC4Y2XSSY9T9MQ743QAX6RJ","Shears","","shears","pcat_01KEC4P2WST0HX1JQ8YQJT433B.pcat_01KEC4P7TGMWGHKSNWNXAG0V9X.pcat_01KEC4Y2RC6ZXBFNRV171FNGCB.pcat_01KEC4Y2XSSY9T9MQ743QAX6RJ",True,False,2,"pcat_01KEC4Y2RC6ZXBFNRV171FNGCB","2026-01-07 11:54:35.834+00","2026-01-07 11:54:35.834+00",NULL,"{""original_id"": ""3006300011"", ""original_path"": ""Beauty > Hair Care > Hair Cutting Tools > Shears"", ""original_level"": 3}"
"pcat_01KEC4Y2ZSXY6EJ3EQTK3DM9V4","Hair Loss Products","","hair-loss-products","pcat_01KEC4P2WST0HX1JQ8YQJT433B.pcat_01KEC4P7TGMWGHKSNWNXAG0V9X.pcat_01KEC4Y2ZSXY6EJ3EQTK3DM9V4",True,False,6,"pcat_01KEC4P7TGMWGHKSNWNXAG0V9X","2026-01-07 11:54:35.897+00","2026-01-07 11:54:35.897+00",NULL,"{""original_id"": ""10898755011"", ""original_path"": ""Beauty > Personal Care > Hair Care > Hair Loss Products"", ""original_level"": 2}"
"pcat_01KEC4Y31JAFZK894RCZ17ZR93","Hair Building Fibers","","hair-building-fibers","pcat_01KEC4P2WST0HX1JQ8YQJT433B.pcat_01KEC4P7TGMWGHKSNWNXAG0V9X.pcat_01KEC4Y2ZSXY6EJ3EQTK3DM9V4.pcat_01KEC4Y31JAFZK894RCZ17ZR93",True,False,0,"pcat_01KEC4Y2ZSXY6EJ3EQTK3DM9V4","2026-01-07 11:54:35.954+00","2026-01-07 11:54:35.954+00",NULL,"{""original_id"": ""16262043011"", ""original_path"": ""Beauty > Hair Care > Hair Loss Products > Hair Building Fibers"", ""original_level"": 3}"
"pcat_01KEC4Y33DWZTFC8X1XX4KDPBT","Hair Regrowth Conditioners","","hair-regrowth-conditioners","pcat_01KEC4P2WST0HX1JQ8YQJT433B.pcat_01KEC4P7TGMWGHKSNWNXAG0V9X.pcat_01KEC4Y2ZSXY6EJ3EQTK3DM9V4.pcat_01KEC4Y33DWZTFC8X1XX4KDPBT",True,False,1,"pcat_01KEC4Y2ZSXY6EJ3EQTK3DM9V4","2026-01-07 11:54:36.014+00","2026-01-07 11:54:36.014+00",NULL,"{""original_id"": ""16262042011"", ""original_path"": ""Beauty > Hair Care > Hair Loss Products > Hair Regrowth Conditioners"", ""original_level"": 3}"
"pcat_01KEC4Y3589CT7KJHC8HHWG435","Hair Regrowth Shampoos","","hair-regrowth-shampoos","pcat_01KEC4P2WST0HX1JQ8YQJT433B.pcat_01KEC4P7TGMWGHKSNWNXAG0V9X.pcat_01KEC4Y2ZSXY6EJ3EQTK3DM9V4.pcat_01KEC4Y3589CT7KJHC8HHWG435",True,False,2,"pcat_01KEC4Y2ZSXY6EJ3EQTK3DM9V4","2026-01-07 11:54:36.072+00","2026-01-07 11:54:36.072+00",NULL,"{""original_id"": ""16262041011"", ""original_path"": ""Beauty > Hair Care > Hair Loss Products > Hair Regrowth Shampoos"", ""original_level"": 3}"
"pcat_01KEC4Y3769D3YSR82KMCK0CNM","Hair Regrowth Tonics","","hair-regrowth-tonics","pcat_01KEC4P2WST0HX1JQ8YQJT433B.pcat_01KEC4P7TGMWGHKSNWNXAG0V9X.pcat_01KEC4Y2ZSXY6EJ3EQTK3DM9V4.pcat_01KEC4Y3769D3YSR82KMCK0CNM",True,False,3,"pcat_01KEC4Y2ZSXY6EJ3EQTK3DM9V4","2026-01-07 11:54:36.134+00","2026-01-07 11:54:36.134+00",NULL,"{""original_id"": ""16262044011"", ""original_path"": ""Beauty > Hair Care > Hair Loss Products > Hair Regrowth Tonics"", ""original_level"": 3}"
"pcat_01KEC4Y38ZAWZCNS6Q46WR9S3W","Hair Regrowth Treatments","","hair-regrowth-treatments","pcat_01KEC4P2WST0HX1JQ8YQJT433B.pcat_01KEC4P7TGMWGHKSNWNXAG0V9X.pcat_01KEC4Y2ZSXY6EJ3EQTK3DM9V4.pcat_01KEC4Y38ZAWZCNS6Q46WR9S3W",True,False,4,"pcat_01KEC4Y2ZSXY6EJ3EQTK3DM9V4","2026-01-07 11:54:36.191+00","2026-01-07 11:54:36.191+00",NULL,"{""original_id"": ""11057581"", ""original_path"": ""Beauty > Hair Care > Hair Loss Products > Hair Regrowth Treatments"", ""original_level"": 3}"
"pcat_01KEC4Y3AJMNNQQBB36T79D5ZE","Hair Masks","","hair-masks","pcat_01KEC4P2WST0HX1JQ8YQJT433B.pcat_01KEC4P7TGMWGHKSNWNXAG0V9X.pcat_01KEC4Y3AJMNNQQBB36T79D5ZE",True,False,7,"pcat_01KEC4P7TGMWGHKSNWNXAG0V9X","2026-01-07 11:54:36.242+00","2026-01-07 11:54:36.242+00",NULL,"{""original_id"": ""10666437011"", ""original_path"": ""Beauty > Hair Care > Hair Masks"", ""original_level"": 2}"
"pcat_01KEC4Y3CJ71DQC1MD3M2C03R9","Hair Perms, Relaxers & Texturizers","","hair-perms-relaxers-texturizers","pcat_01KEC4P2WST0HX1JQ8YQJT433B.pcat_01KEC4P7TGMWGHKSNWNXAG0V9X.pcat_01KEC4Y3CJ71DQC1MD3M2C03R9",True,False,8,"pcat_01KEC4P7TGMWGHKSNWNXAG0V9X","2026-01-07 11:54:36.307+00","2026-01-07 11:54:36.307+00",NULL,"{""original_id"": ""16236250011"", ""original_path"": ""Beauty > Hair Care > Hair Perms, Relaxers & Texturizers"", ""original_level"": 2}"
"pcat_01KEC4Y3ECYK58E3Q1VMGKZEF9","Hair Treatment Oils","","hair-treatment-oils","pcat_01KEC4P2WST0HX1JQ8YQJT433B.pcat_01KEC4P7TGMWGHKSNWNXAG0V9X.pcat_01KEC4Y3ECYK58E3Q1VMGKZEF9",True,False,9,"pcat_01KEC4P7TGMWGHKSNWNXAG0V9X","2026-01-07 11:54:36.365+00","2026-01-07 11:54:36.365+00",NULL,"{""original_id"": ""10666439011"", ""original_path"": ""Beauty > Hair Care > Hair Treatment Oils"", ""original_level"": 2}"
"pcat_01KEC4Y3GKV4CY76XJYBGAM95Q","Shampoo & Conditioner","","shampoo-conditioner","pcat_01KEC4P2WST0HX1JQ8YQJT433B.pcat_01KEC4P7TGMWGHKSNWNXAG0V9X.pcat_01KEC4Y3GKV4CY76XJYBGAM95Q",True,False,10,"pcat_01KEC4P7TGMWGHKSNWNXAG0V9X","2026-01-07 11:54:36.435+00","2026-01-07 11:54:36.435+00",NULL,"{""original_id"": ""17911764011"", ""original_path"": ""Beauty > Hair Care > Shampoo & Conditioner"", ""original_level"": 2}"
"pcat_01KEC4Y3JSKWTDMEVS028WAJ63","2-in-1 Shampoo & Conditioner","","2-in-1-shampoo-conditioner","pcat_01KEC4P2WST0HX1JQ8YQJT433B.pcat_01KEC4P7TGMWGHKSNWNXAG0V9X.pcat_01KEC4Y3GKV4CY76XJYBGAM95Q.pcat_01KEC4Y3JSKWTDMEVS028WAJ63",True,False,0,"pcat_01KEC4Y3GKV4CY76XJYBGAM95Q","2026-01-07 11:54:36.506+00","2026-01-07 11:54:36.506+00",NULL,"{""original_id"": ""17911765011"", ""original_path"": ""Beauty > Hair Care > Shampoo & Conditioner > 2-in-1 Shampoo & Conditioner"", ""original_level"": 3}"
"pcat_01KEC4Y3MNP00PW4GQ4FWNHNX8","3-in-1 Shampoo, Conditioner & Body Wash","","3-in-1-shampoo-conditioner-body-wash","pcat_01KEC4P2WST0HX1JQ8YQJT433B.pcat_01KEC4P7TGMWGHKSNWNXAG0V9X.pcat_01KEC4Y3GKV4CY76XJYBGAM95Q.pcat_01KEC4Y3MNP00PW4GQ4FWNHNX8",True,False,1,"pcat_01KEC4Y3GKV4CY76XJYBGAM95Q","2026-01-07 11:54:36.566+00","2026-01-07 11:54:36.566+00",NULL,"{""original_id"": ""17911766011"", ""original_path"": ""Beauty > Hair Care > Shampoo & Conditioner > 3-in-1 Shampoo, Conditioner & Body Wash"", ""original_level"": 3}"
"pcat_01KEC4Y3PBJDKE6EZ25BKN8248","Conditioners","","conditioners","pcat_01KEC4P2WST0HX1JQ8YQJT433B.pcat_01KEC4P7TGMWGHKSNWNXAG0V9X.pcat_01KEC4Y3GKV4CY76XJYBGAM95Q.pcat_01KEC4Y3PBJDKE6EZ25BKN8248",True,False,2,"pcat_01KEC4Y3GKV4CY76XJYBGAM95Q","2026-01-07 11:54:36.619+00","2026-01-07 11:54:36.619+00",NULL,"{""original_id"": ""11057251"", ""original_path"": ""Beauty > Hair Care > Shampoo & Conditioner > Conditioners"", ""original_level"": 3}"
"pcat_01KEC4Y3R2G7FF80Y1M31VDE5Y","Deep Conditioners","","deep-conditioners","pcat_01KEC4P2WST0HX1JQ8YQJT433B.pcat_01KEC4P7TGMWGHKSNWNXAG0V9X.pcat_01KEC4Y3GKV4CY76XJYBGAM95Q.pcat_01KEC4Y3R2G7FF80Y1M31VDE5Y",True,False,3,"pcat_01KEC4Y3GKV4CY76XJYBGAM95Q","2026-01-07 11:54:36.674+00","2026-01-07 11:54:36.674+00",NULL,"{""original_id"": ""17911767011"", ""original_path"": ""Beauty > Hair Care > Shampoo & Conditioner > Deep Conditioners"", ""original_level"": 3}"
"pcat_01KEC4Y3SQKTAW1M91BVND7CZH","Dry Shampoos","","dry-shampoos","pcat_01KEC4P2WST0HX1JQ8YQJT433B.pcat_01KEC4P7TGMWGHKSNWNXAG0V9X.pcat_01KEC4Y3GKV4CY76XJYBGAM95Q.pcat_01KEC4Y3SQKTAW1M91BVND7CZH",True,False,4,"pcat_01KEC4Y3GKV4CY76XJYBGAM95Q","2026-01-07 11:54:36.727+00","2026-01-07 11:54:36.727+00",NULL,"{""original_id"": ""10656664011"", ""original_path"": ""Beauty > Hair Care > Shampoo & Conditioner > Dry Shampoos"", ""original_level"": 3}"
"pcat_01KEC4Y3VHGMB2HTYMG2YPNC3F","Shampoo & Conditioner Sets","","shampoo-conditioner-sets","pcat_01KEC4P2WST0HX1JQ8YQJT433B.pcat_01KEC4P7TGMWGHKSNWNXAG0V9X.pcat_01KEC4Y3GKV4CY76XJYBGAM95Q.pcat_01KEC4Y3VHGMB2HTYMG2YPNC3F",True,False,5,"pcat_01KEC4Y3GKV4CY76XJYBGAM95Q","2026-01-07 11:54:36.786+00","2026-01-07 11:54:36.786+00",NULL,"{""original_id"": ""11057441"", ""original_path"": ""Beauty > Hair Care > Shampoo & Conditioner > Shampoo & Conditioner Sets"", ""original_level"": 3}"
"pcat_01KEC4Y3XAZKMT7DZ780TBTA12","Shampoos","","shampoos","pcat_01KEC4P2WST0HX1JQ8YQJT433B.pcat_01KEC4P7TGMWGHKSNWNXAG0V9X.pcat_01KEC4Y3GKV4CY76XJYBGAM95Q.pcat_01KEC4Y3XAZKMT7DZ780TBTA12",True,False,6,"pcat_01KEC4Y3GKV4CY76XJYBGAM95Q","2026-01-07 11:54:36.842+00","2026-01-07 11:54:36.842+00",NULL,"{""original_id"": ""11057651"", ""original_path"": ""Beauty > Hair Care > Shampoo & Conditioner > Shampoos"", ""original_level"": 3}"
"pcat_01KEC4Y3Z420T0R82GBNWM3G24","Styling Products","","styling-products","pcat_01KEC4P2WST0HX1JQ8YQJT433B.pcat_01KEC4P7TGMWGHKSNWNXAG0V9X.pcat_01KEC4Y3Z420T0R82GBNWM3G24",True,False,11,"pcat_01KEC4P7TGMWGHKSNWNXAG0V9X","2026-01-07 11:54:36.9+00","2026-01-07 11:54:36.9+00",NULL,"{""original_id"": ""11057841"", ""original_path"": ""Beauty > Personal Care > Hair Care > Styling Products"", ""original_level"": 2}"
"pcat_01KEC4Y40WH4HEJDXP378KQ4RV","Detanglers","","detanglers","pcat_01KEC4P2WST0HX1JQ8YQJT433B.pcat_01KEC4P7TGMWGHKSNWNXAG0V9X.pcat_01KEC4Y3Z420T0R82GBNWM3G24.pcat_01KEC4Y40WH4HEJDXP378KQ4RV",True,False,0,"pcat_01KEC4Y3Z420T0R82GBNWM3G24","2026-01-07 11:54:36.956+00","2026-01-07 11:54:36.956+00",NULL,"{""original_id"": ""10664362011"", ""original_path"": ""Beauty > Hair Care > Styling Products > Detanglers"", ""original_level"": 3}"
"pcat_01KEC4Y42WQNQHQBWBTC7M4DDR","Gels","","gels","pcat_01KEC4P2WST0HX1JQ8YQJT433B.pcat_01KEC4P7TGMWGHKSNWNXAG0V9X.pcat_01KEC4Y3Z420T0R82GBNWM3G24.pcat_01KEC4Y42WQNQHQBWBTC7M4DDR",True,False,1,"pcat_01KEC4Y3Z420T0R82GBNWM3G24","2026-01-07 11:54:37.02+00","2026-01-07 11:54:37.02+00",NULL,"{""original_id"": ""11057871"", ""original_path"": ""Beauty > Hair Care > Styling Products > Gels"", ""original_level"": 3}"
"pcat_01KEC4Y44J0N4BCQVZVSX49KCF","Hair Sprays","","hair-sprays","pcat_01KEC4P2WST0HX1JQ8YQJT433B.pcat_01KEC4P7TGMWGHKSNWNXAG0V9X.pcat_01KEC4Y3Z420T0R82GBNWM3G24.pcat_01KEC4Y44J0N4BCQVZVSX49KCF",True,False,2,"pcat_01KEC4Y3Z420T0R82GBNWM3G24","2026-01-07 11:54:37.075+00","2026-01-07 11:54:37.075+00",NULL,"{""original_id"": ""11057891"", ""original_path"": ""Beauty > Hair Care > Styling Products > Hair Sprays"", ""original_level"": 3}"
"pcat_01KEC4Y466MSTMHKCMX6Z5GQRC","Mousses & Foams","","mousses-foams","pcat_01KEC4P2WST0HX1JQ8YQJT433B.pcat_01KEC4P7TGMWGHKSNWNXAG0V9X.pcat_01KEC4Y3Z420T0R82GBNWM3G24.pcat_01KEC4Y466MSTMHKCMX6Z5GQRC",True,False,3,"pcat_01KEC4Y3Z420T0R82GBNWM3G24","2026-01-07 11:54:37.126+00","2026-01-07 11:54:37.126+00",NULL,"{""original_id"": ""11057901"", ""original_path"": ""Beauty > Personal Care > Hair Care > Styling Products > Mousses & Foams"", ""original_level"": 3}"
"pcat_01KEC4Y47Z7DBGP02WS4QM49R4","Putties & Clays","","putties-clays","pcat_01KEC4P2WST0HX1JQ8YQJT433B.pcat_01KEC4P7TGMWGHKSNWNXAG0V9X.pcat_01KEC4Y3Z420T0R82GBNWM3G24.pcat_01KEC4Y47Z7DBGP02WS4QM49R4",True,False,4,"pcat_01KEC4Y3Z420T0R82GBNWM3G24","2026-01-07 11:54:37.183+00","2026-01-07 11:54:37.183+00",NULL,"{""original_id"": ""10664802011"", ""original_path"": ""Beauty > Personal Care > Hair Care > Styling Products > Putties & Clays"", ""original_level"": 3}"
"pcat_01KEC4Y49N0FB65JPNGHH956YZ","Styling Treatments","","styling-treatments","pcat_01KEC4P2WST0HX1JQ8YQJT433B.pcat_01KEC4P7TGMWGHKSNWNXAG0V9X.pcat_01KEC4Y3Z420T0R82GBNWM3G24.pcat_01KEC4Y49N0FB65JPNGHH956YZ",True,False,5,"pcat_01KEC4Y3Z420T0R82GBNWM3G24","2026-01-07 11:54:37.237+00","2026-01-07 11:54:37.237+00",NULL,"{""original_id"": ""10666084011"", ""original_path"": ""Beauty > Personal Care > Hair Care > Styling Products > Styling Treatments"", ""original_level"": 3}"
"pcat_01KEC4Y4BCY4SGBDDMR8DFMNWM","Styling Tools & Appliances","","styling-tools-appliances","pcat_01KEC4P2WST0HX1JQ8YQJT433B.pcat_01KEC4P7TGMWGHKSNWNXAG0V9X.pcat_01KEC4Y4BCY4SGBDDMR8DFMNWM",True,False,12,"pcat_01KEC4P7TGMWGHKSNWNXAG0V9X","2026-01-07 11:54:37.292+00","2026-01-07 11:54:37.292+00",NULL,"{""original_id"": ""11058091"", ""original_path"": ""Beauty > Personal Care > Hair Care > Styling Tools & Appliances"", ""original_level"": 2}"
"pcat_01KEC4Y4D8WQC73AJAJ0YPC0ZM","Hair Brushes","","hair-brushes","pcat_01KEC4P2WST0HX1JQ8YQJT433B.pcat_01KEC4P7TGMWGHKSNWNXAG0V9X.pcat_01KEC4Y4BCY4SGBDDMR8DFMNWM.pcat_01KEC4Y4D8WQC73AJAJ0YPC0ZM",True,False,0,"pcat_01KEC4Y4BCY4SGBDDMR8DFMNWM","2026-01-07 11:54:37.352+00","2026-01-07 11:54:37.352+00",NULL,"{""original_id"": ""11058121"", ""original_path"": ""Beauty > Hair Care > Styling Tools & Appliances > Hair Brushes"", ""original_level"": 3}"
"pcat_01KEC4Y4EX9MFYZY9J3JPCY5P2","Hair Combs","","hair-combs","pcat_01KEC4P2WST0HX1JQ8YQJT433B.pcat_01KEC4P7TGMWGHKSNWNXAG0V9X.pcat_01KEC4Y4BCY4SGBDDMR8DFMNWM.pcat_01KEC4Y4EX9MFYZY9J3JPCY5P2",True,False,1,"pcat_01KEC4Y4BCY4SGBDDMR8DFMNWM","2026-01-07 11:54:37.405+00","2026-01-07 11:54:37.405+00",NULL,"{""original_id"": ""11058131"", ""original_path"": ""Beauty > Hair Care > Styling Tools & Appliances > Hair Combs"", ""original_level"": 3}"
"pcat_01KEC4Y4GK5EHGS622Q7BHJBZ5","Hair Dryers & Accessories","","hair-dryers-accessories","pcat_01KEC4P2WST0HX1JQ8YQJT433B.pcat_01KEC4P7TGMWGHKSNWNXAG0V9X.pcat_01KEC4Y4BCY4SGBDDMR8DFMNWM.pcat_01KEC4Y4GK5EHGS622Q7BHJBZ5",True,False,2,"pcat_01KEC4Y4BCY4SGBDDMR8DFMNWM","2026-01-07 11:54:37.46+00","2026-01-07 11:54:37.46+00",NULL,"{""original_id"": ""16508037011"", ""original_path"": ""Beauty > Hair Care > Styling Tools & Appliances > Hair Dryers & Accessories"", ""original_level"": 3}"
"pcat_01KEC4Y4J6WR0JG999GP2KGGHA","Hair Rollers","","hair-rollers","pcat_01KEC4P2WST0HX1JQ8YQJT433B.pcat_01KEC4P7TGMWGHKSNWNXAG0V9X.pcat_01KEC4Y4BCY4SGBDDMR8DFMNWM.pcat_01KEC4Y4J6WR0JG999GP2KGGHA",True,False,3,"pcat_01KEC4Y4BCY4SGBDDMR8DFMNWM","2026-01-07 11:54:37.511+00","2026-01-07 11:54:37.511+00",NULL,"{""original_id"": ""3784371"", ""original_path"": ""Beauty > Hair Care > Styling Tools & Appliances > Hair Rollers"", ""original_level"": 3}"
"pcat_01KEC4Y4M14ES8FGREB6X6FQSB","Hot-Air Brushes","","hot-air-brushes","pcat_01KEC4P2WST0HX1JQ8YQJT433B.pcat_01KEC4P7TGMWGHKSNWNXAG0V9X.pcat_01KEC4Y4BCY4SGBDDMR8DFMNWM.pcat_01KEC4Y4M14ES8FGREB6X6FQSB",True,False,4,"pcat_01KEC4Y4BCY4SGBDDMR8DFMNWM","2026-01-07 11:54:37.57+00","2026-01-07 11:54:37.57+00",NULL,"{""original_id"": ""11058221"", ""original_path"": ""Beauty > Hair Care > Styling Tools & Appliances > Hot-Air Brushes"", ""original_level"": 3}"
"pcat_01KEC4Y4NRH1GN5VMCBG00K274","Irons","","irons","pcat_01KEC4P2WST0HX1JQ8YQJT433B.pcat_01KEC4P7TGMWGHKSNWNXAG0V9X.pcat_01KEC4Y4BCY4SGBDDMR8DFMNWM.pcat_01KEC4Y4NRH1GN5VMCBG00K274",True,False,5,"pcat_01KEC4Y4BCY4SGBDDMR8DFMNWM","2026-01-07 11:54:37.624+00","2026-01-07 11:54:37.624+00",NULL,"{""original_id"": ""17168139011"", ""original_path"": ""Beauty > Hair Care > Styling Tools & Appliances > Irons"", ""original_level"": 3}"
"pcat_01KEC4Y4QJWATCKH6NME5H0HR9","Curling Wands","","curling-wands","pcat_01KEC4P2WST0HX1JQ8YQJT433B.pcat_01KEC4P7TGMWGHKSNWNXAG0V9X.pcat_01KEC4Y4BCY4SGBDDMR8DFMNWM.pcat_01KEC4Y4NRH1GN5VMCBG00K274.pcat_01KEC4Y4QJWATCKH6NME5H0HR9",True,False,0,"pcat_01KEC4Y4NRH1GN5VMCBG00K274","2026-01-07 11:54:37.682+00","2026-01-07 11:54:37.682+00",NULL,"{""original_id"": ""10704257011"", ""original_path"": ""Beauty > Hair Care > Styling Tools & Appliances > Irons > Curling Wands"", ""original_level"": 4}"
"pcat_01KEC4Y4S6ADCV7MED6SJA03TF","Straighteners","","straighteners","pcat_01KEC4P2WST0HX1JQ8YQJT433B.pcat_01KEC4P7TGMWGHKSNWNXAG0V9X.pcat_01KEC4Y4BCY4SGBDDMR8DFMNWM.pcat_01KEC4Y4NRH1GN5VMCBG00K274.pcat_01KEC4Y4S6ADCV7MED6SJA03TF",True,False,1,"pcat_01KEC4Y4NRH1GN5VMCBG00K274","2026-01-07 11:54:37.734+00","2026-01-07 11:54:37.734+00",NULL,"{""original_id"": ""11058261"", ""original_path"": ""Beauty > Hair Care > Styling Tools & Appliances > Irons > Straighteners"", ""original_level"": 4}"
"pcat_01KEC4Y4TXBPM042V8TTKRZAX4","Makeup","","makeup","pcat_01KEC4P2WST0HX1JQ8YQJT433B.pcat_01KEC4Y4TXBPM042V8TTKRZAX4",True,False,3,"pcat_01KEC4P2WST0HX1JQ8YQJT433B","2026-01-07 11:54:37.789+00","2026-01-07 11:54:37.789+00",NULL,"{""original_id"": ""11058281"", ""original_path"": ""Beauty > Makeup"", ""original_level"": 1}"
"pcat_01KEC4Y4WG78W8X4JBG4MTYQEH","Body","","body","pcat_01KEC4P2WST0HX1JQ8YQJT433B.pcat_01KEC4Y4TXBPM042V8TTKRZAX4.pcat_01KEC4Y4WG78W8X4JBG4MTYQEH",True,False,0,"pcat_01KEC4Y4TXBPM042V8TTKRZAX4","2026-01-07 11:54:37.84+00","2026-01-07 11:54:37.84+00",NULL,"{""original_id"": ""11058291"", ""original_path"": ""Beauty > Makeup > Body"", ""original_level"": 2}"
"pcat_01KEC4Y4Y5PDHTMVA82YVPCYK1","Body Glitter","","body-glitter","pcat_01KEC4P2WST0HX1JQ8YQJT433B.pcat_01KEC4Y4TXBPM042V8TTKRZAX4.pcat_01KEC4Y4WG78W8X4JBG4MTYQEH.pcat_01KEC4Y4Y5PDHTMVA82YVPCYK1",True,False,0,"pcat_01KEC4Y4WG78W8X4JBG4MTYQEH","2026-01-07 11:54:37.893+00","2026-01-07 11:54:37.893+00",NULL,"{""original_id"": ""11058301"", ""original_path"": ""Beauty > Makeup > Body > Body Glitter"", ""original_level"": 3}"
"pcat_01KEC4Y4ZXM3SWY698VZBWH23E","Body Paint","","body-paint","pcat_01KEC4P2WST0HX1JQ8YQJT433B.pcat_01KEC4Y4TXBPM042V8TTKRZAX4.pcat_01KEC4Y4WG78W8X4JBG4MTYQEH.pcat_01KEC4Y4ZXM3SWY698VZBWH23E",True,False,1,"pcat_01KEC4Y4WG78W8X4JBG4MTYQEH","2026-01-07 11:54:37.949+00","2026-01-07 11:54:37.949+00",NULL,"{""original_id"": ""702382011"", ""original_path"": ""Beauty > Makeup > Body > Body Paint"", ""original_level"": 3}"
"pcat_01KEC4Y51PY5J7FM1MTC1P25NE","Bronzing Powder","","bronzing-powder","pcat_01KEC4P2WST0HX1JQ8YQJT433B.pcat_01KEC4Y4TXBPM042V8TTKRZAX4.pcat_01KEC4Y4WG78W8X4JBG4MTYQEH.pcat_01KEC4Y51PY5J7FM1MTC1P25NE",True,False,2,"pcat_01KEC4Y4WG78W8X4JBG4MTYQEH","2026-01-07 11:54:38.006+00","2026-01-07 11:54:38.006+00",NULL,"{""original_id"": ""11058311"", ""original_path"": ""Beauty > Makeup > Body > Bronzing Powder"", ""original_level"": 3}"
"pcat_01KEC4Y539FVXNQ72A7EBFS6MV","Concealer","","concealer","pcat_01KEC4P2WST0HX1JQ8YQJT433B.pcat_01KEC4Y4TXBPM042V8TTKRZAX4.pcat_01KEC4Y4WG78W8X4JBG4MTYQEH.pcat_01KEC4Y539FVXNQ72A7EBFS6MV",True,False,3,"pcat_01KEC4Y4WG78W8X4JBG4MTYQEH","2026-01-07 11:54:38.057+00","2026-01-07 11:54:38.057+00",NULL,"{""original_id"": ""11058321"", ""original_path"": ""Beauty > Makeup > Body > Concealer"", ""original_level"": 3}"
"pcat_01KEC4Y556QK5S66QZVTY7J6A1","Henna","","henna","pcat_01KEC4P2WST0HX1JQ8YQJT433B.pcat_01KEC4Y4TXBPM042V8TTKRZAX4.pcat_01KEC4Y4WG78W8X4JBG4MTYQEH.pcat_01KEC4Y556QK5S66QZVTY7J6A1",True,False,4,"pcat_01KEC4Y4WG78W8X4JBG4MTYQEH","2026-01-07 11:54:38.118+00","2026-01-07 11:54:38.118+00",NULL,"{""original_id"": ""702383011"", ""original_path"": ""Beauty > Makeup > Body > Henna"", ""original_level"": 3}"
"pcat_01KEC4Y56YFFDE8RWGBYENY0YB","Temporary Tattoos","","temporary-tattoos","pcat_01KEC4P2WST0HX1JQ8YQJT433B.pcat_01KEC4Y4TXBPM042V8TTKRZAX4.pcat_01KEC4Y4WG78W8X4JBG4MTYQEH.pcat_01KEC4Y56YFFDE8RWGBYENY0YB",True,False,5,"pcat_01KEC4Y4WG78W8X4JBG4MTYQEH","2026-01-07 11:54:38.174+00","2026-01-07 11:54:38.174+00",NULL,"{""original_id"": ""702384011"", ""original_path"": ""Beauty > Makeup > Body > Temporary Tattoos"", ""original_level"": 3}"
"pcat_01KEC4Y58WEVNWRFZC89FAQ5M1","Eyes","","eyes","pcat_01KEC4P2WST0HX1JQ8YQJT433B.pcat_01KEC4Y4TXBPM042V8TTKRZAX4.pcat_01KEC4Y58WEVNWRFZC89FAQ5M1",True,False,1,"pcat_01KEC4Y4TXBPM042V8TTKRZAX4","2026-01-07 11:54:38.236+00","2026-01-07 11:54:38.236+00",NULL,"{""original_id"": ""11058331"", ""original_path"": ""Beauty > Makeup > Eyes"", ""original_level"": 2}"
"pcat_01KEC4Y5AKYBQ61724VYJKWA0Y","Concealer","","concealer-2","pcat_01KEC4P2WST0HX1JQ8YQJT433B.pcat_01KEC4Y4TXBPM042V8TTKRZAX4.pcat_01KEC4Y58WEVNWRFZC89FAQ5M1.pcat_01KEC4Y5AKYBQ61724VYJKWA0Y",True,False,0,"pcat_01KEC4Y58WEVNWRFZC89FAQ5M1","2026-01-07 11:54:38.291+00","2026-01-07 11:54:38.291+00",NULL,"{""original_id"": ""16228107011"", ""original_path"": ""Beauty > Makeup > Eyes > Concealer"", ""original_level"": 3}"
"pcat_01KEC4Y5CBDEKNA51QJD9490J3","Eyebrow Color","","eyebrow-color","pcat_01KEC4P2WST0HX1JQ8YQJT433B.pcat_01KEC4Y4TXBPM042V8TTKRZAX4.pcat_01KEC4Y58WEVNWRFZC89FAQ5M1.pcat_01KEC4Y5CBDEKNA51QJD9490J3",True,False,1,"pcat_01KEC4Y58WEVNWRFZC89FAQ5M1","2026-01-07 11:54:38.347+00","2026-01-07 11:54:38.347+00",NULL,"{""original_id"": ""11058451"", ""original_path"": ""Beauty > Makeup > Eyes > Eyebrow Color"", ""original_level"": 3}"
"pcat_01KEC4Y5EAQRJMWTBHXZ12BX4P","Eyeliner","","eyeliner","pcat_01KEC4P2WST0HX1JQ8YQJT433B.pcat_01KEC4Y4TXBPM042V8TTKRZAX4.pcat_01KEC4Y58WEVNWRFZC89FAQ5M1.pcat_01KEC4Y5EAQRJMWTBHXZ12BX4P",True,False,2,"pcat_01KEC4Y58WEVNWRFZC89FAQ5M1","2026-01-07 11:54:38.41+00","2026-01-07 11:54:38.41+00",NULL,"{""original_id"": ""11058521"", ""original_path"": ""Beauty > Makeup > Eyes > Eyeliner"", ""original_level"": 3}"
"pcat_01KEC4Y5G3SM71EHWPHVSEZJY3","Eyeshadow","","eyeshadow","pcat_01KEC4P2WST0HX1JQ8YQJT433B.pcat_01KEC4Y4TXBPM042V8TTKRZAX4.pcat_01KEC4Y58WEVNWRFZC89FAQ5M1.pcat_01KEC4Y5G3SM71EHWPHVSEZJY3",True,False,3,"pcat_01KEC4Y58WEVNWRFZC89FAQ5M1","2026-01-07 11:54:38.467+00","2026-01-07 11:54:38.467+00",NULL,"{""original_id"": ""11058361"", ""original_path"": ""Beauty > Makeup > Eyes > Eyeshadow"", ""original_level"": 3}"
"pcat_01KEC4Y5HXG7YTTTE3QS8WPR3Q","Eyeshadow Bases & Primers","","eyeshadow-bases-primers","pcat_01KEC4P2WST0HX1JQ8YQJT433B.pcat_01KEC4Y4TXBPM042V8TTKRZAX4.pcat_01KEC4Y58WEVNWRFZC89FAQ5M1.pcat_01KEC4Y5HXG7YTTTE3QS8WPR3Q",True,False,4,"pcat_01KEC4Y58WEVNWRFZC89FAQ5M1","2026-01-07 11:54:38.525+00","2026-01-07 11:54:38.525+00",NULL,"{""original_id"": ""16228108011"", ""original_path"": ""Beauty > Makeup > Eyes > Eyeshadow Bases & Primers"", ""original_level"": 3}"
"pcat_01KEC4Y5KMCD8C6ASVG3WXX0YG","Lash Enhancers & Primers","","lash-enhancers-primers","pcat_01KEC4P2WST0HX1JQ8YQJT433B.pcat_01KEC4Y4TXBPM042V8TTKRZAX4.pcat_01KEC4Y58WEVNWRFZC89FAQ5M1.pcat_01KEC4Y5KMCD8C6ASVG3WXX0YG",True,False,5,"pcat_01KEC4Y58WEVNWRFZC89FAQ5M1","2026-01-07 11:54:38.58+00","2026-01-07 11:54:38.58+00",NULL,"{""original_id"": ""10312668011"", ""original_path"": ""Beauty > Makeup > Eyes > Lash Enhancers & Primers"", ""original_level"": 3}"
"pcat_01KEC4Y5NA9CWJ7ETSGW3HVH16","Liner & Shadow Combinations","","liner-shadow-combinations","pcat_01KEC4P2WST0HX1JQ8YQJT433B.pcat_01KEC4Y4TXBPM042V8TTKRZAX4.pcat_01KEC4Y58WEVNWRFZC89FAQ5M1.pcat_01KEC4Y5NA9CWJ7ETSGW3HVH16",True,False,6,"pcat_01KEC4Y58WEVNWRFZC89FAQ5M1","2026-01-07 11:54:38.634+00","2026-01-07 11:54:38.634+00",NULL,"{""original_id"": ""11058381"", ""original_path"": ""Beauty > Makeup > Eyes > Liner & Shadow Combinations"", ""original_level"": 3}"
"pcat_01KEC4Y5Q2TZ8XR0SAST16G5K7","Mascara","","mascara","pcat_01KEC4P2WST0HX1JQ8YQJT433B.pcat_01KEC4Y4TXBPM042V8TTKRZAX4.pcat_01KEC4Y58WEVNWRFZC89FAQ5M1.pcat_01KEC4Y5Q2TZ8XR0SAST16G5K7",True,False,7,"pcat_01KEC4Y58WEVNWRFZC89FAQ5M1","2026-01-07 11:54:38.69+00","2026-01-07 11:54:38.69+00",NULL,"{""original_id"": ""11058611"", ""original_path"": ""Beauty > Makeup > Eyes > Mascara"", ""original_level"": 3}"
"pcat_01KEC4Y5RQDJ1MYG7Y5RC1SZF1","Face","","face","pcat_01KEC4P2WST0HX1JQ8YQJT433B.pcat_01KEC4Y4TXBPM042V8TTKRZAX4.pcat_01KEC4Y5RQDJ1MYG7Y5RC1SZF1",True,False,2,"pcat_01KEC4Y4TXBPM042V8TTKRZAX4","2026-01-07 11:54:38.743+00","2026-01-07 11:54:38.743+00",NULL,"{""original_id"": ""11058691"", ""original_path"": ""Beauty > Makeup > Face"", ""original_level"": 2}"
"pcat_01KEC4Y5T8WGJ9T05WGVYF049A","Blush","","blush","pcat_01KEC4P2WST0HX1JQ8YQJT433B.pcat_01KEC4Y4TXBPM042V8TTKRZAX4.pcat_01KEC4Y5RQDJ1MYG7Y5RC1SZF1.pcat_01KEC4Y5T8WGJ9T05WGVYF049A",True,False,0,"pcat_01KEC4Y5RQDJ1MYG7Y5RC1SZF1","2026-01-07 11:54:38.793+00","2026-01-07 11:54:38.793+00",NULL,"{""original_id"": ""11058711"", ""original_path"": ""Beauty > Makeup > Face > Blush"", ""original_level"": 3}"
"pcat_01KEC4Y5VYGTJQEK2J0ERM2W4J","Bronzers & Highlighters","","bronzers-highlighters","pcat_01KEC4P2WST0HX1JQ8YQJT433B.pcat_01KEC4Y4TXBPM042V8TTKRZAX4.pcat_01KEC4Y5RQDJ1MYG7Y5RC1SZF1.pcat_01KEC4Y5VYGTJQEK2J0ERM2W4J",True,False,1,"pcat_01KEC4Y5RQDJ1MYG7Y5RC1SZF1","2026-01-07 11:54:38.846+00","2026-01-07 11:54:38.846+00",NULL,"{""original_id"": ""11058781"", ""original_path"": ""Beauty > Makeup > Face > Bronzers & Highlighters"", ""original_level"": 3}"
"pcat_01KEC4Y5XW8NEXN1VKP6M7P0XB","Concealers & Neutralizers","","concealers-neutralizers","pcat_01KEC4P2WST0HX1JQ8YQJT433B.pcat_01KEC4Y4TXBPM042V8TTKRZAX4.pcat_01KEC4Y5RQDJ1MYG7Y5RC1SZF1.pcat_01KEC4Y5XW8NEXN1VKP6M7P0XB",True,False,2,"pcat_01KEC4Y5RQDJ1MYG7Y5RC1SZF1","2026-01-07 11:54:38.908+00","2026-01-07 11:54:38.908+00",NULL,"{""original_id"": ""11058791"", ""original_path"": ""Beauty > Makeup > Face > Concealers & Neutralizers"", ""original_level"": 3}"
"pcat_01KEC4Y5ZH4H9M36F57PFD46V6","Foundation","","foundation","pcat_01KEC4P2WST0HX1JQ8YQJT433B.pcat_01KEC4Y4TXBPM042V8TTKRZAX4.pcat_01KEC4Y5RQDJ1MYG7Y5RC1SZF1.pcat_01KEC4Y5ZH4H9M36F57PFD46V6",True,False,3,"pcat_01KEC4Y5RQDJ1MYG7Y5RC1SZF1","2026-01-07 11:54:38.961+00","2026-01-07 11:54:38.961+00",NULL,"{""original_id"": ""11058871"", ""original_path"": ""Beauty > Makeup > Face > Foundation"", ""original_level"": 3}"
"pcat_01KEC4Y61GJ2A4W4FJ7RY53DWZ","Foundation Primers","","foundation-primers","pcat_01KEC4P2WST0HX1JQ8YQJT433B.pcat_01KEC4Y4TXBPM042V8TTKRZAX4.pcat_01KEC4Y5RQDJ1MYG7Y5RC1SZF1.pcat_01KEC4Y61GJ2A4W4FJ7RY53DWZ",True,False,4,"pcat_01KEC4Y5RQDJ1MYG7Y5RC1SZF1","2026-01-07 11:54:39.024+00","2026-01-07 11:54:39.024+00",NULL,"{""original_id"": ""388109011"", ""original_path"": ""Beauty > Makeup > Face > Foundation Primers"", ""original_level"": 3}"
"pcat_01KEC4Y63CF2T9TKJD05G7TH96","Powder","","powder","pcat_01KEC4P2WST0HX1JQ8YQJT433B.pcat_01KEC4Y4TXBPM042V8TTKRZAX4.pcat_01KEC4Y5RQDJ1MYG7Y5RC1SZF1.pcat_01KEC4Y63CF2T9TKJD05G7TH96",True,False,5,"pcat_01KEC4Y5RQDJ1MYG7Y5RC1SZF1","2026-01-07 11:54:39.084+00","2026-01-07 11:54:39.084+00",NULL,"{""original_id"": ""11058971"", ""original_path"": ""Beauty > Makeup > Face > Powder"", ""original_level"": 3}"
"pcat_01KEC4Y6588EWXXAZADK250EJ2","Lips","","lips","pcat_01KEC4P2WST0HX1JQ8YQJT433B.pcat_01KEC4Y4TXBPM042V8TTKRZAX4.pcat_01KEC4Y6588EWXXAZADK250EJ2",True,False,3,"pcat_01KEC4Y4TXBPM042V8TTKRZAX4","2026-01-07 11:54:39.144+00","2026-01-07 11:54:39.144+00",NULL,"{""original_id"": ""11059031"", ""original_path"": ""Beauty > Makeup > Lips"", ""original_level"": 2}"
"pcat_01KEC4Y66WBHZBER3PXFAQMES7","Lip Glosses","","lip-glosses","pcat_01KEC4P2WST0HX1JQ8YQJT433B.pcat_01KEC4Y4TXBPM042V8TTKRZAX4.pcat_01KEC4Y6588EWXXAZADK250EJ2.pcat_01KEC4Y66WBHZBER3PXFAQMES7",True,False,0,"pcat_01KEC4Y6588EWXXAZADK250EJ2","2026-01-07 11:54:39.196+00","2026-01-07 11:54:39.196+00",NULL,"{""original_id"": ""11059041"", ""original_path"": ""Beauty > Makeup > Lips > Lip Glosses"", ""original_level"": 3}"
"pcat_01KEC4Y68JSEW3J3KKSW2X89VR","Lip Liners","","lip-liners","pcat_01KEC4P2WST0HX1JQ8YQJT433B.pcat_01KEC4Y4TXBPM042V8TTKRZAX4.pcat_01KEC4Y6588EWXXAZADK250EJ2.pcat_01KEC4Y68JSEW3J3KKSW2X89VR",True,False,1,"pcat_01KEC4Y6588EWXXAZADK250EJ2","2026-01-07 11:54:39.25+00","2026-01-07 11:54:39.25+00",NULL,"{""original_id"": ""11059101"", ""original_path"": ""Beauty > Makeup > Lips > Lip Liners"", ""original_level"": 3}"
"pcat_01KEC4Y6A7CH48DWF9ET35YCN7","Lip Plumpers","","lip-plumpers","pcat_01KEC4P2WST0HX1JQ8YQJT433B.pcat_01KEC4Y4TXBPM042V8TTKRZAX4.pcat_01KEC4Y6588EWXXAZADK250EJ2.pcat_01KEC4Y6A7CH48DWF9ET35YCN7",True,False,2,"pcat_01KEC4Y6588EWXXAZADK250EJ2","2026-01-07 11:54:39.303+00","2026-01-07 11:54:39.303+00",NULL,"{""original_id"": ""14104641"", ""original_path"": ""Beauty > Makeup > Lips > Lip Plumpers"", ""original_level"": 3}"
"pcat_01KEC4Y6C6N7G2AGZ3K9SHS9YZ","Lip Stains","","lip-stains","pcat_01KEC4P2WST0HX1JQ8YQJT433B.pcat_01KEC4Y4TXBPM042V8TTKRZAX4.pcat_01KEC4Y6588EWXXAZADK250EJ2.pcat_01KEC4Y6C6N7G2AGZ3K9SHS9YZ",True,False,3,"pcat_01KEC4Y6588EWXXAZADK250EJ2","2026-01-07 11:54:39.366+00","2026-01-07 11:54:39.366+00",NULL,"{""original_id"": ""11059051"", ""original_path"": ""Beauty > Makeup > Lips > Lip Stains"", ""original_level"": 3}"
"pcat_01KEC4Y6DY2PWCV5TT11PSVT49","Lipstick","","lipstick","pcat_01KEC4P2WST0HX1JQ8YQJT433B.pcat_01KEC4Y4TXBPM042V8TTKRZAX4.pcat_01KEC4Y6588EWXXAZADK250EJ2.pcat_01KEC4Y6DY2PWCV5TT11PSVT49",True,False,4,"pcat_01KEC4Y6588EWXXAZADK250EJ2","2026-01-07 11:54:39.422+00","2026-01-07 11:54:39.422+00",NULL,"{""original_id"": ""11059111"", ""original_path"": ""Beauty > Makeup > Lips > Lipstick"", ""original_level"": 3}"
"pcat_01KEC4Y6FKKDMM059HSM5CMDP3","Lipstick Primers","","lipstick-primers","pcat_01KEC4P2WST0HX1JQ8YQJT433B.pcat_01KEC4Y4TXBPM042V8TTKRZAX4.pcat_01KEC4Y6588EWXXAZADK250EJ2.pcat_01KEC4Y6FKKDMM059HSM5CMDP3",True,False,5,"pcat_01KEC4Y6588EWXXAZADK250EJ2","2026-01-07 11:54:39.475+00","2026-01-07 11:54:39.475+00",NULL,"{""original_id"": ""11059221"", ""original_path"": ""Beauty > Makeup > Lips > Lipstick Primers"", ""original_level"": 3}"
"pcat_01KEC4Y6H6W7YBT6YWDR8JE02R","Makeup Palettes","","makeup-palettes","pcat_01KEC4P2WST0HX1JQ8YQJT433B.pcat_01KEC4Y4TXBPM042V8TTKRZAX4.pcat_01KEC4Y6H6W7YBT6YWDR8JE02R",True,False,4,"pcat_01KEC4Y4TXBPM042V8TTKRZAX4","2026-01-07 11:54:39.527+00","2026-01-07 11:54:39.527+00",NULL,"{""original_id"": ""2265896011"", ""original_path"": ""Beauty > Makeup > Makeup Palettes"", ""original_level"": 2}"
"pcat_01KEC4Y6JX9T3XMA28Y58WSEZ4","Makeup Remover","","makeup-remover","pcat_01KEC4P2WST0HX1JQ8YQJT433B.pcat_01KEC4Y4TXBPM042V8TTKRZAX4.pcat_01KEC4Y6JX9T3XMA28Y58WSEZ4",True,False,5,"pcat_01KEC4Y4TXBPM042V8TTKRZAX4","2026-01-07 11:54:39.581+00","2026-01-07 11:54:39.581+00",NULL,"{""original_id"": ""11059231"", ""original_path"": ""Beauty > Makeup > Makeup Remover"", ""original_level"": 2}"
"pcat_01KEC4Y6MV11SRV1V681NC4G6R","Eyes","","eyes-2","pcat_01KEC4P2WST0HX1JQ8YQJT433B.pcat_01KEC4Y4TXBPM042V8TTKRZAX4.pcat_01KEC4Y6JX9T3XMA28Y58WSEZ4.pcat_01KEC4Y6MV11SRV1V681NC4G6R",True,False,0,"pcat_01KEC4Y6JX9T3XMA28Y58WSEZ4","2026-01-07 11:54:39.644+00","2026-01-07 11:54:39.644+00",NULL,"{""original_id"": ""11059241"", ""original_path"": ""Beauty > Makeup > Makeup Remover > Eyes"", ""original_level"": 3}"
"pcat_01KEC4Y6PGGE1YPEX4W2W9MC2M","Face","","face-2","pcat_01KEC4P2WST0HX1JQ8YQJT433B.pcat_01KEC4Y4TXBPM042V8TTKRZAX4.pcat_01KEC4Y6JX9T3XMA28Y58WSEZ4.pcat_01KEC4Y6PGGE1YPEX4W2W9MC2M",True,False,1,"pcat_01KEC4Y6JX9T3XMA28Y58WSEZ4","2026-01-07 11:54:39.696+00","2026-01-07 11:54:39.696+00",NULL,"{""original_id"": ""11059251"", ""original_path"": ""Beauty > Makeup > Makeup Remover > Face"", ""original_level"": 3}"
"pcat_01KEC4Y6R8Z5NJSK4CBTE10D6J","Lips","","lips-2","pcat_01KEC4P2WST0HX1JQ8YQJT433B.pcat_01KEC4Y4TXBPM042V8TTKRZAX4.pcat_01KEC4Y6JX9T3XMA28Y58WSEZ4.pcat_01KEC4Y6R8Z5NJSK4CBTE10D6J",True,False,2,"pcat_01KEC4Y6JX9T3XMA28Y58WSEZ4","2026-01-07 11:54:39.752+00","2026-01-07 11:54:39.752+00",NULL,"{""original_id"": ""3782991"", ""original_path"": ""Beauty > Makeup > Makeup Remover > Lips"", ""original_level"": 3}"
"pcat_01KEC4Y6T0QW0A8ARP84MF61PE","Makeup Sets","","makeup-sets","pcat_01KEC4P2WST0HX1JQ8YQJT433B.pcat_01KEC4Y4TXBPM042V8TTKRZAX4.pcat_01KEC4Y6T0QW0A8ARP84MF61PE",True,False,6,"pcat_01KEC4Y4TXBPM042V8TTKRZAX4","2026-01-07 11:54:39.808+00","2026-01-07 11:54:39.808+00",NULL,"{""original_id"": ""11059301"", ""original_path"": ""Beauty > Makeup > Makeup Sets"", ""original_level"": 2}"
"pcat_01KEC4Y6VNSY72MPK131D5SVCR","Oral Care","","oral-care","pcat_01KEC4P2WST0HX1JQ8YQJT433B.pcat_01KEC4Y6VNSY72MPK131D5SVCR",True,False,4,"pcat_01KEC4P2WST0HX1JQ8YQJT433B","2026-01-07 11:54:39.861+00","2026-01-07 11:54:39.861+00",NULL,"{""original_id"": ""10079992011"", ""original_path"": ""Beauty > Oral Care"", ""original_level"": 1}"
"pcat_01KEC4Y6XVYSCBVBYKERVAM0S9","Breath Fresheners","","breath-fresheners","pcat_01KEC4P2WST0HX1JQ8YQJT433B.pcat_01KEC4Y6VNSY72MPK131D5SVCR.pcat_01KEC4Y6XVYSCBVBYKERVAM0S9",True,False,0,"pcat_01KEC4Y6VNSY72MPK131D5SVCR","2026-01-07 11:54:39.931+00","2026-01-07 11:54:39.931+00",NULL,"{""original_id"": ""3777911"", ""original_path"": ""Beauty > Oral Care > Breath Fresheners"", ""original_level"": 2}"
"pcat_01KEC4Y6ZZY8M0MZYPH56EK2MD","Children's Dental Care","","children-s-dental-care","pcat_01KEC4P2WST0HX1JQ8YQJT433B.pcat_01KEC4Y6VNSY72MPK131D5SVCR.pcat_01KEC4Y6ZZY8M0MZYPH56EK2MD",True,False,1,"pcat_01KEC4Y6VNSY72MPK131D5SVCR","2026-01-07 11:54:39.999+00","2026-01-07 11:54:39.999+00",NULL,"{""original_id"": ""13213837011"", ""original_path"": ""Beauty > Oral Care > Children's Dental Care"", ""original_level"": 2}"
"pcat_01KEC4Y727KXQ9AE7ZA3KR3WXW","Electric Toothbrushes","","electric-toothbrushes","pcat_01KEC4P2WST0HX1JQ8YQJT433B.pcat_01KEC4Y6VNSY72MPK131D5SVCR.pcat_01KEC4Y6ZZY8M0MZYPH56EK2MD.pcat_01KEC4Y727KXQ9AE7ZA3KR3WXW",True,False,0,"pcat_01KEC4Y6ZZY8M0MZYPH56EK2MD","2026-01-07 11:54:40.072+00","2026-01-07 11:54:40.072+00",NULL,"{""original_id"": ""13213838011"", ""original_path"": ""Beauty > Oral Care > Children's Dental Care > Electric Toothbrushes"", ""original_level"": 3}"
"pcat_01KEC4Y748070AV97H0ADRT2QW","Manual Toothbrushes","","manual-toothbrushes","pcat_01KEC4P2WST0HX1JQ8YQJT433B.pcat_01KEC4Y6VNSY72MPK131D5SVCR.pcat_01KEC4Y6ZZY8M0MZYPH56EK2MD.pcat_01KEC4Y748070AV97H0ADRT2QW",True,False,1,"pcat_01KEC4Y6ZZY8M0MZYPH56EK2MD","2026-01-07 11:54:40.136+00","2026-01-07 11:54:40.136+00",NULL,"{""original_id"": ""13213839011"", ""original_path"": ""Beauty > Oral Care > Children's Dental Care > Manual Toothbrushes"", ""original_level"": 3}"
"pcat_01KEC4Y76714G14QDBXZYD2TDY","Dental Floss & Picks","","dental-floss-picks","pcat_01KEC4P2WST0HX1JQ8YQJT433B.pcat_01KEC4Y6VNSY72MPK131D5SVCR.pcat_01KEC4Y76714G14QDBXZYD2TDY",True,False,2,"pcat_01KEC4Y6VNSY72MPK131D5SVCR","2026-01-07 11:54:40.199+00","2026-01-07 11:54:40.199+00",NULL,"{""original_id"": ""13213824011"", ""original_path"": ""Beauty > Oral Care > Dental Floss & Picks"", ""original_level"": 2}"
"pcat_01KEC4Y77XWYPDCWA8QNQSVC1K","Dental Floss","","dental-floss","pcat_01KEC4P2WST0HX1JQ8YQJT433B.pcat_01KEC4Y6VNSY72MPK131D5SVCR.pcat_01KEC4Y76714G14QDBXZYD2TDY.pcat_01KEC4Y77XWYPDCWA8QNQSVC1K",True,False,0,"pcat_01KEC4Y76714G14QDBXZYD2TDY","2026-01-07 11:54:40.253+00","2026-01-07 11:54:40.253+00",NULL,"{""original_id"": ""3778071"", ""original_path"": ""Beauty > Oral Care > Dental Floss & Picks > Dental Floss"", ""original_level"": 3}"
"pcat_01KEC4Y79RAT37K5E1Z2477Y0S","Dental Picks","","dental-picks","pcat_01KEC4P2WST0HX1JQ8YQJT433B.pcat_01KEC4Y6VNSY72MPK131D5SVCR.pcat_01KEC4Y76714G14QDBXZYD2TDY.pcat_01KEC4Y79RAT37K5E1Z2477Y0S",True,False,1,"pcat_01KEC4Y76714G14QDBXZYD2TDY","2026-01-07 11:54:40.312+00","2026-01-07 11:54:40.312+00",NULL,"{""original_id"": ""3778091"", ""original_path"": ""Beauty > Oral Care > Dental Floss & Picks > Dental Picks"", ""original_level"": 3}"
"pcat_01KEC4Y7BPSDCEPX0PRWSKN54T","Power Dental Flossers","","power-dental-flossers","pcat_01KEC4P2WST0HX1JQ8YQJT433B.pcat_01KEC4Y6VNSY72MPK131D5SVCR.pcat_01KEC4Y76714G14QDBXZYD2TDY.pcat_01KEC4Y7BPSDCEPX0PRWSKN54T",True,False,2,"pcat_01KEC4Y76714G14QDBXZYD2TDY","2026-01-07 11:54:40.374+00","2026-01-07 11:54:40.374+00",NULL,"{""original_id"": ""13213826011"", ""original_path"": ""Beauty > Oral Care > Dental Floss & Picks > Power Dental Flossers"", ""original_level"": 3}"
"pcat_01KE1PR26GMRHVEZJF3BM0D0D0","Televisions","","televisions","pcat_01KE1PPB81J41E4DHBVBSK81D1.pcat_01KE1PR12H8GF21ZEN8ZVXBA7E.pcat_01KE1PR26GMRHVEZJF3BM0D0D0",True,False,9,"pcat_01KE1PR12H8GF21ZEN8ZVXBA7E","2026-01-03 10:34:14.096+00","2026-01-03 10:34:14.096+00",NULL,"{""original_id"": ""172659"", ""original_path"": ""Electronics > Television & Video > Televisions"", ""original_level"": 2}"
"pcat_01KEC4Y7DWTWGFZ6RV8Q6790E7","Denture Care","","denture-care","pcat_01KEC4P2WST0HX1JQ8YQJT433B.pcat_01KEC4Y6VNSY72MPK131D5SVCR.pcat_01KEC4Y7DWTWGFZ6RV8Q6790E7",True,False,3,"pcat_01KEC4Y6VNSY72MPK131D5SVCR","2026-01-07 11:54:40.444+00","2026-01-07 11:54:40.444+00",NULL,"{""original_id"": ""3778111"", ""original_path"": ""Beauty > Oral Care > Denture Care"", ""original_level"": 2}"
"pcat_01KEC4Y7FVG6MR70X9RZD9VZC6","Adhesives","","adhesives-2","pcat_01KEC4P2WST0HX1JQ8YQJT433B.pcat_01KEC4Y6VNSY72MPK131D5SVCR.pcat_01KEC4Y7DWTWGFZ6RV8Q6790E7.pcat_01KEC4Y7FVG6MR70X9RZD9VZC6",True,False,0,"pcat_01KEC4Y7DWTWGFZ6RV8Q6790E7","2026-01-07 11:54:40.507+00","2026-01-07 11:54:40.507+00",NULL,"{""original_id"": ""3778121"", ""original_path"": ""Beauty > Oral Care > Denture Care > Adhesives"", ""original_level"": 3}"
"pcat_01KEC4Y7HNDX3AN5BSB0KMDBG0","Baths","","baths","pcat_01KEC4P2WST0HX1JQ8YQJT433B.pcat_01KEC4Y6VNSY72MPK131D5SVCR.pcat_01KEC4Y7DWTWGFZ6RV8Q6790E7.pcat_01KEC4Y7HNDX3AN5BSB0KMDBG0",True,False,1,"pcat_01KEC4Y7DWTWGFZ6RV8Q6790E7","2026-01-07 11:54:40.565+00","2026-01-07 11:54:40.565+00",NULL,"{""original_id"": ""3778151"", ""original_path"": ""Beauty > Oral Care > Denture Care > Baths"", ""original_level"": 3}"
"pcat_01KEC4Y7KDH0ZSAFWNHT8C31XV","Brushes","","brushes-2","pcat_01KEC4P2WST0HX1JQ8YQJT433B.pcat_01KEC4Y6VNSY72MPK131D5SVCR.pcat_01KEC4Y7DWTWGFZ6RV8Q6790E7.pcat_01KEC4Y7KDH0ZSAFWNHT8C31XV",True,False,2,"pcat_01KEC4Y7DWTWGFZ6RV8Q6790E7","2026-01-07 11:54:40.621+00","2026-01-07 11:54:40.621+00",NULL,"{""original_id"": ""3778141"", ""original_path"": ""Beauty > Oral Care > Denture Care > Brushes"", ""original_level"": 3}"
"pcat_01KEC4Y7N7SN00H8TN971491ZZ","Cleansers","","cleansers","pcat_01KEC4P2WST0HX1JQ8YQJT433B.pcat_01KEC4Y6VNSY72MPK131D5SVCR.pcat_01KEC4Y7DWTWGFZ6RV8Q6790E7.pcat_01KEC4Y7N7SN00H8TN971491ZZ",True,False,3,"pcat_01KEC4Y7DWTWGFZ6RV8Q6790E7","2026-01-07 11:54:40.679+00","2026-01-07 11:54:40.679+00",NULL,"{""original_id"": ""3778131"", ""original_path"": ""Beauty > Oral Care > Denture Care > Cleansers"", ""original_level"": 3}"
"pcat_01KEC4Y7PVQ5PB4G6K5Y8YZN8B","Repair Kits","","repair-kits-2","pcat_01KEC4P2WST0HX1JQ8YQJT433B.pcat_01KEC4Y6VNSY72MPK131D5SVCR.pcat_01KEC4Y7DWTWGFZ6RV8Q6790E7.pcat_01KEC4Y7PVQ5PB4G6K5Y8YZN8B",True,False,4,"pcat_01KEC4Y7DWTWGFZ6RV8Q6790E7","2026-01-07 11:54:40.731+00","2026-01-07 11:54:40.731+00",NULL,"{""original_id"": ""13213846011"", ""original_path"": ""Beauty > Oral Care > Denture Care > Repair Kits"", ""original_level"": 3}"
"pcat_01KEC4Y7RRCSZY9B22F3ER4RWX","Dry Mouth Relief","","dry-mouth-relief","pcat_01KEC4P2WST0HX1JQ8YQJT433B.pcat_01KEC4Y6VNSY72MPK131D5SVCR.pcat_01KEC4Y7RRCSZY9B22F3ER4RWX",True,False,4,"pcat_01KEC4Y6VNSY72MPK131D5SVCR","2026-01-07 11:54:40.792+00","2026-01-07 11:54:40.792+00",NULL,"{""original_id"": ""14255252011"", ""original_path"": ""Beauty > Oral Care > Dry Mouth Relief"", ""original_level"": 2}"
"pcat_01KEC4Y7TDVBP9VCK0BXNWM90G","Gum Stimulators","","gum-stimulators","pcat_01KEC4P2WST0HX1JQ8YQJT433B.pcat_01KEC4Y6VNSY72MPK131D5SVCR.pcat_01KEC4Y7TDVBP9VCK0BXNWM90G",True,False,5,"pcat_01KEC4Y6VNSY72MPK131D5SVCR","2026-01-07 11:54:40.845+00","2026-01-07 11:54:40.845+00",NULL,"{""original_id"": ""3778081"", ""original_path"": ""Beauty > Oral Care > Gum Stimulators"", ""original_level"": 2}"
"pcat_01KEC4Y7W3PC954T0YDHNV4N7C","Mouthwash","","mouthwash","pcat_01KEC4P2WST0HX1JQ8YQJT433B.pcat_01KEC4Y6VNSY72MPK131D5SVCR.pcat_01KEC4Y7W3PC954T0YDHNV4N7C",True,False,6,"pcat_01KEC4Y6VNSY72MPK131D5SVCR","2026-01-07 11:54:40.899+00","2026-01-07 11:54:40.899+00",NULL,"{""original_id"": ""3778161"", ""original_path"": ""Beauty > Oral Care > Mouthwash"", ""original_level"": 2}"
"pcat_01KEC4Y7XT7NPC1B3QYXDAREC7","Oral Pain Relief","","oral-pain-relief","pcat_01KEC4P2WST0HX1JQ8YQJT433B.pcat_01KEC4Y6VNSY72MPK131D5SVCR.pcat_01KEC4Y7XT7NPC1B3QYXDAREC7",True,False,7,"pcat_01KEC4Y6VNSY72MPK131D5SVCR","2026-01-07 11:54:40.954+00","2026-01-07 11:54:40.954+00",NULL,"{""original_id"": ""3764051"", ""original_path"": ""Beauty > Oral Care > Oral Pain Relief"", ""original_level"": 2}"
"pcat_01KEC4Y7ZHPYXH3SPF4V84QKAF","Emergency Dental Care","","emergency-dental-care","pcat_01KEC4P2WST0HX1JQ8YQJT433B.pcat_01KEC4Y6VNSY72MPK131D5SVCR.pcat_01KEC4Y7XT7NPC1B3QYXDAREC7.pcat_01KEC4Y7ZHPYXH3SPF4V84QKAF",True,False,0,"pcat_01KEC4Y7XT7NPC1B3QYXDAREC7","2026-01-07 11:54:41.01+00","2026-01-07 11:54:41.01+00",NULL,"{""original_id"": ""3764081"", ""original_path"": ""Beauty > Oral Care > Oral Pain Relief > Emergency Dental Care"", ""original_level"": 3}"
"pcat_01KEC4Y819XPP9KR31FG0X9R5H","Medications","","medications","pcat_01KEC4P2WST0HX1JQ8YQJT433B.pcat_01KEC4Y6VNSY72MPK131D5SVCR.pcat_01KEC4Y7XT7NPC1B3QYXDAREC7.pcat_01KEC4Y819XPP9KR31FG0X9R5H",True,False,1,"pcat_01KEC4Y7XT7NPC1B3QYXDAREC7","2026-01-07 11:54:41.065+00","2026-01-07 11:54:41.065+00",NULL,"{""original_id"": ""10728261"", ""original_path"": ""Beauty > Oral Care > Oral Pain Relief > Medications"", ""original_level"": 3}"
"pcat_01KEC4Y82XTM4DBQD5JZBZ9K3G","Rinses","","rinses","pcat_01KEC4P2WST0HX1JQ8YQJT433B.pcat_01KEC4Y6VNSY72MPK131D5SVCR.pcat_01KEC4Y7XT7NPC1B3QYXDAREC7.pcat_01KEC4Y82XTM4DBQD5JZBZ9K3G",True,False,2,"pcat_01KEC4Y7XT7NPC1B3QYXDAREC7","2026-01-07 11:54:41.117+00","2026-01-07 11:54:41.117+00",NULL,"{""original_id"": ""10728271"", ""original_path"": ""Beauty > Oral Care > Oral Pain Relief > Rinses"", ""original_level"": 3}"
"pcat_01KEC4Y850QMZC4C179R62PKK3","Orthodontic Supplies","","orthodontic-supplies","pcat_01KEC4P2WST0HX1JQ8YQJT433B.pcat_01KEC4Y6VNSY72MPK131D5SVCR.pcat_01KEC4Y850QMZC4C179R62PKK3",True,False,8,"pcat_01KEC4Y6VNSY72MPK131D5SVCR","2026-01-07 11:54:41.184+00","2026-01-07 11:54:41.184+00",NULL,"{""original_id"": ""4986869011"", ""original_path"": ""Beauty > Oral Care > Orthodontic Supplies"", ""original_level"": 2}"
"pcat_01KEC4Y86PNK3Y3RR0641JQEJJ","Sensitivity Treatments","","sensitivity-treatments","pcat_01KEC4P2WST0HX1JQ8YQJT433B.pcat_01KEC4Y6VNSY72MPK131D5SVCR.pcat_01KEC4Y86PNK3Y3RR0641JQEJJ",True,False,9,"pcat_01KEC4Y6VNSY72MPK131D5SVCR","2026-01-07 11:54:41.238+00","2026-01-07 11:54:41.238+00",NULL,"{""original_id"": ""13213849011"", ""original_path"": ""Beauty > Oral Care > Sensitivity Treatments"", ""original_level"": 2}"
"pcat_01KEC4Y88FC6DJ4H7W8C29QC5C","Teeth Grinding Guards","","teeth-grinding-guards","pcat_01KEC4P2WST0HX1JQ8YQJT433B.pcat_01KEC4Y6VNSY72MPK131D5SVCR.pcat_01KEC4Y88FC6DJ4H7W8C29QC5C",True,False,10,"pcat_01KEC4Y6VNSY72MPK131D5SVCR","2026-01-07 11:54:41.296+00","2026-01-07 11:54:41.296+00",NULL,"{""original_id"": ""3764091"", ""original_path"": ""Beauty > Oral Care > Teeth Grinding Guards"", ""original_level"": 2}"
"pcat_01KEC4Y8AS18QJ9BC1ZVEWQ2SS","Teeth Whitening","","teeth-whitening","pcat_01KEC4P2WST0HX1JQ8YQJT433B.pcat_01KEC4Y6VNSY72MPK131D5SVCR.pcat_01KEC4Y8AS18QJ9BC1ZVEWQ2SS",True,False,11,"pcat_01KEC4Y6VNSY72MPK131D5SVCR","2026-01-07 11:54:41.369+00","2026-01-07 11:54:41.369+00",NULL,"{""original_id"": ""3778441"", ""original_path"": ""Beauty > Oral Care > Teeth Whitening"", ""original_level"": 2}"
"pcat_01KEC4Y8CQZYX978FM4W4BWZAY","Tongue Cleaners","","tongue-cleaners","pcat_01KEC4P2WST0HX1JQ8YQJT433B.pcat_01KEC4Y6VNSY72MPK131D5SVCR.pcat_01KEC4Y8CQZYX978FM4W4BWZAY",True,False,12,"pcat_01KEC4Y6VNSY72MPK131D5SVCR","2026-01-07 11:54:41.431+00","2026-01-07 11:54:41.431+00",NULL,"{""original_id"": ""3777991"", ""original_path"": ""Beauty > Oral Care > Tongue Cleaners"", ""original_level"": 2}"
"pcat_01KEC4Y8EKS1386H7DPFEHBHDG","Toothbrushes & Accessories","","toothbrushes-accessories","pcat_01KEC4P2WST0HX1JQ8YQJT433B.pcat_01KEC4Y6VNSY72MPK131D5SVCR.pcat_01KEC4Y8EKS1386H7DPFEHBHDG",True,False,13,"pcat_01KEC4Y6VNSY72MPK131D5SVCR","2026-01-07 11:54:41.492+00","2026-01-07 11:54:41.492+00",NULL,"{""original_id"": ""18065341011"", ""original_path"": ""Beauty > Oral Care > Toothbrushes & Accessories"", ""original_level"": 2}"
"pcat_01KEC4Y8G9TWQC010V090PAPYE","Manual Toothbrushes","","manual-toothbrushes-2","pcat_01KEC4P2WST0HX1JQ8YQJT433B.pcat_01KEC4Y6VNSY72MPK131D5SVCR.pcat_01KEC4Y8EKS1386H7DPFEHBHDG.pcat_01KEC4Y8G9TWQC010V090PAPYE",True,False,0,"pcat_01KEC4Y8EKS1386H7DPFEHBHDG","2026-01-07 11:54:41.545+00","2026-01-07 11:54:41.545+00",NULL,"{""original_id"": ""3778211"", ""original_path"": ""Beauty > Oral Care > Toothbrushes & Accessories > Manual Toothbrushes"", ""original_level"": 3}"
"pcat_01KEC4Y8J4J9MKE7WZ2DRBKBJH","Powered Toothbrushes & Accessories","","powered-toothbrushes-accessories","pcat_01KEC4P2WST0HX1JQ8YQJT433B.pcat_01KEC4Y6VNSY72MPK131D5SVCR.pcat_01KEC4Y8EKS1386H7DPFEHBHDG.pcat_01KEC4Y8J4J9MKE7WZ2DRBKBJH",True,False,1,"pcat_01KEC4Y8EKS1386H7DPFEHBHDG","2026-01-07 11:54:41.604+00","2026-01-07 11:54:41.604+00",NULL,"{""original_id"": ""18065346011"", ""original_path"": ""Beauty > Oral Care > Toothbrushes & Accessories > Powered Toothbrushes & Accessories"", ""original_level"": 3}"
"pcat_01KEC4Y8KXS24691J9BM4WZDXY","Chargers","","chargers-6","pcat_01KEC4P2WST0HX1JQ8YQJT433B.pcat_01KEC4Y6VNSY72MPK131D5SVCR.pcat_01KEC4Y8EKS1386H7DPFEHBHDG.pcat_01KEC4Y8J4J9MKE7WZ2DRBKBJH.pcat_01KEC4Y8KXS24691J9BM4WZDXY",True,False,0,"pcat_01KEC4Y8J4J9MKE7WZ2DRBKBJH","2026-01-07 11:54:41.662+00","2026-01-07 11:54:41.662+00",NULL,"{""original_id"": ""18065348011"", ""original_path"": ""Beauty > Oral Care > Toothbrushes & Accessories > Powered Toothbrushes & Accessories > Chargers"", ""original_level"": 4}"
"pcat_01KEC4Y8NMFB17YZEWFQVRQ0RN","Powered Toothbrushes","","powered-toothbrushes","pcat_01KEC4P2WST0HX1JQ8YQJT433B.pcat_01KEC4Y6VNSY72MPK131D5SVCR.pcat_01KEC4Y8EKS1386H7DPFEHBHDG.pcat_01KEC4Y8J4J9MKE7WZ2DRBKBJH.pcat_01KEC4Y8NMFB17YZEWFQVRQ0RN",True,False,1,"pcat_01KEC4Y8J4J9MKE7WZ2DRBKBJH","2026-01-07 11:54:41.716+00","2026-01-07 11:54:41.716+00",NULL,"{""original_id"": ""18065347011"", ""original_path"": ""Beauty > Oral Care > Toothbrushes & Accessories > Powered Toothbrushes & Accessories > Powered Toothbrushes"", ""original_level"": 4}"
"pcat_01KEC4Y8QJY1GVT1SPC1N8XAS2","Rotating","","rotating","pcat_01KEC4P2WST0HX1JQ8YQJT433B.pcat_01KEC4Y6VNSY72MPK131D5SVCR.pcat_01KEC4Y8EKS1386H7DPFEHBHDG.pcat_01KEC4Y8J4J9MKE7WZ2DRBKBJH.pcat_01KEC4Y8NMFB17YZEWFQVRQ0RN.pcat_01KEC4Y8QJY1GVT1SPC1N8XAS2",True,False,0,"pcat_01KEC4Y8NMFB17YZEWFQVRQ0RN","2026-01-07 11:54:41.778+00","2026-01-07 11:54:41.778+00",NULL,"{""original_id"": ""18065349011"", ""original_path"": ""Beauty > Oral Care > Toothbrushes & Accessories > Powered Toothbrushes & Accessories > Powered Toothbrushes > Rotating"", ""original_level"": 0}"
"pcat_01KEC4Y8S6JMSQJCZBR8DDT7ZM","Sonic","","sonic","pcat_01KEC4P2WST0HX1JQ8YQJT433B.pcat_01KEC4Y6VNSY72MPK131D5SVCR.pcat_01KEC4Y8EKS1386H7DPFEHBHDG.pcat_01KEC4Y8J4J9MKE7WZ2DRBKBJH.pcat_01KEC4Y8NMFB17YZEWFQVRQ0RN.pcat_01KEC4Y8S6JMSQJCZBR8DDT7ZM",True,False,1,"pcat_01KEC4Y8NMFB17YZEWFQVRQ0RN","2026-01-07 11:54:41.83+00","2026-01-07 11:54:41.83+00",NULL,"{""original_id"": ""18065350011"", ""original_path"": ""Beauty > Oral Care > Toothbrushes & Accessories > Powered Toothbrushes & Accessories > Powered Toothbrushes > Sonic"", ""original_level"": 0}"
"pcat_01KEC4Y8TQGWR0AM1FFASDFM54","Ultrasonic","","ultrasonic","pcat_01KEC4P2WST0HX1JQ8YQJT433B.pcat_01KEC4Y6VNSY72MPK131D5SVCR.pcat_01KEC4Y8EKS1386H7DPFEHBHDG.pcat_01KEC4Y8J4J9MKE7WZ2DRBKBJH.pcat_01KEC4Y8NMFB17YZEWFQVRQ0RN.pcat_01KEC4Y8TQGWR0AM1FFASDFM54",True,False,2,"pcat_01KEC4Y8NMFB17YZEWFQVRQ0RN","2026-01-07 11:54:41.879+00","2026-01-07 11:54:41.879+00",NULL,"{""original_id"": ""18065351011"", ""original_path"": ""Beauty > Oral Care > Toothbrushes & Accessories > Powered Toothbrushes & Accessories > Powered Toothbrushes > Ultrasonic"", ""original_level"": 0}"
"pcat_01KEC4Y8WMKM5VPHTGPCK0Y2D5","Toothbrush Replacement Heads","","toothbrush-replacement-heads","pcat_01KEC4P2WST0HX1JQ8YQJT433B.pcat_01KEC4Y6VNSY72MPK131D5SVCR.pcat_01KEC4Y8EKS1386H7DPFEHBHDG.pcat_01KEC4Y8J4J9MKE7WZ2DRBKBJH.pcat_01KEC4Y8WMKM5VPHTGPCK0Y2D5",True,False,2,"pcat_01KEC4Y8J4J9MKE7WZ2DRBKBJH","2026-01-07 11:54:41.94+00","2026-01-07 11:54:41.94+00",NULL,"{""original_id"": ""3778351"", ""original_path"": ""Beauty > Oral Care > Toothbrushes & Accessories > Powered Toothbrushes & Accessories > Toothbrush Replacement Heads"", ""original_level"": 4}"
"pcat_01KEC4Y8YDGKK8KARMS032CBN2","Toothbrush Travel Containers","","toothbrush-travel-containers","pcat_01KEC4P2WST0HX1JQ8YQJT433B.pcat_01KEC4Y6VNSY72MPK131D5SVCR.pcat_01KEC4Y8EKS1386H7DPFEHBHDG.pcat_01KEC4Y8YDGKK8KARMS032CBN2",True,False,2,"pcat_01KEC4Y8EKS1386H7DPFEHBHDG","2026-01-07 11:54:41.998+00","2026-01-07 11:54:41.998+00",NULL,"{""original_id"": ""15243733011"", ""original_path"": ""Beauty > Oral Care > Toothbrushes & Accessories > Toothbrush Travel Containers"", ""original_level"": 3}"
"pcat_01KEC4Y905K3W09Q04K98WWWYE","Toothpaste","","toothpaste","pcat_01KEC4P2WST0HX1JQ8YQJT433B.pcat_01KEC4Y6VNSY72MPK131D5SVCR.pcat_01KEC4Y905K3W09Q04K98WWWYE",True,False,14,"pcat_01KEC4Y6VNSY72MPK131D5SVCR","2026-01-07 11:54:42.053+00","2026-01-07 11:54:42.053+00",NULL,"{""original_id"": ""3778371"", ""original_path"": ""Beauty > Oral Care > Toothpaste"", ""original_level"": 2}"
"pcat_01KEC4Y91T2K09G1M0PPFSW970","Personal Care","","personal-care","pcat_01KEC4P2WST0HX1JQ8YQJT433B.pcat_01KEC4Y91T2K09G1M0PPFSW970",True,False,5,"pcat_01KEC4P2WST0HX1JQ8YQJT433B","2026-01-07 11:54:42.106+00","2026-01-07 11:54:42.106+00",NULL,"{""original_id"": ""3777891"", ""original_path"": ""Beauty > Personal Care"", ""original_level"": 1}"
"pcat_01KEC4Y93E24JPH6XNWDSMPQJX","Bath & Bathing Accessories","","bath-bathing-accessories","pcat_01KEC4P2WST0HX1JQ8YQJT433B.pcat_01KEC4Y91T2K09G1M0PPFSW970.pcat_01KEC4Y93E24JPH6XNWDSMPQJX",True,False,0,"pcat_01KEC4Y91T2K09G1M0PPFSW970","2026-01-07 11:54:42.158+00","2026-01-07 11:54:42.158+00",NULL,"{""original_id"": ""11055991"", ""original_path"": ""Beauty > Personal Care > Bath & Bathing Accessories"", ""original_level"": 2}"
"pcat_01KEC4Y952M9T644PDVE184XV3","Bath","","bath","pcat_01KEC4P2WST0HX1JQ8YQJT433B.pcat_01KEC4Y91T2K09G1M0PPFSW970.pcat_01KEC4Y93E24JPH6XNWDSMPQJX.pcat_01KEC4Y952M9T644PDVE184XV3",True,False,0,"pcat_01KEC4Y93E24JPH6XNWDSMPQJX","2026-01-07 11:54:42.21+00","2026-01-07 11:54:42.21+00",NULL,"{""original_id"": ""11056211"", ""original_path"": ""Beauty > Personal Care > Bath & Bathing Accessories > Bath"", ""original_level"": 3}"
"pcat_01KEC4Y96SWT7VGQR59WN39EBD","Bath Bombs","","bath-bombs","pcat_01KEC4P2WST0HX1JQ8YQJT433B.pcat_01KEC4Y91T2K09G1M0PPFSW970.pcat_01KEC4Y93E24JPH6XNWDSMPQJX.pcat_01KEC4Y952M9T644PDVE184XV3.pcat_01KEC4Y96SWT7VGQR59WN39EBD",True,False,0,"pcat_01KEC4Y952M9T644PDVE184XV3","2026-01-07 11:54:42.265+00","2026-01-07 11:54:42.265+00",NULL,"{""original_id"": ""11056221"", ""original_path"": ""Beauty > Personal Care > Bath & Bathing Accessories > Bath > Bath Bombs"", ""original_level"": 4}"
"pcat_01KEC4Y98S1QDPREFHE6ER51K6","Bath Pearls & Flakes","","bath-pearls-flakes","pcat_01KEC4P2WST0HX1JQ8YQJT433B.pcat_01KEC4Y91T2K09G1M0PPFSW970.pcat_01KEC4Y93E24JPH6XNWDSMPQJX.pcat_01KEC4Y952M9T644PDVE184XV3.pcat_01KEC4Y98S1QDPREFHE6ER51K6",True,False,1,"pcat_01KEC4Y952M9T644PDVE184XV3","2026-01-07 11:54:42.33+00","2026-01-07 11:54:42.33+00",NULL,"{""original_id"": ""11056231"", ""original_path"": ""Beauty > Personal Care > Bath & Bathing Accessories > Bath > Bath Pearls & Flakes"", ""original_level"": 4}"
"pcat_01KEC4Y9AM2459CPZ50ZZP7B8F","Bubble Bath","","bubble-bath","pcat_01KEC4P2WST0HX1JQ8YQJT433B.pcat_01KEC4Y91T2K09G1M0PPFSW970.pcat_01KEC4Y93E24JPH6XNWDSMPQJX.pcat_01KEC4Y952M9T644PDVE184XV3.pcat_01KEC4Y9AM2459CPZ50ZZP7B8F",True,False,2,"pcat_01KEC4Y952M9T644PDVE184XV3","2026-01-07 11:54:42.388+00","2026-01-07 11:54:42.388+00",NULL,"{""original_id"": ""11056241"", ""original_path"": ""Beauty > Personal Care > Bath & Bathing Accessories > Bath > Bubble Bath"", ""original_level"": 4}"
"pcat_01KEC4Y9C9DNCQGKVJNJ61NH19","Minerals & Salts","","minerals-salts","pcat_01KEC4P2WST0HX1JQ8YQJT433B.pcat_01KEC4Y91T2K09G1M0PPFSW970.pcat_01KEC4Y93E24JPH6XNWDSMPQJX.pcat_01KEC4Y952M9T644PDVE184XV3.pcat_01KEC4Y9C9DNCQGKVJNJ61NH19",True,False,3,"pcat_01KEC4Y952M9T644PDVE184XV3","2026-01-07 11:54:42.441+00","2026-01-07 11:54:42.441+00",NULL,"{""original_id"": ""11056251"", ""original_path"": ""Beauty > Personal Care > Bath & Bathing Accessories > Bath > Minerals & Salts"", ""original_level"": 4}"
"pcat_01KEC4Y9E254D6DFQ5VACPGP9M","Oils","","oils","pcat_01KEC4P2WST0HX1JQ8YQJT433B.pcat_01KEC4Y91T2K09G1M0PPFSW970.pcat_01KEC4Y93E24JPH6XNWDSMPQJX.pcat_01KEC4Y952M9T644PDVE184XV3.pcat_01KEC4Y9E254D6DFQ5VACPGP9M",True,False,4,"pcat_01KEC4Y952M9T644PDVE184XV3","2026-01-07 11:54:42.498+00","2026-01-07 11:54:42.498+00",NULL,"{""original_id"": ""11056261"", ""original_path"": ""Beauty > Personal Care > Bath & Bathing Accessories > Bath > Oils"", ""original_level"": 4}"
"pcat_01KEC4Y9FTJB6WRGQ69GW5CGB8","Tub Tea","","tub-tea","pcat_01KEC4P2WST0HX1JQ8YQJT433B.pcat_01KEC4Y91T2K09G1M0PPFSW970.pcat_01KEC4Y93E24JPH6XNWDSMPQJX.pcat_01KEC4Y952M9T644PDVE184XV3.pcat_01KEC4Y9FTJB6WRGQ69GW5CGB8",True,False,5,"pcat_01KEC4Y952M9T644PDVE184XV3","2026-01-07 11:54:42.554+00","2026-01-07 11:54:42.554+00",NULL,"{""original_id"": ""11056271"", ""original_path"": ""Beauty > Personal Care > Bath & Bathing Accessories > Bath > Tub Tea"", ""original_level"": 4}"
"pcat_01KEC4Y9HY7HEVGWX5SV7S4YWZ","Bathing Accessories","","bathing-accessories","pcat_01KEC4P2WST0HX1JQ8YQJT433B.pcat_01KEC4Y91T2K09G1M0PPFSW970.pcat_01KEC4Y93E24JPH6XNWDSMPQJX.pcat_01KEC4Y9HY7HEVGWX5SV7S4YWZ",True,False,1,"pcat_01KEC4Y93E24JPH6XNWDSMPQJX","2026-01-07 11:54:42.622+00","2026-01-07 11:54:42.622+00",NULL,"{""original_id"": ""11056491"", ""original_path"": ""Beauty > Personal Care > Bath & Bathing Accessories > Bathing Accessories"", ""original_level"": 3}"
"pcat_01KEC4Y9M09GZ0VJFNP16JZD57","Bath & Body Brushes","","bath-body-brushes","pcat_01KEC4P2WST0HX1JQ8YQJT433B.pcat_01KEC4Y91T2K09G1M0PPFSW970.pcat_01KEC4Y93E24JPH6XNWDSMPQJX.pcat_01KEC4Y9HY7HEVGWX5SV7S4YWZ.pcat_01KEC4Y9M09GZ0VJFNP16JZD57",True,False,0,"pcat_01KEC4Y9HY7HEVGWX5SV7S4YWZ","2026-01-07 11:54:42.688+00","2026-01-07 11:54:42.688+00",NULL,"{""original_id"": ""11056501"", ""original_path"": ""Beauty > Tools & Accessories > Bathing Accessories > Bath & Body Brushes"", ""original_level"": 4}"
"pcat_01KEC4Y9NKZKSY69MK7X9A4WCN","Bath Pillows","","bath-pillows","pcat_01KEC4P2WST0HX1JQ8YQJT433B.pcat_01KEC4Y91T2K09G1M0PPFSW970.pcat_01KEC4Y93E24JPH6XNWDSMPQJX.pcat_01KEC4Y9HY7HEVGWX5SV7S4YWZ.pcat_01KEC4Y9NKZKSY69MK7X9A4WCN",True,False,1,"pcat_01KEC4Y9HY7HEVGWX5SV7S4YWZ","2026-01-07 11:54:42.739+00","2026-01-07 11:54:42.739+00",NULL,"{""original_id"": ""11056521"", ""original_path"": ""Beauty > Tools & Accessories > Bathing Accessories > Bath Pillows"", ""original_level"": 4}"
"pcat_01KEC4Y9Q9CQ0ESY40TF9MC4JD","Bath Sponges","","bath-sponges","pcat_01KEC4P2WST0HX1JQ8YQJT433B.pcat_01KEC4Y91T2K09G1M0PPFSW970.pcat_01KEC4Y93E24JPH6XNWDSMPQJX.pcat_01KEC4Y9HY7HEVGWX5SV7S4YWZ.pcat_01KEC4Y9Q9CQ0ESY40TF9MC4JD",True,False,2,"pcat_01KEC4Y9HY7HEVGWX5SV7S4YWZ","2026-01-07 11:54:42.793+00","2026-01-07 11:54:42.793+00",NULL,"{""original_id"": ""11149327011"", ""original_path"": ""Beauty > Tools & Accessories > Bathing Accessories > Bath Sponges"", ""original_level"": 4}"
"pcat_01KEC4Y9S0J7F5ZS1T2NRG9MED","Loofahs","","loofahs","pcat_01KEC4P2WST0HX1JQ8YQJT433B.pcat_01KEC4Y91T2K09G1M0PPFSW970.pcat_01KEC4Y93E24JPH6XNWDSMPQJX.pcat_01KEC4Y9HY7HEVGWX5SV7S4YWZ.pcat_01KEC4Y9S0J7F5ZS1T2NRG9MED",True,False,3,"pcat_01KEC4Y9HY7HEVGWX5SV7S4YWZ","2026-01-07 11:54:42.848+00","2026-01-07 11:54:42.848+00",NULL,"{""original_id"": ""11149326011"", ""original_path"": ""Beauty > Tools & Accessories > Bathing Accessories > Loofahs"", ""original_level"": 4}"
"pcat_01KEC4Y9TT80PBJ7A3YHDX1FQN","Shower Caps","","shower-caps","pcat_01KEC4P2WST0HX1JQ8YQJT433B.pcat_01KEC4Y91T2K09G1M0PPFSW970.pcat_01KEC4Y93E24JPH6XNWDSMPQJX.pcat_01KEC4Y9HY7HEVGWX5SV7S4YWZ.pcat_01KEC4Y9TT80PBJ7A3YHDX1FQN",True,False,4,"pcat_01KEC4Y9HY7HEVGWX5SV7S4YWZ","2026-01-07 11:54:42.906+00","2026-01-07 11:54:42.906+00",NULL,"{""original_id"": ""11056571"", ""original_path"": ""Beauty > Tools & Accessories > Bathing Accessories > Shower Caps"", ""original_level"": 4}"
"pcat_01KEC4Y9WEXSG2JQJ304BBWKEX","Deodorants & Antiperspirants","","deodorants-antiperspirants","pcat_01KEC4P2WST0HX1JQ8YQJT433B.pcat_01KEC4Y91T2K09G1M0PPFSW970.pcat_01KEC4Y9WEXSG2JQJ304BBWKEX",True,False,1,"pcat_01KEC4Y91T2K09G1M0PPFSW970","2026-01-07 11:54:42.958+00","2026-01-07 11:54:42.958+00",NULL,"{""original_id"": ""3778451"", ""original_path"": ""Beauty > Personal Care > Deodorants & Antiperspirants"", ""original_level"": 2}"
"pcat_01KEC4Y9Y98W1YYW0EV3KBDRES","Antiperspirants","","antiperspirants","pcat_01KEC4P2WST0HX1JQ8YQJT433B.pcat_01KEC4Y91T2K09G1M0PPFSW970.pcat_01KEC4Y9WEXSG2JQJ304BBWKEX.pcat_01KEC4Y9Y98W1YYW0EV3KBDRES",True,False,0,"pcat_01KEC4Y9WEXSG2JQJ304BBWKEX","2026-01-07 11:54:43.017+00","2026-01-07 11:54:43.017+00",NULL,"{""original_id"": ""702370011"", ""original_path"": ""Beauty > Personal Care > Deodorants & Antiperspirants > Antiperspirants"", ""original_level"": 3}"
"pcat_01KEC4YA05B07N2PSVK4RA5Z5V","Combination Deodorants & Antiperspirants","","combination-deodorants-antiperspirants","pcat_01KEC4P2WST0HX1JQ8YQJT433B.pcat_01KEC4Y91T2K09G1M0PPFSW970.pcat_01KEC4Y9WEXSG2JQJ304BBWKEX.pcat_01KEC4YA05B07N2PSVK4RA5Z5V",True,False,1,"pcat_01KEC4Y9WEXSG2JQJ304BBWKEX","2026-01-07 11:54:43.078+00","2026-01-07 11:54:43.078+00",NULL,"{""original_id"": ""702372011"", ""original_path"": ""Beauty > Personal Care > Deodorants & Antiperspirants > Combination Deodorants & Antiperspirants"", ""original_level"": 3}"
"pcat_01KEC4YA1Z0GKS6GDXB8Z2DHN4","Deodorants","","deodorants","pcat_01KEC4P2WST0HX1JQ8YQJT433B.pcat_01KEC4Y91T2K09G1M0PPFSW970.pcat_01KEC4Y9WEXSG2JQJ304BBWKEX.pcat_01KEC4YA1Z0GKS6GDXB8Z2DHN4",True,False,2,"pcat_01KEC4Y9WEXSG2JQJ304BBWKEX","2026-01-07 11:54:43.135+00","2026-01-07 11:54:43.135+00",NULL,"{""original_id"": ""702371011"", ""original_path"": ""Beauty > Personal Care > Deodorants & Antiperspirants > Deodorants"", ""original_level"": 3}"
"pcat_01KEC4YA3RCC3YYF5Z9RFWTGHF","Piercing & Tattoo Supplies","","piercing-tattoo-supplies","pcat_01KEC4P2WST0HX1JQ8YQJT433B.pcat_01KEC4Y91T2K09G1M0PPFSW970.pcat_01KEC4YA3RCC3YYF5Z9RFWTGHF",True,False,2,"pcat_01KEC4Y91T2K09G1M0PPFSW970","2026-01-07 11:54:43.192+00","2026-01-07 11:54:43.192+00",NULL,"{""original_id"": ""13106041"", ""original_path"": ""Beauty > Personal Care > Piercing & Tattoo Supplies"", ""original_level"": 2}"
"pcat_01KEC4YA5YFVHGMVCKFQKNWXBH","Piercing Supplies","","piercing-supplies","pcat_01KEC4P2WST0HX1JQ8YQJT433B.pcat_01KEC4Y91T2K09G1M0PPFSW970.pcat_01KEC4YA3RCC3YYF5Z9RFWTGHF.pcat_01KEC4YA5YFVHGMVCKFQKNWXBH",True,False,0,"pcat_01KEC4YA3RCC3YYF5Z9RFWTGHF","2026-01-07 11:54:43.262+00","2026-01-07 11:54:43.262+00",NULL,"{""original_id"": ""13106271"", ""original_path"": ""Beauty > Personal Care > Piercing & Tattoo Supplies > Piercing Supplies"", ""original_level"": 3}"
"pcat_01KEC4YA7PFKJ2HN6ZWP0G34NP","Aftercare Products","","aftercare-products","pcat_01KEC4P2WST0HX1JQ8YQJT433B.pcat_01KEC4Y91T2K09G1M0PPFSW970.pcat_01KEC4YA3RCC3YYF5Z9RFWTGHF.pcat_01KEC4YA5YFVHGMVCKFQKNWXBH.pcat_01KEC4YA7PFKJ2HN6ZWP0G34NP",True,False,0,"pcat_01KEC4YA5YFVHGMVCKFQKNWXBH","2026-01-07 11:54:43.318+00","2026-01-07 11:54:43.318+00",NULL,"{""original_id"": ""13226735011"", ""original_path"": ""Beauty > Personal Care > Piercing & Tattoo Supplies > Piercing Supplies > Aftercare Products"", ""original_level"": 4}"
"pcat_01KEC4YA9WNQ8XE4WV7G5VZ94R","Piercing Guns","","piercing-guns","pcat_01KEC4P2WST0HX1JQ8YQJT433B.pcat_01KEC4Y91T2K09G1M0PPFSW970.pcat_01KEC4YA3RCC3YYF5Z9RFWTGHF.pcat_01KEC4YA5YFVHGMVCKFQKNWXBH.pcat_01KEC4YA9WNQ8XE4WV7G5VZ94R",True,False,1,"pcat_01KEC4YA5YFVHGMVCKFQKNWXBH","2026-01-07 11:54:43.388+00","2026-01-07 11:54:43.388+00",NULL,"{""original_id"": ""13226736011"", ""original_path"": ""Beauty > Personal Care > Piercing & Tattoo Supplies > Piercing Supplies > Piercing Guns"", ""original_level"": 4}"
"pcat_01KEC4YAC8MZ436EYXPJYKB2GF","Piercing Kits","","piercing-kits","pcat_01KEC4P2WST0HX1JQ8YQJT433B.pcat_01KEC4Y91T2K09G1M0PPFSW970.pcat_01KEC4YA3RCC3YYF5Z9RFWTGHF.pcat_01KEC4YA5YFVHGMVCKFQKNWXBH.pcat_01KEC4YAC8MZ436EYXPJYKB2GF",True,False,2,"pcat_01KEC4YA5YFVHGMVCKFQKNWXBH","2026-01-07 11:54:43.464+00","2026-01-07 11:54:43.464+00",NULL,"{""original_id"": ""13226737011"", ""original_path"": ""Beauty > Personal Care > Piercing & Tattoo Supplies > Piercing Supplies > Piercing Kits"", ""original_level"": 4}"
"pcat_01KEC4YAEDZWD57QC2X0T7ATEN","Piercing Needles","","piercing-needles","pcat_01KEC4P2WST0HX1JQ8YQJT433B.pcat_01KEC4Y91T2K09G1M0PPFSW970.pcat_01KEC4YA3RCC3YYF5Z9RFWTGHF.pcat_01KEC4YA5YFVHGMVCKFQKNWXBH.pcat_01KEC4YAEDZWD57QC2X0T7ATEN",True,False,3,"pcat_01KEC4YA5YFVHGMVCKFQKNWXBH","2026-01-07 11:54:43.533+00","2026-01-07 11:54:43.533+00",NULL,"{""original_id"": ""13226738011"", ""original_path"": ""Beauty > Personal Care > Piercing & Tattoo Supplies > Piercing Supplies > Piercing Needles"", ""original_level"": 4}"
"pcat_01KEC4YAGDFXK6Y1XZHEHXWDFR","Tattoo Supplies","","tattoo-supplies","pcat_01KEC4P2WST0HX1JQ8YQJT433B.pcat_01KEC4Y91T2K09G1M0PPFSW970.pcat_01KEC4YA3RCC3YYF5Z9RFWTGHF.pcat_01KEC4YAGDFXK6Y1XZHEHXWDFR",True,False,1,"pcat_01KEC4YA3RCC3YYF5Z9RFWTGHF","2026-01-07 11:54:43.597+00","2026-01-07 11:54:43.597+00",NULL,"{""original_id"": ""13106051"", ""original_path"": ""Beauty > Personal Care > Piercing & Tattoo Supplies > Tattoo Supplies"", ""original_level"": 3}"
"pcat_01KEC4YAJ612Q65KR7B586B3T6","Aftercare Products","","aftercare-products-2","pcat_01KEC4P2WST0HX1JQ8YQJT433B.pcat_01KEC4Y91T2K09G1M0PPFSW970.pcat_01KEC4YA3RCC3YYF5Z9RFWTGHF.pcat_01KEC4YAGDFXK6Y1XZHEHXWDFR.pcat_01KEC4YAJ612Q65KR7B586B3T6",True,False,0,"pcat_01KEC4YAGDFXK6Y1XZHEHXWDFR","2026-01-07 11:54:43.654+00","2026-01-07 11:54:43.654+00",NULL,"{""original_id"": ""13226745011"", ""original_path"": ""Beauty > Personal Care > Piercing & Tattoo Supplies > Tattoo Supplies > Aftercare Products"", ""original_level"": 4}"
"pcat_01KEC4YAKVT30NX3PJK7EFEBMV","Tattoo Inks","","tattoo-inks","pcat_01KEC4P2WST0HX1JQ8YQJT433B.pcat_01KEC4Y91T2K09G1M0PPFSW970.pcat_01KEC4YA3RCC3YYF5Z9RFWTGHF.pcat_01KEC4YAGDFXK6Y1XZHEHXWDFR.pcat_01KEC4YAKVT30NX3PJK7EFEBMV",True,False,1,"pcat_01KEC4YAGDFXK6Y1XZHEHXWDFR","2026-01-07 11:54:43.707+00","2026-01-07 11:54:43.707+00",NULL,"{""original_id"": ""13226746011"", ""original_path"": ""Beauty > Personal Care > Piercing & Tattoo Supplies > Tattoo Supplies > Tattoo Inks"", ""original_level"": 4}"
"pcat_01KEC4YANW8MQSM20TQXT7XGBZ","Tattoo Kits","","tattoo-kits","pcat_01KEC4P2WST0HX1JQ8YQJT433B.pcat_01KEC4Y91T2K09G1M0PPFSW970.pcat_01KEC4YA3RCC3YYF5Z9RFWTGHF.pcat_01KEC4YAGDFXK6Y1XZHEHXWDFR.pcat_01KEC4YANW8MQSM20TQXT7XGBZ",True,False,2,"pcat_01KEC4YAGDFXK6Y1XZHEHXWDFR","2026-01-07 11:54:43.773+00","2026-01-07 11:54:43.773+00",NULL,"{""original_id"": ""13226747011"", ""original_path"": ""Beauty > Personal Care > Piercing & Tattoo Supplies > Tattoo Supplies > Tattoo Kits"", ""original_level"": 4}"
"pcat_01KEC4YAR0H89NEGE2YS8R6KAS","Tattoo Machine Parts","","tattoo-machine-parts","pcat_01KEC4P2WST0HX1JQ8YQJT433B.pcat_01KEC4Y91T2K09G1M0PPFSW970.pcat_01KEC4YA3RCC3YYF5Z9RFWTGHF.pcat_01KEC4YAGDFXK6Y1XZHEHXWDFR.pcat_01KEC4YAR0H89NEGE2YS8R6KAS",True,False,3,"pcat_01KEC4YAGDFXK6Y1XZHEHXWDFR","2026-01-07 11:54:43.84+00","2026-01-07 11:54:43.84+00",NULL,"{""original_id"": ""13226748011"", ""original_path"": ""Beauty > Personal Care > Piercing & Tattoo Supplies > Tattoo Supplies > Tattoo Machine Parts"", ""original_level"": 4}"
"pcat_01KEC4YAT47SWW5DMKS04M5RPR","Tattoo Machines","","tattoo-machines","pcat_01KEC4P2WST0HX1JQ8YQJT433B.pcat_01KEC4Y91T2K09G1M0PPFSW970.pcat_01KEC4YA3RCC3YYF5Z9RFWTGHF.pcat_01KEC4YAGDFXK6Y1XZHEHXWDFR.pcat_01KEC4YAT47SWW5DMKS04M5RPR",True,False,4,"pcat_01KEC4YAGDFXK6Y1XZHEHXWDFR","2026-01-07 11:54:43.908+00","2026-01-07 11:54:43.908+00",NULL,"{""original_id"": ""13226749011"", ""original_path"": ""Beauty > Personal Care > Piercing & Tattoo Supplies > Tattoo Supplies > Tattoo Machines"", ""original_level"": 4}"
"pcat_01KEC4YAVXAMQTHY2FB7FFQBTZ","Tattoo Needles","","tattoo-needles","pcat_01KEC4P2WST0HX1JQ8YQJT433B.pcat_01KEC4Y91T2K09G1M0PPFSW970.pcat_01KEC4YA3RCC3YYF5Z9RFWTGHF.pcat_01KEC4YAGDFXK6Y1XZHEHXWDFR.pcat_01KEC4YAVXAMQTHY2FB7FFQBTZ",True,False,5,"pcat_01KEC4YAGDFXK6Y1XZHEHXWDFR","2026-01-07 11:54:43.965+00","2026-01-07 11:54:43.965+00",NULL,"{""original_id"": ""13226750011"", ""original_path"": ""Beauty > Personal Care > Piercing & Tattoo Supplies > Tattoo Supplies > Tattoo Needles"", ""original_level"": 4}"
"pcat_01KEC4YAY3GEX1A4WX0CEP5FZS","Shave & Hair Removal","","shave-hair-removal","pcat_01KEC4P2WST0HX1JQ8YQJT433B.pcat_01KEC4YAY3GEX1A4WX0CEP5FZS",True,False,6,"pcat_01KEC4P2WST0HX1JQ8YQJT433B","2026-01-07 11:54:44.035+00","2026-01-07 11:54:44.035+00",NULL,"{""original_id"": ""3778591"", ""original_path"": ""Beauty > Shave & Hair Removal"", ""original_level"": 1}"
"pcat_01KEC4YAZN256FPTC3ZYPKKKQA","Men's","","men-s-2","pcat_01KEC4P2WST0HX1JQ8YQJT433B.pcat_01KEC4YAY3GEX1A4WX0CEP5FZS.pcat_01KEC4YAZN256FPTC3ZYPKKKQA",True,False,0,"pcat_01KEC4YAY3GEX1A4WX0CEP5FZS","2026-01-07 11:54:44.085+00","2026-01-07 11:54:44.085+00",NULL,"{""original_id"": ""13271079011"", ""original_path"": ""Beauty > Shave & Hair Removal > Men's"", ""original_level"": 2}"
"pcat_01KEC4YB1ACX0SZS02DVZZBVQY","After Shaves","","after-shaves","pcat_01KEC4P2WST0HX1JQ8YQJT433B.pcat_01KEC4YAY3GEX1A4WX0CEP5FZS.pcat_01KEC4YAZN256FPTC3ZYPKKKQA.pcat_01KEC4YB1ACX0SZS02DVZZBVQY",True,False,0,"pcat_01KEC4YAZN256FPTC3ZYPKKKQA","2026-01-07 11:54:44.138+00","2026-01-07 11:54:44.138+00",NULL,"{""original_id"": ""13271113011"", ""original_path"": ""Beauty > Personal Care > Shave & Hair Removal > Men's > After Shaves"", ""original_level"": 3}"
"pcat_01KEC4YB2Y1EMNYK0GV2XXMRQV","Beard & Mustache Care","","beard-mustache-care","pcat_01KEC4P2WST0HX1JQ8YQJT433B.pcat_01KEC4YAY3GEX1A4WX0CEP5FZS.pcat_01KEC4YAZN256FPTC3ZYPKKKQA.pcat_01KEC4YB2Y1EMNYK0GV2XXMRQV",True,False,1,"pcat_01KEC4YAZN256FPTC3ZYPKKKQA","2026-01-07 11:54:44.19+00","2026-01-07 11:54:44.19+00",NULL,"{""original_id"": ""13271118011"", ""original_path"": ""Beauty > Personal Care > Shave & Hair Removal > Men's > Beard & Mustache Care"", ""original_level"": 3}"
"pcat_01KEC4YB4P3MK3Q8FQJW44J9NT","Beard & Mustache Combs","","beard-mustache-combs","pcat_01KEC4P2WST0HX1JQ8YQJT433B.pcat_01KEC4YAY3GEX1A4WX0CEP5FZS.pcat_01KEC4YAZN256FPTC3ZYPKKKQA.pcat_01KEC4YB2Y1EMNYK0GV2XXMRQV.pcat_01KEC4YB4P3MK3Q8FQJW44J9NT",True,False,0,"pcat_01KEC4YB2Y1EMNYK0GV2XXMRQV","2026-01-07 11:54:44.246+00","2026-01-07 11:54:44.246+00",NULL,"{""original_id"": ""7655032011"", ""original_path"": ""Beauty > Shave & Hair Removal > Men's > Beard & Mustache Care > Beard & Mustache Combs"", ""original_level"": 4}"
"pcat_01KEC4YB6GJYQGGCQXH8YGPJPW","Beard & Mustache Trimmers","","beard-mustache-trimmers","pcat_01KEC4P2WST0HX1JQ8YQJT433B.pcat_01KEC4YAY3GEX1A4WX0CEP5FZS.pcat_01KEC4YAZN256FPTC3ZYPKKKQA.pcat_01KEC4YB2Y1EMNYK0GV2XXMRQV.pcat_01KEC4YB6GJYQGGCQXH8YGPJPW",True,False,1,"pcat_01KEC4YB2Y1EMNYK0GV2XXMRQV","2026-01-07 11:54:44.304+00","2026-01-07 11:54:44.304+00",NULL,"{""original_id"": ""234951011"", ""original_path"": ""Beauty > Tools & Accessories > Shave & Hair Removal > Men's > Beard & Mustache Care > Beard & Mustache Trimmers"", ""original_level"": 4}"
"pcat_01KEC4YB85S15X1QEQ1GDFTNTJ","Beard Conditioners & Oils","","beard-conditioners-oils","pcat_01KEC4P2WST0HX1JQ8YQJT433B.pcat_01KEC4YAY3GEX1A4WX0CEP5FZS.pcat_01KEC4YAZN256FPTC3ZYPKKKQA.pcat_01KEC4YB2Y1EMNYK0GV2XXMRQV.pcat_01KEC4YB85S15X1QEQ1GDFTNTJ",True,False,2,"pcat_01KEC4YB2Y1EMNYK0GV2XXMRQV","2026-01-07 11:54:44.357+00","2026-01-07 11:54:44.357+00",NULL,"{""original_id"": ""7655120011"", ""original_path"": ""Beauty > Tools & Accessories > Shave & Hair Removal > Men's > Beard & Mustache Care > Beard Conditioners & Oils"", ""original_level"": 4}"
"pcat_01KEC4YB9SBP0QVA0G8NQCRACY","Mustache Scissors","","mustache-scissors","pcat_01KEC4P2WST0HX1JQ8YQJT433B.pcat_01KEC4YAY3GEX1A4WX0CEP5FZS.pcat_01KEC4YAZN256FPTC3ZYPKKKQA.pcat_01KEC4YB2Y1EMNYK0GV2XXMRQV.pcat_01KEC4YB9SBP0QVA0G8NQCRACY",True,False,3,"pcat_01KEC4YB2Y1EMNYK0GV2XXMRQV","2026-01-07 11:54:44.409+00","2026-01-07 11:54:44.409+00",NULL,"{""original_id"": ""13271120011"", ""original_path"": ""Beauty > Tools & Accessories > Shave & Hair Removal > Men's > Beard & Mustache Care > Mustache Scissors"", ""original_level"": 4}"
"pcat_01KEC4YBBGH74C9TJXV10B5Y4T","Mustache Waxes","","mustache-waxes","pcat_01KEC4P2WST0HX1JQ8YQJT433B.pcat_01KEC4YAY3GEX1A4WX0CEP5FZS.pcat_01KEC4YAZN256FPTC3ZYPKKKQA.pcat_01KEC4YB2Y1EMNYK0GV2XXMRQV.pcat_01KEC4YBBGH74C9TJXV10B5Y4T",True,False,4,"pcat_01KEC4YB2Y1EMNYK0GV2XXMRQV","2026-01-07 11:54:44.465+00","2026-01-07 11:54:44.465+00",NULL,"{""original_id"": ""7655599011"", ""original_path"": ""Beauty > Shave & Hair Removal > Men's > Beard & Mustache Care > Mustache Waxes"", ""original_level"": 4}"
"pcat_01KEC4YBD9VDYKPKFKXY02AYAD","Body Groomers","","body-groomers","pcat_01KEC4P2WST0HX1JQ8YQJT433B.pcat_01KEC4YAY3GEX1A4WX0CEP5FZS.pcat_01KEC4YAZN256FPTC3ZYPKKKQA.pcat_01KEC4YBD9VDYKPKFKXY02AYAD",True,False,2,"pcat_01KEC4YAZN256FPTC3ZYPKKKQA","2026-01-07 11:54:44.521+00","2026-01-07 11:54:44.521+00",NULL,"{""original_id"": ""7697066011"", ""original_path"": ""Beauty > Shave & Hair Removal > Men's > Body Groomers"", ""original_level"": 3}"
"pcat_01KEC4YBEXSPRBHGCCF50C93MP","Electric Shavers","","electric-shavers","pcat_01KEC4P2WST0HX1JQ8YQJT433B.pcat_01KEC4YAY3GEX1A4WX0CEP5FZS.pcat_01KEC4YAZN256FPTC3ZYPKKKQA.pcat_01KEC4YBEXSPRBHGCCF50C93MP",True,False,3,"pcat_01KEC4YAZN256FPTC3ZYPKKKQA","2026-01-07 11:54:44.573+00","2026-01-07 11:54:44.573+00",NULL,"{""original_id"": ""13271092011"", ""original_path"": ""Beauty > Personal Care > Shave & Hair Removal > Men's > Electric Shavers"", ""original_level"": 3}"
"pcat_01KEC4YBGMCG4NR8B10QCJA7ZT","Accessories","","accessories-9","pcat_01KEC4P2WST0HX1JQ8YQJT433B.pcat_01KEC4YAY3GEX1A4WX0CEP5FZS.pcat_01KEC4YAZN256FPTC3ZYPKKKQA.pcat_01KEC4YBEXSPRBHGCCF50C93MP.pcat_01KEC4YBGMCG4NR8B10QCJA7ZT",True,False,0,"pcat_01KEC4YBEXSPRBHGCCF50C93MP","2026-01-07 11:54:44.628+00","2026-01-07 11:54:44.628+00",NULL,"{""original_id"": ""13271100011"", ""original_path"": ""Beauty > Tools & Accessories > Shave & Hair Removal > Men's > Electric Shavers > Accessories"", ""original_level"": 4}"
"pcat_01KEC4YBJTRDK1831QW55EMH4S","Cleaners","","cleaners","pcat_01KEC4P2WST0HX1JQ8YQJT433B.pcat_01KEC4YAY3GEX1A4WX0CEP5FZS.pcat_01KEC4YAZN256FPTC3ZYPKKKQA.pcat_01KEC4YBEXSPRBHGCCF50C93MP.pcat_01KEC4YBJTRDK1831QW55EMH4S",True,False,1,"pcat_01KEC4YBEXSPRBHGCCF50C93MP","2026-01-07 11:54:44.698+00","2026-01-07 11:54:44.698+00",NULL,"{""original_id"": ""13271102011"", ""original_path"": ""Beauty > Tools & Accessories > Shave & Hair Removal > Men's > Electric Shavers > Cleaners"", ""original_level"": 4}"
"pcat_01KEC4YBMQNASK0NBCMP5PWBM0","Foil Shavers","","foil-shavers","pcat_01KEC4P2WST0HX1JQ8YQJT433B.pcat_01KEC4YAY3GEX1A4WX0CEP5FZS.pcat_01KEC4YAZN256FPTC3ZYPKKKQA.pcat_01KEC4YBEXSPRBHGCCF50C93MP.pcat_01KEC4YBMQNASK0NBCMP5PWBM0",True,False,2,"pcat_01KEC4YBEXSPRBHGCCF50C93MP","2026-01-07 11:54:44.759+00","2026-01-07 11:54:44.759+00",NULL,"{""original_id"": ""13271094011"", ""original_path"": ""Beauty > Tools & Accessories > Shave & Hair Removal > Men's > Electric Shavers > Foil Shavers"", ""original_level"": 4}"
"pcat_01KEC4YBPNVARV8A6FTPF6S4A7","Replacement Heads","","replacement-heads","pcat_01KEC4P2WST0HX1JQ8YQJT433B.pcat_01KEC4YAY3GEX1A4WX0CEP5FZS.pcat_01KEC4YAZN256FPTC3ZYPKKKQA.pcat_01KEC4YBEXSPRBHGCCF50C93MP.pcat_01KEC4YBPNVARV8A6FTPF6S4A7",True,False,3,"pcat_01KEC4YBEXSPRBHGCCF50C93MP","2026-01-07 11:54:44.822+00","2026-01-07 11:54:44.822+00",NULL,"{""original_id"": ""13271098011"", ""original_path"": ""Beauty > Tools & Accessories > Shave & Hair Removal > Men's > Electric Shavers > Replacement Heads"", ""original_level"": 4}"
"pcat_01KEC4YBRHBHA5QN1VKZDG5BBB","Rotary Shavers","","rotary-shavers","pcat_01KEC4P2WST0HX1JQ8YQJT433B.pcat_01KEC4YAY3GEX1A4WX0CEP5FZS.pcat_01KEC4YAZN256FPTC3ZYPKKKQA.pcat_01KEC4YBEXSPRBHGCCF50C93MP.pcat_01KEC4YBRHBHA5QN1VKZDG5BBB",True,False,4,"pcat_01KEC4YBEXSPRBHGCCF50C93MP","2026-01-07 11:54:44.881+00","2026-01-07 11:54:44.881+00",NULL,"{""original_id"": ""13271096011"", ""original_path"": ""Beauty > Tools & Accessories > Shave & Hair Removal > Men's > Electric Shavers > Rotary Shavers"", ""original_level"": 4}"
"pcat_01KEC4YBTBCBJXV5ZABYMZ8JYH","Eyebrow Trimmers","","eyebrow-trimmers","pcat_01KEC4P2WST0HX1JQ8YQJT433B.pcat_01KEC4YAY3GEX1A4WX0CEP5FZS.pcat_01KEC4YAZN256FPTC3ZYPKKKQA.pcat_01KEC4YBTBCBJXV5ZABYMZ8JYH",True,False,4,"pcat_01KEC4YAZN256FPTC3ZYPKKKQA","2026-01-07 11:54:44.939+00","2026-01-07 11:54:44.939+00",NULL,"{""original_id"": ""7706129011"", ""original_path"": ""Beauty > Tools & Accessories > Shave & Hair Removal > Men's > Eyebrow Trimmers"", ""original_level"": 3}"
"pcat_01KEC4YBW21T7YG15YX3ZB8516","Nose & Ear Hair Trimmers","","nose-ear-hair-trimmers","pcat_01KEC4P2WST0HX1JQ8YQJT433B.pcat_01KEC4YAY3GEX1A4WX0CEP5FZS.pcat_01KEC4YAZN256FPTC3ZYPKKKQA.pcat_01KEC4YBW21T7YG15YX3ZB8516",True,False,5,"pcat_01KEC4YAZN256FPTC3ZYPKKKQA","2026-01-07 11:54:44.994+00","2026-01-07 11:54:44.994+00",NULL,"{""original_id"": ""234950011"", ""original_path"": ""Beauty > Tools & Accessories > Shave & Hair Removal > Men's > Nose & Ear Hair Trimmers"", ""original_level"": 3}"
"pcat_01KEC4YBXXXQR6G94N1B066VYG","Razors & Blades","","razors-blades","pcat_01KEC4P2WST0HX1JQ8YQJT433B.pcat_01KEC4YAY3GEX1A4WX0CEP5FZS.pcat_01KEC4YAZN256FPTC3ZYPKKKQA.pcat_01KEC4YBXXXQR6G94N1B066VYG",True,False,6,"pcat_01KEC4YAZN256FPTC3ZYPKKKQA","2026-01-07 11:54:45.053+00","2026-01-07 11:54:45.053+00",NULL,"{""original_id"": ""13271080011"", ""original_path"": ""Beauty > Personal Care > Shave & Hair Removal > Men's > Razors & Blades"", ""original_level"": 3}"
"pcat_01KEC4YBZHPY11WAGKWJZ798V9","Cartridges & Refills","","cartridges-refills","pcat_01KEC4P2WST0HX1JQ8YQJT433B.pcat_01KEC4YAY3GEX1A4WX0CEP5FZS.pcat_01KEC4YAZN256FPTC3ZYPKKKQA.pcat_01KEC4YBXXXQR6G94N1B066VYG.pcat_01KEC4YBZHPY11WAGKWJZ798V9",True,False,0,"pcat_01KEC4YBXXXQR6G94N1B066VYG","2026-01-07 11:54:45.105+00","2026-01-07 11:54:45.105+00",NULL,"{""original_id"": ""13271084011"", ""original_path"": ""Beauty > Tools & Accessories > Shave & Hair Removal > Men's > Razors & Blades > Cartridges & Refills"", ""original_level"": 4}"
"pcat_01KEC4YC1BEDFN7E6VJ8EFVEEF","Disposable Razors","","disposable-razors","pcat_01KEC4P2WST0HX1JQ8YQJT433B.pcat_01KEC4YAY3GEX1A4WX0CEP5FZS.pcat_01KEC4YAZN256FPTC3ZYPKKKQA.pcat_01KEC4YBXXXQR6G94N1B066VYG.pcat_01KEC4YC1BEDFN7E6VJ8EFVEEF",True,False,1,"pcat_01KEC4YBXXXQR6G94N1B066VYG","2026-01-07 11:54:45.164+00","2026-01-07 11:54:45.164+00",NULL,"{""original_id"": ""13271086011"", ""original_path"": ""Beauty > Personal Care > Shave & Hair Removal > Men's > Razors & Blades > Disposable Razors"", ""original_level"": 4}"
"pcat_01KEC4YC3BSM97S096XS2EFE19","Razor Systems","","razor-systems","pcat_01KEC4P2WST0HX1JQ8YQJT433B.pcat_01KEC4YAY3GEX1A4WX0CEP5FZS.pcat_01KEC4YAZN256FPTC3ZYPKKKQA.pcat_01KEC4YBXXXQR6G94N1B066VYG.pcat_01KEC4YC3BSM97S096XS2EFE19",True,False,2,"pcat_01KEC4YBXXXQR6G94N1B066VYG","2026-01-07 11:54:45.228+00","2026-01-07 11:54:45.228+00",NULL,"{""original_id"": ""13271082011"", ""original_path"": ""Beauty > Tools & Accessories > Shave & Hair Removal > Men's > Razors & Blades > Razor Systems"", ""original_level"": 4}"
"pcat_01KEC4YC54VQ42RY2ECY3MWW37","Safety Razors","","safety-razors","pcat_01KEC4P2WST0HX1JQ8YQJT433B.pcat_01KEC4YAY3GEX1A4WX0CEP5FZS.pcat_01KEC4YAZN256FPTC3ZYPKKKQA.pcat_01KEC4YBXXXQR6G94N1B066VYG.pcat_01KEC4YC54VQ42RY2ECY3MWW37",True,False,3,"pcat_01KEC4YBXXXQR6G94N1B066VYG","2026-01-07 11:54:45.284+00","2026-01-07 11:54:45.284+00",NULL,"{""original_id"": ""13271088011"", ""original_path"": ""Beauty > Tools & Accessories > Shave & Hair Removal > Men's > Razors & Blades > Safety Razors"", ""original_level"": 4}"
"pcat_01KEC4YC6SY49FMXC8H8JT6X7N","Straight Razors","","straight-razors","pcat_01KEC4P2WST0HX1JQ8YQJT433B.pcat_01KEC4YAY3GEX1A4WX0CEP5FZS.pcat_01KEC4YAZN256FPTC3ZYPKKKQA.pcat_01KEC4YBXXXQR6G94N1B066VYG.pcat_01KEC4YC6SY49FMXC8H8JT6X7N",True,False,4,"pcat_01KEC4YBXXXQR6G94N1B066VYG","2026-01-07 11:54:45.337+00","2026-01-07 11:54:45.337+00",NULL,"{""original_id"": ""13271090011"", ""original_path"": ""Beauty > Personal Care > Shave & Hair Removal > Men's > Razors & Blades > Straight Razors"", ""original_level"": 4}"
"pcat_01KEC4YC8FZZ7RFM6WQ9J9QR45","Shaving & Grooming Sets","","shaving-grooming-sets","pcat_01KEC4P2WST0HX1JQ8YQJT433B.pcat_01KEC4YAY3GEX1A4WX0CEP5FZS.pcat_01KEC4YAZN256FPTC3ZYPKKKQA.pcat_01KEC4YC8FZZ7RFM6WQ9J9QR45",True,False,7,"pcat_01KEC4YAZN256FPTC3ZYPKKKQA","2026-01-07 11:54:45.391+00","2026-01-07 11:54:45.391+00",NULL,"{""original_id"": ""13271122011"", ""original_path"": ""Beauty > Tools & Accessories > Shave & Hair Removal > Men's > Shaving & Grooming Sets"", ""original_level"": 3}"
"pcat_01KEC4YCA86HXC1C0EZE1SHE20","Shaving Accessories","","shaving-accessories","pcat_01KEC4P2WST0HX1JQ8YQJT433B.pcat_01KEC4YAY3GEX1A4WX0CEP5FZS.pcat_01KEC4YAZN256FPTC3ZYPKKKQA.pcat_01KEC4YCA86HXC1C0EZE1SHE20",True,False,8,"pcat_01KEC4YAZN256FPTC3ZYPKKKQA","2026-01-07 11:54:45.448+00","2026-01-07 11:54:45.448+00",NULL,"{""original_id"": ""13271115011"", ""original_path"": ""Beauty > Personal Care > Shave & Hair Removal > Men's > Shaving Accessories"", ""original_level"": 3}"
"pcat_01KEC4YCBZRT080FXMKYS6RCQY","Alum","","alum","pcat_01KEC4P2WST0HX1JQ8YQJT433B.pcat_01KEC4YAY3GEX1A4WX0CEP5FZS.pcat_01KEC4YAZN256FPTC3ZYPKKKQA.pcat_01KEC4YCA86HXC1C0EZE1SHE20.pcat_01KEC4YCBZRT080FXMKYS6RCQY",True,False,0,"pcat_01KEC4YCA86HXC1C0EZE1SHE20","2026-01-07 11:54:45.503+00","2026-01-07 11:54:45.503+00",NULL,"{""original_id"": ""7654694011"", ""original_path"": ""Beauty > Tools & Accessories > Shave & Hair Removal > Men's > Shaving Accessories > Alum"", ""original_level"": 4}"
"pcat_01KEC4YCDMY4BPXKNZJ0P7641K","Hot Lather Machines","","hot-lather-machines","pcat_01KEC4P2WST0HX1JQ8YQJT433B.pcat_01KEC4YAY3GEX1A4WX0CEP5FZS.pcat_01KEC4YAZN256FPTC3ZYPKKKQA.pcat_01KEC4YCA86HXC1C0EZE1SHE20.pcat_01KEC4YCDMY4BPXKNZJ0P7641K",True,False,1,"pcat_01KEC4YCA86HXC1C0EZE1SHE20","2026-01-07 11:54:45.556+00","2026-01-07 11:54:45.556+00",NULL,"{""original_id"": ""7655038011"", ""original_path"": ""Beauty > Tools & Accessories > Shave & Hair Removal > Men's > Shaving Accessories > Hot Lather Machines"", ""original_level"": 4}"
"pcat_01KEC4YCF90QXTEKSP9GG6RWR0","Razor & Brush Stands","","razor-brush-stands","pcat_01KEC4P2WST0HX1JQ8YQJT433B.pcat_01KEC4YAY3GEX1A4WX0CEP5FZS.pcat_01KEC4YAZN256FPTC3ZYPKKKQA.pcat_01KEC4YCA86HXC1C0EZE1SHE20.pcat_01KEC4YCF90QXTEKSP9GG6RWR0",True,False,2,"pcat_01KEC4YCA86HXC1C0EZE1SHE20","2026-01-07 11:54:45.609+00","2026-01-07 11:54:45.609+00",NULL,"{""original_id"": ""7655033011"", ""original_path"": ""Beauty > Tools & Accessories > Shave & Hair Removal > Men's > Shaving Accessories > Razor & Brush Stands"", ""original_level"": 4}"
"pcat_01KEC4YCGWVDEXS8K1E3PGYXRJ","Razor Strops","","razor-strops","pcat_01KEC4P2WST0HX1JQ8YQJT433B.pcat_01KEC4YAY3GEX1A4WX0CEP5FZS.pcat_01KEC4YAZN256FPTC3ZYPKKKQA.pcat_01KEC4YCA86HXC1C0EZE1SHE20.pcat_01KEC4YCGWVDEXS8K1E3PGYXRJ",True,False,3,"pcat_01KEC4YCA86HXC1C0EZE1SHE20","2026-01-07 11:54:45.661+00","2026-01-07 11:54:45.661+00",NULL,"{""original_id"": ""7655034011"", ""original_path"": ""Beauty > Tools & Accessories > Shave & Hair Removal > Men's > Shaving Accessories > Razor Strops"", ""original_level"": 4}"
"pcat_01KEC4YCJN2JXEH6MHZF8X21YN","Shaving Brushes","","shaving-brushes","pcat_01KEC4P2WST0HX1JQ8YQJT433B.pcat_01KEC4YAY3GEX1A4WX0CEP5FZS.pcat_01KEC4YAZN256FPTC3ZYPKKKQA.pcat_01KEC4YCA86HXC1C0EZE1SHE20.pcat_01KEC4YCJN2JXEH6MHZF8X21YN",True,False,4,"pcat_01KEC4YCA86HXC1C0EZE1SHE20","2026-01-07 11:54:45.717+00","2026-01-07 11:54:45.717+00",NULL,"{""original_id"": ""7655037011"", ""original_path"": ""Beauty > Personal Care > Shave & Hair Removal > Men's > Shaving Accessories > Shaving Brushes"", ""original_level"": 4}"
"pcat_01KEC4YCMGB5MW22ZPZD88611V","Shaving Soap Bowls","","shaving-soap-bowls","pcat_01KEC4P2WST0HX1JQ8YQJT433B.pcat_01KEC4YAY3GEX1A4WX0CEP5FZS.pcat_01KEC4YAZN256FPTC3ZYPKKKQA.pcat_01KEC4YCA86HXC1C0EZE1SHE20.pcat_01KEC4YCMGB5MW22ZPZD88611V",True,False,5,"pcat_01KEC4YCA86HXC1C0EZE1SHE20","2026-01-07 11:54:45.776+00","2026-01-07 11:54:45.776+00",NULL,"{""original_id"": ""7655036011"", ""original_path"": ""Beauty > Tools & Accessories > Shave & Hair Removal > Men's > Shaving Accessories > Shaving Soap Bowls"", ""original_level"": 4}"
"pcat_01KEC4YCP8FM5M3V7VR53AZANG","Styptic","","styptic","pcat_01KEC4P2WST0HX1JQ8YQJT433B.pcat_01KEC4YAY3GEX1A4WX0CEP5FZS.pcat_01KEC4YAZN256FPTC3ZYPKKKQA.pcat_01KEC4YCA86HXC1C0EZE1SHE20.pcat_01KEC4YCP8FM5M3V7VR53AZANG",True,False,6,"pcat_01KEC4YCA86HXC1C0EZE1SHE20","2026-01-07 11:54:45.832+00","2026-01-07 11:54:45.832+00",NULL,"{""original_id"": ""7654695011"", ""original_path"": ""Beauty > Tools & Accessories > Shave & Hair Removal > Men's > Shaving Accessories > Styptic"", ""original_level"": 4}"
"pcat_01KEC4YCRD4M0HZMWV19YS0T8X","Shaving Creams, Lotions & Gels","","shaving-creams-lotions-gels","pcat_01KEC4P2WST0HX1JQ8YQJT433B.pcat_01KEC4YAY3GEX1A4WX0CEP5FZS.pcat_01KEC4YAZN256FPTC3ZYPKKKQA.pcat_01KEC4YCRD4M0HZMWV19YS0T8X",True,False,9,"pcat_01KEC4YAZN256FPTC3ZYPKKKQA","2026-01-07 11:54:45.901+00","2026-01-07 11:54:45.901+00",NULL,"{""original_id"": ""13271103011"", ""original_path"": ""Beauty > Personal Care > Shave & Hair Removal > Men's > Shaving Creams, Lotions & Gels"", ""original_level"": 3}"
"pcat_01KEC4YCT2H87W6YJCT9G2C5H8","Shaving Creams","","shaving-creams","pcat_01KEC4P2WST0HX1JQ8YQJT433B.pcat_01KEC4YAY3GEX1A4WX0CEP5FZS.pcat_01KEC4YAZN256FPTC3ZYPKKKQA.pcat_01KEC4YCRD4M0HZMWV19YS0T8X.pcat_01KEC4YCT2H87W6YJCT9G2C5H8",True,False,0,"pcat_01KEC4YCRD4M0HZMWV19YS0T8X","2026-01-07 11:54:45.954+00","2026-01-07 11:54:45.954+00",NULL,"{""original_id"": ""13271105011"", ""original_path"": ""Beauty > Tools & Accessories > Shave & Hair Removal > Men's > Shaving Creams, Lotions & Gels > Shaving Creams"", ""original_level"": 4}"
"pcat_01KEC4YCVWNHAVGFMDDHGSH0MZ","Shaving Gels","","shaving-gels","pcat_01KEC4P2WST0HX1JQ8YQJT433B.pcat_01KEC4YAY3GEX1A4WX0CEP5FZS.pcat_01KEC4YAZN256FPTC3ZYPKKKQA.pcat_01KEC4YCRD4M0HZMWV19YS0T8X.pcat_01KEC4YCVWNHAVGFMDDHGSH0MZ",True,False,1,"pcat_01KEC4YCRD4M0HZMWV19YS0T8X","2026-01-07 11:54:46.012+00","2026-01-07 11:54:46.012+00",NULL,"{""original_id"": ""13271109011"", ""original_path"": ""Beauty > Tools & Accessories > Shave & Hair Removal > Men's > Shaving Creams, Lotions & Gels > Shaving Gels"", ""original_level"": 4}"
"pcat_01KEC4YCXJQSP0GDJQ7XN6ADNM","Shaving Lotions","","shaving-lotions","pcat_01KEC4P2WST0HX1JQ8YQJT433B.pcat_01KEC4YAY3GEX1A4WX0CEP5FZS.pcat_01KEC4YAZN256FPTC3ZYPKKKQA.pcat_01KEC4YCRD4M0HZMWV19YS0T8X.pcat_01KEC4YCXJQSP0GDJQ7XN6ADNM",True,False,2,"pcat_01KEC4YCRD4M0HZMWV19YS0T8X","2026-01-07 11:54:46.066+00","2026-01-07 11:54:46.066+00",NULL,"{""original_id"": ""13271107011"", ""original_path"": ""Beauty > Tools & Accessories > Shave & Hair Removal > Men's > Shaving Creams, Lotions & Gels > Shaving Lotions"", ""original_level"": 4}"
"pcat_01KEC4YCZCK76KNG9J9CV96EVH","Shaving Soaps","","shaving-soaps","pcat_01KEC4P2WST0HX1JQ8YQJT433B.pcat_01KEC4YAY3GEX1A4WX0CEP5FZS.pcat_01KEC4YAZN256FPTC3ZYPKKKQA.pcat_01KEC4YCRD4M0HZMWV19YS0T8X.pcat_01KEC4YCZCK76KNG9J9CV96EVH",True,False,3,"pcat_01KEC4YCRD4M0HZMWV19YS0T8X","2026-01-07 11:54:46.124+00","2026-01-07 11:54:46.124+00",NULL,"{""original_id"": ""13271111011"", ""original_path"": ""Beauty > Tools & Accessories > Shave & Hair Removal > Men's > Shaving Creams, Lotions & Gels > Shaving Soaps"", ""original_level"": 4}"
"pcat_01KEC4YD1PTX2A628RWET97TN7","Tweezers","","tweezers","pcat_01KEC4P2WST0HX1JQ8YQJT433B.pcat_01KEC4YAY3GEX1A4WX0CEP5FZS.pcat_01KEC4YAZN256FPTC3ZYPKKKQA.pcat_01KEC4YD1PTX2A628RWET97TN7",True,False,10,"pcat_01KEC4YAZN256FPTC3ZYPKKKQA","2026-01-07 11:54:46.198+00","2026-01-07 11:54:46.198+00",NULL,"{""original_id"": ""3779181"", ""original_path"": ""Beauty > Personal Care > Shave & Hair Removal > Men's > Tweezers"", ""original_level"": 3}"
"pcat_01KEC4YD51C58Q4RVBK7KDYJP5","Bleaching","","bleaching","pcat_01KEC4P2WST0HX1JQ8YQJT433B.pcat_01KEC4YAY3GEX1A4WX0CEP5FZS.pcat_01KEC4YD3DMMHACPWQ1ECWZ0K0.pcat_01KEC4YD51C58Q4RVBK7KDYJP5",True,False,0,"pcat_01KEC4YD3DMMHACPWQ1ECWZ0K0","2026-01-07 11:54:46.305+00","2026-01-07 11:54:46.305+00",NULL,"{""original_id"": ""3779061"", ""original_path"": ""Beauty > Tools & Accessories > Shave & Hair Removal > Women's > Bleaching"", ""original_level"": 3}"
"pcat_01KEC4YD6VHWGFB4ECZX9AXWHD","Depilatories","","depilatories","pcat_01KEC4P2WST0HX1JQ8YQJT433B.pcat_01KEC4YAY3GEX1A4WX0CEP5FZS.pcat_01KEC4YD3DMMHACPWQ1ECWZ0K0.pcat_01KEC4YD6VHWGFB4ECZX9AXWHD",True,False,1,"pcat_01KEC4YD3DMMHACPWQ1ECWZ0K0","2026-01-07 11:54:46.363+00","2026-01-07 11:54:46.363+00",NULL,"{""original_id"": ""3779081"", ""original_path"": ""Beauty > Tools & Accessories > Shave & Hair Removal > Women's > Depilatories"", ""original_level"": 3}"
"pcat_01KEC4YD979TJ47666E3KN046Q","Electric Shavers","","electric-shavers-2","pcat_01KEC4P2WST0HX1JQ8YQJT433B.pcat_01KEC4YAY3GEX1A4WX0CEP5FZS.pcat_01KEC4YD3DMMHACPWQ1ECWZ0K0.pcat_01KEC4YD979TJ47666E3KN046Q",True,False,2,"pcat_01KEC4YD3DMMHACPWQ1ECWZ0K0","2026-01-07 11:54:46.44+00","2026-01-07 11:54:46.44+00",NULL,"{""original_id"": ""13295180011"", ""original_path"": ""Beauty > Personal Care > Shave & Hair Removal > Women's > Electric Shavers"", ""original_level"": 3}"
"pcat_01KEC4YDBDRFZKQG2VG35S6K6F","Accessories","","accessories-10","pcat_01KEC4P2WST0HX1JQ8YQJT433B.pcat_01KEC4YAY3GEX1A4WX0CEP5FZS.pcat_01KEC4YD3DMMHACPWQ1ECWZ0K0.pcat_01KEC4YD979TJ47666E3KN046Q.pcat_01KEC4YDBDRFZKQG2VG35S6K6F",True,False,0,"pcat_01KEC4YD979TJ47666E3KN046Q","2026-01-07 11:54:46.509+00","2026-01-07 11:54:46.509+00",NULL,"{""original_id"": ""13295186011"", ""original_path"": ""Beauty > Tools & Accessories > Shave & Hair Removal > Women's > Electric Shavers > Accessories"", ""original_level"": 4}"
"pcat_01KEC4YDD0202MY5JWPKGN63GF","Foil Shavers","","foil-shavers-2","pcat_01KEC4P2WST0HX1JQ8YQJT433B.pcat_01KEC4YAY3GEX1A4WX0CEP5FZS.pcat_01KEC4YD3DMMHACPWQ1ECWZ0K0.pcat_01KEC4YD979TJ47666E3KN046Q.pcat_01KEC4YDD0202MY5JWPKGN63GF",True,False,1,"pcat_01KEC4YD979TJ47666E3KN046Q","2026-01-07 11:54:46.56+00","2026-01-07 11:54:46.56+00",NULL,"{""original_id"": ""13295182011"", ""original_path"": ""Beauty > Tools & Accessories > Shave & Hair Removal > Women's > Electric Shavers > Foil Shavers"", ""original_level"": 4}"
"pcat_01KEC4YDEYHV181PA159F7WGGT","Replacement Heads","","replacement-heads-2","pcat_01KEC4P2WST0HX1JQ8YQJT433B.pcat_01KEC4YAY3GEX1A4WX0CEP5FZS.pcat_01KEC4YD3DMMHACPWQ1ECWZ0K0.pcat_01KEC4YD979TJ47666E3KN046Q.pcat_01KEC4YDEYHV181PA159F7WGGT",True,False,2,"pcat_01KEC4YD979TJ47666E3KN046Q","2026-01-07 11:54:46.622+00","2026-01-07 11:54:46.622+00",NULL,"{""original_id"": ""13295184011"", ""original_path"": ""Beauty > Tools & Accessories > Shave & Hair Removal > Women's > Electric Shavers > Replacement Heads"", ""original_level"": 4}"
"pcat_01KEC4YDGK5AWPTSEKBPES46RJ","Epilators, Groomers & Trimmers","","epilators-groomers-trimmers","pcat_01KEC4P2WST0HX1JQ8YQJT433B.pcat_01KEC4YAY3GEX1A4WX0CEP5FZS.pcat_01KEC4YD3DMMHACPWQ1ECWZ0K0.pcat_01KEC4YDGK5AWPTSEKBPES46RJ",True,False,3,"pcat_01KEC4YD3DMMHACPWQ1ECWZ0K0","2026-01-07 11:54:46.675+00","2026-01-07 11:54:46.675+00",NULL,"{""original_id"": ""13269998011"", ""original_path"": ""Beauty > Personal Care > Shave & Hair Removal > Women's > Epilators, Groomers & Trimmers"", ""original_level"": 3}"
"pcat_01KEC4YDJF21CKTG72XD1YNZM4","Bikini Trimmers","","bikini-trimmers","pcat_01KEC4P2WST0HX1JQ8YQJT433B.pcat_01KEC4YAY3GEX1A4WX0CEP5FZS.pcat_01KEC4YD3DMMHACPWQ1ECWZ0K0.pcat_01KEC4YDGK5AWPTSEKBPES46RJ.pcat_01KEC4YDJF21CKTG72XD1YNZM4",True,False,0,"pcat_01KEC4YDGK5AWPTSEKBPES46RJ","2026-01-07 11:54:46.735+00","2026-01-07 11:54:46.735+00",NULL,"{""original_id"": ""13270000011"", ""original_path"": ""Beauty > Tools & Accessories > Shave & Hair Removal > Women's > Epilators, Groomers & Trimmers > Bikini Trimmers"", ""original_level"": 4}"
"pcat_01KEC4YDMBGMPPKXF8C84J4FV4","Epilators","","epilators","pcat_01KEC4P2WST0HX1JQ8YQJT433B.pcat_01KEC4YAY3GEX1A4WX0CEP5FZS.pcat_01KEC4YD3DMMHACPWQ1ECWZ0K0.pcat_01KEC4YDGK5AWPTSEKBPES46RJ.pcat_01KEC4YDMBGMPPKXF8C84J4FV4",True,False,1,"pcat_01KEC4YDGK5AWPTSEKBPES46RJ","2026-01-07 11:54:46.795+00","2026-01-07 11:54:46.795+00",NULL,"{""original_id"": ""234944011"", ""original_path"": ""Beauty > Tools & Accessories > Shave & Hair Removal > Women's > Epilators, Groomers & Trimmers > Epilators"", ""original_level"": 4}"
"pcat_01KEC4YDPG8E1CNNXGSD2MVM08","Personal Groomers","","personal-groomers","pcat_01KEC4P2WST0HX1JQ8YQJT433B.pcat_01KEC4YAY3GEX1A4WX0CEP5FZS.pcat_01KEC4YD3DMMHACPWQ1ECWZ0K0.pcat_01KEC4YDGK5AWPTSEKBPES46RJ.pcat_01KEC4YDPG8E1CNNXGSD2MVM08",True,False,2,"pcat_01KEC4YDGK5AWPTSEKBPES46RJ","2026-01-07 11:54:46.864+00","2026-01-07 11:54:46.864+00",NULL,"{""original_id"": ""3779171"", ""original_path"": ""Beauty > Tools & Accessories > Shave & Hair Removal > Women's > Epilators, Groomers & Trimmers > Personal Groomers"", ""original_level"": 4}"
"pcat_01KEC4YDR49KTMA7X0Z5SX1DQT","Laser, Light & Electrolysis Hair Removal","","laser-light-electrolysis-hair-removal","pcat_01KEC4P2WST0HX1JQ8YQJT433B.pcat_01KEC4YAY3GEX1A4WX0CEP5FZS.pcat_01KEC4YD3DMMHACPWQ1ECWZ0K0.pcat_01KEC4YDR49KTMA7X0Z5SX1DQT",True,False,4,"pcat_01KEC4YD3DMMHACPWQ1ECWZ0K0","2026-01-07 11:54:46.917+00","2026-01-07 11:54:46.917+00",NULL,"{""original_id"": ""13406780011"", ""original_path"": ""Beauty > Personal Care > Shave & Hair Removal > Women's > Laser, Light & Electrolysis Hair Removal"", ""original_level"": 3}"
"pcat_01KEC4YDSRW56C2X54G69ZFAYT","Electrolysis","","electrolysis","pcat_01KEC4P2WST0HX1JQ8YQJT433B.pcat_01KEC4YAY3GEX1A4WX0CEP5FZS.pcat_01KEC4YD3DMMHACPWQ1ECWZ0K0.pcat_01KEC4YDR49KTMA7X0Z5SX1DQT.pcat_01KEC4YDSRW56C2X54G69ZFAYT",True,False,0,"pcat_01KEC4YDR49KTMA7X0Z5SX1DQT","2026-01-07 11:54:46.968+00","2026-01-07 11:54:46.968+00",NULL,"{""original_id"": ""3779151"", ""original_path"": ""Beauty > Tools & Accessories > Shave & Hair Removal > Women's > Laser, Light & Electrolysis Hair Removal > Electrolysis"", ""original_level"": 4}"
"pcat_01KEC4YDVJX41RPVBAFRJ5WZNS","Light Hair Removal","","light-hair-removal","pcat_01KEC4P2WST0HX1JQ8YQJT433B.pcat_01KEC4YAY3GEX1A4WX0CEP5FZS.pcat_01KEC4YD3DMMHACPWQ1ECWZ0K0.pcat_01KEC4YDR49KTMA7X0Z5SX1DQT.pcat_01KEC4YDVJX41RPVBAFRJ5WZNS",True,False,1,"pcat_01KEC4YDR49KTMA7X0Z5SX1DQT","2026-01-07 11:54:47.026+00","2026-01-07 11:54:47.026+00",NULL,"{""original_id"": ""7676395011"", ""original_path"": ""Beauty > Tools & Accessories > Shave & Hair Removal > Women's > Laser, Light & Electrolysis Hair Removal > Light Hair Removal"", ""original_level"": 4}"
"pcat_01KEC4YDXA7BAN9D7SP0PDH3PX","Razors & Blades","","razors-blades-2","pcat_01KEC4P2WST0HX1JQ8YQJT433B.pcat_01KEC4YAY3GEX1A4WX0CEP5FZS.pcat_01KEC4YD3DMMHACPWQ1ECWZ0K0.pcat_01KEC4YDXA7BAN9D7SP0PDH3PX",True,False,5,"pcat_01KEC4YD3DMMHACPWQ1ECWZ0K0","2026-01-07 11:54:47.083+00","2026-01-07 11:54:47.083+00",NULL,"{""original_id"": ""13269991011"", ""original_path"": ""Beauty > Personal Care > Shave & Hair Removal > Women's > Razors & Blades"", ""original_level"": 3}"
"pcat_01KEC4YDZ2PYC3GCEW0N58JMHN","Cartridges & Refills","","cartridges-refills-2","pcat_01KEC4P2WST0HX1JQ8YQJT433B.pcat_01KEC4YAY3GEX1A4WX0CEP5FZS.pcat_01KEC4YD3DMMHACPWQ1ECWZ0K0.pcat_01KEC4YDXA7BAN9D7SP0PDH3PX.pcat_01KEC4YDZ2PYC3GCEW0N58JMHN",True,False,0,"pcat_01KEC4YDXA7BAN9D7SP0PDH3PX","2026-01-07 11:54:47.138+00","2026-01-07 11:54:47.138+00",NULL,"{""original_id"": ""13269995011"", ""original_path"": ""Beauty > Tools & Accessories > Shave & Hair Removal > Women's > Razors & Blades > Cartridges & Refills"", ""original_level"": 4}"
"pcat_01KEC4YE1242AFWN4KQDR8XVFC","Disposable Razors","","disposable-razors-2","pcat_01KEC4P2WST0HX1JQ8YQJT433B.pcat_01KEC4YAY3GEX1A4WX0CEP5FZS.pcat_01KEC4YD3DMMHACPWQ1ECWZ0K0.pcat_01KEC4YDXA7BAN9D7SP0PDH3PX.pcat_01KEC4YE1242AFWN4KQDR8XVFC",True,False,1,"pcat_01KEC4YDXA7BAN9D7SP0PDH3PX","2026-01-07 11:54:47.202+00","2026-01-07 11:54:47.202+00",NULL,"{""original_id"": ""13269997011"", ""original_path"": ""Beauty > Tools & Accessories > Shave & Hair Removal > Women's > Razors & Blades > Disposable Razors"", ""original_level"": 4}"
"pcat_01KEC4YE2QWRDCKQA1E5YZJ23R","Razor Systems","","razor-systems-2","pcat_01KEC4P2WST0HX1JQ8YQJT433B.pcat_01KEC4YAY3GEX1A4WX0CEP5FZS.pcat_01KEC4YD3DMMHACPWQ1ECWZ0K0.pcat_01KEC4YDXA7BAN9D7SP0PDH3PX.pcat_01KEC4YE2QWRDCKQA1E5YZJ23R",True,False,2,"pcat_01KEC4YDXA7BAN9D7SP0PDH3PX","2026-01-07 11:54:47.255+00","2026-01-07 11:54:47.255+00",NULL,"{""original_id"": ""13269993011"", ""original_path"": ""Beauty > Tools & Accessories > Shave & Hair Removal > Women's > Razors & Blades > Razor Systems"", ""original_level"": 4}"
"pcat_01KEC4YE4BVV9V8FRFSXDNB8VB","Razors with Soap Bars","","razors-with-soap-bars","pcat_01KEC4P2WST0HX1JQ8YQJT433B.pcat_01KEC4YAY3GEX1A4WX0CEP5FZS.pcat_01KEC4YD3DMMHACPWQ1ECWZ0K0.pcat_01KEC4YDXA7BAN9D7SP0PDH3PX.pcat_01KEC4YE4BVV9V8FRFSXDNB8VB",True,False,3,"pcat_01KEC4YDXA7BAN9D7SP0PDH3PX","2026-01-07 11:54:47.307+00","2026-01-07 11:54:47.307+00",NULL,"{""original_id"": ""13295188011"", ""original_path"": ""Beauty > Tools & Accessories > Shave & Hair Removal > Women's > Razors & Blades > Razors with Soap Bars"", ""original_level"": 4}"
"pcat_01KEC4YE5XDWJ5CBPD8C83CNBX","Shaving & Grooming Sets","","shaving-grooming-sets-2","pcat_01KEC4P2WST0HX1JQ8YQJT433B.pcat_01KEC4YAY3GEX1A4WX0CEP5FZS.pcat_01KEC4YD3DMMHACPWQ1ECWZ0K0.pcat_01KEC4YE5XDWJ5CBPD8C83CNBX",True,False,6,"pcat_01KEC4YD3DMMHACPWQ1ECWZ0K0","2026-01-07 11:54:47.357+00","2026-01-07 11:54:47.357+00",NULL,"{""original_id"": ""13270009011"", ""original_path"": ""Beauty > Personal Care > Shave & Hair Removal > Women's > Shaving & Grooming Sets"", ""original_level"": 3}"
"pcat_01KEC4YE7KJAE39STF25738YEE","Shaving Creams, Lotions & Gels","","shaving-creams-lotions-gels-2","pcat_01KEC4P2WST0HX1JQ8YQJT433B.pcat_01KEC4YAY3GEX1A4WX0CEP5FZS.pcat_01KEC4YD3DMMHACPWQ1ECWZ0K0.pcat_01KEC4YE7KJAE39STF25738YEE",True,False,7,"pcat_01KEC4YD3DMMHACPWQ1ECWZ0K0","2026-01-07 11:54:47.411+00","2026-01-07 11:54:47.411+00",NULL,"{""original_id"": ""13270001011"", ""original_path"": ""Beauty > Personal Care > Shave & Hair Removal > Women's > Shaving Creams, Lotions & Gels"", ""original_level"": 3}"
"pcat_01KEC4YE96DRKNNQ2BRH4JC5YH","Shaving Creams","","shaving-creams-2","pcat_01KEC4P2WST0HX1JQ8YQJT433B.pcat_01KEC4YAY3GEX1A4WX0CEP5FZS.pcat_01KEC4YD3DMMHACPWQ1ECWZ0K0.pcat_01KEC4YE7KJAE39STF25738YEE.pcat_01KEC4YE96DRKNNQ2BRH4JC5YH",True,False,0,"pcat_01KEC4YE7KJAE39STF25738YEE","2026-01-07 11:54:47.462+00","2026-01-07 11:54:47.462+00",NULL,"{""original_id"": ""13270003011"", ""original_path"": ""Beauty > Tools & Accessories > Shave & Hair Removal > Women's > Shaving Creams, Lotions & Gels > Shaving Creams"", ""original_level"": 4}"
"pcat_01KEC4YEAVY03RF3HEPBJ3V63S","Shaving Gels","","shaving-gels-2","pcat_01KEC4P2WST0HX1JQ8YQJT433B.pcat_01KEC4YAY3GEX1A4WX0CEP5FZS.pcat_01KEC4YD3DMMHACPWQ1ECWZ0K0.pcat_01KEC4YE7KJAE39STF25738YEE.pcat_01KEC4YEAVY03RF3HEPBJ3V63S",True,False,1,"pcat_01KEC4YE7KJAE39STF25738YEE","2026-01-07 11:54:47.515+00","2026-01-07 11:54:47.515+00",NULL,"{""original_id"": ""13270007011"", ""original_path"": ""Beauty > Tools & Accessories > Shave & Hair Removal > Women's > Shaving Creams, Lotions & Gels > Shaving Gels"", ""original_level"": 4}"
"pcat_01KEC4YECGFHHM8Z3PYS0N8774","Shaving Lotions","","shaving-lotions-2","pcat_01KEC4P2WST0HX1JQ8YQJT433B.pcat_01KEC4YAY3GEX1A4WX0CEP5FZS.pcat_01KEC4YD3DMMHACPWQ1ECWZ0K0.pcat_01KEC4YE7KJAE39STF25738YEE.pcat_01KEC4YECGFHHM8Z3PYS0N8774",True,False,2,"pcat_01KEC4YE7KJAE39STF25738YEE","2026-01-07 11:54:47.568+00","2026-01-07 11:54:47.568+00",NULL,"{""original_id"": ""13270005011"", ""original_path"": ""Beauty > Shave & Hair Removal > Women's > Shaving Creams, Lotions & Gels > Shaving Lotions"", ""original_level"": 4}"
"pcat_01KEC4YEE4G1VGH3NY5KNT71YT","Waxing","","waxing","pcat_01KEC4P2WST0HX1JQ8YQJT433B.pcat_01KEC4YAY3GEX1A4WX0CEP5FZS.pcat_01KEC4YD3DMMHACPWQ1ECWZ0K0.pcat_01KEC4YEE4G1VGH3NY5KNT71YT",True,False,8,"pcat_01KEC4YD3DMMHACPWQ1ECWZ0K0","2026-01-07 11:54:47.621+00","2026-01-07 11:54:47.621+00",NULL,"{""original_id"": ""3779191"", ""original_path"": ""Beauty > Personal Care > Shave & Hair Removal > Women's > Waxing"", ""original_level"": 3}"
"pcat_01KEC4YEFTESQ01N5W9ZK7XGV1","Powders","","powders","pcat_01KEC4P2WST0HX1JQ8YQJT433B.pcat_01KEC4YAY3GEX1A4WX0CEP5FZS.pcat_01KEC4YD3DMMHACPWQ1ECWZ0K0.pcat_01KEC4YEE4G1VGH3NY5KNT71YT.pcat_01KEC4YEFTESQ01N5W9ZK7XGV1",True,False,0,"pcat_01KEC4YEE4G1VGH3NY5KNT71YT","2026-01-07 11:54:47.674+00","2026-01-07 11:54:47.674+00",NULL,"{""original_id"": ""3779221"", ""original_path"": ""Beauty > Tools & Accessories > Shave & Hair Removal > Men's > Waxing > Powders"", ""original_level"": 4}"
"pcat_01KEC4YEHF1NTEGF7MZ5RYSQ2B","Skin Cleansers","","skin-cleansers","pcat_01KEC4P2WST0HX1JQ8YQJT433B.pcat_01KEC4YAY3GEX1A4WX0CEP5FZS.pcat_01KEC4YD3DMMHACPWQ1ECWZ0K0.pcat_01KEC4YEE4G1VGH3NY5KNT71YT.pcat_01KEC4YEHF1NTEGF7MZ5RYSQ2B",True,False,1,"pcat_01KEC4YEE4G1VGH3NY5KNT71YT","2026-01-07 11:54:47.727+00","2026-01-07 11:54:47.727+00",NULL,"{""original_id"": ""3779231"", ""original_path"": ""Beauty > Tools & Accessories > Shave & Hair Removal > Men's > Waxing > Skin Cleansers"", ""original_level"": 4}"
"pcat_01KEC4YEKF2PM6RRFJWEWK2G9N","Spatulas","","spatulas","pcat_01KEC4P2WST0HX1JQ8YQJT433B.pcat_01KEC4YAY3GEX1A4WX0CEP5FZS.pcat_01KEC4YD3DMMHACPWQ1ECWZ0K0.pcat_01KEC4YEE4G1VGH3NY5KNT71YT.pcat_01KEC4YEKF2PM6RRFJWEWK2G9N",True,False,2,"pcat_01KEC4YEE4G1VGH3NY5KNT71YT","2026-01-07 11:54:47.791+00","2026-01-07 11:54:47.791+00",NULL,"{""original_id"": ""3779241"", ""original_path"": ""Beauty > Tools & Accessories > Shave & Hair Removal > Men's > Waxing > Spatulas"", ""original_level"": 4}"
"pcat_01KEC4YENVSHZ6RT2R9SSR4N7Z","Strips","","strips","pcat_01KEC4P2WST0HX1JQ8YQJT433B.pcat_01KEC4YAY3GEX1A4WX0CEP5FZS.pcat_01KEC4YD3DMMHACPWQ1ECWZ0K0.pcat_01KEC4YEE4G1VGH3NY5KNT71YT.pcat_01KEC4YENVSHZ6RT2R9SSR4N7Z",True,False,3,"pcat_01KEC4YEE4G1VGH3NY5KNT71YT","2026-01-07 11:54:47.868+00","2026-01-07 11:54:47.868+00",NULL,"{""original_id"": ""3779271"", ""original_path"": ""Beauty > Tools & Accessories > Shave & Hair Removal > Men's > Waxing > Strips"", ""original_level"": 4}"
"pcat_01KEC4YEQSSZG0KJBWX66GSJ86","Wax","","wax","pcat_01KEC4P2WST0HX1JQ8YQJT433B.pcat_01KEC4YAY3GEX1A4WX0CEP5FZS.pcat_01KEC4YD3DMMHACPWQ1ECWZ0K0.pcat_01KEC4YEE4G1VGH3NY5KNT71YT.pcat_01KEC4YEQSSZG0KJBWX66GSJ86",True,False,4,"pcat_01KEC4YEE4G1VGH3NY5KNT71YT","2026-01-07 11:54:47.929+00","2026-01-07 11:54:47.929+00",NULL,"{""original_id"": ""3779251"", ""original_path"": ""Beauty > Tools & Accessories > Shave & Hair Removal > Men's > Waxing > Wax"", ""original_level"": 4}"
"pcat_01KEC4YESP6YFSJZMCB36SB2TC","Wax Warmers & Accessories","","wax-warmers-accessories","pcat_01KEC4P2WST0HX1JQ8YQJT433B.pcat_01KEC4YAY3GEX1A4WX0CEP5FZS.pcat_01KEC4YD3DMMHACPWQ1ECWZ0K0.pcat_01KEC4YEE4G1VGH3NY5KNT71YT.pcat_01KEC4YESP6YFSJZMCB36SB2TC",True,False,5,"pcat_01KEC4YEE4G1VGH3NY5KNT71YT","2026-01-07 11:54:47.99+00","2026-01-07 11:54:47.99+00",NULL,"{""original_id"": ""16261985011"", ""original_path"": ""Beauty > Tools & Accessories > Shave & Hair Removal > Men's > Waxing > Wax Warmers & Accessories"", ""original_level"": 4}"
"pcat_01KEC4YEVKZ0Q4DPFGFKMXKG6W","Waxing Kits","","waxing-kits","pcat_01KEC4P2WST0HX1JQ8YQJT433B.pcat_01KEC4YAY3GEX1A4WX0CEP5FZS.pcat_01KEC4YD3DMMHACPWQ1ECWZ0K0.pcat_01KEC4YEE4G1VGH3NY5KNT71YT.pcat_01KEC4YEVKZ0Q4DPFGFKMXKG6W",True,False,6,"pcat_01KEC4YEE4G1VGH3NY5KNT71YT","2026-01-07 11:54:48.051+00","2026-01-07 11:54:48.051+00",NULL,"{""original_id"": ""3779281"", ""original_path"": ""Beauty > Tools & Accessories > Shave & Hair Removal > Men's > Waxing > Waxing Kits"", ""original_level"": 4}"
"pcat_01KEC4YEXJTQXPFE7N66ZYAA65","Skin Care","","skin-care","pcat_01KEC4P2WST0HX1JQ8YQJT433B.pcat_01KEC4YEXJTQXPFE7N66ZYAA65",True,False,7,"pcat_01KEC4P2WST0HX1JQ8YQJT433B","2026-01-07 11:54:48.115+00","2026-01-07 11:54:48.115+00",NULL,"{""original_id"": ""11060451"", ""original_path"": ""Beauty > Skin Care"", ""original_level"": 1}"
"pcat_01KEC4YEZDQC2B4FZTFV92G7VN","Body","","body-2","pcat_01KEC4P2WST0HX1JQ8YQJT433B.pcat_01KEC4YEXJTQXPFE7N66ZYAA65.pcat_01KEC4YEZDQC2B4FZTFV92G7VN",True,False,0,"pcat_01KEC4YEXJTQXPFE7N66ZYAA65","2026-01-07 11:54:48.173+00","2026-01-07 11:54:48.173+00",NULL,"{""original_id"": ""11060521"", ""original_path"": ""Beauty > Personal Care > Skin Care > Body"", ""original_level"": 2}"
"pcat_01KEC4YF16EMR37WEXE9NGQPZJ","Cleansers","","cleansers-2","pcat_01KEC4P2WST0HX1JQ8YQJT433B.pcat_01KEC4YEXJTQXPFE7N66ZYAA65.pcat_01KEC4YEZDQC2B4FZTFV92G7VN.pcat_01KEC4YF16EMR37WEXE9NGQPZJ",True,False,0,"pcat_01KEC4YEZDQC2B4FZTFV92G7VN","2026-01-07 11:54:48.23+00","2026-01-07 11:54:48.23+00",NULL,"{""original_id"": ""11056281"", ""original_path"": ""Beauty > Personal Care > Skin Care > Body > Cleansers"", ""original_level"": 3}"
"pcat_01KEC4YF2S6KCJB4R6X222WZ36","Body Washes","","body-washes","pcat_01KEC4P2WST0HX1JQ8YQJT433B.pcat_01KEC4YEXJTQXPFE7N66ZYAA65.pcat_01KEC4YEZDQC2B4FZTFV92G7VN.pcat_01KEC4YF16EMR37WEXE9NGQPZJ.pcat_01KEC4YF2S6KCJB4R6X222WZ36",True,False,0,"pcat_01KEC4YF16EMR37WEXE9NGQPZJ","2026-01-07 11:54:48.281+00","2026-01-07 11:54:48.281+00",NULL,"{""original_id"": ""11056291"", ""original_path"": ""Beauty > Personal Care > Skin Care > Body > Cleansers > Body Washes"", ""original_level"": 4}"
"pcat_01KEC4YF4STDQZ343NSPQ4YKJB","Soaps","","soaps","pcat_01KEC4P2WST0HX1JQ8YQJT433B.pcat_01KEC4YEXJTQXPFE7N66ZYAA65.pcat_01KEC4YEZDQC2B4FZTFV92G7VN.pcat_01KEC4YF16EMR37WEXE9NGQPZJ.pcat_01KEC4YF4STDQZ343NSPQ4YKJB",True,False,1,"pcat_01KEC4YF16EMR37WEXE9NGQPZJ","2026-01-07 11:54:48.345+00","2026-01-07 11:54:48.345+00",NULL,"{""original_id"": ""11056341"", ""original_path"": ""Beauty > Personal Care > Skin Care > Body > Cleansers > Soaps"", ""original_level"": 4}"
"pcat_01KEC4YF6RHVD71P4ERA2C0Q92","Moisturizers","","moisturizers","pcat_01KEC4P2WST0HX1JQ8YQJT433B.pcat_01KEC4YEXJTQXPFE7N66ZYAA65.pcat_01KEC4YEZDQC2B4FZTFV92G7VN.pcat_01KEC4YF6RHVD71P4ERA2C0Q92",True,False,1,"pcat_01KEC4YEZDQC2B4FZTFV92G7VN","2026-01-07 11:54:48.408+00","2026-01-07 11:54:48.408+00",NULL,"{""original_id"": ""11060661"", ""original_path"": ""Beauty > Personal Care > Skin Care > Body > Moisturizers"", ""original_level"": 3}"
"pcat_01KEC4YF8FFE3ZQPP1Y72KX325","Body Butter","","body-butter","pcat_01KEC4P2WST0HX1JQ8YQJT433B.pcat_01KEC4YEXJTQXPFE7N66ZYAA65.pcat_01KEC4YEZDQC2B4FZTFV92G7VN.pcat_01KEC4YF6RHVD71P4ERA2C0Q92.pcat_01KEC4YF8FFE3ZQPP1Y72KX325",True,False,0,"pcat_01KEC4YF6RHVD71P4ERA2C0Q92","2026-01-07 11:54:48.463+00","2026-01-07 11:54:48.463+00",NULL,"{""original_id"": ""11060671"", ""original_path"": ""Beauty > Personal Care > Skin Care > Body > Moisturizers > Body Butter"", ""original_level"": 4}"
"pcat_01KEC4YFA77NCVCD141TNKX029","Creams","","creams","pcat_01KEC4P2WST0HX1JQ8YQJT433B.pcat_01KEC4YEXJTQXPFE7N66ZYAA65.pcat_01KEC4YEZDQC2B4FZTFV92G7VN.pcat_01KEC4YF6RHVD71P4ERA2C0Q92.pcat_01KEC4YFA77NCVCD141TNKX029",True,False,1,"pcat_01KEC4YF6RHVD71P4ERA2C0Q92","2026-01-07 11:54:48.519+00","2026-01-07 11:54:48.519+00",NULL,"{""original_id"": ""11060681"", ""original_path"": ""Beauty > Personal Care > Skin Care > Body > Moisturizers > Creams"", ""original_level"": 4}"
"pcat_01KEC4YFBZZMKY3S9T2JS0RJ5X","Lotions","","lotions","pcat_01KEC4P2WST0HX1JQ8YQJT433B.pcat_01KEC4YEXJTQXPFE7N66ZYAA65.pcat_01KEC4YEZDQC2B4FZTFV92G7VN.pcat_01KEC4YF6RHVD71P4ERA2C0Q92.pcat_01KEC4YFBZZMKY3S9T2JS0RJ5X",True,False,2,"pcat_01KEC4YF6RHVD71P4ERA2C0Q92","2026-01-07 11:54:48.575+00","2026-01-07 11:54:48.575+00",NULL,"{""original_id"": ""14024031"", ""original_path"": ""Beauty > Personal Care > Skin Care > Body > Moisturizers > Lotions"", ""original_level"": 4}"
"pcat_01KEC4YFDJXGWTWYXM35AVY68Q","Oils","","oils-2","pcat_01KEC4P2WST0HX1JQ8YQJT433B.pcat_01KEC4YEXJTQXPFE7N66ZYAA65.pcat_01KEC4YEZDQC2B4FZTFV92G7VN.pcat_01KEC4YF6RHVD71P4ERA2C0Q92.pcat_01KEC4YFDJXGWTWYXM35AVY68Q",True,False,3,"pcat_01KEC4YF6RHVD71P4ERA2C0Q92","2026-01-07 11:54:48.626+00","2026-01-07 11:54:48.626+00",NULL,"{""original_id"": ""11060691"", ""original_path"": ""Beauty > Personal Care > Skin Care > Body > Moisturizers > Oils"", ""original_level"": 4}"
"pcat_01KEC4YFF97AWBF731KAB8MAHW","Scrubs & Body Treatments","","scrubs-body-treatments","pcat_01KEC4P2WST0HX1JQ8YQJT433B.pcat_01KEC4YEXJTQXPFE7N66ZYAA65.pcat_01KEC4YEZDQC2B4FZTFV92G7VN.pcat_01KEC4YFF97AWBF731KAB8MAHW",True,False,2,"pcat_01KEC4YEZDQC2B4FZTFV92G7VN","2026-01-07 11:54:48.681+00","2026-01-07 11:54:48.681+00",NULL,"{""original_id"": ""11056421"", ""original_path"": ""Beauty > Personal Care > Skin Care > Body > Scrubs & Body Treatments"", ""original_level"": 3}"
"pcat_01KEC4YFH9C1SSYYANV9Q17VF3","Body Mud","","body-mud","pcat_01KEC4P2WST0HX1JQ8YQJT433B.pcat_01KEC4YEXJTQXPFE7N66ZYAA65.pcat_01KEC4YEZDQC2B4FZTFV92G7VN.pcat_01KEC4YFF97AWBF731KAB8MAHW.pcat_01KEC4YFH9C1SSYYANV9Q17VF3",True,False,0,"pcat_01KEC4YFF97AWBF731KAB8MAHW","2026-01-07 11:54:48.745+00","2026-01-07 11:54:48.745+00",NULL,"{""original_id"": ""11056441"", ""original_path"": ""Beauty > Personal Care > Skin Care > Body > Scrubs & Body Treatments > Body Mud"", ""original_level"": 4}"
"pcat_01KE1PQ2ZZF5V98D6HDM4QKZ53","USB Hubs","","usb-hubs","pcat_01KE1PPB81J41E4DHBVBSK81D1.pcat_01KE1PPBAB99K7X0G0J686QQYP.pcat_01KE1PPVM97MY0BBVK3Y2GJDZS.pcat_01KE1PQ2ZZF5V98D6HDM4QKZ53",True,False,17,"pcat_01KE1PPVM97MY0BBVK3Y2GJDZS","2026-01-03 10:33:42.143+00","2026-01-03 10:33:42.143+00",NULL,"{""original_id"": ""17387627011"", ""original_path"": ""Electronics > Accessories & Supplies > Computer Accessories > USB Hubs"", ""original_level"": 3}"
"pcat_01KEC4YFK1DMEWP5VSV9QK0MK2","Body Scrubs","","body-scrubs","pcat_01KEC4P2WST0HX1JQ8YQJT433B.pcat_01KEC4YEXJTQXPFE7N66ZYAA65.pcat_01KEC4YEZDQC2B4FZTFV92G7VN.pcat_01KEC4YFF97AWBF731KAB8MAHW.pcat_01KEC4YFK1DMEWP5VSV9QK0MK2",True,False,1,"pcat_01KEC4YFF97AWBF731KAB8MAHW","2026-01-07 11:54:48.801+00","2026-01-07 11:54:48.801+00",NULL,"{""original_id"": ""11056471"", ""original_path"": ""Beauty > Personal Care > Skin Care > Body > Scrubs & Body Treatments > Body Scrubs"", ""original_level"": 4}"
"pcat_01KEC4YFMYG1EYN1PQDTK2345P","Body Souffles & Mousse","","body-souffles-mousse","pcat_01KEC4P2WST0HX1JQ8YQJT433B.pcat_01KEC4YEXJTQXPFE7N66ZYAA65.pcat_01KEC4YEZDQC2B4FZTFV92G7VN.pcat_01KEC4YFF97AWBF731KAB8MAHW.pcat_01KEC4YFMYG1EYN1PQDTK2345P",True,False,2,"pcat_01KEC4YFF97AWBF731KAB8MAHW","2026-01-07 11:54:48.862+00","2026-01-07 11:54:48.862+00",NULL,"{""original_id"": ""11056481"", ""original_path"": ""Beauty > Personal Care > Skin Care > Body > Scrubs & Body Treatments > Body Souffles & Mousse"", ""original_level"": 4}"
"pcat_01KEC4YFPKFP7CM3WX50M5XXM6","Sets & Kits","","sets-kits-2","pcat_01KEC4P2WST0HX1JQ8YQJT433B.pcat_01KEC4YEXJTQXPFE7N66ZYAA65.pcat_01KEC4YEZDQC2B4FZTFV92G7VN.pcat_01KEC4YFPKFP7CM3WX50M5XXM6",True,False,3,"pcat_01KEC4YEZDQC2B4FZTFV92G7VN","2026-01-07 11:54:48.916+00","2026-01-07 11:54:48.916+00",NULL,"{""original_id"": ""11056581"", ""original_path"": ""Beauty > Personal Care > Skin Care > Body > Sets & Kits"", ""original_level"": 3}"
"pcat_01KEC4YFRBJSV079SGQXBN8RY5","Eyes","","eyes-3","pcat_01KEC4P2WST0HX1JQ8YQJT433B.pcat_01KEC4YEXJTQXPFE7N66ZYAA65.pcat_01KEC4YFRBJSV079SGQXBN8RY5",True,False,1,"pcat_01KEC4YEXJTQXPFE7N66ZYAA65","2026-01-07 11:54:48.971+00","2026-01-07 11:54:48.971+00",NULL,"{""original_id"": ""11061941"", ""original_path"": ""Beauty > Personal Care > Skin Care > Eyes"", ""original_level"": 2}"
"pcat_01KEC4YFT7K2ENWAGVVPM6WC3Q","Creams","","creams-2","pcat_01KEC4P2WST0HX1JQ8YQJT433B.pcat_01KEC4YEXJTQXPFE7N66ZYAA65.pcat_01KEC4YFRBJSV079SGQXBN8RY5.pcat_01KEC4YFT7K2ENWAGVVPM6WC3Q",True,False,0,"pcat_01KEC4YFRBJSV079SGQXBN8RY5","2026-01-07 11:54:49.031+00","2026-01-07 11:54:49.031+00",NULL,"{""original_id"": ""7730090011"", ""original_path"": ""Beauty > Personal Care > Skin Care > Eyes > Creams"", ""original_level"": 3}"
"pcat_01KEC4YFW0NR11MF7A8T8M5YR0","Gels","","gels-2","pcat_01KEC4P2WST0HX1JQ8YQJT433B.pcat_01KEC4YEXJTQXPFE7N66ZYAA65.pcat_01KEC4YFRBJSV079SGQXBN8RY5.pcat_01KEC4YFW0NR11MF7A8T8M5YR0",True,False,1,"pcat_01KEC4YFRBJSV079SGQXBN8RY5","2026-01-07 11:54:49.088+00","2026-01-07 11:54:49.088+00",NULL,"{""original_id"": ""7730092011"", ""original_path"": ""Beauty > Personal Care > Skin Care > Eyes > Gels"", ""original_level"": 3}"
"pcat_01KEC4YFXQFGKHGZJPN0FEG5X2","Masks","","masks","pcat_01KEC4P2WST0HX1JQ8YQJT433B.pcat_01KEC4YEXJTQXPFE7N66ZYAA65.pcat_01KEC4YFRBJSV079SGQXBN8RY5.pcat_01KEC4YFXQFGKHGZJPN0FEG5X2",True,False,2,"pcat_01KEC4YFRBJSV079SGQXBN8RY5","2026-01-07 11:54:49.143+00","2026-01-07 11:54:49.143+00",NULL,"{""original_id"": ""11061971"", ""original_path"": ""Beauty > Personal Care > Skin Care > Eyes > Masks"", ""original_level"": 3}"
"pcat_01KEC4YFZE078KN41EMYVHNX6T","Pillows","","pillows","pcat_01KEC4P2WST0HX1JQ8YQJT433B.pcat_01KEC4YEXJTQXPFE7N66ZYAA65.pcat_01KEC4YFRBJSV079SGQXBN8RY5.pcat_01KEC4YFZE078KN41EMYVHNX6T",True,False,3,"pcat_01KEC4YFRBJSV079SGQXBN8RY5","2026-01-07 11:54:49.198+00","2026-01-07 11:54:49.198+00",NULL,"{""original_id"": ""3422321"", ""original_path"": ""Beauty > Personal Care > Skin Care > Eyes > Pillows"", ""original_level"": 3}"
"pcat_01KEC4YG13CGEZJRH623CHY0PD","Rollers & Pens","","rollers-pens","pcat_01KEC4P2WST0HX1JQ8YQJT433B.pcat_01KEC4YEXJTQXPFE7N66ZYAA65.pcat_01KEC4YFRBJSV079SGQXBN8RY5.pcat_01KEC4YG13CGEZJRH623CHY0PD",True,False,4,"pcat_01KEC4YFRBJSV079SGQXBN8RY5","2026-01-07 11:54:49.252+00","2026-01-07 11:54:49.252+00",NULL,"{""original_id"": ""7730095011"", ""original_path"": ""Beauty > Personal Care > Skin Care > Eyes > Rollers & Pens"", ""original_level"": 3}"
"pcat_01KEC4YG2RKZGBMNG98GANQKGQ","Serums","","serums","pcat_01KEC4P2WST0HX1JQ8YQJT433B.pcat_01KEC4YEXJTQXPFE7N66ZYAA65.pcat_01KEC4YFRBJSV079SGQXBN8RY5.pcat_01KEC4YG2RKZGBMNG98GANQKGQ",True,False,5,"pcat_01KEC4YFRBJSV079SGQXBN8RY5","2026-01-07 11:54:49.304+00","2026-01-07 11:54:49.304+00",NULL,"{""original_id"": ""7730098011"", ""original_path"": ""Beauty > Personal Care > Skin Care > Eyes > Serums"", ""original_level"": 3}"
"pcat_01KEC4YG4K0NFZMDBBNW8ZE654","Face","","face-3","pcat_01KEC4P2WST0HX1JQ8YQJT433B.pcat_01KEC4YEXJTQXPFE7N66ZYAA65.pcat_01KEC4YG4K0NFZMDBBNW8ZE654",True,False,2,"pcat_01KEC4YEXJTQXPFE7N66ZYAA65","2026-01-07 11:54:49.363+00","2026-01-07 11:54:49.363+00",NULL,"{""original_id"": ""11060711"", ""original_path"": ""Beauty > Personal Care > Skin Care > Face"", ""original_level"": 2}"
"pcat_01KEC4YG67TYBPNEZMGVF9HFA9","Cleansers","","cleansers-3","pcat_01KEC4P2WST0HX1JQ8YQJT433B.pcat_01KEC4YEXJTQXPFE7N66ZYAA65.pcat_01KEC4YG4K0NFZMDBBNW8ZE654.pcat_01KEC4YG67TYBPNEZMGVF9HFA9",True,False,0,"pcat_01KEC4YG4K0NFZMDBBNW8ZE654","2026-01-07 11:54:49.415+00","2026-01-07 11:54:49.415+00",NULL,"{""original_id"": ""11060901"", ""original_path"": ""Beauty > Personal Care > Skin Care > Face > Cleansers"", ""original_level"": 3}"
"pcat_01KEC4YG7WDK22PKQ3S8J53G2N","Bars","","bars","pcat_01KEC4P2WST0HX1JQ8YQJT433B.pcat_01KEC4YEXJTQXPFE7N66ZYAA65.pcat_01KEC4YG4K0NFZMDBBNW8ZE654.pcat_01KEC4YG67TYBPNEZMGVF9HFA9.pcat_01KEC4YG7WDK22PKQ3S8J53G2N",True,False,0,"pcat_01KEC4YG67TYBPNEZMGVF9HFA9","2026-01-07 11:54:49.468+00","2026-01-07 11:54:49.468+00",NULL,"{""original_id"": ""7730189011"", ""original_path"": ""Beauty > Personal Care > Skin Care > Face > Cleansers > Bars"", ""original_level"": 4}"
"pcat_01KEC4YG9PC4Y25K7YAZYBW5QG","Cloths & Towelettes","","cloths-towelettes","pcat_01KEC4P2WST0HX1JQ8YQJT433B.pcat_01KEC4YEXJTQXPFE7N66ZYAA65.pcat_01KEC4YG4K0NFZMDBBNW8ZE654.pcat_01KEC4YG67TYBPNEZMGVF9HFA9.pcat_01KEC4YG9PC4Y25K7YAZYBW5QG",True,False,1,"pcat_01KEC4YG67TYBPNEZMGVF9HFA9","2026-01-07 11:54:49.526+00","2026-01-07 11:54:49.526+00",NULL,"{""original_id"": ""11060941"", ""original_path"": ""Beauty > Skin Care > Face > Cleansers > Cloths & Towelettes"", ""original_level"": 4}"
"pcat_01KEC4YGBKGH6SDJWD584YPBAQ","Gels","","gels-3","pcat_01KEC4P2WST0HX1JQ8YQJT433B.pcat_01KEC4YEXJTQXPFE7N66ZYAA65.pcat_01KEC4YG4K0NFZMDBBNW8ZE654.pcat_01KEC4YG67TYBPNEZMGVF9HFA9.pcat_01KEC4YGBKGH6SDJWD584YPBAQ",True,False,2,"pcat_01KEC4YG67TYBPNEZMGVF9HFA9","2026-01-07 11:54:49.587+00","2026-01-07 11:54:49.587+00",NULL,"{""original_id"": ""11061001"", ""original_path"": ""Beauty > Skin Care > Face > Cleansers > Gels"", ""original_level"": 4}"
"pcat_01KEC4YGD8R3PFGPGXZM8JRJ5C","Washes","","washes","pcat_01KEC4P2WST0HX1JQ8YQJT433B.pcat_01KEC4YEXJTQXPFE7N66ZYAA65.pcat_01KEC4YG4K0NFZMDBBNW8ZE654.pcat_01KEC4YG67TYBPNEZMGVF9HFA9.pcat_01KEC4YGD8R3PFGPGXZM8JRJ5C",True,False,3,"pcat_01KEC4YG67TYBPNEZMGVF9HFA9","2026-01-07 11:54:49.64+00","2026-01-07 11:54:49.64+00",NULL,"{""original_id"": ""7730193011"", ""original_path"": ""Beauty > Personal Care > Skin Care > Face > Cleansers > Washes"", ""original_level"": 4}"
"pcat_01KEC4YGETJ6EAAH0V17ZE8J1J","Creams & Moisturizers","","creams-moisturizers","pcat_01KEC4P2WST0HX1JQ8YQJT433B.pcat_01KEC4YEXJTQXPFE7N66ZYAA65.pcat_01KEC4YG4K0NFZMDBBNW8ZE654.pcat_01KEC4YGETJ6EAAH0V17ZE8J1J",True,False,1,"pcat_01KEC4YG4K0NFZMDBBNW8ZE654","2026-01-07 11:54:49.69+00","2026-01-07 11:54:49.69+00",NULL,"{""original_id"": ""11061301"", ""original_path"": ""Beauty > Personal Care > Skin Care > Face > Creams & Moisturizers"", ""original_level"": 3}"
"pcat_01KEC4YGGSZ2TQEP48NT8CFDHW","Face Mists","","face-mists","pcat_01KEC4P2WST0HX1JQ8YQJT433B.pcat_01KEC4YEXJTQXPFE7N66ZYAA65.pcat_01KEC4YG4K0NFZMDBBNW8ZE654.pcat_01KEC4YGETJ6EAAH0V17ZE8J1J.pcat_01KEC4YGGSZ2TQEP48NT8CFDHW",True,False,0,"pcat_01KEC4YGETJ6EAAH0V17ZE8J1J","2026-01-07 11:54:49.753+00","2026-01-07 11:54:49.753+00",NULL,"{""original_id"": ""15239989011"", ""original_path"": ""Beauty > Skin Care > Face > Creams & Moisturizers > Face Mists"", ""original_level"": 4}"
"pcat_01KEC4YGJDXM4R10AP0B35X0P7","Face Moisturizers","","face-moisturizers","pcat_01KEC4P2WST0HX1JQ8YQJT433B.pcat_01KEC4YEXJTQXPFE7N66ZYAA65.pcat_01KEC4YG4K0NFZMDBBNW8ZE654.pcat_01KEC4YGETJ6EAAH0V17ZE8J1J.pcat_01KEC4YGJDXM4R10AP0B35X0P7",True,False,1,"pcat_01KEC4YGETJ6EAAH0V17ZE8J1J","2026-01-07 11:54:49.805+00","2026-01-07 11:54:49.805+00",NULL,"{""original_id"": ""16479981011"", ""original_path"": ""Beauty > Skin Care > Face > Creams & Moisturizers > Face Moisturizers"", ""original_level"": 4}"
"pcat_01KEC4YGM9Z7ZTE7BQCD2NGEV3","Face Oil","","face-oil","pcat_01KEC4P2WST0HX1JQ8YQJT433B.pcat_01KEC4YEXJTQXPFE7N66ZYAA65.pcat_01KEC4YG4K0NFZMDBBNW8ZE654.pcat_01KEC4YGETJ6EAAH0V17ZE8J1J.pcat_01KEC4YGM9Z7ZTE7BQCD2NGEV3",True,False,2,"pcat_01KEC4YGETJ6EAAH0V17ZE8J1J","2026-01-07 11:54:49.865+00","2026-01-07 11:54:49.865+00",NULL,"{""original_id"": ""7792527011"", ""original_path"": ""Beauty > Skin Care > Face > Creams & Moisturizers > Face Oil"", ""original_level"": 4}"
"pcat_01KEC4YGP4S28BGCAF6MHRT9AD","Neck & Décolleté","","neck-decollete","pcat_01KEC4P2WST0HX1JQ8YQJT433B.pcat_01KEC4YEXJTQXPFE7N66ZYAA65.pcat_01KEC4YG4K0NFZMDBBNW8ZE654.pcat_01KEC4YGETJ6EAAH0V17ZE8J1J.pcat_01KEC4YGP4S28BGCAF6MHRT9AD",True,False,3,"pcat_01KEC4YGETJ6EAAH0V17ZE8J1J","2026-01-07 11:54:49.924+00","2026-01-07 11:54:49.924+00",NULL,"{""original_id"": ""7792277011"", ""original_path"": ""Beauty > Skin Care > Face > Creams & Moisturizers > Neck & Décolleté"", ""original_level"": 4}"
"pcat_01KEC4YGQSDCTKG5NDDGT4X16A","Night Creams","","night-creams","pcat_01KEC4P2WST0HX1JQ8YQJT433B.pcat_01KEC4YEXJTQXPFE7N66ZYAA65.pcat_01KEC4YG4K0NFZMDBBNW8ZE654.pcat_01KEC4YGETJ6EAAH0V17ZE8J1J.pcat_01KEC4YGQSDCTKG5NDDGT4X16A",True,False,4,"pcat_01KEC4YGETJ6EAAH0V17ZE8J1J","2026-01-07 11:54:49.977+00","2026-01-07 11:54:49.977+00",NULL,"{""original_id"": ""7792275011"", ""original_path"": ""Beauty > Personal Care > Skin Care > Face > Creams & Moisturizers > Night Creams"", ""original_level"": 4}"
"pcat_01KEC4YGSHX2R5NE6THHNA6JAH","Tinted Moisturizers","","tinted-moisturizers","pcat_01KEC4P2WST0HX1JQ8YQJT433B.pcat_01KEC4YEXJTQXPFE7N66ZYAA65.pcat_01KEC4YG4K0NFZMDBBNW8ZE654.pcat_01KEC4YGETJ6EAAH0V17ZE8J1J.pcat_01KEC4YGSHX2R5NE6THHNA6JAH",True,False,5,"pcat_01KEC4YGETJ6EAAH0V17ZE8J1J","2026-01-07 11:54:50.034+00","2026-01-07 11:54:50.034+00",NULL,"{""original_id"": ""7792276011"", ""original_path"": ""Beauty > Skin Care > Face > Creams & Moisturizers > Tinted Moisturizers"", ""original_level"": 4}"
"pcat_01KEC4YGV4QWVN58G50JJJK05A","Polishes & Scrubs","","polishes-scrubs","pcat_01KEC4P2WST0HX1JQ8YQJT433B.pcat_01KEC4YEXJTQXPFE7N66ZYAA65.pcat_01KEC4YG4K0NFZMDBBNW8ZE654.pcat_01KEC4YGV4QWVN58G50JJJK05A",True,False,2,"pcat_01KEC4YG4K0NFZMDBBNW8ZE654","2026-01-07 11:54:50.084+00","2026-01-07 11:54:50.084+00",NULL,"{""original_id"": ""11061091"", ""original_path"": ""Beauty > Personal Care > Skin Care > Face > Polishes & Scrubs"", ""original_level"": 3}"
"pcat_01KEC4YGX3G478MFDPKJKAAD39","Polishes","","polishes","pcat_01KEC4P2WST0HX1JQ8YQJT433B.pcat_01KEC4YEXJTQXPFE7N66ZYAA65.pcat_01KEC4YG4K0NFZMDBBNW8ZE654.pcat_01KEC4YGV4QWVN58G50JJJK05A.pcat_01KEC4YGX3G478MFDPKJKAAD39",True,False,0,"pcat_01KEC4YGV4QWVN58G50JJJK05A","2026-01-07 11:54:50.147+00","2026-01-07 11:54:50.147+00",NULL,"{""original_id"": ""11061151"", ""original_path"": ""Beauty > Personal Care > Skin Care > Face > Polishes & Scrubs > Polishes"", ""original_level"": 4}"
"pcat_01KEC4YGZ45YMD1ZP9QHBT32HK","Scrubs","","scrubs-2","pcat_01KEC4P2WST0HX1JQ8YQJT433B.pcat_01KEC4YEXJTQXPFE7N66ZYAA65.pcat_01KEC4YG4K0NFZMDBBNW8ZE654.pcat_01KEC4YGV4QWVN58G50JJJK05A.pcat_01KEC4YGZ45YMD1ZP9QHBT32HK",True,False,1,"pcat_01KEC4YGV4QWVN58G50JJJK05A","2026-01-07 11:54:50.212+00","2026-01-07 11:54:50.212+00",NULL,"{""original_id"": ""11061161"", ""original_path"": ""Beauty > Personal Care > Skin Care > Face > Polishes & Scrubs > Scrubs"", ""original_level"": 4}"
"pcat_01KEC4YH16K39RG94WN8WFB6ZW","Sets & Kits","","sets-kits-3","pcat_01KEC4P2WST0HX1JQ8YQJT433B.pcat_01KEC4YEXJTQXPFE7N66ZYAA65.pcat_01KEC4YG4K0NFZMDBBNW8ZE654.pcat_01KEC4YH16K39RG94WN8WFB6ZW",True,False,3,"pcat_01KEC4YG4K0NFZMDBBNW8ZE654","2026-01-07 11:54:50.278+00","2026-01-07 11:54:50.278+00",NULL,"{""original_id"": ""7792636011"", ""original_path"": ""Beauty > Skin Care > Face > Sets & Kits"", ""original_level"": 3}"
"pcat_01KEC4YH3EZD8031ZPN1X3H5WH","Toners & Astringents","","toners-astringents","pcat_01KEC4P2WST0HX1JQ8YQJT433B.pcat_01KEC4YEXJTQXPFE7N66ZYAA65.pcat_01KEC4YG4K0NFZMDBBNW8ZE654.pcat_01KEC4YH3EZD8031ZPN1X3H5WH",True,False,4,"pcat_01KEC4YG4K0NFZMDBBNW8ZE654","2026-01-07 11:54:50.35+00","2026-01-07 11:54:50.35+00",NULL,"{""original_id"": ""11061931"", ""original_path"": ""Beauty > Skin Care > Face > Toners & Astringents"", ""original_level"": 3}"
"pcat_01KEC4YH5G5Y3EFH61EQRP6Y78","Treatments & Masks","","treatments-masks","pcat_01KEC4P2WST0HX1JQ8YQJT433B.pcat_01KEC4YEXJTQXPFE7N66ZYAA65.pcat_01KEC4YG4K0NFZMDBBNW8ZE654.pcat_01KEC4YH5G5Y3EFH61EQRP6Y78",True,False,5,"pcat_01KEC4YG4K0NFZMDBBNW8ZE654","2026-01-07 11:54:50.416+00","2026-01-07 11:54:50.416+00",NULL,"{""original_id"": ""11062031"", ""original_path"": ""Beauty > Personal Care > Skin Care > Face > Treatments & Masks"", ""original_level"": 3}"
"pcat_01KEC4YH76DBF1KHCGFCXA3DWZ","Acids & Peels","","acids-peels","pcat_01KEC4P2WST0HX1JQ8YQJT433B.pcat_01KEC4YEXJTQXPFE7N66ZYAA65.pcat_01KEC4YG4K0NFZMDBBNW8ZE654.pcat_01KEC4YH5G5Y3EFH61EQRP6Y78.pcat_01KEC4YH76DBF1KHCGFCXA3DWZ",True,False,0,"pcat_01KEC4YH5G5Y3EFH61EQRP6Y78","2026-01-07 11:54:50.47+00","2026-01-07 11:54:50.47+00",NULL,"{""original_id"": ""7792926011"", ""original_path"": ""Beauty > Personal Care > Skin Care > Face > Treatments & Masks > Acids & Peels"", ""original_level"": 4}"
"pcat_01KEC4YH8VHEWYVTCTAV4KXWSA","Masks","","masks-2","pcat_01KEC4P2WST0HX1JQ8YQJT433B.pcat_01KEC4YEXJTQXPFE7N66ZYAA65.pcat_01KEC4YG4K0NFZMDBBNW8ZE654.pcat_01KEC4YH5G5Y3EFH61EQRP6Y78.pcat_01KEC4YH8VHEWYVTCTAV4KXWSA",True,False,1,"pcat_01KEC4YH5G5Y3EFH61EQRP6Y78","2026-01-07 11:54:50.523+00","2026-01-07 11:54:50.523+00",NULL,"{""original_id"": ""11061121"", ""original_path"": ""Beauty > Personal Care > Skin Care > Face > Treatments & Masks > Masks"", ""original_level"": 4}"
"pcat_01KEC4YHAHGBY63ZWDRWS8587R","Microdermabrasion","","microdermabrasion","pcat_01KEC4P2WST0HX1JQ8YQJT433B.pcat_01KEC4YEXJTQXPFE7N66ZYAA65.pcat_01KEC4YG4K0NFZMDBBNW8ZE654.pcat_01KEC4YH5G5Y3EFH61EQRP6Y78.pcat_01KEC4YHAHGBY63ZWDRWS8587R",True,False,2,"pcat_01KEC4YH5G5Y3EFH61EQRP6Y78","2026-01-07 11:54:50.577+00","2026-01-07 11:54:50.577+00",NULL,"{""original_id"": ""7792934011"", ""original_path"": ""Beauty > Personal Care > Skin Care > Face > Treatments & Masks > Microdermabrasion"", ""original_level"": 4}"
"pcat_01KEC4YHC64XB04EVA2ATXW1GX","Pore Cleansing Strips","","pore-cleansing-strips","pcat_01KEC4P2WST0HX1JQ8YQJT433B.pcat_01KEC4YEXJTQXPFE7N66ZYAA65.pcat_01KEC4YG4K0NFZMDBBNW8ZE654.pcat_01KEC4YH5G5Y3EFH61EQRP6Y78.pcat_01KEC4YHC64XB04EVA2ATXW1GX",True,False,3,"pcat_01KEC4YH5G5Y3EFH61EQRP6Y78","2026-01-07 11:54:50.63+00","2026-01-07 11:54:50.63+00",NULL,"{""original_id"": ""7792936011"", ""original_path"": ""Beauty > Personal Care > Skin Care > Face > Treatments & Masks > Pore Cleansing Strips"", ""original_level"": 4}"
"pcat_01KEC4YHE2CE8BM37MP45S3WRF","Serums","","serums-2","pcat_01KEC4P2WST0HX1JQ8YQJT433B.pcat_01KEC4YEXJTQXPFE7N66ZYAA65.pcat_01KEC4YG4K0NFZMDBBNW8ZE654.pcat_01KEC4YH5G5Y3EFH61EQRP6Y78.pcat_01KEC4YHE2CE8BM37MP45S3WRF",True,False,4,"pcat_01KEC4YH5G5Y3EFH61EQRP6Y78","2026-01-07 11:54:50.69+00","2026-01-07 11:54:50.69+00",NULL,"{""original_id"": ""7792528011"", ""original_path"": ""Beauty > Personal Care > Skin Care > Face > Treatments & Masks > Serums"", ""original_level"": 4}"
"pcat_01KEC4YHFM1B6E62857XX23DG4","Lip Care","","lip-care","pcat_01KEC4P2WST0HX1JQ8YQJT433B.pcat_01KEC4YEXJTQXPFE7N66ZYAA65.pcat_01KEC4YHFM1B6E62857XX23DG4",True,False,3,"pcat_01KEC4YEXJTQXPFE7N66ZYAA65","2026-01-07 11:54:50.74+00","2026-01-07 11:54:50.74+00",NULL,"{""original_id"": ""3761351"", ""original_path"": ""Beauty > Personal Care > Skin Care > Lip Care"", ""original_level"": 2}"
"pcat_01KEC4YHH9SMQVX3DBYE6EJXP4","Balms & Moisturizers","","balms-moisturizers","pcat_01KEC4P2WST0HX1JQ8YQJT433B.pcat_01KEC4YEXJTQXPFE7N66ZYAA65.pcat_01KEC4YHFM1B6E62857XX23DG4.pcat_01KEC4YHH9SMQVX3DBYE6EJXP4",True,False,0,"pcat_01KEC4YHFM1B6E62857XX23DG4","2026-01-07 11:54:50.793+00","2026-01-07 11:54:50.793+00",NULL,"{""original_id"": ""979546011"", ""original_path"": ""Beauty > Personal Care > Lip Care > Balms & Moisturizers"", ""original_level"": 3}"
"pcat_01KEC4YHJZWY442ETC7J8R6YNJ","Lip Butters","","lip-butters","pcat_01KEC4P2WST0HX1JQ8YQJT433B.pcat_01KEC4YEXJTQXPFE7N66ZYAA65.pcat_01KEC4YHFM1B6E62857XX23DG4.pcat_01KEC4YHJZWY442ETC7J8R6YNJ",True,False,1,"pcat_01KEC4YHFM1B6E62857XX23DG4","2026-01-07 11:54:50.847+00","2026-01-07 11:54:50.847+00",NULL,"{""original_id"": ""18065339011"", ""original_path"": ""Beauty > Personal Care > Lip Care > Lip Butters"", ""original_level"": 3}"
"pcat_01KEC4YHMQ3C1ETYX8RFH4YJ9K","Scrubs","","scrubs-3","pcat_01KEC4P2WST0HX1JQ8YQJT433B.pcat_01KEC4YEXJTQXPFE7N66ZYAA65.pcat_01KEC4YHFM1B6E62857XX23DG4.pcat_01KEC4YHMQ3C1ETYX8RFH4YJ9K",True,False,2,"pcat_01KEC4YHFM1B6E62857XX23DG4","2026-01-07 11:54:50.903+00","2026-01-07 11:54:50.903+00",NULL,"{""original_id"": ""979548011"", ""original_path"": ""Beauty > Personal Care > Lip Care > Scrubs"", ""original_level"": 3}"
"pcat_01KEC4YHPE8YPGHGJYG2PVFSDW","Maternity","","maternity","pcat_01KEC4P2WST0HX1JQ8YQJT433B.pcat_01KEC4YEXJTQXPFE7N66ZYAA65.pcat_01KEC4YHPE8YPGHGJYG2PVFSDW",True,False,4,"pcat_01KEC4YEXJTQXPFE7N66ZYAA65","2026-01-07 11:54:50.958+00","2026-01-07 11:54:50.958+00",NULL,"{""original_id"": ""11062371"", ""original_path"": ""Beauty > Personal Care > Skin Care > Maternity"", ""original_level"": 2}"
"pcat_01KEC4YHR02D0CC7X8QPN0H9D8","Sets & Kits","","sets-kits-4","pcat_01KEC4P2WST0HX1JQ8YQJT433B.pcat_01KEC4YEXJTQXPFE7N66ZYAA65.pcat_01KEC4YHR02D0CC7X8QPN0H9D8",True,False,5,"pcat_01KEC4YEXJTQXPFE7N66ZYAA65","2026-01-07 11:54:51.009+00","2026-01-07 11:54:51.009+00",NULL,"{""original_id"": ""11062581"", ""original_path"": ""Beauty > Personal Care > Skin Care > Sets & Kits"", ""original_level"": 2}"
"pcat_01KEC4YHSNJYDP9MAVRR9P4GX9","Sunscreens & Tanning Products","","sunscreens-tanning-products","pcat_01KEC4P2WST0HX1JQ8YQJT433B.pcat_01KEC4YEXJTQXPFE7N66ZYAA65.pcat_01KEC4YHSNJYDP9MAVRR9P4GX9",True,False,6,"pcat_01KEC4YEXJTQXPFE7N66ZYAA65","2026-01-07 11:54:51.061+00","2026-01-07 11:54:51.061+00",NULL,"{""original_id"": ""11062591"", ""original_path"": ""Beauty > Personal Care > Skin Care > Sunscreens & Tanning Products"", ""original_level"": 2}"
"pcat_01KEC4YHVAJ59BDSVFZ0X2Q34W","After Sun","","after-sun","pcat_01KEC4P2WST0HX1JQ8YQJT433B.pcat_01KEC4YEXJTQXPFE7N66ZYAA65.pcat_01KEC4YHSNJYDP9MAVRR9P4GX9.pcat_01KEC4YHVAJ59BDSVFZ0X2Q34W",True,False,0,"pcat_01KEC4YHSNJYDP9MAVRR9P4GX9","2026-01-07 11:54:51.114+00","2026-01-07 11:54:51.114+00",NULL,"{""original_id"": ""11062601"", ""original_path"": ""Beauty > Personal Care > Skin Care > Sunscreens & Tanning Products > After Sun"", ""original_level"": 3}"
"pcat_01KEC4YHX53S0WB9EET8YJQBGB","Facial Self Tanners","","facial-self-tanners","pcat_01KEC4P2WST0HX1JQ8YQJT433B.pcat_01KEC4YEXJTQXPFE7N66ZYAA65.pcat_01KEC4YHSNJYDP9MAVRR9P4GX9.pcat_01KEC4YHX53S0WB9EET8YJQBGB",True,False,1,"pcat_01KEC4YHSNJYDP9MAVRR9P4GX9","2026-01-07 11:54:51.173+00","2026-01-07 11:54:51.173+00",NULL,"{""original_id"": ""7792568011"", ""original_path"": ""Beauty > Personal Care > Skin Care > Sunscreens & Tanning Products > Facial Self Tanners"", ""original_level"": 3}"
"pcat_01KEC4YHZ2DYX5HZW77JEYHR3C","Self-Tanners & Bronzers","","self-tanners-bronzers","pcat_01KEC4P2WST0HX1JQ8YQJT433B.pcat_01KEC4YEXJTQXPFE7N66ZYAA65.pcat_01KEC4YHSNJYDP9MAVRR9P4GX9.pcat_01KEC4YHZ2DYX5HZW77JEYHR3C",True,False,2,"pcat_01KEC4YHSNJYDP9MAVRR9P4GX9","2026-01-07 11:54:51.234+00","2026-01-07 11:54:51.235+00",NULL,"{""original_id"": ""11062641"", ""original_path"": ""Beauty > Personal Care > Skin Care > Sunscreens & Tanning Products > Self-Tanners & Bronzers"", ""original_level"": 3}"
"pcat_01KEC4YJ0PJ5MG7542V37NHG8J","Sunscreens","","sunscreens","pcat_01KEC4P2WST0HX1JQ8YQJT433B.pcat_01KEC4YEXJTQXPFE7N66ZYAA65.pcat_01KEC4YHSNJYDP9MAVRR9P4GX9.pcat_01KEC4YJ0PJ5MG7542V37NHG8J",True,False,3,"pcat_01KEC4YHSNJYDP9MAVRR9P4GX9","2026-01-07 11:54:51.286+00","2026-01-07 11:54:51.286+00",NULL,"{""original_id"": ""11062651"", ""original_path"": ""Beauty > Personal Care > Skin Care > Sunscreens & Tanning Products > Sunscreens"", ""original_level"": 3}"
"pcat_01KEC4YJ29XA61W8PPZ5D1X40D","Body Sunscreens","","body-sunscreens","pcat_01KEC4P2WST0HX1JQ8YQJT433B.pcat_01KEC4YEXJTQXPFE7N66ZYAA65.pcat_01KEC4YHSNJYDP9MAVRR9P4GX9.pcat_01KEC4YJ0PJ5MG7542V37NHG8J.pcat_01KEC4YJ29XA61W8PPZ5D1X40D",True,False,0,"pcat_01KEC4YJ0PJ5MG7542V37NHG8J","2026-01-07 11:54:51.337+00","2026-01-07 11:54:51.337+00",NULL,"{""original_id"": ""15239990011"", ""original_path"": ""Beauty > Personal Care > Skin Care > Sunscreens & Tanning Products > Sunscreens > Body Sunscreens"", ""original_level"": 4}"
"pcat_01KE1PPBX7RRJ514123D3VCG76","Wall Plates & Connectors","","wall-plates-connectors","pcat_01KE1PPB81J41E4DHBVBSK81D1.pcat_01KE1PPBAB99K7X0G0J686QQYP.pcat_01KE1PPBCPC41GN0SE179AHSRT.pcat_01KE1PPBNP6TKNBCR1NKWZDZS6.pcat_01KE1PPBX7RRJ514123D3VCG76",True,False,2,"pcat_01KE1PPBNP6TKNBCR1NKWZDZS6","2026-01-03 10:33:18.504+00","2026-01-03 10:33:18.504+00",NULL,"{""original_id"": ""11042041"", ""original_path"": ""Electronics > Accessories & Supplies > Audio & Video Accessories > Distribution > Wall Plates & Connectors"", ""original_level"": 4}"
"pcat_01KE1PPBZNQBED846XCMESFKZ7","Headphone Accessories","","headphone-accessories","pcat_01KE1PPB81J41E4DHBVBSK81D1.pcat_01KE1PPBAB99K7X0G0J686QQYP.pcat_01KE1PPBCPC41GN0SE179AHSRT.pcat_01KE1PPBZNQBED846XCMESFKZ7",True,False,4,"pcat_01KE1PPBCPC41GN0SE179AHSRT","2026-01-03 10:33:18.582+00","2026-01-03 10:33:18.582+00",NULL,"{""original_id"": ""11039351"", ""original_path"": ""Electronics > Accessories & Supplies > Audio & Video Accessories > Headphone Accessories"", ""original_level"": 3}"
"pcat_01KE1PPC1TEPJX23C39CPNZ2Q8","Adapters","","adapters","pcat_01KE1PPB81J41E4DHBVBSK81D1.pcat_01KE1PPBAB99K7X0G0J686QQYP.pcat_01KE1PPBCPC41GN0SE179AHSRT.pcat_01KE1PPBZNQBED846XCMESFKZ7.pcat_01KE1PPC1TEPJX23C39CPNZ2Q8",True,False,0,"pcat_01KE1PPBZNQBED846XCMESFKZ7","2026-01-03 10:33:18.65+00","2026-01-03 10:33:18.65+00",NULL,"{""original_id"": ""2267280011"", ""original_path"": ""Electronics > Accessories & Supplies > Audio & Video Accessories > Headphone Accessories > Adapters"", ""original_level"": 4}"
"pcat_01KE1PPC3PEC0ZWXXMEJ4737ZY","Amps","","amps","pcat_01KE1PPB81J41E4DHBVBSK81D1.pcat_01KE1PPBAB99K7X0G0J686QQYP.pcat_01KE1PPBCPC41GN0SE179AHSRT.pcat_01KE1PPBZNQBED846XCMESFKZ7.pcat_01KE1PPC3PEC0ZWXXMEJ4737ZY",True,False,1,"pcat_01KE1PPBZNQBED846XCMESFKZ7","2026-01-03 10:33:18.711+00","2026-01-03 10:33:18.711+00",NULL,"{""original_id"": ""13880161"", ""original_path"": ""Electronics > Accessories & Supplies > Audio & Video Accessories > Headphone Accessories > Amps"", ""original_level"": 4}"
"pcat_01KE1PPC5J0AMKNPD97C8Q8WWZ","Cases","","cases","pcat_01KE1PPB81J41E4DHBVBSK81D1.pcat_01KE1PPBAB99K7X0G0J686QQYP.pcat_01KE1PPBCPC41GN0SE179AHSRT.pcat_01KE1PPBZNQBED846XCMESFKZ7.pcat_01KE1PPC5J0AMKNPD97C8Q8WWZ",True,False,2,"pcat_01KE1PPBZNQBED846XCMESFKZ7","2026-01-03 10:33:18.77+00","2026-01-03 10:33:18.77+00",NULL,"{""original_id"": ""2267281011"", ""original_path"": ""Electronics > Accessories & Supplies > Audio & Video Accessories > Headphone Accessories > Cases"", ""original_level"": 4}"
"pcat_01KE1PPC7F20YA93PNMH16H6Z2","Earpads","","earpads","pcat_01KE1PPB81J41E4DHBVBSK81D1.pcat_01KE1PPBAB99K7X0G0J686QQYP.pcat_01KE1PPBCPC41GN0SE179AHSRT.pcat_01KE1PPBZNQBED846XCMESFKZ7.pcat_01KE1PPC7F20YA93PNMH16H6Z2",True,False,3,"pcat_01KE1PPBZNQBED846XCMESFKZ7","2026-01-03 10:33:18.831+00","2026-01-03 10:33:18.831+00",NULL,"{""original_id"": ""13880181"", ""original_path"": ""Electronics > Accessories & Supplies > Audio & Video Accessories > Headphone Accessories > Earpads"", ""original_level"": 4}"
"pcat_01KE1PPC9HHBRSS5QK7YEEQQZP","Extension Cords","","extension-cords","pcat_01KE1PPB81J41E4DHBVBSK81D1.pcat_01KE1PPBAB99K7X0G0J686QQYP.pcat_01KE1PPBCPC41GN0SE179AHSRT.pcat_01KE1PPBZNQBED846XCMESFKZ7.pcat_01KE1PPC9HHBRSS5QK7YEEQQZP",True,False,4,"pcat_01KE1PPBZNQBED846XCMESFKZ7","2026-01-03 10:33:18.897+00","2026-01-03 10:33:18.897+00",NULL,"{""original_id"": ""13880171"", ""original_path"": ""Electronics > Accessories & Supplies > Audio & Video Accessories > Headphone Accessories > Extension Cords"", ""original_level"": 4}"
"pcat_01KE1PPCBNAV1DNNKX111PGFQQ","Stands & Hangers","","stands-hangers","pcat_01KE1PPB81J41E4DHBVBSK81D1.pcat_01KE1PPBAB99K7X0G0J686QQYP.pcat_01KE1PPBCPC41GN0SE179AHSRT.pcat_01KE1PPBZNQBED846XCMESFKZ7.pcat_01KE1PPCBNAV1DNNKX111PGFQQ",True,False,5,"pcat_01KE1PPBZNQBED846XCMESFKZ7","2026-01-03 10:33:18.965+00","2026-01-03 10:33:18.965+00",NULL,"{""original_id"": ""18018629011"", ""original_path"": ""Electronics > Accessories & Supplies > Audio & Video Accessories > Headphone Accessories > Stands & Hangers"", ""original_level"": 4}"
"pcat_01KE1PPCDNW37E6Y9ZQQNK0VVN","Home Audio Crossovers & Parts","","home-audio-crossovers-parts","pcat_01KE1PPB81J41E4DHBVBSK81D1.pcat_01KE1PPBAB99K7X0G0J686QQYP.pcat_01KE1PPBCPC41GN0SE179AHSRT.pcat_01KE1PPCDNW37E6Y9ZQQNK0VVN",True,False,5,"pcat_01KE1PPBCPC41GN0SE179AHSRT","2026-01-03 10:33:19.029+00","2026-01-03 10:33:19.029+00",NULL,"{""original_id"": ""11042521"", ""original_path"": ""Electronics > Accessories & Supplies > Audio & Video Accessories > Home Audio Crossovers & Parts"", ""original_level"": 3}"
"pcat_01KE1PPCFKG68ZHHH01VR8F6TV","Media Storage & Organization","","media-storage-organization","pcat_01KE1PPB81J41E4DHBVBSK81D1.pcat_01KE1PPBAB99K7X0G0J686QQYP.pcat_01KE1PPBCPC41GN0SE179AHSRT.pcat_01KE1PPCFKG68ZHHH01VR8F6TV",True,False,6,"pcat_01KE1PPBCPC41GN0SE179AHSRT","2026-01-03 10:33:19.092+00","2026-01-03 10:33:19.092+00",NULL,"{""original_id"": ""172542"", ""original_path"": ""Electronics > Accessories & Supplies > Audio & Video Accessories > Media Storage & Organization"", ""original_level"": 3}"
"pcat_01KE1PPCHME2GZAHZBD10AYDYG","CD Racks","","cd-racks","pcat_01KE1PPB81J41E4DHBVBSK81D1.pcat_01KE1PPBAB99K7X0G0J686QQYP.pcat_01KE1PPBCPC41GN0SE179AHSRT.pcat_01KE1PPCFKG68ZHHH01VR8F6TV.pcat_01KE1PPCHME2GZAHZBD10AYDYG",True,False,0,"pcat_01KE1PPCFKG68ZHHH01VR8F6TV","2026-01-03 10:33:19.157+00","2026-01-03 10:33:19.157+00",NULL,"{""original_id"": ""3224442011"", ""original_path"": ""Electronics > Accessories & Supplies > Audio & Video Accessories > Media Storage & Organization > CD Racks"", ""original_level"": 4}"
"pcat_01KE1PPCKPGS9QM2P7WN6JZY04","Cassette Storage","","cassette-storage","pcat_01KE1PPB81J41E4DHBVBSK81D1.pcat_01KE1PPBAB99K7X0G0J686QQYP.pcat_01KE1PPBCPC41GN0SE179AHSRT.pcat_01KE1PPCFKG68ZHHH01VR8F6TV.pcat_01KE1PPCKPGS9QM2P7WN6JZY04",True,False,1,"pcat_01KE1PPCFKG68ZHHH01VR8F6TV","2026-01-03 10:33:19.222+00","2026-01-03 10:33:19.222+00",NULL,"{""original_id"": ""509338"", ""original_path"": ""Electronics > Accessories & Supplies > Audio & Video Accessories > Media Storage & Organization > Cassette Storage"", ""original_level"": 4}"
"pcat_01KE1PPCNQQX1QHSQZDWVBD1MA","DVD Cases","","dvd-cases","pcat_01KE1PPB81J41E4DHBVBSK81D1.pcat_01KE1PPBAB99K7X0G0J686QQYP.pcat_01KE1PPBCPC41GN0SE179AHSRT.pcat_01KE1PPCFKG68ZHHH01VR8F6TV.pcat_01KE1PPCNQQX1QHSQZDWVBD1MA",True,False,2,"pcat_01KE1PPCFKG68ZHHH01VR8F6TV","2026-01-03 10:33:19.287+00","2026-01-03 10:33:19.287+00",NULL,"{""original_id"": ""509340"", ""original_path"": ""Electronics > Accessories & Supplies > Audio & Video Accessories > Media Storage & Organization > DVD Cases"", ""original_level"": 4}"
"pcat_01KE1PPCQRFE8TNWC9P4DY8Q06","RF Modulators","","rf-modulators","pcat_01KE1PPB81J41E4DHBVBSK81D1.pcat_01KE1PPBAB99K7X0G0J686QQYP.pcat_01KE1PPBCPC41GN0SE179AHSRT.pcat_01KE1PPCQRFE8TNWC9P4DY8Q06",True,False,7,"pcat_01KE1PPBCPC41GN0SE179AHSRT","2026-01-03 10:33:19.352+00","2026-01-03 10:33:19.352+00",NULL,"{""original_id"": ""11042001"", ""original_path"": ""Electronics > Accessories & Supplies > Audio & Video Accessories > RF Modulators"", ""original_level"": 3}"
"pcat_01KE1PPCSW1VVN1GP3Z4ZADZFK","Speaker Accessories","","speaker-accessories","pcat_01KE1PPB81J41E4DHBVBSK81D1.pcat_01KE1PPBAB99K7X0G0J686QQYP.pcat_01KE1PPBCPC41GN0SE179AHSRT.pcat_01KE1PPCSW1VVN1GP3Z4ZADZFK",True,False,8,"pcat_01KE1PPBCPC41GN0SE179AHSRT","2026-01-03 10:33:19.421+00","2026-01-03 10:33:19.421+00",NULL,"{""original_id"": ""578684"", ""original_path"": ""Electronics > Accessories & Supplies > Audio & Video Accessories > Speaker Accessories"", ""original_level"": 3}"
"pcat_01KE1PPCW7ABCTJ4Y9KFD1JPVF","Feet & Spikes","","feet-spikes","pcat_01KE1PPB81J41E4DHBVBSK81D1.pcat_01KE1PPBAB99K7X0G0J686QQYP.pcat_01KE1PPBCPC41GN0SE179AHSRT.pcat_01KE1PPCSW1VVN1GP3Z4ZADZFK.pcat_01KE1PPCW7ABCTJ4Y9KFD1JPVF",True,False,0,"pcat_01KE1PPCSW1VVN1GP3Z4ZADZFK","2026-01-03 10:33:19.496+00","2026-01-03 10:33:19.496+00",NULL,"{""original_id"": ""11042111"", ""original_path"": ""Electronics > Accessories & Supplies > Audio & Video Accessories > Speaker Accessories > Feet & Spikes"", ""original_level"": 4}"
"pcat_01KE1PPCYH6Q61JERQ7RWEDHSQ","Speaker Parts & Components","","speaker-parts-components","pcat_01KE1PPB81J41E4DHBVBSK81D1.pcat_01KE1PPBAB99K7X0G0J686QQYP.pcat_01KE1PPBCPC41GN0SE179AHSRT.pcat_01KE1PPCYH6Q61JERQ7RWEDHSQ",True,False,9,"pcat_01KE1PPBCPC41GN0SE179AHSRT","2026-01-03 10:33:19.569+00","2026-01-03 10:33:19.569+00",NULL,"{""original_id"": ""11042061"", ""original_path"": ""Electronics > Accessories & Supplies > Audio & Video Accessories > Speaker Parts & Components"", ""original_level"": 3}"
"pcat_01KE1PPD0Z5DMHRGPFJ8XEXG4E","Carpet & Vinyl","","carpet-vinyl","pcat_01KE1PPB81J41E4DHBVBSK81D1.pcat_01KE1PPBAB99K7X0G0J686QQYP.pcat_01KE1PPBCPC41GN0SE179AHSRT.pcat_01KE1PPCYH6Q61JERQ7RWEDHSQ.pcat_01KE1PPD0Z5DMHRGPFJ8XEXG4E",True,False,0,"pcat_01KE1PPCYH6Q61JERQ7RWEDHSQ","2026-01-03 10:33:19.647+00","2026-01-03 10:33:19.647+00",NULL,"{""original_id"": ""11042081"", ""original_path"": ""Electronics > Accessories & Supplies > Audio & Video Accessories > Speaker Parts & Components > Carpet & Vinyl"", ""original_level"": 4}"
"pcat_01KE1PPD331G52XYM176Z6FHQ0","Case Hardware & Latches","","case-hardware-latches","pcat_01KE1PPB81J41E4DHBVBSK81D1.pcat_01KE1PPBAB99K7X0G0J686QQYP.pcat_01KE1PPBCPC41GN0SE179AHSRT.pcat_01KE1PPCYH6Q61JERQ7RWEDHSQ.pcat_01KE1PPD331G52XYM176Z6FHQ0",True,False,1,"pcat_01KE1PPCYH6Q61JERQ7RWEDHSQ","2026-01-03 10:33:19.716+00","2026-01-03 10:33:19.716+00",NULL,"{""original_id"": ""11042091"", ""original_path"": ""Electronics > Accessories & Supplies > Audio & Video Accessories > Speaker Parts & Components > Case Hardware & Latches"", ""original_level"": 4}"
"pcat_01KE1PPD5A7K0N0K38ZEN7MEF4","Grill Cloth","","grill-cloth","pcat_01KE1PPB81J41E4DHBVBSK81D1.pcat_01KE1PPBAB99K7X0G0J686QQYP.pcat_01KE1PPBCPC41GN0SE179AHSRT.pcat_01KE1PPCYH6Q61JERQ7RWEDHSQ.pcat_01KE1PPD5A7K0N0K38ZEN7MEF4",True,False,2,"pcat_01KE1PPCYH6Q61JERQ7RWEDHSQ","2026-01-03 10:33:19.786+00","2026-01-03 10:33:19.786+00",NULL,"{""original_id"": ""11042121"", ""original_path"": ""Electronics > Accessories & Supplies > Audio & Video Accessories > Speaker Parts & Components > Grill Cloth"", ""original_level"": 4}"
"pcat_01KE1PPD79RSGER6E4YNMPZ33R","Handles","","handles","pcat_01KE1PPB81J41E4DHBVBSK81D1.pcat_01KE1PPBAB99K7X0G0J686QQYP.pcat_01KE1PPBCPC41GN0SE179AHSRT.pcat_01KE1PPCYH6Q61JERQ7RWEDHSQ.pcat_01KE1PPD79RSGER6E4YNMPZ33R",True,False,3,"pcat_01KE1PPCYH6Q61JERQ7RWEDHSQ","2026-01-03 10:33:19.849+00","2026-01-03 10:33:19.849+00",NULL,"{""original_id"": ""11042131"", ""original_path"": ""Electronics > Accessories & Supplies > Audio & Video Accessories > Speaker Parts & Components > Handles"", ""original_level"": 4}"
"pcat_01KE1PPD98HADSMRK9FBZDKPVY","Port Tubes","","port-tubes","pcat_01KE1PPB81J41E4DHBVBSK81D1.pcat_01KE1PPBAB99K7X0G0J686QQYP.pcat_01KE1PPBCPC41GN0SE179AHSRT.pcat_01KE1PPCYH6Q61JERQ7RWEDHSQ.pcat_01KE1PPD98HADSMRK9FBZDKPVY",True,False,4,"pcat_01KE1PPCYH6Q61JERQ7RWEDHSQ","2026-01-03 10:33:19.913+00","2026-01-03 10:33:19.913+00",NULL,"{""original_id"": ""11042161"", ""original_path"": ""Electronics > Accessories & Supplies > Audio & Video Accessories > Speaker Parts & Components > Port Tubes"", ""original_level"": 4}"
"pcat_01KE1PQX49MJQRMP4NCFWNZJXK","GPS, Finders & Accessories","","gps-finders-accessories","pcat_01KE1PPB81J41E4DHBVBSK81D1.pcat_01KE1PQX49MJQRMP4NCFWNZJXK",True,False,5,"pcat_01KE1PPB81J41E4DHBVBSK81D1","2026-01-03 10:34:08.906+00","2026-01-03 10:34:08.906+00",NULL,"{""original_id"": ""172526"", ""original_path"": ""Electronics > GPS, Finders & Accessories"", ""original_level"": 1}"
"pcat_01KE1PPDBBVD2C6SWJR4Z0EF6H","Speaker Grills","","speaker-grills","pcat_01KE1PPB81J41E4DHBVBSK81D1.pcat_01KE1PPBAB99K7X0G0J686QQYP.pcat_01KE1PPBCPC41GN0SE179AHSRT.pcat_01KE1PPCYH6Q61JERQ7RWEDHSQ.pcat_01KE1PPDBBVD2C6SWJR4Z0EF6H",True,False,5,"pcat_01KE1PPCYH6Q61JERQ7RWEDHSQ","2026-01-03 10:33:19.979+00","2026-01-03 10:33:19.979+00",NULL,"{""original_id"": ""11042171"", ""original_path"": ""Electronics > Accessories & Supplies > Audio & Video Accessories > Speaker Parts & Components > Speaker Grills"", ""original_level"": 4}"
"pcat_01KE1PPDDAQY0G22WB3CWTNX0G","Subwoofer Boxes & Enclosures","","subwoofer-boxes-enclosures","pcat_01KE1PPB81J41E4DHBVBSK81D1.pcat_01KE1PPBAB99K7X0G0J686QQYP.pcat_01KE1PPBCPC41GN0SE179AHSRT.pcat_01KE1PPCYH6Q61JERQ7RWEDHSQ.pcat_01KE1PPDDAQY0G22WB3CWTNX0G",True,False,6,"pcat_01KE1PPCYH6Q61JERQ7RWEDHSQ","2026-01-03 10:33:20.042+00","2026-01-03 10:33:20.042+00",NULL,"{""original_id"": ""10981061"", ""original_path"": ""Electronics > Accessories & Supplies > Audio & Video Accessories > Speaker Parts & Components > Subwoofer Boxes & Enclosures"", ""original_level"": 4}"
"pcat_01KE1PPDFEZB64FW6KW1WW4WTQ","Subwoofer Kits","","subwoofer-kits","pcat_01KE1PPB81J41E4DHBVBSK81D1.pcat_01KE1PPBAB99K7X0G0J686QQYP.pcat_01KE1PPBCPC41GN0SE179AHSRT.pcat_01KE1PPCYH6Q61JERQ7RWEDHSQ.pcat_01KE1PPDFEZB64FW6KW1WW4WTQ",True,False,7,"pcat_01KE1PPCYH6Q61JERQ7RWEDHSQ","2026-01-03 10:33:20.11+00","2026-01-03 10:33:20.11+00",NULL,"{""original_id"": ""11042211"", ""original_path"": ""Electronics > Accessories & Supplies > Audio & Video Accessories > Speaker Parts & Components > Subwoofer Kits"", ""original_level"": 4}"
"pcat_01KE1PPDHJE8XMX5VK4BD8JP0T","Speaker Repair","","speaker-repair","pcat_01KE1PPB81J41E4DHBVBSK81D1.pcat_01KE1PPBAB99K7X0G0J686QQYP.pcat_01KE1PPBCPC41GN0SE179AHSRT.pcat_01KE1PPDHJE8XMX5VK4BD8JP0T",True,False,10,"pcat_01KE1PPBCPC41GN0SE179AHSRT","2026-01-03 10:33:20.179+00","2026-01-03 10:33:20.179+00",NULL,"{""original_id"": ""11042571"", ""original_path"": ""Electronics > Accessories & Supplies > Audio & Video Accessories > Speaker Repair"", ""original_level"": 3}"
"pcat_01KE1PPDKCB1ANTTBZ37SHZVE9","TV Accessories & Parts","","tv-accessories-parts","pcat_01KE1PPB81J41E4DHBVBSK81D1.pcat_01KE1PPBAB99K7X0G0J686QQYP.pcat_01KE1PPBCPC41GN0SE179AHSRT.pcat_01KE1PPDKCB1ANTTBZ37SHZVE9",True,False,11,"pcat_01KE1PPBCPC41GN0SE179AHSRT","2026-01-03 10:33:20.237+00","2026-01-03 10:33:20.237+00",NULL,"{""original_id"": ""172664"", ""original_path"": ""Electronics > Accessories & Supplies > Audio & Video Accessories > TV Accessories & Parts"", ""original_level"": 3}"
"pcat_01KE1PPDNSRNDYRWZE9NWNZF3N","Rear Projection TV Replacement Lamps","","rear-projection-tv-replacement-lamps","pcat_01KE1PPB81J41E4DHBVBSK81D1.pcat_01KE1PPBAB99K7X0G0J686QQYP.pcat_01KE1PPBCPC41GN0SE179AHSRT.pcat_01KE1PPDKCB1ANTTBZ37SHZVE9.pcat_01KE1PPDNSRNDYRWZE9NWNZF3N",True,False,0,"pcat_01KE1PPDKCB1ANTTBZ37SHZVE9","2026-01-03 10:33:20.313+00","2026-01-03 10:33:20.313+00",NULL,"{""original_id"": ""5020533011"", ""original_path"": ""Electronics > Accessories & Supplies > Audio & Video Accessories > TV Accessories & Parts > Rear Projection TV Replacement Lamps"", ""original_level"": 4}"
"pcat_01KE1PPDR4QPG023PN933EZXWC","TV Ceiling & Wall Mounts","","tv-ceiling-wall-mounts","pcat_01KE1PPB81J41E4DHBVBSK81D1.pcat_01KE1PPBAB99K7X0G0J686QQYP.pcat_01KE1PPBCPC41GN0SE179AHSRT.pcat_01KE1PPDKCB1ANTTBZ37SHZVE9.pcat_01KE1PPDR4QPG023PN933EZXWC",True,False,1,"pcat_01KE1PPDKCB1ANTTBZ37SHZVE9","2026-01-03 10:33:20.388+00","2026-01-03 10:33:20.388+00",NULL,"{""original_id"": ""760796"", ""original_path"": ""Electronics > Accessories & Supplies > Audio & Video Accessories > TV Accessories & Parts > TV Ceiling & Wall Mounts"", ""original_level"": 4}"
"pcat_01KE1PPDT5ZNSV01AAZ63JEMBB","TV Turntables","","tv-turntables","pcat_01KE1PPB81J41E4DHBVBSK81D1.pcat_01KE1PPBAB99K7X0G0J686QQYP.pcat_01KE1PPBCPC41GN0SE179AHSRT.pcat_01KE1PPDKCB1ANTTBZ37SHZVE9.pcat_01KE1PPDT5ZNSV01AAZ63JEMBB",True,False,2,"pcat_01KE1PPDKCB1ANTTBZ37SHZVE9","2026-01-03 10:33:20.453+00","2026-01-03 10:33:20.453+00",NULL,"{""original_id"": ""13820211"", ""original_path"": ""Electronics > Accessories & Supplies > Audio & Video Accessories > TV Accessories & Parts > TV Turntables"", ""original_level"": 4}"
"pcat_01KE1PPDWAVKCVKRQN1GM86ANM","Television Replacement Parts","","television-replacement-parts","pcat_01KE1PPB81J41E4DHBVBSK81D1.pcat_01KE1PPBAB99K7X0G0J686QQYP.pcat_01KE1PPBCPC41GN0SE179AHSRT.pcat_01KE1PPDKCB1ANTTBZ37SHZVE9.pcat_01KE1PPDWAVKCVKRQN1GM86ANM",True,False,3,"pcat_01KE1PPDKCB1ANTTBZ37SHZVE9","2026-01-03 10:33:20.522+00","2026-01-03 10:33:20.522+00",NULL,"{""original_id"": ""9637712011"", ""original_path"": ""Electronics > Accessories & Supplies > Audio & Video Accessories > TV Accessories & Parts > Television Replacement Parts"", ""original_level"": 4}"
"pcat_01KE1PPDYSRQNGEA9N68SPJWKB","Turntable Cartridges & Needles","","turntable-cartridges-needles","pcat_01KE1PPB81J41E4DHBVBSK81D1.pcat_01KE1PPBAB99K7X0G0J686QQYP.pcat_01KE1PPBCPC41GN0SE179AHSRT.pcat_01KE1PPDYSRQNGEA9N68SPJWKB",True,False,12,"pcat_01KE1PPBCPC41GN0SE179AHSRT","2026-01-03 10:33:20.601+00","2026-01-03 10:33:20.601+00",NULL,"{""original_id"": ""11973981"", ""original_path"": ""Electronics > Accessories & Supplies > Audio & Video Accessories > Turntable Cartridges & Needles"", ""original_level"": 3}"
"pcat_01KE1PPE14HH108C6H7J33JPD9","Batteries, Chargers & Accessories","","batteries-chargers-accessories","pcat_01KE1PPB81J41E4DHBVBSK81D1.pcat_01KE1PPBAB99K7X0G0J686QQYP.pcat_01KE1PPE14HH108C6H7J33JPD9",True,False,1,"pcat_01KE1PPBAB99K7X0G0J686QQYP","2026-01-03 10:33:20.676+00","2026-01-03 10:33:20.676+00",NULL,"{""original_id"": ""173541"", ""original_path"": ""Electronics > Accessories & Supplies > Batteries, Chargers & Accessories"", ""original_level"": 2}"
"pcat_01KE1PRANVGHQ7BS1JDG8ZTV6Z","Accessories","","accessories-8","pcat_01KE1PPB81J41E4DHBVBSK81D1.pcat_01KE1PRAKMEB8M5YQPT8FWDXRY.pcat_01KE1PRANVGHQ7BS1JDG8ZTV6Z",True,False,0,"pcat_01KE1PRAKMEB8M5YQPT8FWDXRY","2026-01-03 10:34:22.779+00","2026-01-03 10:34:22.779+00",NULL,"{""original_id"": ""10048701011"", ""original_path"": ""Electronics > Wearable Technology > Accessories"", ""original_level"": 2}"
"pcat_01KE1PPE3BYN8X89WKMZV77WM7","AC Adapters","","ac-adapters","pcat_01KE1PPB81J41E4DHBVBSK81D1.pcat_01KE1PPBAB99K7X0G0J686QQYP.pcat_01KE1PPE14HH108C6H7J33JPD9.pcat_01KE1PPE3BYN8X89WKMZV77WM7",True,False,0,"pcat_01KE1PPE14HH108C6H7J33JPD9","2026-01-03 10:33:20.748+00","2026-01-03 10:33:20.748+00",NULL,"{""original_id"": ""10967101"", ""original_path"": ""Electronics > Accessories & Supplies > Batteries, Chargers & Accessories > AC Adapters"", ""original_level"": 3}"
"pcat_01KE1PPE5D8ZAKRWJSJKKS0AN2","Battery Chargers","","battery-chargers","pcat_01KE1PPB81J41E4DHBVBSK81D1.pcat_01KE1PPBAB99K7X0G0J686QQYP.pcat_01KE1PPE14HH108C6H7J33JPD9.pcat_01KE1PPE5D8ZAKRWJSJKKS0AN2",True,False,1,"pcat_01KE1PPE14HH108C6H7J33JPD9","2026-01-03 10:33:20.813+00","2026-01-03 10:33:20.813+00",NULL,"{""original_id"": ""10063711011"", ""original_path"": ""Electronics > Accessories & Supplies > Batteries, Chargers & Accessories > Battery Chargers"", ""original_level"": 3}"
"pcat_01KE1PPE7S3GA9GPTGGSF0ZG1T","Battery Holders","","battery-holders","pcat_01KE1PPB81J41E4DHBVBSK81D1.pcat_01KE1PPBAB99K7X0G0J686QQYP.pcat_01KE1PPE14HH108C6H7J33JPD9.pcat_01KE1PPE7S3GA9GPTGGSF0ZG1T",True,False,2,"pcat_01KE1PPE14HH108C6H7J33JPD9","2026-01-03 10:33:20.889+00","2026-01-03 10:33:20.889+00",NULL,"{""original_id"": ""18007817011"", ""original_path"": ""Electronics > Accessories & Supplies > Batteries, Chargers & Accessories > Battery Holders"", ""original_level"": 3}"
"pcat_01KE1PPEA0PEZAFKG2XJ1NEEMZ","Battery Storage Containers","","battery-storage-containers","pcat_01KE1PPB81J41E4DHBVBSK81D1.pcat_01KE1PPBAB99K7X0G0J686QQYP.pcat_01KE1PPE14HH108C6H7J33JPD9.pcat_01KE1PPEA0PEZAFKG2XJ1NEEMZ",True,False,3,"pcat_01KE1PPE14HH108C6H7J33JPD9","2026-01-03 10:33:20.96+00","2026-01-03 10:33:20.96+00",NULL,"{""original_id"": ""18007818011"", ""original_path"": ""Electronics > Accessories & Supplies > Batteries, Chargers & Accessories > Battery Storage Containers"", ""original_level"": 3}"
"pcat_01KE1PPECCEVVNBZDF30HJWPAJ","Household Batteries","","household-batteries","pcat_01KE1PPB81J41E4DHBVBSK81D1.pcat_01KE1PPBAB99K7X0G0J686QQYP.pcat_01KE1PPE14HH108C6H7J33JPD9.pcat_01KE1PPECCEVVNBZDF30HJWPAJ",True,False,4,"pcat_01KE1PPE14HH108C6H7J33JPD9","2026-01-03 10:33:21.036+00","2026-01-03 10:33:21.036+00",NULL,"{""original_id"": ""15745581"", ""original_path"": ""Electronics > Accessories & Supplies > Batteries, Chargers & Accessories > Household Batteries"", ""original_level"": 3}"
"pcat_01KE1PPEEFER4EB7J091G5N13A","12V","","12v","pcat_01KE1PPB81J41E4DHBVBSK81D1.pcat_01KE1PPBAB99K7X0G0J686QQYP.pcat_01KE1PPE14HH108C6H7J33JPD9.pcat_01KE1PPECCEVVNBZDF30HJWPAJ.pcat_01KE1PPEEFER4EB7J091G5N13A",True,False,0,"pcat_01KE1PPECCEVVNBZDF30HJWPAJ","2026-01-03 10:33:21.104+00","2026-01-03 10:33:21.104+00",NULL,"{""original_id"": ""389574011"", ""original_path"": ""Electronics > Accessories & Supplies > Batteries, Chargers & Accessories > Household Batteries > 12V"", ""original_level"": 4}"
"pcat_01KE1PPEGB25C7TMKP62NF9K11","3.7V","","3-7v","pcat_01KE1PPB81J41E4DHBVBSK81D1.pcat_01KE1PPBAB99K7X0G0J686QQYP.pcat_01KE1PPE14HH108C6H7J33JPD9.pcat_01KE1PPECCEVVNBZDF30HJWPAJ.pcat_01KE1PPEGB25C7TMKP62NF9K11",True,False,1,"pcat_01KE1PPECCEVVNBZDF30HJWPAJ","2026-01-03 10:33:21.163+00","2026-01-03 10:33:21.163+00",NULL,"{""original_id"": ""10112773011"", ""original_path"": ""Electronics > Accessories & Supplies > Batteries, Chargers & Accessories > Household Batteries > 3.7V"", ""original_level"": 4}"
"pcat_01KE1PPEJBMBAG8ZF9B4V2K0EQ","3V","","3v","pcat_01KE1PPB81J41E4DHBVBSK81D1.pcat_01KE1PPBAB99K7X0G0J686QQYP.pcat_01KE1PPE14HH108C6H7J33JPD9.pcat_01KE1PPECCEVVNBZDF30HJWPAJ.pcat_01KE1PPEJBMBAG8ZF9B4V2K0EQ",True,False,2,"pcat_01KE1PPECCEVVNBZDF30HJWPAJ","2026-01-03 10:33:21.227+00","2026-01-03 10:33:21.227+00",NULL,"{""original_id"": ""10112775011"", ""original_path"": ""Electronics > Accessories & Supplies > Batteries, Chargers & Accessories > Household Batteries > 3V"", ""original_level"": 4}"
"pcat_01KE1PPEMGCG4R2GEFXH6ZQP5H","6V","","6v","pcat_01KE1PPB81J41E4DHBVBSK81D1.pcat_01KE1PPBAB99K7X0G0J686QQYP.pcat_01KE1PPE14HH108C6H7J33JPD9.pcat_01KE1PPECCEVVNBZDF30HJWPAJ.pcat_01KE1PPEMGCG4R2GEFXH6ZQP5H",True,False,3,"pcat_01KE1PPECCEVVNBZDF30HJWPAJ","2026-01-03 10:33:21.297+00","2026-01-03 10:33:21.297+00",NULL,"{""original_id"": ""389575011"", ""original_path"": ""Electronics > Accessories & Supplies > Batteries, Chargers & Accessories > Household Batteries > 6V"", ""original_level"": 4}"
"pcat_01KE1PPEPGW0HNS388VDCM3617","9V","","9v","pcat_01KE1PPB81J41E4DHBVBSK81D1.pcat_01KE1PPBAB99K7X0G0J686QQYP.pcat_01KE1PPE14HH108C6H7J33JPD9.pcat_01KE1PPECCEVVNBZDF30HJWPAJ.pcat_01KE1PPEPGW0HNS388VDCM3617",True,False,4,"pcat_01KE1PPECCEVVNBZDF30HJWPAJ","2026-01-03 10:33:21.36+00","2026-01-03 10:33:21.36+00",NULL,"{""original_id"": ""389576011"", ""original_path"": ""Electronics > Accessories & Supplies > Batteries, Chargers & Accessories > Household Batteries > 9V"", ""original_level"": 4}"
"pcat_01KE1PPERG2PXZTYGPW17RRAMC","A","","category","pcat_01KE1PPB81J41E4DHBVBSK81D1.pcat_01KE1PPBAB99K7X0G0J686QQYP.pcat_01KE1PPE14HH108C6H7J33JPD9.pcat_01KE1PPECCEVVNBZDF30HJWPAJ.pcat_01KE1PPERG2PXZTYGPW17RRAMC",True,False,5,"pcat_01KE1PPECCEVVNBZDF30HJWPAJ","2026-01-03 10:33:21.424+00","2026-01-03 10:33:21.424+00",NULL,"{""original_id"": ""389662011"", ""original_path"": ""Electronics > Accessories & Supplies > Batteries, Chargers & Accessories > Household Batteries > A"", ""original_level"": 4}"
"pcat_01KE1PPETEAZ4ED03J40DD0GDD","AA","","aa","pcat_01KE1PPB81J41E4DHBVBSK81D1.pcat_01KE1PPBAB99K7X0G0J686QQYP.pcat_01KE1PPE14HH108C6H7J33JPD9.pcat_01KE1PPECCEVVNBZDF30HJWPAJ.pcat_01KE1PPETEAZ4ED03J40DD0GDD",True,False,6,"pcat_01KE1PPECCEVVNBZDF30HJWPAJ","2026-01-03 10:33:21.486+00","2026-01-03 10:33:21.486+00",NULL,"{""original_id"": ""389577011"", ""original_path"": ""Electronics > Accessories & Supplies > Batteries, Chargers & Accessories > Household Batteries > AA"", ""original_level"": 4}"
"pcat_01KE1PPEWKN4J7C5FRZ6Z29X3G","AAA","","aaa","pcat_01KE1PPB81J41E4DHBVBSK81D1.pcat_01KE1PPBAB99K7X0G0J686QQYP.pcat_01KE1PPE14HH108C6H7J33JPD9.pcat_01KE1PPECCEVVNBZDF30HJWPAJ.pcat_01KE1PPEWKN4J7C5FRZ6Z29X3G",True,False,7,"pcat_01KE1PPECCEVVNBZDF30HJWPAJ","2026-01-03 10:33:21.555+00","2026-01-03 10:33:21.555+00",NULL,"{""original_id"": ""389578011"", ""original_path"": ""Electronics > Accessories & Supplies > Batteries, Chargers & Accessories > Household Batteries > AAA"", ""original_level"": 4}"
"pcat_01KE1PPEYQXSB9W6T3HAZPA70Z","AAAA","","aaaa","pcat_01KE1PPB81J41E4DHBVBSK81D1.pcat_01KE1PPBAB99K7X0G0J686QQYP.pcat_01KE1PPE14HH108C6H7J33JPD9.pcat_01KE1PPECCEVVNBZDF30HJWPAJ.pcat_01KE1PPEYQXSB9W6T3HAZPA70Z",True,False,8,"pcat_01KE1PPECCEVVNBZDF30HJWPAJ","2026-01-03 10:33:21.624+00","2026-01-03 10:33:21.624+00",NULL,"{""original_id"": ""389579011"", ""original_path"": ""Electronics > Accessories & Supplies > Batteries, Chargers & Accessories > Household Batteries > AAAA"", ""original_level"": 4}"
"pcat_01KE1PPF0ZP4728DC68A4XC66W","C","","category-2","pcat_01KE1PPB81J41E4DHBVBSK81D1.pcat_01KE1PPBAB99K7X0G0J686QQYP.pcat_01KE1PPE14HH108C6H7J33JPD9.pcat_01KE1PPECCEVVNBZDF30HJWPAJ.pcat_01KE1PPF0ZP4728DC68A4XC66W",True,False,9,"pcat_01KE1PPECCEVVNBZDF30HJWPAJ","2026-01-03 10:33:21.695+00","2026-01-03 10:33:21.695+00",NULL,"{""original_id"": ""389580011"", ""original_path"": ""Electronics > Accessories & Supplies > Batteries, Chargers & Accessories > Household Batteries > C"", ""original_level"": 4}"
"pcat_01KE1PPF3B721WWKYW608FH02C","Coin & Button Cell","","coin-button-cell","pcat_01KE1PPB81J41E4DHBVBSK81D1.pcat_01KE1PPBAB99K7X0G0J686QQYP.pcat_01KE1PPE14HH108C6H7J33JPD9.pcat_01KE1PPECCEVVNBZDF30HJWPAJ.pcat_01KE1PPF3B721WWKYW608FH02C",True,False,10,"pcat_01KE1PPECCEVVNBZDF30HJWPAJ","2026-01-03 10:33:21.771+00","2026-01-03 10:33:21.771+00",NULL,"{""original_id"": ""389581011"", ""original_path"": ""Electronics > Accessories & Supplies > Batteries, Chargers & Accessories > Household Batteries > Coin & Button Cell"", ""original_level"": 4}"
"pcat_01KE1PPF5DFYTZHAKE5Y2HVWAR","D","","category-3","pcat_01KE1PPB81J41E4DHBVBSK81D1.pcat_01KE1PPBAB99K7X0G0J686QQYP.pcat_01KE1PPE14HH108C6H7J33JPD9.pcat_01KE1PPECCEVVNBZDF30HJWPAJ.pcat_01KE1PPF5DFYTZHAKE5Y2HVWAR",True,False,11,"pcat_01KE1PPECCEVVNBZDF30HJWPAJ","2026-01-03 10:33:21.837+00","2026-01-03 10:33:21.837+00",NULL,"{""original_id"": ""389582011"", ""original_path"": ""Electronics > Accessories & Supplies > Batteries, Chargers & Accessories > Household Batteries > D"", ""original_level"": 4}"
"pcat_01KE1PPF7QHGSNXVRFJJ9EM47V","Isolation Transformers","","isolation-transformers","pcat_01KE1PPB81J41E4DHBVBSK81D1.pcat_01KE1PPBAB99K7X0G0J686QQYP.pcat_01KE1PPE14HH108C6H7J33JPD9.pcat_01KE1PPF7QHGSNXVRFJJ9EM47V",True,False,5,"pcat_01KE1PPE14HH108C6H7J33JPD9","2026-01-03 10:33:21.911+00","2026-01-03 10:33:21.911+00",NULL,"{""original_id"": ""10967671"", ""original_path"": ""Electronics > Accessories & Supplies > Batteries, Chargers & Accessories > Isolation Transformers"", ""original_level"": 3}"
"pcat_01KE1PPF9YBY9ZYV9PBYS8N9FA","Line Conditioners","","line-conditioners","pcat_01KE1PPB81J41E4DHBVBSK81D1.pcat_01KE1PPBAB99K7X0G0J686QQYP.pcat_01KE1PPE14HH108C6H7J33JPD9.pcat_01KE1PPF9YBY9ZYV9PBYS8N9FA",True,False,6,"pcat_01KE1PPE14HH108C6H7J33JPD9","2026-01-03 10:33:21.982+00","2026-01-03 10:33:21.982+00",NULL,"{""original_id"": ""10967061"", ""original_path"": ""Electronics > Accessories & Supplies > Batteries, Chargers & Accessories > Line Conditioners"", ""original_level"": 3}"
"pcat_01KE1PPFC1V0SRMJ2VX0QKYAE4","PDUs","","pdus","pcat_01KE1PPB81J41E4DHBVBSK81D1.pcat_01KE1PPBAB99K7X0G0J686QQYP.pcat_01KE1PPE14HH108C6H7J33JPD9.pcat_01KE1PPFC1V0SRMJ2VX0QKYAE4",True,False,7,"pcat_01KE1PPE14HH108C6H7J33JPD9","2026-01-03 10:33:22.049+00","2026-01-03 10:33:22.049+00",NULL,"{""original_id"": ""689651011"", ""original_path"": ""Electronics > Accessories & Supplies > Batteries, Chargers & Accessories > PDUs"", ""original_level"": 3}"
"pcat_01KE1PPFE3FS9PH16GXN3W38KH","Power Converters","","power-converters","pcat_01KE1PPB81J41E4DHBVBSK81D1.pcat_01KE1PPBAB99K7X0G0J686QQYP.pcat_01KE1PPE14HH108C6H7J33JPD9.pcat_01KE1PPFE3FS9PH16GXN3W38KH",True,False,8,"pcat_01KE1PPE14HH108C6H7J33JPD9","2026-01-03 10:33:22.115+00","2026-01-03 10:33:22.115+00",NULL,"{""original_id"": ""10967761"", ""original_path"": ""Electronics > Accessories & Supplies > Batteries, Chargers & Accessories > Power Converters"", ""original_level"": 3}"
"pcat_01KE1PPFG5J0KGF19EGYVG7JBY","Cables","","cables","pcat_01KE1PPB81J41E4DHBVBSK81D1.pcat_01KE1PPBAB99K7X0G0J686QQYP.pcat_01KE1PPFG5J0KGF19EGYVG7JBY",True,False,2,"pcat_01KE1PPBAB99K7X0G0J686QQYP","2026-01-03 10:33:22.181+00","2026-01-03 10:33:22.181+00",NULL,"{""original_id"": ""12954861"", ""original_path"": ""Electronics > Accessories & Supplies > Cables"", ""original_level"": 2}"
"pcat_01KE1PPFJCG3NMPX02GT59W2AT","Audio & Video","","audio-video","pcat_01KE1PPB81J41E4DHBVBSK81D1.pcat_01KE1PPBAB99K7X0G0J686QQYP.pcat_01KE1PPFG5J0KGF19EGYVG7JBY.pcat_01KE1PPFJCG3NMPX02GT59W2AT",True,False,0,"pcat_01KE1PPFG5J0KGF19EGYVG7JBY","2026-01-03 10:33:22.253+00","2026-01-03 10:33:22.253+00",NULL,"{""original_id"": ""172540"", ""original_path"": ""Electronics > Accessories & Supplies > Cables > Audio & Video"", ""original_level"": 3}"
"pcat_01KE1PPFMG89Z8SJ8TDBW9AN90","Audio Cables","","audio-cables","pcat_01KE1PPB81J41E4DHBVBSK81D1.pcat_01KE1PPBAB99K7X0G0J686QQYP.pcat_01KE1PPFG5J0KGF19EGYVG7JBY.pcat_01KE1PPFJCG3NMPX02GT59W2AT.pcat_01KE1PPFMG89Z8SJ8TDBW9AN90",True,False,0,"pcat_01KE1PPFJCG3NMPX02GT59W2AT","2026-01-03 10:33:22.32+00","2026-01-03 10:33:22.32+00",NULL,"{""original_id"": ""597566"", ""original_path"": ""Electronics > Accessories & Supplies > Cables > Audio & Video > Audio Cables"", ""original_level"": 4}"
"pcat_01KE1PPFPANHQ1CQKNBGC0Q80J","Digital Coaxial Cables","","digital-coaxial-cables","pcat_01KE1PPB81J41E4DHBVBSK81D1.pcat_01KE1PPBAB99K7X0G0J686QQYP.pcat_01KE1PPFG5J0KGF19EGYVG7JBY.pcat_01KE1PPFJCG3NMPX02GT59W2AT.pcat_01KE1PPFMG89Z8SJ8TDBW9AN90.pcat_01KE1PPFPANHQ1CQKNBGC0Q80J",True,False,0,"pcat_01KE1PPFMG89Z8SJ8TDBW9AN90","2026-01-03 10:33:22.378+00","2026-01-03 10:33:22.378+00",NULL,"{""original_id"": ""597550"", ""original_path"": ""Electronics > Accessories & Supplies > Audio & Video Accessories > Cables & Interconnects > Audio Cables > Digital Coaxial Cables"", ""original_level"": 0}"
"pcat_01KE1PPFR4YHVWRTPZQ103Z8KY","Fiber Optic Cables","","fiber-optic-cables","pcat_01KE1PPB81J41E4DHBVBSK81D1.pcat_01KE1PPBAB99K7X0G0J686QQYP.pcat_01KE1PPFG5J0KGF19EGYVG7JBY.pcat_01KE1PPFJCG3NMPX02GT59W2AT.pcat_01KE1PPFMG89Z8SJ8TDBW9AN90.pcat_01KE1PPFR4YHVWRTPZQ103Z8KY",True,False,1,"pcat_01KE1PPFMG89Z8SJ8TDBW9AN90","2026-01-03 10:33:22.436+00","2026-01-03 10:33:22.436+00",NULL,"{""original_id"": ""1288217011"", ""original_path"": ""Electronics > Accessories & Supplies > Audio & Video Accessories > Cables & Interconnects > Audio Cables > Fiber Optic Cables"", ""original_level"": 0}"
"pcat_01KE1PPFT9JE5VRBPQEWM3A1HD","RCA Cables","","rca-cables","pcat_01KE1PPB81J41E4DHBVBSK81D1.pcat_01KE1PPBAB99K7X0G0J686QQYP.pcat_01KE1PPFG5J0KGF19EGYVG7JBY.pcat_01KE1PPFJCG3NMPX02GT59W2AT.pcat_01KE1PPFMG89Z8SJ8TDBW9AN90.pcat_01KE1PPFT9JE5VRBPQEWM3A1HD",True,False,2,"pcat_01KE1PPFMG89Z8SJ8TDBW9AN90","2026-01-03 10:33:22.505+00","2026-01-03 10:33:22.505+00",NULL,"{""original_id"": ""597546"", ""original_path"": ""Electronics > Accessories & Supplies > Cables > Audio & Video > Audio Cables > RCA Cables"", ""original_level"": 0}"
"pcat_01KE1PPFWEC3WH27DPBBXBFQHP","Speaker Cables","","speaker-cables","pcat_01KE1PPB81J41E4DHBVBSK81D1.pcat_01KE1PPBAB99K7X0G0J686QQYP.pcat_01KE1PPFG5J0KGF19EGYVG7JBY.pcat_01KE1PPFJCG3NMPX02GT59W2AT.pcat_01KE1PPFMG89Z8SJ8TDBW9AN90.pcat_01KE1PPFWEC3WH27DPBBXBFQHP",True,False,3,"pcat_01KE1PPFMG89Z8SJ8TDBW9AN90","2026-01-03 10:33:22.574+00","2026-01-03 10:33:22.574+00",NULL,"{""original_id"": ""464416"", ""original_path"": ""Electronics > Accessories & Supplies > Audio & Video Accessories > Cables & Interconnects > Audio Cables > Speaker Cables"", ""original_level"": 0}"
"pcat_01KE1PPFYETB4XC3W51EKJD5H2","Stereo Jack Cables","","stereo-jack-cables","pcat_01KE1PPB81J41E4DHBVBSK81D1.pcat_01KE1PPBAB99K7X0G0J686QQYP.pcat_01KE1PPFG5J0KGF19EGYVG7JBY.pcat_01KE1PPFJCG3NMPX02GT59W2AT.pcat_01KE1PPFMG89Z8SJ8TDBW9AN90.pcat_01KE1PPFYETB4XC3W51EKJD5H2",True,False,4,"pcat_01KE1PPFMG89Z8SJ8TDBW9AN90","2026-01-03 10:33:22.638+00","2026-01-03 10:33:22.638+00",NULL,"{""original_id"": ""3224439011"", ""original_path"": ""Electronics > Accessories & Supplies > Audio & Video Accessories > Cables & Interconnects > Audio Cables > Stereo Jack Cables"", ""original_level"": 0}"
"pcat_01KE1PPG0KB7JGM6KCTZMR5G4N","Subwoofer Cables","","subwoofer-cables","pcat_01KE1PPB81J41E4DHBVBSK81D1.pcat_01KE1PPBAB99K7X0G0J686QQYP.pcat_01KE1PPFG5J0KGF19EGYVG7JBY.pcat_01KE1PPFJCG3NMPX02GT59W2AT.pcat_01KE1PPFMG89Z8SJ8TDBW9AN90.pcat_01KE1PPG0KB7JGM6KCTZMR5G4N",True,False,5,"pcat_01KE1PPFMG89Z8SJ8TDBW9AN90","2026-01-03 10:33:22.707+00","2026-01-03 10:33:22.707+00",NULL,"{""original_id"": ""598586"", ""original_path"": ""Electronics > Accessories & Supplies > Audio & Video Accessories > Cables & Interconnects > Audio Cables > Subwoofer Cables"", ""original_level"": 0}"
"pcat_01KE1PPG2EQFMPTPZP5W0KQ29C","Video Cables","","video-cables","pcat_01KE1PPB81J41E4DHBVBSK81D1.pcat_01KE1PPBAB99K7X0G0J686QQYP.pcat_01KE1PPFG5J0KGF19EGYVG7JBY.pcat_01KE1PPFJCG3NMPX02GT59W2AT.pcat_01KE1PPG2EQFMPTPZP5W0KQ29C",True,False,1,"pcat_01KE1PPFJCG3NMPX02GT59W2AT","2026-01-03 10:33:22.766+00","2026-01-03 10:33:22.766+00",NULL,"{""original_id"": ""464418"", ""original_path"": ""Electronics > Accessories & Supplies > Cables > Audio & Video > Video Cables"", ""original_level"": 4}"
"pcat_01KE1PPG4ASS8XQ1VPXPBRYCJV","Component Video","","component-video","pcat_01KE1PPB81J41E4DHBVBSK81D1.pcat_01KE1PPBAB99K7X0G0J686QQYP.pcat_01KE1PPFG5J0KGF19EGYVG7JBY.pcat_01KE1PPFJCG3NMPX02GT59W2AT.pcat_01KE1PPG2EQFMPTPZP5W0KQ29C.pcat_01KE1PPG4ASS8XQ1VPXPBRYCJV",True,False,0,"pcat_01KE1PPG2EQFMPTPZP5W0KQ29C","2026-01-03 10:33:22.826+00","2026-01-03 10:33:22.826+00",NULL,"{""original_id"": ""597552"", ""original_path"": ""Electronics > Accessories & Supplies > Audio & Video Accessories > Cables & Interconnects > Video Cables > Component Video"", ""original_level"": 0}"
"pcat_01KE1PPG6GACX7DN8QMQ74MNGX","Composite Video","","composite-video","pcat_01KE1PPB81J41E4DHBVBSK81D1.pcat_01KE1PPBAB99K7X0G0J686QQYP.pcat_01KE1PPFG5J0KGF19EGYVG7JBY.pcat_01KE1PPFJCG3NMPX02GT59W2AT.pcat_01KE1PPG2EQFMPTPZP5W0KQ29C.pcat_01KE1PPG6GACX7DN8QMQ74MNGX",True,False,1,"pcat_01KE1PPG2EQFMPTPZP5W0KQ29C","2026-01-03 10:33:22.897+00","2026-01-03 10:33:22.897+00",NULL,"{""original_id"": ""597554"", ""original_path"": ""Electronics > Accessories & Supplies > Audio & Video Accessories > Cables & Interconnects > Video Cables > Composite Video"", ""original_level"": 0}"
"pcat_01KE1PQ07D639KST5K5JSB8XJM","Digital Pens","","digital-pens","pcat_01KE1PPB81J41E4DHBVBSK81D1.pcat_01KE1PPBAB99K7X0G0J686QQYP.pcat_01KE1PPVM97MY0BBVK3Y2GJDZS.pcat_01KE1PQ05A6A8Y4W9WA2SK442E.pcat_01KE1PQ07D639KST5K5JSB8XJM",True,False,0,"pcat_01KE1PQ05A6A8Y4W9WA2SK442E","2026-01-03 10:33:39.309+00","2026-01-03 10:33:39.309+00",NULL,"{""original_id"": ""3015430011"", ""original_path"": ""Computers > Computer Accessories & Peripherals > Input Devices > Digital Pens"", ""original_level"": 4}"
"pcat_01KE1PPG8WXRB1BYBPHZRMMVPN","DVI Cables","","dvi-cables","pcat_01KE1PPB81J41E4DHBVBSK81D1.pcat_01KE1PPBAB99K7X0G0J686QQYP.pcat_01KE1PPFG5J0KGF19EGYVG7JBY.pcat_01KE1PPFJCG3NMPX02GT59W2AT.pcat_01KE1PPG2EQFMPTPZP5W0KQ29C.pcat_01KE1PPG8WXRB1BYBPHZRMMVPN",True,False,2,"pcat_01KE1PPG2EQFMPTPZP5W0KQ29C","2026-01-03 10:33:22.972+00","2026-01-03 10:33:22.972+00",NULL,"{""original_id"": ""202506011"", ""original_path"": ""Electronics > Accessories & Supplies > Audio & Video Accessories > Cables & Interconnects > Video Cables > DVI Cables"", ""original_level"": 0}"
"pcat_01KE1PPGBBDQ6915FVB4GNH5CE","F-Pin-Coaxial Tip","","f-pin-coaxial-tip","pcat_01KE1PPB81J41E4DHBVBSK81D1.pcat_01KE1PPBAB99K7X0G0J686QQYP.pcat_01KE1PPFG5J0KGF19EGYVG7JBY.pcat_01KE1PPFJCG3NMPX02GT59W2AT.pcat_01KE1PPG2EQFMPTPZP5W0KQ29C.pcat_01KE1PPGBBDQ6915FVB4GNH5CE",True,False,3,"pcat_01KE1PPG2EQFMPTPZP5W0KQ29C","2026-01-03 10:33:23.051+00","2026-01-03 10:33:23.051+00",NULL,"{""original_id"": ""597556"", ""original_path"": ""Electronics > Accessories & Supplies > Audio & Video Accessories > Cables & Interconnects > Video Cables > F-Pin-Coaxial Tip"", ""original_level"": 0}"
"pcat_01KE1PPGDBWRQY562ETMTR2PR4","Firewire Cables","","firewire-cables","pcat_01KE1PPB81J41E4DHBVBSK81D1.pcat_01KE1PPBAB99K7X0G0J686QQYP.pcat_01KE1PPFG5J0KGF19EGYVG7JBY.pcat_01KE1PPFJCG3NMPX02GT59W2AT.pcat_01KE1PPG2EQFMPTPZP5W0KQ29C.pcat_01KE1PPGDBWRQY562ETMTR2PR4",True,False,4,"pcat_01KE1PPG2EQFMPTPZP5W0KQ29C","2026-01-03 10:33:23.115+00","2026-01-03 10:33:23.115+00",NULL,"{""original_id"": ""464396"", ""original_path"": ""Electronics > Accessories & Supplies > Audio & Video Accessories > Cables & Interconnects > Video Cables > Firewire Cables"", ""original_level"": 0}"
"pcat_01KE1PPGFC246D4TS5TR7Y2JMB","HDMI Cables","","hdmi-cables","pcat_01KE1PPB81J41E4DHBVBSK81D1.pcat_01KE1PPBAB99K7X0G0J686QQYP.pcat_01KE1PPFG5J0KGF19EGYVG7JBY.pcat_01KE1PPFJCG3NMPX02GT59W2AT.pcat_01KE1PPG2EQFMPTPZP5W0KQ29C.pcat_01KE1PPGFC246D4TS5TR7Y2JMB",True,False,5,"pcat_01KE1PPG2EQFMPTPZP5W0KQ29C","2026-01-03 10:33:23.18+00","2026-01-03 10:33:23.18+00",NULL,"{""original_id"": ""202505011"", ""original_path"": ""Electronics > Accessories & Supplies > Audio & Video Accessories > Cables & Interconnects > Video Cables > HDMI Cables"", ""original_level"": 0}"
"pcat_01KE1PPGJ8AX78HH57N6CJN5XF","S-Video Cables","","s-video-cables","pcat_01KE1PPB81J41E4DHBVBSK81D1.pcat_01KE1PPBAB99K7X0G0J686QQYP.pcat_01KE1PPFG5J0KGF19EGYVG7JBY.pcat_01KE1PPFJCG3NMPX02GT59W2AT.pcat_01KE1PPG2EQFMPTPZP5W0KQ29C.pcat_01KE1PPGJ8AX78HH57N6CJN5XF",True,False,6,"pcat_01KE1PPG2EQFMPTPZP5W0KQ29C","2026-01-03 10:33:23.273+00","2026-01-03 10:33:23.273+00",NULL,"{""original_id"": ""597558"", ""original_path"": ""Electronics > Accessories & Supplies > Audio & Video Accessories > Cables & Interconnects > Video Cables > S-Video Cables"", ""original_level"": 0}"
"pcat_01KE1PPGMJZKHMZ8WER3B9FM8H","Camera & Photo","","camera-photo","pcat_01KE1PPB81J41E4DHBVBSK81D1.pcat_01KE1PPBAB99K7X0G0J686QQYP.pcat_01KE1PPFG5J0KGF19EGYVG7JBY.pcat_01KE1PPGMJZKHMZ8WER3B9FM8H",True,False,1,"pcat_01KE1PPFG5J0KGF19EGYVG7JBY","2026-01-03 10:33:23.346+00","2026-01-03 10:33:23.346+00",NULL,"{""original_id"": ""14015081"", ""original_path"": ""Electronics > Accessories & Supplies > Cables > Camera & Photo"", ""original_level"": 3}"
"pcat_01KE1PPGPGM4HVJPC41GR7HFE7","Car Electronics","","car-electronics","pcat_01KE1PPB81J41E4DHBVBSK81D1.pcat_01KE1PPBAB99K7X0G0J686QQYP.pcat_01KE1PPFG5J0KGF19EGYVG7JBY.pcat_01KE1PPGPGM4HVJPC41GR7HFE7",True,False,2,"pcat_01KE1PPFG5J0KGF19EGYVG7JBY","2026-01-03 10:33:23.408+00","2026-01-03 10:33:23.408+00",NULL,"{""original_id"": ""12954881"", ""original_path"": ""Electronics > Accessories & Supplies > Cables > Car Electronics"", ""original_level"": 3}"
"pcat_01KE1PPGR9WHFXE5TZTMB42MAC","GPS","","gps","pcat_01KE1PPB81J41E4DHBVBSK81D1.pcat_01KE1PPBAB99K7X0G0J686QQYP.pcat_01KE1PPFG5J0KGF19EGYVG7JBY.pcat_01KE1PPGR9WHFXE5TZTMB42MAC",True,False,3,"pcat_01KE1PPFG5J0KGF19EGYVG7JBY","2026-01-03 10:33:23.465+00","2026-01-03 10:33:23.465+00",NULL,"{""original_id"": ""764464"", ""original_path"": ""Electronics > Accessories & Supplies > Cables > GPS"", ""original_level"": 3}"
"pcat_01KE1PPGT7NYPQZ0TDPKGB1RG2","Camera & Photo Accessories","","camera-photo-accessories","pcat_01KE1PPB81J41E4DHBVBSK81D1.pcat_01KE1PPBAB99K7X0G0J686QQYP.pcat_01KE1PPGT7NYPQZ0TDPKGB1RG2",True,False,3,"pcat_01KE1PPBAB99K7X0G0J686QQYP","2026-01-03 10:33:23.527+00","2026-01-03 10:33:23.527+00",NULL,"{""original_id"": ""172435"", ""original_path"": ""Electronics > Accessories & Supplies > Camera & Photo Accessories"", ""original_level"": 2}"
"pcat_01KE1PPGWBV4PXPY90PX81A0T9","Accessory Bundles","","accessory-bundles","pcat_01KE1PPB81J41E4DHBVBSK81D1.pcat_01KE1PPBAB99K7X0G0J686QQYP.pcat_01KE1PPGT7NYPQZ0TDPKGB1RG2.pcat_01KE1PPGWBV4PXPY90PX81A0T9",True,False,0,"pcat_01KE1PPGT7NYPQZ0TDPKGB1RG2","2026-01-03 10:33:23.595+00","2026-01-03 10:33:23.595+00",NULL,"{""original_id"": ""7242007011"", ""original_path"": ""Electronics > Accessories & Supplies > Camera & Photo Accessories > Accessory Bundles"", ""original_level"": 3}"
"pcat_01KE1PPGYHD9D02EC82DKHBBAD","Bags & Cases","","bags-cases","pcat_01KE1PPB81J41E4DHBVBSK81D1.pcat_01KE1PPBAB99K7X0G0J686QQYP.pcat_01KE1PPGT7NYPQZ0TDPKGB1RG2.pcat_01KE1PPGYHD9D02EC82DKHBBAD",True,False,1,"pcat_01KE1PPGT7NYPQZ0TDPKGB1RG2","2026-01-03 10:33:23.665+00","2026-01-03 10:33:23.665+00",NULL,"{""original_id"": ""172437"", ""original_path"": ""Electronics > Accessories & Supplies > Camera & Photo Accessories > Bags & Cases"", ""original_level"": 3}"
"pcat_01KE1PPH0ADEPEDC6RZJTTDB84","Bag & Case Accessories","","bag-case-accessories","pcat_01KE1PPB81J41E4DHBVBSK81D1.pcat_01KE1PPBAB99K7X0G0J686QQYP.pcat_01KE1PPGT7NYPQZ0TDPKGB1RG2.pcat_01KE1PPGYHD9D02EC82DKHBBAD.pcat_01KE1PPH0ADEPEDC6RZJTTDB84",True,False,0,"pcat_01KE1PPGYHD9D02EC82DKHBBAD","2026-01-03 10:33:23.723+00","2026-01-03 10:33:23.723+00",NULL,"{""original_id"": ""3346201"", ""original_path"": ""Electronics > Camera & Photo > Bags & Cases > Bag & Case Accessories"", ""original_level"": 4}"
"pcat_01KE1PPH26QNK6R098SJV71BC2","Binocular Cases","","binocular-cases","pcat_01KE1PPB81J41E4DHBVBSK81D1.pcat_01KE1PPBAB99K7X0G0J686QQYP.pcat_01KE1PPGT7NYPQZ0TDPKGB1RG2.pcat_01KE1PPGYHD9D02EC82DKHBBAD.pcat_01KE1PPH26QNK6R098SJV71BC2",True,False,1,"pcat_01KE1PPGYHD9D02EC82DKHBBAD","2026-01-03 10:33:23.782+00","2026-01-03 10:33:23.782+00",NULL,"{""original_id"": ""499142"", ""original_path"": ""Electronics > Camera & Photo > Bags & Cases > Binocular Cases"", ""original_level"": 4}"
"pcat_01KE1PPH47SXHDBF1Y3AYP0KDJ","Binocular, Camera & Camcorder Straps","","binocular-camera-camcorder-straps","pcat_01KE1PPB81J41E4DHBVBSK81D1.pcat_01KE1PPBAB99K7X0G0J686QQYP.pcat_01KE1PPGT7NYPQZ0TDPKGB1RG2.pcat_01KE1PPGYHD9D02EC82DKHBBAD.pcat_01KE1PPH47SXHDBF1Y3AYP0KDJ",True,False,2,"pcat_01KE1PPGYHD9D02EC82DKHBBAD","2026-01-03 10:33:23.847+00","2026-01-03 10:33:23.847+00",NULL,"{""original_id"": ""3345831"", ""original_path"": ""Electronics > Camera & Photo > Bags & Cases > Binocular, Camera & Camcorder Straps"", ""original_level"": 4}"
"pcat_01KE1PPH6JFD175NFNMN9Z7BC9","Camcorder Cases","","camcorder-cases","pcat_01KE1PPB81J41E4DHBVBSK81D1.pcat_01KE1PPBAB99K7X0G0J686QQYP.pcat_01KE1PPGT7NYPQZ0TDPKGB1RG2.pcat_01KE1PPGYHD9D02EC82DKHBBAD.pcat_01KE1PPH6JFD175NFNMN9Z7BC9",True,False,3,"pcat_01KE1PPGYHD9D02EC82DKHBBAD","2026-01-03 10:33:23.923+00","2026-01-03 10:33:23.923+00",NULL,"{""original_id"": ""499234"", ""original_path"": ""Electronics > Camera & Photo > Bags & Cases > Camcorder Cases"", ""original_level"": 4}"
"pcat_01KE1PPH9710EJXDQA8DCZR2KV","Camera Cases","","camera-cases","pcat_01KE1PPB81J41E4DHBVBSK81D1.pcat_01KE1PPBAB99K7X0G0J686QQYP.pcat_01KE1PPGT7NYPQZ0TDPKGB1RG2.pcat_01KE1PPGYHD9D02EC82DKHBBAD.pcat_01KE1PPH9710EJXDQA8DCZR2KV",True,False,4,"pcat_01KE1PPGYHD9D02EC82DKHBBAD","2026-01-03 10:33:24.007+00","2026-01-03 10:33:24.007+00",NULL,"{""original_id"": ""3345931"", ""original_path"": ""Electronics > Camera & Photo > Bags & Cases > Camera Cases"", ""original_level"": 4}"
"pcat_01KE1PPHBA4P364KHX6N0Z8610","Filter Cases","","filter-cases","pcat_01KE1PPB81J41E4DHBVBSK81D1.pcat_01KE1PPBAB99K7X0G0J686QQYP.pcat_01KE1PPGT7NYPQZ0TDPKGB1RG2.pcat_01KE1PPGYHD9D02EC82DKHBBAD.pcat_01KE1PPHBA4P364KHX6N0Z8610",True,False,5,"pcat_01KE1PPGYHD9D02EC82DKHBBAD","2026-01-03 10:33:24.074+00","2026-01-03 10:33:24.074+00",NULL,"{""original_id"": ""3346191"", ""original_path"": ""Electronics > Camera & Photo > Bags & Cases > Filter Cases"", ""original_level"": 4}"
"pcat_01KE1PPHDG8WCHHBTY6D2EHK5V","Lens Cases","","lens-cases","pcat_01KE1PPB81J41E4DHBVBSK81D1.pcat_01KE1PPBAB99K7X0G0J686QQYP.pcat_01KE1PPGT7NYPQZ0TDPKGB1RG2.pcat_01KE1PPGYHD9D02EC82DKHBBAD.pcat_01KE1PPHDG8WCHHBTY6D2EHK5V",True,False,6,"pcat_01KE1PPGYHD9D02EC82DKHBBAD","2026-01-03 10:33:24.144+00","2026-01-03 10:33:24.144+00",NULL,"{""original_id"": ""3346101"", ""original_path"": ""Electronics > Camera & Photo > Bags & Cases > Lens Cases"", ""original_level"": 4}"
"pcat_01KE1PPHFKW9B94HG2Y38AZACF","Telescope Cases","","telescope-cases","pcat_01KE1PPB81J41E4DHBVBSK81D1.pcat_01KE1PPBAB99K7X0G0J686QQYP.pcat_01KE1PPGT7NYPQZ0TDPKGB1RG2.pcat_01KE1PPGYHD9D02EC82DKHBBAD.pcat_01KE1PPHFKW9B94HG2Y38AZACF",True,False,7,"pcat_01KE1PPGYHD9D02EC82DKHBBAD","2026-01-03 10:33:24.211+00","2026-01-03 10:33:24.211+00",NULL,"{""original_id"": ""3346091"", ""original_path"": ""Electronics > Camera & Photo > Bags & Cases > Telescope Cases"", ""original_level"": 4}"
"pcat_01KE1PPHHPAKCCQPNE6YQA7WB1","Tripod & Monopod Cases","","tripod-monopod-cases","pcat_01KE1PPB81J41E4DHBVBSK81D1.pcat_01KE1PPBAB99K7X0G0J686QQYP.pcat_01KE1PPGT7NYPQZ0TDPKGB1RG2.pcat_01KE1PPGYHD9D02EC82DKHBBAD.pcat_01KE1PPHHPAKCCQPNE6YQA7WB1",True,False,8,"pcat_01KE1PPGYHD9D02EC82DKHBBAD","2026-01-03 10:33:24.278+00","2026-01-03 10:33:24.278+00",NULL,"{""original_id"": ""3346131"", ""original_path"": ""Electronics > Camera & Photo > Bags & Cases > Tripod & Monopod Cases"", ""original_level"": 4}"
"pcat_01KE1PPHKQB879R047FJGQGXSG","Batteries & Chargers","","batteries-chargers","pcat_01KE1PPB81J41E4DHBVBSK81D1.pcat_01KE1PPBAB99K7X0G0J686QQYP.pcat_01KE1PPGT7NYPQZ0TDPKGB1RG2.pcat_01KE1PPHKQB879R047FJGQGXSG",True,False,2,"pcat_01KE1PPGT7NYPQZ0TDPKGB1RG2","2026-01-03 10:33:24.343+00","2026-01-03 10:33:24.343+00",NULL,"{""original_id"": ""13535371"", ""original_path"": ""Electronics > Accessories & Supplies > Camera & Photo Accessories > Batteries & Chargers"", ""original_level"": 3}"
"pcat_01KE1PPHNWYCY5RBS9RPXRHFG5","Adapters","","adapters-2","pcat_01KE1PPB81J41E4DHBVBSK81D1.pcat_01KE1PPBAB99K7X0G0J686QQYP.pcat_01KE1PPGT7NYPQZ0TDPKGB1RG2.pcat_01KE1PPHKQB879R047FJGQGXSG.pcat_01KE1PPHNWYCY5RBS9RPXRHFG5",True,False,0,"pcat_01KE1PPHKQB879R047FJGQGXSG","2026-01-03 10:33:24.413+00","2026-01-03 10:33:24.413+00",NULL,"{""original_id"": ""13535461"", ""original_path"": ""Electronics > Accessories & Supplies > Camera & Photo Accessories > Batteries & Chargers > Adapters"", ""original_level"": 4}"
"pcat_01KE1PPHQV5590C0M7T3XSW8AX","Batteries","","batteries","pcat_01KE1PPB81J41E4DHBVBSK81D1.pcat_01KE1PPBAB99K7X0G0J686QQYP.pcat_01KE1PPGT7NYPQZ0TDPKGB1RG2.pcat_01KE1PPHKQB879R047FJGQGXSG.pcat_01KE1PPHQV5590C0M7T3XSW8AX",True,False,1,"pcat_01KE1PPHKQB879R047FJGQGXSG","2026-01-03 10:33:24.476+00","2026-01-03 10:33:24.476+00",NULL,"{""original_id"": ""13535381"", ""original_path"": ""Electronics > Accessories & Supplies > Camera & Photo Accessories > Batteries & Chargers > Batteries"", ""original_level"": 4}"
"pcat_01KE1PPHSVEWWNZXX7X5FKNKCX","Camera Batteries","","camera-batteries","pcat_01KE1PPB81J41E4DHBVBSK81D1.pcat_01KE1PPBAB99K7X0G0J686QQYP.pcat_01KE1PPGT7NYPQZ0TDPKGB1RG2.pcat_01KE1PPHKQB879R047FJGQGXSG.pcat_01KE1PPHQV5590C0M7T3XSW8AX.pcat_01KE1PPHSVEWWNZXX7X5FKNKCX",True,False,0,"pcat_01KE1PPHQV5590C0M7T3XSW8AX","2026-01-03 10:33:24.539+00","2026-01-03 10:33:24.539+00",NULL,"{""original_id"": ""11041791"", ""original_path"": ""Electronics > Accessories & Supplies > Camera & Photo Accessories > Batteries & Chargers > Batteries > Camera Batteries"", ""original_level"": 0}"
"pcat_01KE1PPHVS3MZV1F8JBNPVCFMD","Battery Chargers","","battery-chargers-2","pcat_01KE1PPB81J41E4DHBVBSK81D1.pcat_01KE1PPBAB99K7X0G0J686QQYP.pcat_01KE1PPGT7NYPQZ0TDPKGB1RG2.pcat_01KE1PPHKQB879R047FJGQGXSG.pcat_01KE1PPHVS3MZV1F8JBNPVCFMD",True,False,2,"pcat_01KE1PPHKQB879R047FJGQGXSG","2026-01-03 10:33:24.601+00","2026-01-03 10:33:24.601+00",NULL,"{""original_id"": ""13535441"", ""original_path"": ""Electronics > Accessories & Supplies > Camera & Photo Accessories > Batteries & Chargers > Battery Chargers"", ""original_level"": 4}"
"pcat_01KE1PPHXN099SQG0MXQMA82EE","Camera","","camera","pcat_01KE1PPB81J41E4DHBVBSK81D1.pcat_01KE1PPBAB99K7X0G0J686QQYP.pcat_01KE1PPGT7NYPQZ0TDPKGB1RG2.pcat_01KE1PPHKQB879R047FJGQGXSG.pcat_01KE1PPHVS3MZV1F8JBNPVCFMD.pcat_01KE1PPHXN099SQG0MXQMA82EE",True,False,0,"pcat_01KE1PPHVS3MZV1F8JBNPVCFMD","2026-01-03 10:33:24.661+00","2026-01-03 10:33:24.661+00",NULL,"{""original_id"": ""11041891"", ""original_path"": ""Electronics > Accessories & Supplies > Camera & Photo Accessories > Batteries & Chargers > Battery Chargers > Camera"", ""original_level"": 0}"
"pcat_01KE1PPHZHETQKDRMBZVQTDYA0","Binocular Accessories","","binocular-accessories","pcat_01KE1PPB81J41E4DHBVBSK81D1.pcat_01KE1PPBAB99K7X0G0J686QQYP.pcat_01KE1PPGT7NYPQZ0TDPKGB1RG2.pcat_01KE1PPHZHETQKDRMBZVQTDYA0",True,False,3,"pcat_01KE1PPGT7NYPQZ0TDPKGB1RG2","2026-01-03 10:33:24.721+00","2026-01-03 10:33:24.721+00",NULL,"{""original_id"": ""3345801"", ""original_path"": ""Electronics > Accessories & Supplies > Camera & Photo Accessories > Binocular Accessories"", ""original_level"": 3}"
"pcat_01KE1PPJ1A6YN04Y6MS9X0RRRT","Blank Video Media","","blank-video-media","pcat_01KE1PPB81J41E4DHBVBSK81D1.pcat_01KE1PPBAB99K7X0G0J686QQYP.pcat_01KE1PPGT7NYPQZ0TDPKGB1RG2.pcat_01KE1PPJ1A6YN04Y6MS9X0RRRT",True,False,4,"pcat_01KE1PPGT7NYPQZ0TDPKGB1RG2","2026-01-03 10:33:24.778+00","2026-01-03 10:33:24.778+00",NULL,"{""original_id"": ""172840"", ""original_path"": ""Electronics > Accessories & Supplies > Camera & Photo Accessories > Blank Video Media"", ""original_level"": 3}"
"pcat_01KE1PPJ378DPF2VWTHTF1RFQ1","Hi-8","","hi-8","pcat_01KE1PPB81J41E4DHBVBSK81D1.pcat_01KE1PPBAB99K7X0G0J686QQYP.pcat_01KE1PPGT7NYPQZ0TDPKGB1RG2.pcat_01KE1PPJ1A6YN04Y6MS9X0RRRT.pcat_01KE1PPJ378DPF2VWTHTF1RFQ1",True,False,0,"pcat_01KE1PPJ1A6YN04Y6MS9X0RRRT","2026-01-03 10:33:24.839+00","2026-01-03 10:33:24.839+00",NULL,"{""original_id"": ""172845"", ""original_path"": ""Electronics > Accessories & Supplies > Camera & Photo Accessories > Blank Video Media > Hi-8"", ""original_level"": 4}"
"pcat_01KE1PPJ54KJ8KJVNR9114YQC2","MiniDV","","minidv","pcat_01KE1PPB81J41E4DHBVBSK81D1.pcat_01KE1PPBAB99K7X0G0J686QQYP.pcat_01KE1PPGT7NYPQZ0TDPKGB1RG2.pcat_01KE1PPJ1A6YN04Y6MS9X0RRRT.pcat_01KE1PPJ54KJ8KJVNR9114YQC2",True,False,1,"pcat_01KE1PPJ1A6YN04Y6MS9X0RRRT","2026-01-03 10:33:24.9+00","2026-01-03 10:33:24.9+00",NULL,"{""original_id"": ""3345901"", ""original_path"": ""Electronics > Accessories & Supplies > Camera & Photo Accessories > Blank Video Media > MiniDV"", ""original_level"": 4}"
"pcat_01KE1PPJ73EE0EKP6HMYBVE83J","VHS","","vhs","pcat_01KE1PPB81J41E4DHBVBSK81D1.pcat_01KE1PPBAB99K7X0G0J686QQYP.pcat_01KE1PPGT7NYPQZ0TDPKGB1RG2.pcat_01KE1PPJ1A6YN04Y6MS9X0RRRT.pcat_01KE1PPJ73EE0EKP6HMYBVE83J",True,False,2,"pcat_01KE1PPJ1A6YN04Y6MS9X0RRRT","2026-01-03 10:33:24.964+00","2026-01-03 10:33:24.964+00",NULL,"{""original_id"": ""172848"", ""original_path"": ""Electronics > Accessories & Supplies > Camera & Photo Accessories > Blank Video Media > VHS"", ""original_level"": 4}"
"pcat_01KE1PPJ8ZQGY6KRHZZ3DCSXCJ","VHS-C","","vhs-c","pcat_01KE1PPB81J41E4DHBVBSK81D1.pcat_01KE1PPBAB99K7X0G0J686QQYP.pcat_01KE1PPGT7NYPQZ0TDPKGB1RG2.pcat_01KE1PPJ1A6YN04Y6MS9X0RRRT.pcat_01KE1PPJ8ZQGY6KRHZZ3DCSXCJ",True,False,3,"pcat_01KE1PPJ1A6YN04Y6MS9X0RRRT","2026-01-03 10:33:25.023+00","2026-01-03 10:33:25.023+00",NULL,"{""original_id"": ""172849"", ""original_path"": ""Electronics > Accessories & Supplies > Camera & Photo Accessories > Blank Video Media > VHS-C"", ""original_level"": 4}"
"pcat_01KE1PPJAV3Z9SZZG8YMJBR6EF","Cleaning Equipment","","cleaning-equipment","pcat_01KE1PPB81J41E4DHBVBSK81D1.pcat_01KE1PPBAB99K7X0G0J686QQYP.pcat_01KE1PPGT7NYPQZ0TDPKGB1RG2.pcat_01KE1PPJAV3Z9SZZG8YMJBR6EF",True,False,5,"pcat_01KE1PPGT7NYPQZ0TDPKGB1RG2","2026-01-03 10:33:25.084+00","2026-01-03 10:33:25.084+00",NULL,"{""original_id"": ""172426"", ""original_path"": ""Electronics > Accessories & Supplies > Camera & Photo Accessories > Cleaning Equipment"", ""original_level"": 3}"
"pcat_01KE1PPJD6VFQDMKQGYT9KJY61","Brushes","","brushes","pcat_01KE1PPB81J41E4DHBVBSK81D1.pcat_01KE1PPBAB99K7X0G0J686QQYP.pcat_01KE1PPGT7NYPQZ0TDPKGB1RG2.pcat_01KE1PPJAV3Z9SZZG8YMJBR6EF.pcat_01KE1PPJD6VFQDMKQGYT9KJY61",True,False,0,"pcat_01KE1PPJAV3Z9SZZG8YMJBR6EF","2026-01-03 10:33:25.158+00","2026-01-03 10:33:25.158+00",NULL,"{""original_id"": ""3346291"", ""original_path"": ""Electronics > Accessories & Supplies > Camera & Photo Accessories > Cleaning Equipment > Brushes"", ""original_level"": 4}"
"pcat_01KE1PPJFFGWRAT168TY286WQB","Cleaning Kits","","cleaning-kits","pcat_01KE1PPB81J41E4DHBVBSK81D1.pcat_01KE1PPBAB99K7X0G0J686QQYP.pcat_01KE1PPGT7NYPQZ0TDPKGB1RG2.pcat_01KE1PPJAV3Z9SZZG8YMJBR6EF.pcat_01KE1PPJFFGWRAT168TY286WQB",True,False,1,"pcat_01KE1PPJAV3Z9SZZG8YMJBR6EF","2026-01-03 10:33:25.232+00","2026-01-03 10:33:25.232+00",NULL,"{""original_id"": ""3346311"", ""original_path"": ""Electronics > Accessories & Supplies > Camera & Photo Accessories > Cleaning Equipment > Cleaning Kits"", ""original_level"": 4}"
"pcat_01KE1PPJHTSKV27DW3QFRFYPTZ","Cloths","","cloths","pcat_01KE1PPB81J41E4DHBVBSK81D1.pcat_01KE1PPBAB99K7X0G0J686QQYP.pcat_01KE1PPGT7NYPQZ0TDPKGB1RG2.pcat_01KE1PPJAV3Z9SZZG8YMJBR6EF.pcat_01KE1PPJHTSKV27DW3QFRFYPTZ",True,False,2,"pcat_01KE1PPJAV3Z9SZZG8YMJBR6EF","2026-01-03 10:33:25.307+00","2026-01-03 10:33:25.307+00",NULL,"{""original_id"": ""3346301"", ""original_path"": ""Electronics > Camera & Photo > Accessories > Cleaning Equipment > Cloths"", ""original_level"": 4}"
"pcat_01KE1PPJM3ANCTABBXQ83K770R","Compressed Air","","compressed-air","pcat_01KE1PPB81J41E4DHBVBSK81D1.pcat_01KE1PPBAB99K7X0G0J686QQYP.pcat_01KE1PPGT7NYPQZ0TDPKGB1RG2.pcat_01KE1PPJAV3Z9SZZG8YMJBR6EF.pcat_01KE1PPJM3ANCTABBXQ83K770R",True,False,3,"pcat_01KE1PPJAV3Z9SZZG8YMJBR6EF","2026-01-03 10:33:25.379+00","2026-01-03 10:33:25.379+00",NULL,"{""original_id"": ""3346321"", ""original_path"": ""Electronics > Accessories & Supplies > Camera & Photo Accessories > Cleaning Equipment > Compressed Air"", ""original_level"": 4}"
"pcat_01KE1PPJP7RAT2GDJX4PKKZV9B","Liquid Cleaners","","liquid-cleaners","pcat_01KE1PPB81J41E4DHBVBSK81D1.pcat_01KE1PPBAB99K7X0G0J686QQYP.pcat_01KE1PPGT7NYPQZ0TDPKGB1RG2.pcat_01KE1PPJAV3Z9SZZG8YMJBR6EF.pcat_01KE1PPJP7RAT2GDJX4PKKZV9B",True,False,4,"pcat_01KE1PPJAV3Z9SZZG8YMJBR6EF","2026-01-03 10:33:25.447+00","2026-01-03 10:33:25.447+00",NULL,"{""original_id"": ""3346331"", ""original_path"": ""Electronics > Accessories & Supplies > Camera & Photo Accessories > Cleaning Equipment > Liquid Cleaners"", ""original_level"": 4}"
"pcat_01KE1PPJRAKDGVF2B7SK2TNV54","Darkroom Supplies","","darkroom-supplies","pcat_01KE1PPB81J41E4DHBVBSK81D1.pcat_01KE1PPBAB99K7X0G0J686QQYP.pcat_01KE1PPGT7NYPQZ0TDPKGB1RG2.pcat_01KE1PPJRAKDGVF2B7SK2TNV54",True,False,6,"pcat_01KE1PPGT7NYPQZ0TDPKGB1RG2","2026-01-03 10:33:25.514+00","2026-01-03 10:33:25.514+00",NULL,"{""original_id"": ""3348501"", ""original_path"": ""Electronics > Accessories & Supplies > Camera & Photo Accessories > Darkroom Supplies"", ""original_level"": 3}"
"pcat_01KE1PPJT8ZJGTMESVGBQ2GAXN","Chemicals","","chemicals","pcat_01KE1PPB81J41E4DHBVBSK81D1.pcat_01KE1PPBAB99K7X0G0J686QQYP.pcat_01KE1PPGT7NYPQZ0TDPKGB1RG2.pcat_01KE1PPJRAKDGVF2B7SK2TNV54.pcat_01KE1PPJT8ZJGTMESVGBQ2GAXN",True,False,0,"pcat_01KE1PPJRAKDGVF2B7SK2TNV54","2026-01-03 10:33:25.576+00","2026-01-03 10:33:25.576+00",NULL,"{""original_id"": ""3348511"", ""original_path"": ""Electronics > Accessories & Supplies > Camera & Photo Accessories > Darkroom Supplies > Chemicals"", ""original_level"": 4}"
"pcat_01KE1PPJW5AMEDH46694BCSAEG","Enlarger Accessories","","enlarger-accessories","pcat_01KE1PPB81J41E4DHBVBSK81D1.pcat_01KE1PPBAB99K7X0G0J686QQYP.pcat_01KE1PPGT7NYPQZ0TDPKGB1RG2.pcat_01KE1PPJRAKDGVF2B7SK2TNV54.pcat_01KE1PPJW5AMEDH46694BCSAEG",True,False,1,"pcat_01KE1PPJRAKDGVF2B7SK2TNV54","2026-01-03 10:33:25.638+00","2026-01-03 10:33:25.638+00",NULL,"{""original_id"": ""3348651"", ""original_path"": ""Electronics > Accessories & Supplies > Camera & Photo Accessories > Darkroom Supplies > Enlarger Accessories"", ""original_level"": 4}"
"pcat_01KE1PPJY85KEED13CXPM318G2","Enlargers","","enlargers","pcat_01KE1PPB81J41E4DHBVBSK81D1.pcat_01KE1PPBAB99K7X0G0J686QQYP.pcat_01KE1PPGT7NYPQZ0TDPKGB1RG2.pcat_01KE1PPJRAKDGVF2B7SK2TNV54.pcat_01KE1PPJY85KEED13CXPM318G2",True,False,2,"pcat_01KE1PPJRAKDGVF2B7SK2TNV54","2026-01-03 10:33:25.705+00","2026-01-03 10:33:25.705+00",NULL,"{""original_id"": ""3348661"", ""original_path"": ""Electronics > Accessories & Supplies > Camera & Photo Accessories > Darkroom Supplies > Enlargers"", ""original_level"": 4}"
"pcat_01KE1PPK0C0PSHR2FKKCNC0J1G","Film Processing Equipment","","film-processing-equipment","pcat_01KE1PPB81J41E4DHBVBSK81D1.pcat_01KE1PPBAB99K7X0G0J686QQYP.pcat_01KE1PPGT7NYPQZ0TDPKGB1RG2.pcat_01KE1PPJRAKDGVF2B7SK2TNV54.pcat_01KE1PPK0C0PSHR2FKKCNC0J1G",True,False,3,"pcat_01KE1PPJRAKDGVF2B7SK2TNV54","2026-01-03 10:33:25.772+00","2026-01-03 10:33:25.772+00",NULL,"{""original_id"": ""3348931"", ""original_path"": ""Electronics > Accessories & Supplies > Camera & Photo Accessories > Darkroom Supplies > Film Processing Equipment"", ""original_level"": 4}"
"pcat_01KE1PPK24KPN46KM3Z72390PG","Light Boxes & Loupes","","light-boxes-loupes","pcat_01KE1PPB81J41E4DHBVBSK81D1.pcat_01KE1PPBAB99K7X0G0J686QQYP.pcat_01KE1PPGT7NYPQZ0TDPKGB1RG2.pcat_01KE1PPJRAKDGVF2B7SK2TNV54.pcat_01KE1PPK24KPN46KM3Z72390PG",True,False,4,"pcat_01KE1PPJRAKDGVF2B7SK2TNV54","2026-01-03 10:33:25.828+00","2026-01-03 10:33:25.828+00",NULL,"{""original_id"": ""3349701"", ""original_path"": ""Electronics > Accessories & Supplies > Camera & Photo Accessories > Darkroom Supplies > Light Boxes & Loupes"", ""original_level"": 4}"
"pcat_01KE1PPK4QMM8GJYGTMSCKHPZG","Light Boxes","","light-boxes","pcat_01KE1PPB81J41E4DHBVBSK81D1.pcat_01KE1PPBAB99K7X0G0J686QQYP.pcat_01KE1PPGT7NYPQZ0TDPKGB1RG2.pcat_01KE1PPJRAKDGVF2B7SK2TNV54.pcat_01KE1PPK24KPN46KM3Z72390PG.pcat_01KE1PPK4QMM8GJYGTMSCKHPZG",True,False,0,"pcat_01KE1PPK24KPN46KM3Z72390PG","2026-01-03 10:33:25.911+00","2026-01-03 10:33:25.911+00",NULL,"{""original_id"": ""12896801"", ""original_path"": ""Electronics > Accessories & Supplies > Camera & Photo Accessories > Darkroom Supplies > Light Boxes & Loupes > Light Boxes"", ""original_level"": 0}"
"pcat_01KE1PPK6YZPAJDJRWV2WW4756","Loupes","","loupes","pcat_01KE1PPB81J41E4DHBVBSK81D1.pcat_01KE1PPBAB99K7X0G0J686QQYP.pcat_01KE1PPGT7NYPQZ0TDPKGB1RG2.pcat_01KE1PPJRAKDGVF2B7SK2TNV54.pcat_01KE1PPK24KPN46KM3Z72390PG.pcat_01KE1PPK6YZPAJDJRWV2WW4756",True,False,1,"pcat_01KE1PPK24KPN46KM3Z72390PG","2026-01-03 10:33:25.982+00","2026-01-03 10:33:25.982+00",NULL,"{""original_id"": ""680699011"", ""original_path"": ""Electronics > Accessories & Supplies > Camera & Photo Accessories > Darkroom Supplies > Light Boxes & Loupes > Loupes"", ""original_level"": 0}"
"pcat_01KE1PPN4YHDCZEQE97FCJPTE0","Flash Accessories","","flash-accessories","pcat_01KE1PPB81J41E4DHBVBSK81D1.pcat_01KE1PPBAB99K7X0G0J686QQYP.pcat_01KE1PPGT7NYPQZ0TDPKGB1RG2.pcat_01KE1PPN4YHDCZEQE97FCJPTE0",True,False,10,"pcat_01KE1PPGT7NYPQZ0TDPKGB1RG2","2026-01-03 10:33:27.966+00","2026-01-03 10:33:27.966+00",NULL,"{""original_id"": ""3346401"", ""original_path"": ""Electronics > Accessories & Supplies > Camera & Photo Accessories > Flash Accessories"", ""original_level"": 3}"
"pcat_01KE1PPY8BJ7DBSGZJWBC7TAED","VGA Cables","","vga-cables","pcat_01KE1PPB81J41E4DHBVBSK81D1.pcat_01KE1PPBAB99K7X0G0J686QQYP.pcat_01KE1PPVM97MY0BBVK3Y2GJDZS.pcat_01KE1PPX58FWFRFRFVNFXF89ES.pcat_01KE1PPY8BJ7DBSGZJWBC7TAED",True,False,12,"pcat_01KE1PPX58FWFRFRFVNFXF89ES","2026-01-03 10:33:37.291+00","2026-01-03 10:33:37.291+00",NULL,"{""original_id"": ""15782091"", ""original_path"": ""Electronics > Accessories & Supplies > Computer Accessories > Cables & Interconnects > VGA Cables"", ""original_level"": 4}"
"pcat_01KE1PPK8ZTD65AC4HTN051TWV","Photo Enlarging Paper","","photo-enlarging-paper","pcat_01KE1PPB81J41E4DHBVBSK81D1.pcat_01KE1PPBAB99K7X0G0J686QQYP.pcat_01KE1PPGT7NYPQZ0TDPKGB1RG2.pcat_01KE1PPJRAKDGVF2B7SK2TNV54.pcat_01KE1PPK8ZTD65AC4HTN051TWV",True,False,5,"pcat_01KE1PPJRAKDGVF2B7SK2TNV54","2026-01-03 10:33:26.047+00","2026-01-03 10:33:26.047+00",NULL,"{""original_id"": ""3349231"", ""original_path"": ""Electronics > Accessories & Supplies > Camera & Photo Accessories > Darkroom Supplies > Photo Enlarging Paper"", ""original_level"": 4}"
"pcat_01KE1PPKB447B5AGVW6H316A3V","Safelights","","safelights","pcat_01KE1PPB81J41E4DHBVBSK81D1.pcat_01KE1PPBAB99K7X0G0J686QQYP.pcat_01KE1PPGT7NYPQZ0TDPKGB1RG2.pcat_01KE1PPJRAKDGVF2B7SK2TNV54.pcat_01KE1PPKB447B5AGVW6H316A3V",True,False,6,"pcat_01KE1PPJRAKDGVF2B7SK2TNV54","2026-01-03 10:33:26.117+00","2026-01-03 10:33:26.117+00",NULL,"{""original_id"": ""3348791"", ""original_path"": ""Electronics > Accessories & Supplies > Camera & Photo Accessories > Darkroom Supplies > Safelights"", ""original_level"": 4}"
"pcat_01KE1PPKD1P5VNSD46KAXGJGD4","Digital Camera Accessories","","digital-camera-accessories","pcat_01KE1PPB81J41E4DHBVBSK81D1.pcat_01KE1PPBAB99K7X0G0J686QQYP.pcat_01KE1PPGT7NYPQZ0TDPKGB1RG2.pcat_01KE1PPKD1P5VNSD46KAXGJGD4",True,False,7,"pcat_01KE1PPGT7NYPQZ0TDPKGB1RG2","2026-01-03 10:33:26.177+00","2026-01-03 10:33:26.177+00",NULL,"{""original_id"": ""505110"", ""original_path"": ""Electronics > Accessories & Supplies > Camera & Photo Accessories > Digital Camera Accessories"", ""original_level"": 3}"
"pcat_01KE1PPKF0SRVM9WKW4T1C5731","Accessory Kits","","accessory-kits","pcat_01KE1PPB81J41E4DHBVBSK81D1.pcat_01KE1PPBAB99K7X0G0J686QQYP.pcat_01KE1PPGT7NYPQZ0TDPKGB1RG2.pcat_01KE1PPKD1P5VNSD46KAXGJGD4.pcat_01KE1PPKF0SRVM9WKW4T1C5731",True,False,0,"pcat_01KE1PPKD1P5VNSD46KAXGJGD4","2026-01-03 10:33:26.24+00","2026-01-03 10:33:26.24+00",NULL,"{""original_id"": ""1260444011"", ""original_path"": ""Electronics > Accessories & Supplies > Camera & Photo Accessories > Digital Camera Accessories > Accessory Kits"", ""original_level"": 4}"
"pcat_01KE1PPKGY9TZCKQ7VC50NV3SP","Battery Grips","","battery-grips","pcat_01KE1PPB81J41E4DHBVBSK81D1.pcat_01KE1PPBAB99K7X0G0J686QQYP.pcat_01KE1PPGT7NYPQZ0TDPKGB1RG2.pcat_01KE1PPKD1P5VNSD46KAXGJGD4.pcat_01KE1PPKGY9TZCKQ7VC50NV3SP",True,False,1,"pcat_01KE1PPKD1P5VNSD46KAXGJGD4","2026-01-03 10:33:26.302+00","2026-01-03 10:33:26.302+00",NULL,"{""original_id"": ""3109896011"", ""original_path"": ""Electronics > Accessories & Supplies > Camera & Photo Accessories > Digital Camera Accessories > Battery Grips"", ""original_level"": 4}"
"pcat_01KE1PPKJV5TDTZDBA94JESDF8","Docking Stations","","docking-stations","pcat_01KE1PPB81J41E4DHBVBSK81D1.pcat_01KE1PPBAB99K7X0G0J686QQYP.pcat_01KE1PPGT7NYPQZ0TDPKGB1RG2.pcat_01KE1PPKD1P5VNSD46KAXGJGD4.pcat_01KE1PPKJV5TDTZDBA94JESDF8",True,False,2,"pcat_01KE1PPKD1P5VNSD46KAXGJGD4","2026-01-03 10:33:26.363+00","2026-01-03 10:33:26.363+00",NULL,"{""original_id"": ""12945421"", ""original_path"": ""Electronics > Accessories & Supplies > Camera & Photo Accessories > Digital Camera Accessories > Docking Stations"", ""original_level"": 4}"
"pcat_01KE1PPKMZDC9GCV2N0ZVQSGFK","Memory Cards","","memory-cards","pcat_01KE1PPB81J41E4DHBVBSK81D1.pcat_01KE1PPBAB99K7X0G0J686QQYP.pcat_01KE1PPGT7NYPQZ0TDPKGB1RG2.pcat_01KE1PPKD1P5VNSD46KAXGJGD4.pcat_01KE1PPKMZDC9GCV2N0ZVQSGFK",True,False,3,"pcat_01KE1PPKD1P5VNSD46KAXGJGD4","2026-01-03 10:33:26.431+00","2026-01-03 10:33:26.431+00",NULL,"{""original_id"": ""516866"", ""original_path"": ""Electronics > Accessories & Supplies > Camera & Photo Accessories > Digital Camera Accessories > Memory Cards"", ""original_level"": 4}"
"pcat_01KE1PPKQ8N73R5TAENBF4VQ5W","CompactFlash Cards","","compactflash-cards","pcat_01KE1PPB81J41E4DHBVBSK81D1.pcat_01KE1PPBAB99K7X0G0J686QQYP.pcat_01KE1PPGT7NYPQZ0TDPKGB1RG2.pcat_01KE1PPKD1P5VNSD46KAXGJGD4.pcat_01KE1PPKMZDC9GCV2N0ZVQSGFK.pcat_01KE1PPKQ8N73R5TAENBF4VQ5W",True,False,0,"pcat_01KE1PPKMZDC9GCV2N0ZVQSGFK","2026-01-03 10:33:26.505+00","2026-01-03 10:33:26.505+00",NULL,"{""original_id"": ""1197392"", ""original_path"": ""Electronics > Accessories & Supplies > Computer Accessories > Memory Cards > CompactFlash Cards"", ""original_level"": 0}"
"pcat_01KE1PPKSFXWDYTKM2E8T3QSSZ","Memory Stick Cards","","memory-stick-cards","pcat_01KE1PPB81J41E4DHBVBSK81D1.pcat_01KE1PPBAB99K7X0G0J686QQYP.pcat_01KE1PPGT7NYPQZ0TDPKGB1RG2.pcat_01KE1PPKD1P5VNSD46KAXGJGD4.pcat_01KE1PPKMZDC9GCV2N0ZVQSGFK.pcat_01KE1PPKSFXWDYTKM2E8T3QSSZ",True,False,1,"pcat_01KE1PPKMZDC9GCV2N0ZVQSGFK","2026-01-03 10:33:26.575+00","2026-01-03 10:33:26.575+00",NULL,"{""original_id"": ""1197394"", ""original_path"": ""Electronics > Accessories & Supplies > Camera & Photo Accessories > Digital Camera Accessories > Memory Cards > Memory Stick Cards"", ""original_level"": 0}"
"pcat_01KE1PPKVFPSRXSSWV4F6ZRR74","Micro SD Cards","","micro-sd-cards","pcat_01KE1PPB81J41E4DHBVBSK81D1.pcat_01KE1PPBAB99K7X0G0J686QQYP.pcat_01KE1PPGT7NYPQZ0TDPKGB1RG2.pcat_01KE1PPKD1P5VNSD46KAXGJGD4.pcat_01KE1PPKMZDC9GCV2N0ZVQSGFK.pcat_01KE1PPKVFPSRXSSWV4F6ZRR74",True,False,2,"pcat_01KE1PPKMZDC9GCV2N0ZVQSGFK","2026-01-03 10:33:26.639+00","2026-01-03 10:33:26.64+00",NULL,"{""original_id"": ""3015433011"", ""original_path"": ""Electronics > Accessories & Supplies > Camera & Photo Accessories > Digital Camera Accessories > Memory Cards > Micro SD Cards"", ""original_level"": 0}"
"pcat_01KE1PPKX9X5TT7C63EQJXK91S","SD Cards","","sd-cards","pcat_01KE1PPB81J41E4DHBVBSK81D1.pcat_01KE1PPBAB99K7X0G0J686QQYP.pcat_01KE1PPGT7NYPQZ0TDPKGB1RG2.pcat_01KE1PPKD1P5VNSD46KAXGJGD4.pcat_01KE1PPKMZDC9GCV2N0ZVQSGFK.pcat_01KE1PPKX9X5TT7C63EQJXK91S",True,False,3,"pcat_01KE1PPKMZDC9GCV2N0ZVQSGFK","2026-01-03 10:33:26.697+00","2026-01-03 10:33:26.697+00",NULL,"{""original_id"": ""1197396"", ""original_path"": ""Electronics > Accessories & Supplies > Camera & Photo Accessories > Digital Camera Accessories > Memory Cards > SD Cards"", ""original_level"": 0}"
"pcat_01KE1PPKZAEVGFDFZHJ06FNBAW","SmartMedia Cards","","smartmedia-cards","pcat_01KE1PPB81J41E4DHBVBSK81D1.pcat_01KE1PPBAB99K7X0G0J686QQYP.pcat_01KE1PPGT7NYPQZ0TDPKGB1RG2.pcat_01KE1PPKD1P5VNSD46KAXGJGD4.pcat_01KE1PPKMZDC9GCV2N0ZVQSGFK.pcat_01KE1PPKZAEVGFDFZHJ06FNBAW",True,False,4,"pcat_01KE1PPKMZDC9GCV2N0ZVQSGFK","2026-01-03 10:33:26.762+00","2026-01-03 10:33:26.762+00",NULL,"{""original_id"": ""1197400"", ""original_path"": ""Electronics > Accessories & Supplies > Camera & Photo Accessories > Digital Camera Accessories > Memory Cards > SmartMedia Cards"", ""original_level"": 0}"
"pcat_01KE1PPM1F9A4M67YVNXR1VF8Q","xD-Picture Cards","","xd-picture-cards","pcat_01KE1PPB81J41E4DHBVBSK81D1.pcat_01KE1PPBAB99K7X0G0J686QQYP.pcat_01KE1PPGT7NYPQZ0TDPKGB1RG2.pcat_01KE1PPKD1P5VNSD46KAXGJGD4.pcat_01KE1PPKMZDC9GCV2N0ZVQSGFK.pcat_01KE1PPM1F9A4M67YVNXR1VF8Q",True,False,5,"pcat_01KE1PPKMZDC9GCV2N0ZVQSGFK","2026-01-03 10:33:26.831+00","2026-01-03 10:33:26.831+00",NULL,"{""original_id"": ""15874191"", ""original_path"": ""Electronics > Accessories & Supplies > Camera & Photo Accessories > Digital Camera Accessories > Memory Cards > xD-Picture Cards"", ""original_level"": 0}"
"pcat_01KE1PPM3EWRN9SG6VX2KJ5GQJ","Screen Protector Foils","","screen-protector-foils","pcat_01KE1PPB81J41E4DHBVBSK81D1.pcat_01KE1PPBAB99K7X0G0J686QQYP.pcat_01KE1PPGT7NYPQZ0TDPKGB1RG2.pcat_01KE1PPKD1P5VNSD46KAXGJGD4.pcat_01KE1PPM3EWRN9SG6VX2KJ5GQJ",True,False,4,"pcat_01KE1PPKD1P5VNSD46KAXGJGD4","2026-01-03 10:33:26.894+00","2026-01-03 10:33:26.894+00",NULL,"{""original_id"": ""3109897011"", ""original_path"": ""Electronics > Accessories & Supplies > Camera & Photo Accessories > Digital Camera Accessories > Screen Protector Foils"", ""original_level"": 4}"
"pcat_01KE1PPM5BTGTMQ860EV9Y97QC","Shutter Release Cords","","shutter-release-cords","pcat_01KE1PPB81J41E4DHBVBSK81D1.pcat_01KE1PPBAB99K7X0G0J686QQYP.pcat_01KE1PPGT7NYPQZ0TDPKGB1RG2.pcat_01KE1PPKD1P5VNSD46KAXGJGD4.pcat_01KE1PPM5BTGTMQ860EV9Y97QC",True,False,5,"pcat_01KE1PPKD1P5VNSD46KAXGJGD4","2026-01-03 10:33:26.955+00","2026-01-03 10:33:26.955+00",NULL,"{""original_id"": ""3109898011"", ""original_path"": ""Electronics > Accessories & Supplies > Camera & Photo Accessories > Digital Camera Accessories > Shutter Release Cords"", ""original_level"": 4}"
"pcat_01KE1PPM7E3VC16PKAR5DJKDXQ","Digital Picture Frame Screen Protector Foils","","digital-picture-frame-screen-protector-foils","pcat_01KE1PPB81J41E4DHBVBSK81D1.pcat_01KE1PPBAB99K7X0G0J686QQYP.pcat_01KE1PPGT7NYPQZ0TDPKGB1RG2.pcat_01KE1PPM7E3VC16PKAR5DJKDXQ",True,False,8,"pcat_01KE1PPGT7NYPQZ0TDPKGB1RG2","2026-01-03 10:33:27.022+00","2026-01-03 10:33:27.022+00",NULL,"{""original_id"": ""3109899011"", ""original_path"": ""Electronics > Accessories & Supplies > Camera & Photo Accessories > Digital Picture Frame Screen Protector Foils"", ""original_level"": 3}"
"pcat_01KE1PPM9A3RX4VHVFH2ZRCW4V","Filters & Accessories","","filters-accessories","pcat_01KE1PPB81J41E4DHBVBSK81D1.pcat_01KE1PPBAB99K7X0G0J686QQYP.pcat_01KE1PPGT7NYPQZ0TDPKGB1RG2.pcat_01KE1PPM9A3RX4VHVFH2ZRCW4V",True,False,9,"pcat_01KE1PPGT7NYPQZ0TDPKGB1RG2","2026-01-03 10:33:27.082+00","2026-01-03 10:33:27.082+00",NULL,"{""original_id"": ""499262"", ""original_path"": ""Electronics > Accessories & Supplies > Camera & Photo Accessories > Filters & Accessories"", ""original_level"": 3}"
"pcat_01KE1PPMBFYPMBQPQWRV4QKY4X","Black & White Contrast Filters","","black-white-contrast-filters","pcat_01KE1PPB81J41E4DHBVBSK81D1.pcat_01KE1PPBAB99K7X0G0J686QQYP.pcat_01KE1PPGT7NYPQZ0TDPKGB1RG2.pcat_01KE1PPM9A3RX4VHVFH2ZRCW4V.pcat_01KE1PPMBFYPMBQPQWRV4QKY4X",True,False,0,"pcat_01KE1PPM9A3RX4VHVFH2ZRCW4V","2026-01-03 10:33:27.151+00","2026-01-03 10:33:27.151+00",NULL,"{""original_id"": ""3109900011"", ""original_path"": ""Electronics > Accessories & Supplies > Camera & Photo Accessories > Filters & Accessories > Black & White Contrast Filters"", ""original_level"": 4}"
"pcat_01KE1PPMDHBSKVRP4NGRBCEED0","Color Correction & Compensation Filters","","color-correction-compensation-filters","pcat_01KE1PPB81J41E4DHBVBSK81D1.pcat_01KE1PPBAB99K7X0G0J686QQYP.pcat_01KE1PPGT7NYPQZ0TDPKGB1RG2.pcat_01KE1PPM9A3RX4VHVFH2ZRCW4V.pcat_01KE1PPMDHBSKVRP4NGRBCEED0",True,False,1,"pcat_01KE1PPM9A3RX4VHVFH2ZRCW4V","2026-01-03 10:33:27.217+00","2026-01-03 10:33:27.217+00",NULL,"{""original_id"": ""3109901011"", ""original_path"": ""Electronics > Accessories & Supplies > Camera & Photo Accessories > Filters & Accessories > Color Correction & Compensation Filters"", ""original_level"": 4}"
"pcat_01KE1PPMGASJTXH4B61E2B37X6","Effects Filters","","effects-filters","pcat_01KE1PPB81J41E4DHBVBSK81D1.pcat_01KE1PPBAB99K7X0G0J686QQYP.pcat_01KE1PPGT7NYPQZ0TDPKGB1RG2.pcat_01KE1PPM9A3RX4VHVFH2ZRCW4V.pcat_01KE1PPMGASJTXH4B61E2B37X6",True,False,2,"pcat_01KE1PPM9A3RX4VHVFH2ZRCW4V","2026-01-03 10:33:27.306+00","2026-01-03 10:33:27.306+00",NULL,"{""original_id"": ""3109902011"", ""original_path"": ""Electronics > Accessories & Supplies > Camera & Photo Accessories > Filters & Accessories > Effects Filters"", ""original_level"": 4}"
"pcat_01KE1PPMJF489XWGZBPPY1JD78","Filter Accessories","","filter-accessories","pcat_01KE1PPB81J41E4DHBVBSK81D1.pcat_01KE1PPBAB99K7X0G0J686QQYP.pcat_01KE1PPGT7NYPQZ0TDPKGB1RG2.pcat_01KE1PPM9A3RX4VHVFH2ZRCW4V.pcat_01KE1PPMJF489XWGZBPPY1JD78",True,False,3,"pcat_01KE1PPM9A3RX4VHVFH2ZRCW4V","2026-01-03 10:33:27.375+00","2026-01-03 10:33:27.375+00",NULL,"{""original_id"": ""14015121"", ""original_path"": ""Electronics > Accessories & Supplies > Camera & Photo Accessories > Filters & Accessories > Filter Accessories"", ""original_level"": 4}"
"pcat_01KE1PPVM97MY0BBVK3Y2GJDZS","Computer Accessories","","computer-accessories","pcat_01KE1PPB81J41E4DHBVBSK81D1.pcat_01KE1PPBAB99K7X0G0J686QQYP.pcat_01KE1PPVM97MY0BBVK3Y2GJDZS",True,False,5,"pcat_01KE1PPBAB99K7X0G0J686QQYP","2026-01-03 10:33:34.601+00","2026-01-03 10:33:34.601+00",NULL,"{""original_id"": ""172456"", ""original_path"": ""Electronics > Accessories & Supplies > Computer Accessories"", ""original_level"": 2}"
"pcat_01KE1PPMMF8BPHNJX2PSSB9RHZ","Step-Down Rings","","step-down-rings","pcat_01KE1PPB81J41E4DHBVBSK81D1.pcat_01KE1PPBAB99K7X0G0J686QQYP.pcat_01KE1PPGT7NYPQZ0TDPKGB1RG2.pcat_01KE1PPM9A3RX4VHVFH2ZRCW4V.pcat_01KE1PPMJF489XWGZBPPY1JD78.pcat_01KE1PPMMF8BPHNJX2PSSB9RHZ",True,False,0,"pcat_01KE1PPMJF489XWGZBPPY1JD78","2026-01-03 10:33:27.439+00","2026-01-03 10:33:27.439+00",NULL,"{""original_id"": ""14015181"", ""original_path"": ""Electronics > Accessories & Supplies > Camera & Photo Accessories > Filters & Accessories > Filter Accessories > Step-Down Rings"", ""original_level"": 0}"
"pcat_01KE1PPMPNNWY1DQ9RCR47K6WT","Step-Up Rings","","step-up-rings","pcat_01KE1PPB81J41E4DHBVBSK81D1.pcat_01KE1PPBAB99K7X0G0J686QQYP.pcat_01KE1PPGT7NYPQZ0TDPKGB1RG2.pcat_01KE1PPM9A3RX4VHVFH2ZRCW4V.pcat_01KE1PPMJF489XWGZBPPY1JD78.pcat_01KE1PPMPNNWY1DQ9RCR47K6WT",True,False,1,"pcat_01KE1PPMJF489XWGZBPPY1JD78","2026-01-03 10:33:27.509+00","2026-01-03 10:33:27.509+00",NULL,"{""original_id"": ""14015191"", ""original_path"": ""Electronics > Accessories & Supplies > Camera & Photo Accessories > Filters & Accessories > Filter Accessories > Step-Up Rings"", ""original_level"": 0}"
"pcat_01KE1PPMRW1NQDN5H0KW5K3RKE","Filter Sets","","filter-sets","pcat_01KE1PPB81J41E4DHBVBSK81D1.pcat_01KE1PPBAB99K7X0G0J686QQYP.pcat_01KE1PPGT7NYPQZ0TDPKGB1RG2.pcat_01KE1PPM9A3RX4VHVFH2ZRCW4V.pcat_01KE1PPMRW1NQDN5H0KW5K3RKE",True,False,4,"pcat_01KE1PPM9A3RX4VHVFH2ZRCW4V","2026-01-03 10:33:27.58+00","2026-01-03 10:33:27.58+00",NULL,"{""original_id"": ""3109903011"", ""original_path"": ""Electronics > Accessories & Supplies > Camera & Photo Accessories > Filters & Accessories > Filter Sets"", ""original_level"": 4}"
"pcat_01KE1PPMV4KNYMED3X197619P9","Graduated Color Filters","","graduated-color-filters","pcat_01KE1PPB81J41E4DHBVBSK81D1.pcat_01KE1PPBAB99K7X0G0J686QQYP.pcat_01KE1PPGT7NYPQZ0TDPKGB1RG2.pcat_01KE1PPM9A3RX4VHVFH2ZRCW4V.pcat_01KE1PPMV4KNYMED3X197619P9",True,False,5,"pcat_01KE1PPM9A3RX4VHVFH2ZRCW4V","2026-01-03 10:33:27.652+00","2026-01-03 10:33:27.652+00",NULL,"{""original_id"": ""3109904011"", ""original_path"": ""Electronics > Accessories & Supplies > Camera & Photo Accessories > Filters & Accessories > Graduated Color Filters"", ""original_level"": 4}"
"pcat_01KE1PPMX9WAGJWDNNMZDS594Y","Infrared Filters","","infrared-filters","pcat_01KE1PPB81J41E4DHBVBSK81D1.pcat_01KE1PPBAB99K7X0G0J686QQYP.pcat_01KE1PPGT7NYPQZ0TDPKGB1RG2.pcat_01KE1PPM9A3RX4VHVFH2ZRCW4V.pcat_01KE1PPMX9WAGJWDNNMZDS594Y",True,False,6,"pcat_01KE1PPM9A3RX4VHVFH2ZRCW4V","2026-01-03 10:33:27.721+00","2026-01-03 10:33:27.721+00",NULL,"{""original_id"": ""3109905011"", ""original_path"": ""Electronics > Accessories & Supplies > Camera & Photo Accessories > Filters & Accessories > Infrared Filters"", ""original_level"": 4}"
"pcat_01KE1PPMZD8FE0275DTYYZ45MG","Neutral Density Filters","","neutral-density-filters","pcat_01KE1PPB81J41E4DHBVBSK81D1.pcat_01KE1PPBAB99K7X0G0J686QQYP.pcat_01KE1PPGT7NYPQZ0TDPKGB1RG2.pcat_01KE1PPM9A3RX4VHVFH2ZRCW4V.pcat_01KE1PPMZD8FE0275DTYYZ45MG",True,False,7,"pcat_01KE1PPM9A3RX4VHVFH2ZRCW4V","2026-01-03 10:33:27.789+00","2026-01-03 10:33:27.789+00",NULL,"{""original_id"": ""3109906011"", ""original_path"": ""Electronics > Accessories & Supplies > Camera & Photo Accessories > Filters & Accessories > Neutral Density Filters"", ""original_level"": 4}"
"pcat_01KE1PPN152MTJVWD9Y5A0C8KP","Polarizing Filters","","polarizing-filters","pcat_01KE1PPB81J41E4DHBVBSK81D1.pcat_01KE1PPBAB99K7X0G0J686QQYP.pcat_01KE1PPGT7NYPQZ0TDPKGB1RG2.pcat_01KE1PPM9A3RX4VHVFH2ZRCW4V.pcat_01KE1PPN152MTJVWD9Y5A0C8KP",True,False,8,"pcat_01KE1PPM9A3RX4VHVFH2ZRCW4V","2026-01-03 10:33:27.845+00","2026-01-03 10:33:27.845+00",NULL,"{""original_id"": ""3109907011"", ""original_path"": ""Electronics > Accessories & Supplies > Camera & Photo Accessories > Filters & Accessories > Polarizing Filters"", ""original_level"": 4}"
"pcat_01KE1PPN33BSDS754W927AEDEX","Skylight & UV Filters","","skylight-uv-filters","pcat_01KE1PPB81J41E4DHBVBSK81D1.pcat_01KE1PPBAB99K7X0G0J686QQYP.pcat_01KE1PPGT7NYPQZ0TDPKGB1RG2.pcat_01KE1PPM9A3RX4VHVFH2ZRCW4V.pcat_01KE1PPN33BSDS754W927AEDEX",True,False,9,"pcat_01KE1PPM9A3RX4VHVFH2ZRCW4V","2026-01-03 10:33:27.907+00","2026-01-03 10:33:27.907+00",NULL,"{""original_id"": ""3109908011"", ""original_path"": ""Electronics > Accessories & Supplies > Camera & Photo Accessories > Filters & Accessories > Skylight & UV Filters"", ""original_level"": 4}"
"pcat_01KE1PPN78ZJRW0P5152JGYFFW","Adapter Rings","","adapter-rings","pcat_01KE1PPB81J41E4DHBVBSK81D1.pcat_01KE1PPBAB99K7X0G0J686QQYP.pcat_01KE1PPGT7NYPQZ0TDPKGB1RG2.pcat_01KE1PPN4YHDCZEQE97FCJPTE0.pcat_01KE1PPN78ZJRW0P5152JGYFFW",True,False,0,"pcat_01KE1PPN4YHDCZEQE97FCJPTE0","2026-01-03 10:33:28.04+00","2026-01-03 10:33:28.04+00",NULL,"{""original_id"": ""3346411"", ""original_path"": ""Electronics > Accessories & Supplies > Camera & Photo Accessories > Flash Accessories > Adapter Rings"", ""original_level"": 4}"
"pcat_01KE1PPN9FHXP90Z9PYR92CFSW","Battery Packs","","battery-packs","pcat_01KE1PPB81J41E4DHBVBSK81D1.pcat_01KE1PPBAB99K7X0G0J686QQYP.pcat_01KE1PPGT7NYPQZ0TDPKGB1RG2.pcat_01KE1PPN4YHDCZEQE97FCJPTE0.pcat_01KE1PPN9FHXP90Z9PYR92CFSW",True,False,1,"pcat_01KE1PPN4YHDCZEQE97FCJPTE0","2026-01-03 10:33:28.111+00","2026-01-03 10:33:28.111+00",NULL,"{""original_id"": ""3346421"", ""original_path"": ""Electronics > Accessories & Supplies > Camera & Photo Accessories > Flash Accessories > Battery Packs"", ""original_level"": 4}"
"pcat_01KE1PPNBDEGPJRTNFDGMCXXWR","Camera Brackets","","camera-brackets","pcat_01KE1PPB81J41E4DHBVBSK81D1.pcat_01KE1PPBAB99K7X0G0J686QQYP.pcat_01KE1PPGT7NYPQZ0TDPKGB1RG2.pcat_01KE1PPN4YHDCZEQE97FCJPTE0.pcat_01KE1PPNBDEGPJRTNFDGMCXXWR",True,False,2,"pcat_01KE1PPN4YHDCZEQE97FCJPTE0","2026-01-03 10:33:28.173+00","2026-01-03 10:33:28.173+00",NULL,"{""original_id"": ""3346431"", ""original_path"": ""Electronics > Accessories & Supplies > Camera & Photo Accessories > Flash Accessories > Camera Brackets"", ""original_level"": 4}"
"pcat_01KE1PPNDB6A5WPV9F4WV71GNB","Diffusers","","diffusers","pcat_01KE1PPB81J41E4DHBVBSK81D1.pcat_01KE1PPBAB99K7X0G0J686QQYP.pcat_01KE1PPGT7NYPQZ0TDPKGB1RG2.pcat_01KE1PPN4YHDCZEQE97FCJPTE0.pcat_01KE1PPNDB6A5WPV9F4WV71GNB",True,False,3,"pcat_01KE1PPN4YHDCZEQE97FCJPTE0","2026-01-03 10:33:28.235+00","2026-01-03 10:33:28.235+00",NULL,"{""original_id"": ""3109909011"", ""original_path"": ""Electronics > Accessories & Supplies > Camera & Photo Accessories > Flash Accessories > Diffusers"", ""original_level"": 4}"
"pcat_01KE1PPNFCGXC46WMDQ9233ZMH","Shoe Mounts","","shoe-mounts","pcat_01KE1PPB81J41E4DHBVBSK81D1.pcat_01KE1PPBAB99K7X0G0J686QQYP.pcat_01KE1PPGT7NYPQZ0TDPKGB1RG2.pcat_01KE1PPN4YHDCZEQE97FCJPTE0.pcat_01KE1PPNFCGXC46WMDQ9233ZMH",True,False,4,"pcat_01KE1PPN4YHDCZEQE97FCJPTE0","2026-01-03 10:33:28.3+00","2026-01-03 10:33:28.3+00",NULL,"{""original_id"": ""3346451"", ""original_path"": ""Electronics > Accessories & Supplies > Camera & Photo Accessories > Flash Accessories > Shoe Mounts"", ""original_level"": 4}"
"pcat_01KE1PPNHEHP1C6MRXPVEWRX9M","Sync & PC Cords","","sync-pc-cords","pcat_01KE1PPB81J41E4DHBVBSK81D1.pcat_01KE1PPBAB99K7X0G0J686QQYP.pcat_01KE1PPGT7NYPQZ0TDPKGB1RG2.pcat_01KE1PPN4YHDCZEQE97FCJPTE0.pcat_01KE1PPNHEHP1C6MRXPVEWRX9M",True,False,5,"pcat_01KE1PPN4YHDCZEQE97FCJPTE0","2026-01-03 10:33:28.366+00","2026-01-03 10:33:28.366+00",NULL,"{""original_id"": ""3346441"", ""original_path"": ""Electronics > Accessories & Supplies > Camera & Photo Accessories > Flash Accessories > Sync & PC Cords"", ""original_level"": 4}"
"pcat_01KE1PPNK7M7ZAXXHCH3MSYXF3","Flashes","","flashes","pcat_01KE1PPB81J41E4DHBVBSK81D1.pcat_01KE1PPBAB99K7X0G0J686QQYP.pcat_01KE1PPGT7NYPQZ0TDPKGB1RG2.pcat_01KE1PPNK7M7ZAXXHCH3MSYXF3",True,False,11,"pcat_01KE1PPGT7NYPQZ0TDPKGB1RG2","2026-01-03 10:33:28.423+00","2026-01-03 10:33:28.423+00",NULL,"{""original_id"": ""172447"", ""original_path"": ""Electronics > Accessories & Supplies > Camera & Photo Accessories > Flashes"", ""original_level"": 3}"
"pcat_01KE1PPNN6EYP34KCXNDJGH0PN","Macro & Ringlight Flashes","","macro-ringlight-flashes","pcat_01KE1PPB81J41E4DHBVBSK81D1.pcat_01KE1PPBAB99K7X0G0J686QQYP.pcat_01KE1PPGT7NYPQZ0TDPKGB1RG2.pcat_01KE1PPNK7M7ZAXXHCH3MSYXF3.pcat_01KE1PPNN6EYP34KCXNDJGH0PN",True,False,0,"pcat_01KE1PPNK7M7ZAXXHCH3MSYXF3","2026-01-03 10:33:28.486+00","2026-01-03 10:33:28.486+00",NULL,"{""original_id"": ""3109928011"", ""original_path"": ""Electronics > Accessories & Supplies > Camera & Photo Accessories > Flashes > Macro & Ringlight Flashes"", ""original_level"": 4}"
"pcat_01KE1PPNQCX9ZCJWWBKPE78VY3","Shoe Mount Flashes","","shoe-mount-flashes","pcat_01KE1PPB81J41E4DHBVBSK81D1.pcat_01KE1PPBAB99K7X0G0J686QQYP.pcat_01KE1PPGT7NYPQZ0TDPKGB1RG2.pcat_01KE1PPNK7M7ZAXXHCH3MSYXF3.pcat_01KE1PPNQCX9ZCJWWBKPE78VY3",True,False,1,"pcat_01KE1PPNK7M7ZAXXHCH3MSYXF3","2026-01-03 10:33:28.556+00","2026-01-03 10:33:28.556+00",NULL,"{""original_id"": ""3109929011"", ""original_path"": ""Electronics > Accessories & Supplies > Camera & Photo Accessories > Flashes > Shoe Mount Flashes"", ""original_level"": 4}"
"pcat_01KE1PPNSB4S7W0KZJ0WZAJ7VN","Lens Accessories","","lens-accessories","pcat_01KE1PPB81J41E4DHBVBSK81D1.pcat_01KE1PPBAB99K7X0G0J686QQYP.pcat_01KE1PPGT7NYPQZ0TDPKGB1RG2.pcat_01KE1PPNSB4S7W0KZJ0WZAJ7VN",True,False,12,"pcat_01KE1PPGT7NYPQZ0TDPKGB1RG2","2026-01-03 10:33:28.619+00","2026-01-03 10:33:28.619+00",NULL,"{""original_id"": ""525898"", ""original_path"": ""Electronics > Accessories & Supplies > Camera & Photo Accessories > Lens Accessories"", ""original_level"": 3}"
"pcat_01KE1PPNV2SXJW9DY2V8JE6GZ9","Adapters & Converters","","adapters-converters","pcat_01KE1PPB81J41E4DHBVBSK81D1.pcat_01KE1PPBAB99K7X0G0J686QQYP.pcat_01KE1PPGT7NYPQZ0TDPKGB1RG2.pcat_01KE1PPNSB4S7W0KZJ0WZAJ7VN.pcat_01KE1PPNV2SXJW9DY2V8JE6GZ9",True,False,0,"pcat_01KE1PPNSB4S7W0KZJ0WZAJ7VN","2026-01-03 10:33:28.675+00","2026-01-03 10:33:28.675+00",NULL,"{""original_id"": ""3347321"", ""original_path"": ""Electronics > Accessories & Supplies > Camera & Photo Accessories > Lens Accessories > Adapters & Converters"", ""original_level"": 4}"
"pcat_01KE1PPNX9RNPT0PBXH6B4TXTT","Diopters","","diopters","pcat_01KE1PPB81J41E4DHBVBSK81D1.pcat_01KE1PPBAB99K7X0G0J686QQYP.pcat_01KE1PPGT7NYPQZ0TDPKGB1RG2.pcat_01KE1PPNSB4S7W0KZJ0WZAJ7VN.pcat_01KE1PPNX9RNPT0PBXH6B4TXTT",True,False,1,"pcat_01KE1PPNSB4S7W0KZJ0WZAJ7VN","2026-01-03 10:33:28.746+00","2026-01-03 10:33:28.746+00",NULL,"{""original_id"": ""3347391"", ""original_path"": ""Electronics > Accessories & Supplies > Camera & Photo Accessories > Lens Accessories > Diopters"", ""original_level"": 4}"
"pcat_01KE1PPNZ77EVD1JZW24PVH45Y","Extension Tubes","","extension-tubes","pcat_01KE1PPB81J41E4DHBVBSK81D1.pcat_01KE1PPBAB99K7X0G0J686QQYP.pcat_01KE1PPGT7NYPQZ0TDPKGB1RG2.pcat_01KE1PPNSB4S7W0KZJ0WZAJ7VN.pcat_01KE1PPNZ77EVD1JZW24PVH45Y",True,False,2,"pcat_01KE1PPNSB4S7W0KZJ0WZAJ7VN","2026-01-03 10:33:28.807+00","2026-01-03 10:33:28.807+00",NULL,"{""original_id"": ""3120264011"", ""original_path"": ""Electronics > Accessories & Supplies > Camera & Photo Accessories > Lens Accessories > Extension Tubes"", ""original_level"": 4}"
"pcat_01KE1PPP16D68Y7QNW68BSDHRP","Follow-Focus Levers","","follow-focus-levers","pcat_01KE1PPB81J41E4DHBVBSK81D1.pcat_01KE1PPBAB99K7X0G0J686QQYP.pcat_01KE1PPGT7NYPQZ0TDPKGB1RG2.pcat_01KE1PPNSB4S7W0KZJ0WZAJ7VN.pcat_01KE1PPP16D68Y7QNW68BSDHRP",True,False,3,"pcat_01KE1PPNSB4S7W0KZJ0WZAJ7VN","2026-01-03 10:33:28.87+00","2026-01-03 10:33:28.87+00",NULL,"{""original_id"": ""3347591"", ""original_path"": ""Electronics > Accessories & Supplies > Camera & Photo Accessories > Lens Accessories > Follow-Focus Levers"", ""original_level"": 4}"
"pcat_01KE1PPP3NA1YQX34782CHWFT9","Lens Caps","","lens-caps","pcat_01KE1PPB81J41E4DHBVBSK81D1.pcat_01KE1PPBAB99K7X0G0J686QQYP.pcat_01KE1PPGT7NYPQZ0TDPKGB1RG2.pcat_01KE1PPNSB4S7W0KZJ0WZAJ7VN.pcat_01KE1PPP3NA1YQX34782CHWFT9",True,False,4,"pcat_01KE1PPNSB4S7W0KZJ0WZAJ7VN","2026-01-03 10:33:28.949+00","2026-01-03 10:33:28.949+00",NULL,"{""original_id"": ""3347411"", ""original_path"": ""Electronics > Accessories & Supplies > Camera & Photo Accessories > Lens Accessories > Lens Caps"", ""original_level"": 4}"
"pcat_01KE1PPP5QRA2R80W5H004G3CK","Lens Hoods","","lens-hoods","pcat_01KE1PPB81J41E4DHBVBSK81D1.pcat_01KE1PPBAB99K7X0G0J686QQYP.pcat_01KE1PPGT7NYPQZ0TDPKGB1RG2.pcat_01KE1PPNSB4S7W0KZJ0WZAJ7VN.pcat_01KE1PPP5QRA2R80W5H004G3CK",True,False,5,"pcat_01KE1PPNSB4S7W0KZJ0WZAJ7VN","2026-01-03 10:33:29.015+00","2026-01-03 10:33:29.015+00",NULL,"{""original_id"": ""3347571"", ""original_path"": ""Electronics > Accessories & Supplies > Camera & Photo Accessories > Lens Accessories > Lens Hoods"", ""original_level"": 4}"
"pcat_01KE1PPP7K26RJTJMM0TWCHVT5","Lens Supports","","lens-supports","pcat_01KE1PPB81J41E4DHBVBSK81D1.pcat_01KE1PPBAB99K7X0G0J686QQYP.pcat_01KE1PPGT7NYPQZ0TDPKGB1RG2.pcat_01KE1PPNSB4S7W0KZJ0WZAJ7VN.pcat_01KE1PPP7K26RJTJMM0TWCHVT5",True,False,6,"pcat_01KE1PPNSB4S7W0KZJ0WZAJ7VN","2026-01-03 10:33:29.075+00","2026-01-03 10:33:29.075+00",NULL,"{""original_id"": ""3347581"", ""original_path"": ""Electronics > Accessories & Supplies > Camera & Photo Accessories > Lens Accessories > Lens Supports"", ""original_level"": 4}"
"pcat_01KE1PPP9X5TNBA9K2Z2J0W1T9","Matte Boxes","","matte-boxes","pcat_01KE1PPB81J41E4DHBVBSK81D1.pcat_01KE1PPBAB99K7X0G0J686QQYP.pcat_01KE1PPGT7NYPQZ0TDPKGB1RG2.pcat_01KE1PPNSB4S7W0KZJ0WZAJ7VN.pcat_01KE1PPP9X5TNBA9K2Z2J0W1T9",True,False,7,"pcat_01KE1PPNSB4S7W0KZJ0WZAJ7VN","2026-01-03 10:33:29.149+00","2026-01-03 10:33:29.149+00",NULL,"{""original_id"": ""7161067011"", ""original_path"": ""Electronics > Camera & Photo > Accessories > Lens Accessories > Matte Boxes"", ""original_level"": 4}"
"pcat_01KE1PPPCCE817ACK6WEZJAMAG","Lighting & Studio","","lighting-studio","pcat_01KE1PPB81J41E4DHBVBSK81D1.pcat_01KE1PPBAB99K7X0G0J686QQYP.pcat_01KE1PPGT7NYPQZ0TDPKGB1RG2.pcat_01KE1PPPCCE817ACK6WEZJAMAG",True,False,13,"pcat_01KE1PPGT7NYPQZ0TDPKGB1RG2","2026-01-03 10:33:29.228+00","2026-01-03 10:33:29.228+00",NULL,"{""original_id"": ""7161086011"", ""original_path"": ""Electronics > Accessories & Supplies > Camera & Photo Accessories > Lighting & Studio"", ""original_level"": 3}"
"pcat_01KE1PPPEDTPE2TSS9A5Q9HXFW","Light Meters & Accessories","","light-meters-accessories","pcat_01KE1PPB81J41E4DHBVBSK81D1.pcat_01KE1PPBAB99K7X0G0J686QQYP.pcat_01KE1PPGT7NYPQZ0TDPKGB1RG2.pcat_01KE1PPPCCE817ACK6WEZJAMAG.pcat_01KE1PPPEDTPE2TSS9A5Q9HXFW",True,False,0,"pcat_01KE1PPPCCE817ACK6WEZJAMAG","2026-01-03 10:33:29.293+00","2026-01-03 10:33:29.293+00",NULL,"{""original_id"": ""3348291"", ""original_path"": ""Electronics > Accessories & Supplies > Camera & Photo Accessories > Lighting & Studio > Light Meters & Accessories"", ""original_level"": 4}"
"pcat_01KE1PPPGCD85KTJAX403MRE1V","Color Calibration Charts","","color-calibration-charts","pcat_01KE1PPB81J41E4DHBVBSK81D1.pcat_01KE1PPBAB99K7X0G0J686QQYP.pcat_01KE1PPGT7NYPQZ0TDPKGB1RG2.pcat_01KE1PPPCCE817ACK6WEZJAMAG.pcat_01KE1PPPEDTPE2TSS9A5Q9HXFW.pcat_01KE1PPPGCD85KTJAX403MRE1V",True,False,0,"pcat_01KE1PPPEDTPE2TSS9A5Q9HXFW","2026-01-03 10:33:29.357+00","2026-01-03 10:33:29.357+00",NULL,"{""original_id"": ""3109910011"", ""original_path"": ""Electronics > Accessories & Supplies > Camera & Photo Accessories > Lighting & Studio > Light Meters & Accessories > Color Calibration Charts"", ""original_level"": 0}"
"pcat_01KE1PPSDF8E4D9HKAATBF8J20","Car Chargers","","car-chargers","pcat_01KE1PPB81J41E4DHBVBSK81D1.pcat_01KE1PPBAB99K7X0G0J686QQYP.pcat_01KE1PPRXSNCQBHBTMSBZGBK71.pcat_01KE1PPSBF8MVZ903KA5B6DNRJ.pcat_01KE1PPSDF8E4D9HKAATBF8J20",True,False,0,"pcat_01KE1PPSBF8MVZ903KA5B6DNRJ","2026-01-03 10:33:32.336+00","2026-01-03 10:33:32.336+00",NULL,"{""original_id"": ""2407770011"", ""original_path"": ""Electronics > Accessories & Supplies > Cell Phone Accessories > Chargers & Power Adapters > Car Chargers"", ""original_level"": 4}"
"pcat_01KE1PPPJG0310DE1A4Q8V08NQ","Grey Cards","","grey-cards","pcat_01KE1PPB81J41E4DHBVBSK81D1.pcat_01KE1PPBAB99K7X0G0J686QQYP.pcat_01KE1PPGT7NYPQZ0TDPKGB1RG2.pcat_01KE1PPPCCE817ACK6WEZJAMAG.pcat_01KE1PPPEDTPE2TSS9A5Q9HXFW.pcat_01KE1PPPJG0310DE1A4Q8V08NQ",True,False,1,"pcat_01KE1PPPEDTPE2TSS9A5Q9HXFW","2026-01-03 10:33:29.424+00","2026-01-03 10:33:29.424+00",NULL,"{""original_id"": ""3109911011"", ""original_path"": ""Electronics > Accessories & Supplies > Camera & Photo Accessories > Lighting & Studio > Light Meters & Accessories > Grey Cards"", ""original_level"": 0}"
"pcat_01KE1PPPMZDJR6RYHF65C8XN57","Light Meters","","light-meters","pcat_01KE1PPB81J41E4DHBVBSK81D1.pcat_01KE1PPBAB99K7X0G0J686QQYP.pcat_01KE1PPGT7NYPQZ0TDPKGB1RG2.pcat_01KE1PPPCCE817ACK6WEZJAMAG.pcat_01KE1PPPEDTPE2TSS9A5Q9HXFW.pcat_01KE1PPPMZDJR6RYHF65C8XN57",True,False,2,"pcat_01KE1PPPEDTPE2TSS9A5Q9HXFW","2026-01-03 10:33:29.503+00","2026-01-03 10:33:29.503+00",NULL,"{""original_id"": ""3109913011"", ""original_path"": ""Electronics > Accessories & Supplies > Camera & Photo Accessories > Lighting & Studio > Light Meters & Accessories > Light Meters"", ""original_level"": 0}"
"pcat_01KE1PPPQJG7P0K4ZXCPGRJ80M","Photo Studio","","photo-studio","pcat_01KE1PPB81J41E4DHBVBSK81D1.pcat_01KE1PPBAB99K7X0G0J686QQYP.pcat_01KE1PPGT7NYPQZ0TDPKGB1RG2.pcat_01KE1PPPCCE817ACK6WEZJAMAG.pcat_01KE1PPPQJG7P0K4ZXCPGRJ80M",True,False,1,"pcat_01KE1PPPCCE817ACK6WEZJAMAG","2026-01-03 10:33:29.586+00","2026-01-03 10:33:29.586+00",NULL,"{""original_id"": ""3443921"", ""original_path"": ""Electronics > Accessories & Supplies > Camera & Photo Accessories > Lighting & Studio > Photo Studio"", ""original_level"": 4}"
"pcat_01KE1PPPSMS0AHXY11RASVX5D6","Background Support Equipment","","background-support-equipment","pcat_01KE1PPB81J41E4DHBVBSK81D1.pcat_01KE1PPBAB99K7X0G0J686QQYP.pcat_01KE1PPGT7NYPQZ0TDPKGB1RG2.pcat_01KE1PPPCCE817ACK6WEZJAMAG.pcat_01KE1PPPQJG7P0K4ZXCPGRJ80M.pcat_01KE1PPPSMS0AHXY11RASVX5D6",True,False,0,"pcat_01KE1PPPQJG7P0K4ZXCPGRJ80M","2026-01-03 10:33:29.652+00","2026-01-03 10:33:29.652+00",NULL,"{""original_id"": ""3444601"", ""original_path"": ""Electronics > Accessories & Supplies > Camera & Photo Accessories > Lighting & Studio > Photo Studio > Background Support Equipment"", ""original_level"": 0}"
"pcat_01KE1PPPVSJFTY8FH6K9M0Y7M9","Copying Equipment","","copying-equipment","pcat_01KE1PPB81J41E4DHBVBSK81D1.pcat_01KE1PPBAB99K7X0G0J686QQYP.pcat_01KE1PPGT7NYPQZ0TDPKGB1RG2.pcat_01KE1PPPCCE817ACK6WEZJAMAG.pcat_01KE1PPPQJG7P0K4ZXCPGRJ80M.pcat_01KE1PPPVSJFTY8FH6K9M0Y7M9",True,False,1,"pcat_01KE1PPPQJG7P0K4ZXCPGRJ80M","2026-01-03 10:33:29.721+00","2026-01-03 10:33:29.721+00",NULL,"{""original_id"": ""3443981"", ""original_path"": ""Electronics > Accessories & Supplies > Camera & Photo Accessories > Lighting & Studio > Photo Studio > Copying Equipment"", ""original_level"": 0}"
"pcat_01KE1PPPXJ1TJ48N1F9PCZW8CS","Posing Props","","posing-props","pcat_01KE1PPB81J41E4DHBVBSK81D1.pcat_01KE1PPBAB99K7X0G0J686QQYP.pcat_01KE1PPGT7NYPQZ0TDPKGB1RG2.pcat_01KE1PPPCCE817ACK6WEZJAMAG.pcat_01KE1PPPQJG7P0K4ZXCPGRJ80M.pcat_01KE1PPPXJ1TJ48N1F9PCZW8CS",True,False,2,"pcat_01KE1PPPQJG7P0K4ZXCPGRJ80M","2026-01-03 10:33:29.778+00","2026-01-03 10:33:29.778+00",NULL,"{""original_id"": ""3444561"", ""original_path"": ""Electronics > Accessories & Supplies > Camera & Photo Accessories > Lighting & Studio > Photo Studio > Posing Props"", ""original_level"": 0}"
"pcat_01KE1PPPZAV8H3C10MQJYH0T2C","Sandbags","","sandbags","pcat_01KE1PPB81J41E4DHBVBSK81D1.pcat_01KE1PPBAB99K7X0G0J686QQYP.pcat_01KE1PPGT7NYPQZ0TDPKGB1RG2.pcat_01KE1PPPCCE817ACK6WEZJAMAG.pcat_01KE1PPPQJG7P0K4ZXCPGRJ80M.pcat_01KE1PPPZAV8H3C10MQJYH0T2C",True,False,3,"pcat_01KE1PPPQJG7P0K4ZXCPGRJ80M","2026-01-03 10:33:29.834+00","2026-01-03 10:33:29.834+00",NULL,"{""original_id"": ""3348211"", ""original_path"": ""Electronics > Accessories & Supplies > Camera & Photo Accessories > Lighting & Studio > Photo Studio > Sandbags"", ""original_level"": 0}"
"pcat_01KE1PPQ168WZG2AYXPKCDP9PB","Shooting Tables","","shooting-tables","pcat_01KE1PPB81J41E4DHBVBSK81D1.pcat_01KE1PPBAB99K7X0G0J686QQYP.pcat_01KE1PPGT7NYPQZ0TDPKGB1RG2.pcat_01KE1PPPCCE817ACK6WEZJAMAG.pcat_01KE1PPPQJG7P0K4ZXCPGRJ80M.pcat_01KE1PPQ168WZG2AYXPKCDP9PB",True,False,4,"pcat_01KE1PPPQJG7P0K4ZXCPGRJ80M","2026-01-03 10:33:29.895+00","2026-01-03 10:33:29.895+00",NULL,"{""original_id"": ""3444571"", ""original_path"": ""Electronics > Accessories & Supplies > Camera & Photo Accessories > Lighting & Studio > Photo Studio > Shooting Tables"", ""original_level"": 0}"
"pcat_01KE1PPQ387A5ZN2RYTY15D0YD","Shooting Tents","","shooting-tents","pcat_01KE1PPB81J41E4DHBVBSK81D1.pcat_01KE1PPBAB99K7X0G0J686QQYP.pcat_01KE1PPGT7NYPQZ0TDPKGB1RG2.pcat_01KE1PPPCCE817ACK6WEZJAMAG.pcat_01KE1PPPQJG7P0K4ZXCPGRJ80M.pcat_01KE1PPQ387A5ZN2RYTY15D0YD",True,False,5,"pcat_01KE1PPPQJG7P0K4ZXCPGRJ80M","2026-01-03 10:33:29.96+00","2026-01-03 10:33:29.96+00",NULL,"{""original_id"": ""3444581"", ""original_path"": ""Electronics > Accessories & Supplies > Camera & Photo Accessories > Lighting & Studio > Photo Studio > Shooting Tents"", ""original_level"": 0}"
"pcat_01KE1PPQ5BDPC86GV0HSRR8X53","Storage & Presentation Materials","","storage-presentation-materials","pcat_01KE1PPB81J41E4DHBVBSK81D1.pcat_01KE1PPBAB99K7X0G0J686QQYP.pcat_01KE1PPGT7NYPQZ0TDPKGB1RG2.pcat_01KE1PPPCCE817ACK6WEZJAMAG.pcat_01KE1PPPQJG7P0K4ZXCPGRJ80M.pcat_01KE1PPQ5BDPC86GV0HSRR8X53",True,False,6,"pcat_01KE1PPPQJG7P0K4ZXCPGRJ80M","2026-01-03 10:33:30.027+00","2026-01-03 10:33:30.027+00",NULL,"{""original_id"": ""3443931"", ""original_path"": ""Electronics > Accessories & Supplies > Camera & Photo Accessories > Lighting & Studio > Photo Studio > Storage & Presentation Materials"", ""original_level"": 0}"
"pcat_01KE1PPQ7BZNF482PEJ99B2TN8","Rain Covers","","rain-covers","pcat_01KE1PPB81J41E4DHBVBSK81D1.pcat_01KE1PPBAB99K7X0G0J686QQYP.pcat_01KE1PPGT7NYPQZ0TDPKGB1RG2.pcat_01KE1PPQ7BZNF482PEJ99B2TN8",True,False,14,"pcat_01KE1PPGT7NYPQZ0TDPKGB1RG2","2026-01-03 10:33:30.091+00","2026-01-03 10:33:30.091+00",NULL,"{""original_id"": ""3346261"", ""original_path"": ""Electronics > Accessories & Supplies > Camera & Photo Accessories > Rain Covers"", ""original_level"": 3}"
"pcat_01KE1PPQ97K7TP1GJDVS5ZHZTD","Remote Controls","","remote-controls","pcat_01KE1PPB81J41E4DHBVBSK81D1.pcat_01KE1PPBAB99K7X0G0J686QQYP.pcat_01KE1PPGT7NYPQZ0TDPKGB1RG2.pcat_01KE1PPQ97K7TP1GJDVS5ZHZTD",True,False,15,"pcat_01KE1PPGT7NYPQZ0TDPKGB1RG2","2026-01-03 10:33:30.152+00","2026-01-03 10:33:30.152+00",NULL,"{""original_id"": ""14015071"", ""original_path"": ""Electronics > Accessories & Supplies > Camera & Photo Accessories > Remote Controls"", ""original_level"": 3}"
"pcat_01KE1PPQB9W6TSJRHWD6SFD83V","Slide Projectors","","slide-projectors","pcat_01KE1PPB81J41E4DHBVBSK81D1.pcat_01KE1PPBAB99K7X0G0J686QQYP.pcat_01KE1PPGT7NYPQZ0TDPKGB1RG2.pcat_01KE1PPQB9W6TSJRHWD6SFD83V",True,False,16,"pcat_01KE1PPGT7NYPQZ0TDPKGB1RG2","2026-01-03 10:33:30.218+00","2026-01-03 10:33:30.218+00",NULL,"{""original_id"": ""525464"", ""original_path"": ""Electronics > Accessories & Supplies > Camera & Photo Accessories > Slide Projectors"", ""original_level"": 3}"
"pcat_01KE1PPQDNHZF0TSFGXS55C8AY","Telescope & Microscope Accessories","","telescope-microscope-accessories","pcat_01KE1PPB81J41E4DHBVBSK81D1.pcat_01KE1PPBAB99K7X0G0J686QQYP.pcat_01KE1PPGT7NYPQZ0TDPKGB1RG2.pcat_01KE1PPQDNHZF0TSFGXS55C8AY",True,False,17,"pcat_01KE1PPGT7NYPQZ0TDPKGB1RG2","2026-01-03 10:33:30.293+00","2026-01-03 10:33:30.293+00",NULL,"{""original_id"": ""7161068011"", ""original_path"": ""Electronics > Accessories & Supplies > Camera & Photo Accessories > Telescope & Microscope Accessories"", ""original_level"": 3}"
"pcat_01KE1PPQFSFZY350SB0JYC31Y5","Microscope Accessories","","microscope-accessories","pcat_01KE1PPB81J41E4DHBVBSK81D1.pcat_01KE1PPBAB99K7X0G0J686QQYP.pcat_01KE1PPGT7NYPQZ0TDPKGB1RG2.pcat_01KE1PPQDNHZF0TSFGXS55C8AY.pcat_01KE1PPQFSFZY350SB0JYC31Y5",True,False,0,"pcat_01KE1PPQDNHZF0TSFGXS55C8AY","2026-01-03 10:33:30.362+00","2026-01-03 10:33:30.362+00",NULL,"{""original_id"": ""3117830011"", ""original_path"": ""Electronics > Camera & Photo > Accessories > Telescope & Microscope Accessories > Microscope Accessories"", ""original_level"": 4}"
"pcat_01KE1PPQJ247SWG3Z3AR2ZTFXX","Telescope Accessories","","telescope-accessories","pcat_01KE1PPB81J41E4DHBVBSK81D1.pcat_01KE1PPBAB99K7X0G0J686QQYP.pcat_01KE1PPGT7NYPQZ0TDPKGB1RG2.pcat_01KE1PPQDNHZF0TSFGXS55C8AY.pcat_01KE1PPQJ247SWG3Z3AR2ZTFXX",True,False,1,"pcat_01KE1PPQDNHZF0TSFGXS55C8AY","2026-01-03 10:33:30.435+00","2026-01-03 10:33:30.435+00",NULL,"{""original_id"": ""499158"", ""original_path"": ""Electronics > Camera & Photo > Accessories > Telescope & Microscope Accessories > Telescope Accessories"", ""original_level"": 4}"
"pcat_01KE1PPQM6AF70Q27ZD6WWSZ07","Barlow Lenses","","barlow-lenses","pcat_01KE1PPB81J41E4DHBVBSK81D1.pcat_01KE1PPBAB99K7X0G0J686QQYP.pcat_01KE1PPGT7NYPQZ0TDPKGB1RG2.pcat_01KE1PPQDNHZF0TSFGXS55C8AY.pcat_01KE1PPQJ247SWG3Z3AR2ZTFXX.pcat_01KE1PPQM6AF70Q27ZD6WWSZ07",True,False,0,"pcat_01KE1PPQJ247SWG3Z3AR2ZTFXX","2026-01-03 10:33:30.502+00","2026-01-03 10:33:30.502+00",NULL,"{""original_id"": ""3426011"", ""original_path"": ""Electronics > Camera & Photo > Accessories > Telescope & Microscope Accessories > Telescope Accessories > Barlow Lenses"", ""original_level"": 0}"
"pcat_01KE1PPQNYDQ97QDDSCN4HQVBD","Dew Caps","","dew-caps","pcat_01KE1PPB81J41E4DHBVBSK81D1.pcat_01KE1PPBAB99K7X0G0J686QQYP.pcat_01KE1PPGT7NYPQZ0TDPKGB1RG2.pcat_01KE1PPQDNHZF0TSFGXS55C8AY.pcat_01KE1PPQJ247SWG3Z3AR2ZTFXX.pcat_01KE1PPQNYDQ97QDDSCN4HQVBD",True,False,1,"pcat_01KE1PPQJ247SWG3Z3AR2ZTFXX","2026-01-03 10:33:30.558+00","2026-01-03 10:33:30.558+00",NULL,"{""original_id"": ""3426181"", ""original_path"": ""Electronics > Camera & Photo > Accessories > Telescope & Microscope Accessories > Telescope Accessories > Dew Caps"", ""original_level"": 0}"
"pcat_01KE1PPQQSN55GWMWXJ2SY89XE","Diagonals","","diagonals","pcat_01KE1PPB81J41E4DHBVBSK81D1.pcat_01KE1PPBAB99K7X0G0J686QQYP.pcat_01KE1PPGT7NYPQZ0TDPKGB1RG2.pcat_01KE1PPQDNHZF0TSFGXS55C8AY.pcat_01KE1PPQJ247SWG3Z3AR2ZTFXX.pcat_01KE1PPQQSN55GWMWXJ2SY89XE",True,False,2,"pcat_01KE1PPQJ247SWG3Z3AR2ZTFXX","2026-01-03 10:33:30.617+00","2026-01-03 10:33:30.617+00",NULL,"{""original_id"": ""3426071"", ""original_path"": ""Electronics > Camera & Photo > Accessories > Telescope & Microscope Accessories > Telescope Accessories > Diagonals"", ""original_level"": 0}"
"pcat_01KE1PPQSS5DWZS37R0H42GJCE","Eyepieces","","eyepieces","pcat_01KE1PPB81J41E4DHBVBSK81D1.pcat_01KE1PPBAB99K7X0G0J686QQYP.pcat_01KE1PPGT7NYPQZ0TDPKGB1RG2.pcat_01KE1PPQDNHZF0TSFGXS55C8AY.pcat_01KE1PPQJ247SWG3Z3AR2ZTFXX.pcat_01KE1PPQSS5DWZS37R0H42GJCE",True,False,3,"pcat_01KE1PPQJ247SWG3Z3AR2ZTFXX","2026-01-03 10:33:30.681+00","2026-01-03 10:33:30.681+00",NULL,"{""original_id"": ""499164"", ""original_path"": ""Electronics > Camera & Photo > Accessories > Telescope & Microscope Accessories > Telescope Accessories > Eyepieces"", ""original_level"": 0}"
"pcat_01KE1PPQVPMDNY48W9RCDVNDXK","Filters","","filters","pcat_01KE1PPB81J41E4DHBVBSK81D1.pcat_01KE1PPBAB99K7X0G0J686QQYP.pcat_01KE1PPGT7NYPQZ0TDPKGB1RG2.pcat_01KE1PPQDNHZF0TSFGXS55C8AY.pcat_01KE1PPQJ247SWG3Z3AR2ZTFXX.pcat_01KE1PPQVPMDNY48W9RCDVNDXK",True,False,4,"pcat_01KE1PPQJ247SWG3Z3AR2ZTFXX","2026-01-03 10:33:30.742+00","2026-01-03 10:33:30.742+00",NULL,"{""original_id"": ""3426171"", ""original_path"": ""Electronics > Camera & Photo > Accessories > Telescope & Microscope Accessories > Telescope Accessories > Filters"", ""original_level"": 0}"
"pcat_01KE1PPQXEARCKZ1HT334DZKGQ","Finder Scopes","","finder-scopes","pcat_01KE1PPB81J41E4DHBVBSK81D1.pcat_01KE1PPBAB99K7X0G0J686QQYP.pcat_01KE1PPGT7NYPQZ0TDPKGB1RG2.pcat_01KE1PPQDNHZF0TSFGXS55C8AY.pcat_01KE1PPQJ247SWG3Z3AR2ZTFXX.pcat_01KE1PPQXEARCKZ1HT334DZKGQ",True,False,5,"pcat_01KE1PPQJ247SWG3Z3AR2ZTFXX","2026-01-03 10:33:30.798+00","2026-01-03 10:33:30.798+00",NULL,"{""original_id"": ""3426061"", ""original_path"": ""Electronics > Camera & Photo > Accessories > Telescope & Microscope Accessories > Telescope Accessories > Finder Scopes"", ""original_level"": 0}"
"pcat_01KE1PPQZGN1Y3KC8FE4595875","Guiders & Wedges","","guiders-wedges","pcat_01KE1PPB81J41E4DHBVBSK81D1.pcat_01KE1PPBAB99K7X0G0J686QQYP.pcat_01KE1PPGT7NYPQZ0TDPKGB1RG2.pcat_01KE1PPQDNHZF0TSFGXS55C8AY.pcat_01KE1PPQJ247SWG3Z3AR2ZTFXX.pcat_01KE1PPQZGN1Y3KC8FE4595875",True,False,6,"pcat_01KE1PPQJ247SWG3Z3AR2ZTFXX","2026-01-03 10:33:30.864+00","2026-01-03 10:33:30.864+00",NULL,"{""original_id"": ""7161069011"", ""original_path"": ""Electronics > Camera & Photo > Accessories > Telescope & Microscope Accessories > Telescope Accessories > Guiders & Wedges"", ""original_level"": 0}"
"pcat_01KE1PPR1AXWFRGHBV08ZA2K7X","Motor Drives","","motor-drives","pcat_01KE1PPB81J41E4DHBVBSK81D1.pcat_01KE1PPBAB99K7X0G0J686QQYP.pcat_01KE1PPGT7NYPQZ0TDPKGB1RG2.pcat_01KE1PPQDNHZF0TSFGXS55C8AY.pcat_01KE1PPQJ247SWG3Z3AR2ZTFXX.pcat_01KE1PPR1AXWFRGHBV08ZA2K7X",True,False,7,"pcat_01KE1PPQJ247SWG3Z3AR2ZTFXX","2026-01-03 10:33:30.922+00","2026-01-03 10:33:30.922+00",NULL,"{""original_id"": ""3426091"", ""original_path"": ""Electronics > Camera & Photo > Accessories > Telescope & Microscope Accessories > Telescope Accessories > Motor Drives"", ""original_level"": 0}"
"pcat_01KE1PPR388W0ZT3BY0YV4WHYF","Photo Adapters","","photo-adapters","pcat_01KE1PPB81J41E4DHBVBSK81D1.pcat_01KE1PPBAB99K7X0G0J686QQYP.pcat_01KE1PPGT7NYPQZ0TDPKGB1RG2.pcat_01KE1PPQDNHZF0TSFGXS55C8AY.pcat_01KE1PPQJ247SWG3Z3AR2ZTFXX.pcat_01KE1PPR388W0ZT3BY0YV4WHYF",True,False,8,"pcat_01KE1PPQJ247SWG3Z3AR2ZTFXX","2026-01-03 10:33:30.984+00","2026-01-03 10:33:30.984+00",NULL,"{""original_id"": ""3426051"", ""original_path"": ""Electronics > Camera & Photo > Accessories > Telescope & Microscope Accessories > Telescope Accessories > Photo Adapters"", ""original_level"": 0}"
"pcat_01KE1PPR5BPV7CNC488WNH7FHV","Remote Controls","","remote-controls-2","pcat_01KE1PPB81J41E4DHBVBSK81D1.pcat_01KE1PPBAB99K7X0G0J686QQYP.pcat_01KE1PPGT7NYPQZ0TDPKGB1RG2.pcat_01KE1PPQDNHZF0TSFGXS55C8AY.pcat_01KE1PPQJ247SWG3Z3AR2ZTFXX.pcat_01KE1PPR5BPV7CNC488WNH7FHV",True,False,9,"pcat_01KE1PPQJ247SWG3Z3AR2ZTFXX","2026-01-03 10:33:31.051+00","2026-01-03 10:33:31.051+00",NULL,"{""original_id"": ""3426031"", ""original_path"": ""Electronics > Camera & Photo > Accessories > Telescope & Microscope Accessories > Telescope Accessories > Remote Controls"", ""original_level"": 0}"
"pcat_01KE1PPR7F592KX05NB8X307NK","Tripod & Monopod Accessories","","tripod-monopod-accessories","pcat_01KE1PPB81J41E4DHBVBSK81D1.pcat_01KE1PPBAB99K7X0G0J686QQYP.pcat_01KE1PPGT7NYPQZ0TDPKGB1RG2.pcat_01KE1PPR7F592KX05NB8X307NK",True,False,18,"pcat_01KE1PPGT7NYPQZ0TDPKGB1RG2","2026-01-03 10:33:31.12+00","2026-01-03 10:33:31.12+00",NULL,"{""original_id"": ""3347771"", ""original_path"": ""Electronics > Accessories & Supplies > Camera & Photo Accessories > Tripod & Monopod Accessories"", ""original_level"": 3}"
"pcat_01KE1PPR9Q12EHQNEH52ARQ6KP","Camera Mounts & Clamps","","camera-mounts-clamps","pcat_01KE1PPB81J41E4DHBVBSK81D1.pcat_01KE1PPBAB99K7X0G0J686QQYP.pcat_01KE1PPGT7NYPQZ0TDPKGB1RG2.pcat_01KE1PPR7F592KX05NB8X307NK.pcat_01KE1PPR9Q12EHQNEH52ARQ6KP",True,False,0,"pcat_01KE1PPR7F592KX05NB8X307NK","2026-01-03 10:33:31.192+00","2026-01-03 10:33:31.192+00",NULL,"{""original_id"": ""3347851"", ""original_path"": ""Electronics > Accessories & Supplies > Camera & Photo Accessories > Tripod & Monopod Accessories > Camera Mounts & Clamps"", ""original_level"": 4}"
"pcat_01KE1PPRC4S9RVFFPQ2WPEF1DY","Center Columns","","center-columns","pcat_01KE1PPB81J41E4DHBVBSK81D1.pcat_01KE1PPBAB99K7X0G0J686QQYP.pcat_01KE1PPGT7NYPQZ0TDPKGB1RG2.pcat_01KE1PPR7F592KX05NB8X307NK.pcat_01KE1PPRC4S9RVFFPQ2WPEF1DY",True,False,1,"pcat_01KE1PPR7F592KX05NB8X307NK","2026-01-03 10:33:31.269+00","2026-01-03 10:33:31.269+00",NULL,"{""original_id"": ""3347821"", ""original_path"": ""Electronics > Accessories & Supplies > Camera & Photo Accessories > Tripod & Monopod Accessories > Center Columns"", ""original_level"": 4}"
"pcat_01KE1PPTG1Z71KAWYQPG5NGQSR","Replacement Parts","","replacement-parts","pcat_01KE1PPB81J41E4DHBVBSK81D1.pcat_01KE1PPBAB99K7X0G0J686QQYP.pcat_01KE1PPRXSNCQBHBTMSBZGBK71.pcat_01KE1PPTG1Z71KAWYQPG5NGQSR",True,False,10,"pcat_01KE1PPRXSNCQBHBTMSBZGBK71","2026-01-03 10:33:33.441+00","2026-01-03 10:33:33.441+00",NULL,"{""original_id"": ""2407780011"", ""original_path"": ""Electronics > Accessories & Supplies > Cell Phone Accessories > Replacement Parts"", ""original_level"": 3}"
"pcat_01KE1PPRE6WSGM288M9PK8H7XY","Lens Mount Rings","","lens-mount-rings","pcat_01KE1PPB81J41E4DHBVBSK81D1.pcat_01KE1PPBAB99K7X0G0J686QQYP.pcat_01KE1PPGT7NYPQZ0TDPKGB1RG2.pcat_01KE1PPR7F592KX05NB8X307NK.pcat_01KE1PPRE6WSGM288M9PK8H7XY",True,False,2,"pcat_01KE1PPR7F592KX05NB8X307NK","2026-01-03 10:33:31.334+00","2026-01-03 10:33:31.334+00",NULL,"{""original_id"": ""3190374011"", ""original_path"": ""Electronics > Accessories & Supplies > Camera & Photo Accessories > Tripod & Monopod Accessories > Lens Mount Rings"", ""original_level"": 4}"
"pcat_01KE1PPRG2CTR0BA3RVC4AMPCH","Tripods & Monopods","","tripods-monopods","pcat_01KE1PPB81J41E4DHBVBSK81D1.pcat_01KE1PPBAB99K7X0G0J686QQYP.pcat_01KE1PPGT7NYPQZ0TDPKGB1RG2.pcat_01KE1PPRG2CTR0BA3RVC4AMPCH",True,False,19,"pcat_01KE1PPGT7NYPQZ0TDPKGB1RG2","2026-01-03 10:33:31.394+00","2026-01-03 10:33:31.394+00",NULL,"{""original_id"": ""499306"", ""original_path"": ""Electronics > Accessories & Supplies > Camera & Photo Accessories > Tripods & Monopods"", ""original_level"": 3}"
"pcat_01KE1PPRHVP522PX698TVE6ZTK","Monopod Heads","","monopod-heads","pcat_01KE1PPB81J41E4DHBVBSK81D1.pcat_01KE1PPBAB99K7X0G0J686QQYP.pcat_01KE1PPGT7NYPQZ0TDPKGB1RG2.pcat_01KE1PPRG2CTR0BA3RVC4AMPCH.pcat_01KE1PPRHVP522PX698TVE6ZTK",True,False,0,"pcat_01KE1PPRG2CTR0BA3RVC4AMPCH","2026-01-03 10:33:31.451+00","2026-01-03 10:33:31.451+00",NULL,"{""original_id"": ""7161096011"", ""original_path"": ""Electronics > Camera & Photo > Tripods & Monopods > Monopod Heads"", ""original_level"": 4}"
"pcat_01KE1PPRKP849M41T2RED7MYQH","Monopods","","monopods","pcat_01KE1PPB81J41E4DHBVBSK81D1.pcat_01KE1PPBAB99K7X0G0J686QQYP.pcat_01KE1PPGT7NYPQZ0TDPKGB1RG2.pcat_01KE1PPRG2CTR0BA3RVC4AMPCH.pcat_01KE1PPRKP849M41T2RED7MYQH",True,False,1,"pcat_01KE1PPRG2CTR0BA3RVC4AMPCH","2026-01-03 10:33:31.51+00","2026-01-03 10:33:31.51+00",NULL,"{""original_id"": ""499314"", ""original_path"": ""Electronics > Camera & Photo > Tripods & Monopods > Monopods"", ""original_level"": 4}"
"pcat_01KE1PPRNNSN4HA34H13NTE4YQ","Tabletop & Travel Tripods","","tabletop-travel-tripods","pcat_01KE1PPB81J41E4DHBVBSK81D1.pcat_01KE1PPBAB99K7X0G0J686QQYP.pcat_01KE1PPGT7NYPQZ0TDPKGB1RG2.pcat_01KE1PPRG2CTR0BA3RVC4AMPCH.pcat_01KE1PPRNNSN4HA34H13NTE4YQ",True,False,2,"pcat_01KE1PPRG2CTR0BA3RVC4AMPCH","2026-01-03 10:33:31.573+00","2026-01-03 10:33:31.573+00",NULL,"{""original_id"": ""499308"", ""original_path"": ""Electronics > Camera & Photo > Tripods & Monopods > Tabletop & Travel Tripods"", ""original_level"": 4}"
"pcat_01KE1PPRQMJNXQQ4CTKHZDBZR3","Tripod Heads","","tripod-heads","pcat_01KE1PPB81J41E4DHBVBSK81D1.pcat_01KE1PPBAB99K7X0G0J686QQYP.pcat_01KE1PPGT7NYPQZ0TDPKGB1RG2.pcat_01KE1PPRG2CTR0BA3RVC4AMPCH.pcat_01KE1PPRQMJNXQQ4CTKHZDBZR3",True,False,3,"pcat_01KE1PPRG2CTR0BA3RVC4AMPCH","2026-01-03 10:33:31.637+00","2026-01-03 10:33:31.637+00",NULL,"{""original_id"": ""3347671"", ""original_path"": ""Electronics > Camera & Photo > Tripods & Monopods > Tripod Heads"", ""original_level"": 4}"
"pcat_01KE1PPRSN8AWPQ1TWD9CBDYX7","Tripod Legs","","tripod-legs","pcat_01KE1PPB81J41E4DHBVBSK81D1.pcat_01KE1PPBAB99K7X0G0J686QQYP.pcat_01KE1PPGT7NYPQZ0TDPKGB1RG2.pcat_01KE1PPRG2CTR0BA3RVC4AMPCH.pcat_01KE1PPRSN8AWPQ1TWD9CBDYX7",True,False,4,"pcat_01KE1PPRG2CTR0BA3RVC4AMPCH","2026-01-03 10:33:31.702+00","2026-01-03 10:33:31.702+00",NULL,"{""original_id"": ""3347751"", ""original_path"": ""Electronics > Camera & Photo > Tripods & Monopods > Tripod Legs"", ""original_level"": 4}"
"pcat_01KE1PPRVQQKSNX46DRWJQFKYB","Viewfinders","","viewfinders","pcat_01KE1PPB81J41E4DHBVBSK81D1.pcat_01KE1PPBAB99K7X0G0J686QQYP.pcat_01KE1PPGT7NYPQZ0TDPKGB1RG2.pcat_01KE1PPRVQQKSNX46DRWJQFKYB",True,False,20,"pcat_01KE1PPGT7NYPQZ0TDPKGB1RG2","2026-01-03 10:33:31.768+00","2026-01-03 10:33:31.768+00",NULL,"{""original_id"": ""14015021"", ""original_path"": ""Electronics > Accessories & Supplies > Camera & Photo Accessories > Viewfinders"", ""original_level"": 3}"
"pcat_01KE1PPRXSNCQBHBTMSBZGBK71","Cell Phone Accessories","","cell-phone-accessories","pcat_01KE1PPB81J41E4DHBVBSK81D1.pcat_01KE1PPBAB99K7X0G0J686QQYP.pcat_01KE1PPRXSNCQBHBTMSBZGBK71",True,False,4,"pcat_01KE1PPBAB99K7X0G0J686QQYP","2026-01-03 10:33:31.833+00","2026-01-03 10:33:31.833+00",NULL,"{""original_id"": ""2407755011"", ""original_path"": ""Electronics > Accessories & Supplies > Cell Phone Accessories"", ""original_level"": 2}"
"pcat_01KE1PPRZNRM69Q4Q6FA09F8W0","Accessory Kits","","accessory-kits-2","pcat_01KE1PPB81J41E4DHBVBSK81D1.pcat_01KE1PPBAB99K7X0G0J686QQYP.pcat_01KE1PPRXSNCQBHBTMSBZGBK71.pcat_01KE1PPRZNRM69Q4Q6FA09F8W0",True,False,0,"pcat_01KE1PPRXSNCQBHBTMSBZGBK71","2026-01-03 10:33:31.893+00","2026-01-03 10:33:31.893+00",NULL,"{""original_id"": ""2407756011"", ""original_path"": ""Electronics > Accessories & Supplies > Cell Phone Accessories > Accessory Kits"", ""original_level"": 3}"
"pcat_01KE1PPS1H122ECBGQ06CWB8XK","Batteries & Battery Packs","","batteries-battery-packs","pcat_01KE1PPB81J41E4DHBVBSK81D1.pcat_01KE1PPBAB99K7X0G0J686QQYP.pcat_01KE1PPRXSNCQBHBTMSBZGBK71.pcat_01KE1PPS1H122ECBGQ06CWB8XK",True,False,1,"pcat_01KE1PPRXSNCQBHBTMSBZGBK71","2026-01-03 10:33:31.953+00","2026-01-03 10:33:31.953+00",NULL,"{""original_id"": ""2407758011"", ""original_path"": ""Electronics > Accessories & Supplies > Cell Phone Accessories > Batteries & Battery Packs"", ""original_level"": 3}"
"pcat_01KE1PPS37FFEEQ5PMVHCXC6DG","Battery Charger Cases","","battery-charger-cases","pcat_01KE1PPB81J41E4DHBVBSK81D1.pcat_01KE1PPBAB99K7X0G0J686QQYP.pcat_01KE1PPRXSNCQBHBTMSBZGBK71.pcat_01KE1PPS1H122ECBGQ06CWB8XK.pcat_01KE1PPS37FFEEQ5PMVHCXC6DG",True,False,0,"pcat_01KE1PPS1H122ECBGQ06CWB8XK","2026-01-03 10:33:32.007+00","2026-01-03 10:33:32.007+00",NULL,"{""original_id"": ""7073958011"", ""original_path"": ""Electronics > Accessories & Supplies > Cell Phone Accessories > Batteries & Battery Packs > Battery Charger Cases"", ""original_level"": 4}"
"pcat_01KE1PPS5DVVQEJKYGHSQRCJTE","Portable Power Banks","","portable-power-banks","pcat_01KE1PPB81J41E4DHBVBSK81D1.pcat_01KE1PPBAB99K7X0G0J686QQYP.pcat_01KE1PPRXSNCQBHBTMSBZGBK71.pcat_01KE1PPS1H122ECBGQ06CWB8XK.pcat_01KE1PPS5DVVQEJKYGHSQRCJTE",True,False,1,"pcat_01KE1PPS1H122ECBGQ06CWB8XK","2026-01-03 10:33:32.078+00","2026-01-03 10:33:32.078+00",NULL,"{""original_id"": ""7073960011"", ""original_path"": ""Electronics > Accessories & Supplies > Cell Phone Accessories > Batteries & Battery Packs > Portable Power Banks"", ""original_level"": 4}"
"pcat_01KE1PPS7BR6S5C4X1DRWQ71XT","Replacement Batteries","","replacement-batteries","pcat_01KE1PPB81J41E4DHBVBSK81D1.pcat_01KE1PPBAB99K7X0G0J686QQYP.pcat_01KE1PPRXSNCQBHBTMSBZGBK71.pcat_01KE1PPS1H122ECBGQ06CWB8XK.pcat_01KE1PPS7BR6S5C4X1DRWQ71XT",True,False,2,"pcat_01KE1PPS1H122ECBGQ06CWB8XK","2026-01-03 10:33:32.139+00","2026-01-03 10:33:32.139+00",NULL,"{""original_id"": ""7073959011"", ""original_path"": ""Electronics > Accessories & Supplies > Cell Phone Accessories > Batteries & Battery Packs > Replacement Batteries"", ""original_level"": 4}"
"pcat_01KE1PPS9GKDC7MJZVPCN27EXX","Cables","","cables-2","pcat_01KE1PPB81J41E4DHBVBSK81D1.pcat_01KE1PPBAB99K7X0G0J686QQYP.pcat_01KE1PPRXSNCQBHBTMSBZGBK71.pcat_01KE1PPS9GKDC7MJZVPCN27EXX",True,False,2,"pcat_01KE1PPRXSNCQBHBTMSBZGBK71","2026-01-03 10:33:32.208+00","2026-01-03 10:33:32.208+00",NULL,"{""original_id"": ""2407774011"", ""original_path"": ""Electronics > Accessories & Supplies > Cell Phone Accessories > Cables"", ""original_level"": 3}"
"pcat_01KE1PPSBF8MVZ903KA5B6DNRJ","Chargers & Power Adapters","","chargers-power-adapters","pcat_01KE1PPB81J41E4DHBVBSK81D1.pcat_01KE1PPBAB99K7X0G0J686QQYP.pcat_01KE1PPRXSNCQBHBTMSBZGBK71.pcat_01KE1PPSBF8MVZ903KA5B6DNRJ",True,False,3,"pcat_01KE1PPRXSNCQBHBTMSBZGBK71","2026-01-03 10:33:32.271+00","2026-01-03 10:33:32.271+00",NULL,"{""original_id"": ""2407761011"", ""original_path"": ""Electronics > Accessories & Supplies > Cell Phone Accessories > Chargers & Power Adapters"", ""original_level"": 3}"
"pcat_01KE1PPSFHKYWQFERM8T66E8ZP","Charging Stations","","charging-stations","pcat_01KE1PPB81J41E4DHBVBSK81D1.pcat_01KE1PPBAB99K7X0G0J686QQYP.pcat_01KE1PPRXSNCQBHBTMSBZGBK71.pcat_01KE1PPSBF8MVZ903KA5B6DNRJ.pcat_01KE1PPSFHKYWQFERM8T66E8ZP",True,False,1,"pcat_01KE1PPSBF8MVZ903KA5B6DNRJ","2026-01-03 10:33:32.401+00","2026-01-03 10:33:32.401+00",NULL,"{""original_id"": ""12557639011"", ""original_path"": ""Electronics > Accessories & Supplies > Cell Phone Accessories > Chargers & Power Adapters > Charging Stations"", ""original_level"": 4}"
"pcat_01KE1PPSHE75Z2ZWBAKZ6V4752","Solar Chargers","","solar-chargers","pcat_01KE1PPB81J41E4DHBVBSK81D1.pcat_01KE1PPBAB99K7X0G0J686QQYP.pcat_01KE1PPRXSNCQBHBTMSBZGBK71.pcat_01KE1PPSBF8MVZ903KA5B6DNRJ.pcat_01KE1PPSHE75Z2ZWBAKZ6V4752",True,False,2,"pcat_01KE1PPSBF8MVZ903KA5B6DNRJ","2026-01-03 10:33:32.462+00","2026-01-03 10:33:32.462+00",NULL,"{""original_id"": ""2407762011"", ""original_path"": ""Electronics > Accessories & Supplies > Cell Phone Accessories > Chargers & Power Adapters > Solar Chargers"", ""original_level"": 4}"
"pcat_01KE1PPSKBTKNAYS0XN5TMR6WY","Wall Chargers","","wall-chargers","pcat_01KE1PPB81J41E4DHBVBSK81D1.pcat_01KE1PPBAB99K7X0G0J686QQYP.pcat_01KE1PPRXSNCQBHBTMSBZGBK71.pcat_01KE1PPSBF8MVZ903KA5B6DNRJ.pcat_01KE1PPSKBTKNAYS0XN5TMR6WY",True,False,3,"pcat_01KE1PPSBF8MVZ903KA5B6DNRJ","2026-01-03 10:33:32.523+00","2026-01-03 10:33:32.523+00",NULL,"{""original_id"": ""12557637011"", ""original_path"": ""Electronics > Accessories & Supplies > Cell Phone Accessories > Chargers & Power Adapters > Wall Chargers"", ""original_level"": 4}"
"pcat_01KE1PPSN8TRPEQWHXKYHM5R31","Headphones","","headphones","pcat_01KE1PPB81J41E4DHBVBSK81D1.pcat_01KE1PPBAB99K7X0G0J686QQYP.pcat_01KE1PPRXSNCQBHBTMSBZGBK71.pcat_01KE1PPSN8TRPEQWHXKYHM5R31",True,False,4,"pcat_01KE1PPRXSNCQBHBTMSBZGBK71","2026-01-03 10:33:32.584+00","2026-01-03 10:33:32.584+00",NULL,"{""original_id"": ""172541"", ""original_path"": ""Electronics > Accessories & Supplies > Cell Phone Accessories > Headphones"", ""original_level"": 3}"
"pcat_01KE1PPSQE5VNMTE20EDANSX32","Earbud Headphones","","earbud-headphones","pcat_01KE1PPB81J41E4DHBVBSK81D1.pcat_01KE1PPBAB99K7X0G0J686QQYP.pcat_01KE1PPRXSNCQBHBTMSBZGBK71.pcat_01KE1PPSN8TRPEQWHXKYHM5R31.pcat_01KE1PPSQE5VNMTE20EDANSX32",True,False,0,"pcat_01KE1PPSN8TRPEQWHXKYHM5R31","2026-01-03 10:33:32.654+00","2026-01-03 10:33:32.654+00",NULL,"{""original_id"": ""12097478011"", ""original_path"": ""Electronics > Portable Audio & Video > MP3 & MP4 Player Accessories > Headphones > Earbud Headphones"", ""original_level"": 4}"
"pcat_01KE1PPSSM04971ZJ4BHKHAJ56","On-Ear Headphones","","on-ear-headphones","pcat_01KE1PPB81J41E4DHBVBSK81D1.pcat_01KE1PPBAB99K7X0G0J686QQYP.pcat_01KE1PPRXSNCQBHBTMSBZGBK71.pcat_01KE1PPSN8TRPEQWHXKYHM5R31.pcat_01KE1PPSSM04971ZJ4BHKHAJ56",True,False,1,"pcat_01KE1PPSN8TRPEQWHXKYHM5R31","2026-01-03 10:33:32.724+00","2026-01-03 10:33:32.724+00",NULL,"{""original_id"": ""12097480011"", ""original_path"": ""Electronics > Portable Audio & Video > MP3 & MP4 Player Accessories > Headphones > On-Ear Headphones"", ""original_level"": 4}"
"pcat_01KE1PPSVVB9C5Z1FCNRJBREMM","Over-Ear Headphones","","over-ear-headphones","pcat_01KE1PPB81J41E4DHBVBSK81D1.pcat_01KE1PPBAB99K7X0G0J686QQYP.pcat_01KE1PPRXSNCQBHBTMSBZGBK71.pcat_01KE1PPSN8TRPEQWHXKYHM5R31.pcat_01KE1PPSVVB9C5Z1FCNRJBREMM",True,False,2,"pcat_01KE1PPSN8TRPEQWHXKYHM5R31","2026-01-03 10:33:32.795+00","2026-01-03 10:33:32.795+00",NULL,"{""original_id"": ""12097479011"", ""original_path"": ""Electronics > Portable Audio & Video > MP3 & MP4 Player Accessories > Headphones > Over-Ear Headphones"", ""original_level"": 4}"
"pcat_01KE1PPSY1HQ5MT9PFKD8SBKKW","Lens Attachments","","lens-attachments","pcat_01KE1PPB81J41E4DHBVBSK81D1.pcat_01KE1PPBAB99K7X0G0J686QQYP.pcat_01KE1PPRXSNCQBHBTMSBZGBK71.pcat_01KE1PPSY1HQ5MT9PFKD8SBKKW",True,False,5,"pcat_01KE1PPRXSNCQBHBTMSBZGBK71","2026-01-03 10:33:32.866+00","2026-01-03 10:33:32.866+00",NULL,"{""original_id"": ""15124502011"", ""original_path"": ""Electronics > Accessories & Supplies > Cell Phone Accessories > Lens Attachments"", ""original_level"": 3}"
"pcat_01KE1PPSZV4H1AHV8CS30CQWMD","Mobile Flashes & Selfie Lights","","mobile-flashes-selfie-lights","pcat_01KE1PPB81J41E4DHBVBSK81D1.pcat_01KE1PPBAB99K7X0G0J686QQYP.pcat_01KE1PPRXSNCQBHBTMSBZGBK71.pcat_01KE1PPSZV4H1AHV8CS30CQWMD",True,False,6,"pcat_01KE1PPRXSNCQBHBTMSBZGBK71","2026-01-03 10:33:32.923+00","2026-01-03 10:33:32.923+00",NULL,"{""original_id"": ""18007875011"", ""original_path"": ""Electronics > Accessories & Supplies > Cell Phone Accessories > Mobile Flashes & Selfie Lights"", ""original_level"": 3}"
"pcat_01KE1PPT1Z0BXVKJW6JPK5DZ3A","Mounts & Stands","","mounts-stands","pcat_01KE1PPB81J41E4DHBVBSK81D1.pcat_01KE1PPBAB99K7X0G0J686QQYP.pcat_01KE1PPRXSNCQBHBTMSBZGBK71.pcat_01KE1PPT1Z0BXVKJW6JPK5DZ3A",True,False,7,"pcat_01KE1PPRXSNCQBHBTMSBZGBK71","2026-01-03 10:33:32.991+00","2026-01-03 10:33:32.991+00",NULL,"{""original_id"": ""7072563011"", ""original_path"": ""Electronics > Accessories & Supplies > Cell Phone Accessories > Mounts & Stands"", ""original_level"": 3}"
"pcat_01KE1PPBCPC41GN0SE179AHSRT","Audio & Video Accessories","","audio-video-accessories","pcat_01KE1PPB81J41E4DHBVBSK81D1.pcat_01KE1PPBAB99K7X0G0J686QQYP.pcat_01KE1PPBCPC41GN0SE179AHSRT",True,False,0,"pcat_01KE1PPBAB99K7X0G0J686QQYP","2026-01-03 10:33:17.974+00","2026-01-03 10:33:17.974+00",NULL,"{""original_id"": ""172532"", ""original_path"": ""Electronics > Accessories & Supplies > Audio & Video Accessories"", ""original_level"": 2}"
"pcat_01KE1PPBEW2QYYABJK23F5K958","Connectors & Adapters","","connectors-adapters","pcat_01KE1PPB81J41E4DHBVBSK81D1.pcat_01KE1PPBAB99K7X0G0J686QQYP.pcat_01KE1PPBCPC41GN0SE179AHSRT.pcat_01KE1PPBEW2QYYABJK23F5K958",True,False,0,"pcat_01KE1PPBCPC41GN0SE179AHSRT","2026-01-03 10:33:18.044+00","2026-01-03 10:33:18.044+00",NULL,"{""original_id"": ""172544"", ""original_path"": ""Electronics > Accessories & Supplies > Audio & Video Accessories > Connectors & Adapters"", ""original_level"": 3}"
"pcat_01KE1PPBGZV1KYY2FZ1G868AZK","Crossover Parts","","crossover-parts","pcat_01KE1PPB81J41E4DHBVBSK81D1.pcat_01KE1PPBAB99K7X0G0J686QQYP.pcat_01KE1PPBCPC41GN0SE179AHSRT.pcat_01KE1PPBGZV1KYY2FZ1G868AZK",True,False,1,"pcat_01KE1PPBCPC41GN0SE179AHSRT","2026-01-03 10:33:18.111+00","2026-01-03 10:33:18.111+00",NULL,"{""original_id"": ""11042391"", ""original_path"": ""Electronics > Accessories & Supplies > Audio & Video Accessories > Crossover Parts"", ""original_level"": 3}"
"pcat_01KE1PPBK3Q2Y7KN63EXMWJEXM","Digital-to-Analog Converters","","digital-to-analog-converters","pcat_01KE1PPB81J41E4DHBVBSK81D1.pcat_01KE1PPBAB99K7X0G0J686QQYP.pcat_01KE1PPBCPC41GN0SE179AHSRT.pcat_01KE1PPBK3Q2Y7KN63EXMWJEXM",True,False,2,"pcat_01KE1PPBCPC41GN0SE179AHSRT","2026-01-03 10:33:18.179+00","2026-01-03 10:33:18.179+00",NULL,"{""original_id"": ""3224445011"", ""original_path"": ""Electronics > Accessories & Supplies > Audio & Video Accessories > Digital-to-Analog Converters"", ""original_level"": 3}"
"pcat_01KE1PPBNP6TKNBCR1NKWZDZS6","Distribution","","distribution","pcat_01KE1PPB81J41E4DHBVBSK81D1.pcat_01KE1PPBAB99K7X0G0J686QQYP.pcat_01KE1PPBCPC41GN0SE179AHSRT.pcat_01KE1PPBNP6TKNBCR1NKWZDZS6",True,False,3,"pcat_01KE1PPBCPC41GN0SE179AHSRT","2026-01-03 10:33:18.262+00","2026-01-03 10:33:18.262+00",NULL,"{""original_id"": ""11041931"", ""original_path"": ""Electronics > Accessories & Supplies > Audio & Video Accessories > Distribution"", ""original_level"": 3}"
"pcat_01KE1PPBRAKYTA6P1W595YAVA5","Distribution Panels","","distribution-panels","pcat_01KE1PPB81J41E4DHBVBSK81D1.pcat_01KE1PPBAB99K7X0G0J686QQYP.pcat_01KE1PPBCPC41GN0SE179AHSRT.pcat_01KE1PPBNP6TKNBCR1NKWZDZS6.pcat_01KE1PPBRAKYTA6P1W595YAVA5",True,False,0,"pcat_01KE1PPBNP6TKNBCR1NKWZDZS6","2026-01-03 10:33:18.346+00","2026-01-03 10:33:18.346+00",NULL,"{""original_id"": ""11041971"", ""original_path"": ""Electronics > Accessories & Supplies > Audio & Video Accessories > Distribution > Distribution Panels"", ""original_level"": 4}"
"pcat_01KE1PPBTG2PSXHCNCBBG2MQJ7","Selector Switch Boxes","","selector-switch-boxes","pcat_01KE1PPB81J41E4DHBVBSK81D1.pcat_01KE1PPBAB99K7X0G0J686QQYP.pcat_01KE1PPBCPC41GN0SE179AHSRT.pcat_01KE1PPBNP6TKNBCR1NKWZDZS6.pcat_01KE1PPBTG2PSXHCNCBBG2MQJ7",True,False,1,"pcat_01KE1PPBNP6TKNBCR1NKWZDZS6","2026-01-03 10:33:18.417+00","2026-01-03 10:33:18.417+00",NULL,"{""original_id"": ""172546"", ""original_path"": ""Electronics > Accessories & Supplies > Audio & Video Accessories > Distribution > Selector Switch Boxes"", ""original_level"": 4}"
"pcat_01KE1PQVAD1J3J3PCZM4M0QFCV","Streaming Media Players","","streaming-media-players","pcat_01KE1PPB81J41E4DHBVBSK81D1.pcat_01KE1PQNSFKWS419CNSEJ5KZM9.pcat_01KE1PQTEMJ5J44CE0VD4FQNTN.pcat_01KE1PQVAD1J3J3PCZM4M0QFCV",True,False,10,"pcat_01KE1PQTEMJ5J44CE0VD4FQNTN","2026-01-03 10:34:07.054+00","2026-01-03 10:34:07.054+00",NULL,"{""original_id"": ""13447451"", ""original_path"": ""Computers > Networking Products > Streaming Media Players"", ""original_level"": 3}"
"pcat_01KE1PPT43Y33ZD27YE3KSDJNA","Stands","","stands","pcat_01KE1PPB81J41E4DHBVBSK81D1.pcat_01KE1PPBAB99K7X0G0J686QQYP.pcat_01KE1PPRXSNCQBHBTMSBZGBK71.pcat_01KE1PPT1Z0BXVKJW6JPK5DZ3A.pcat_01KE1PPT43Y33ZD27YE3KSDJNA",True,False,0,"pcat_01KE1PPT1Z0BXVKJW6JPK5DZ3A","2026-01-03 10:33:33.06+00","2026-01-03 10:33:33.06+00",NULL,"{""original_id"": ""7073961011"", ""original_path"": ""Electronics > Accessories & Supplies > Cell Phone Accessories > Mounts & Stands > Stands"", ""original_level"": 4}"
"pcat_01KE1PPT5VRHH5BPE00WSQC4TA","Phone Charms","","phone-charms","pcat_01KE1PPB81J41E4DHBVBSK81D1.pcat_01KE1PPBAB99K7X0G0J686QQYP.pcat_01KE1PPRXSNCQBHBTMSBZGBK71.pcat_01KE1PPT5VRHH5BPE00WSQC4TA",True,False,8,"pcat_01KE1PPRXSNCQBHBTMSBZGBK71","2026-01-03 10:33:33.115+00","2026-01-03 10:33:33.115+00",NULL,"{""original_id"": ""2407779011"", ""original_path"": ""Electronics > Accessories & Supplies > Cell Phone Accessories > Phone Charms"", ""original_level"": 3}"
"pcat_01KE1PPT7XPM46DFJEDTS7R9GR","Portable Speakers & Audio Docks","","portable-speakers-audio-docks","pcat_01KE1PPB81J41E4DHBVBSK81D1.pcat_01KE1PPBAB99K7X0G0J686QQYP.pcat_01KE1PPRXSNCQBHBTMSBZGBK71.pcat_01KE1PPT7XPM46DFJEDTS7R9GR",True,False,9,"pcat_01KE1PPRXSNCQBHBTMSBZGBK71","2026-01-03 10:33:33.181+00","2026-01-03 10:33:33.181+00",NULL,"{""original_id"": ""689637011"", ""original_path"": ""Electronics > Accessories & Supplies > Cell Phone Accessories > Portable Speakers & Audio Docks"", ""original_level"": 3}"
"pcat_01KE1PPT9VV1K9TTVN27NM26WM","Audio Docks","","audio-docks","pcat_01KE1PPB81J41E4DHBVBSK81D1.pcat_01KE1PPBAB99K7X0G0J686QQYP.pcat_01KE1PPRXSNCQBHBTMSBZGBK71.pcat_01KE1PPT7XPM46DFJEDTS7R9GR.pcat_01KE1PPT9VV1K9TTVN27NM26WM",True,False,0,"pcat_01KE1PPT7XPM46DFJEDTS7R9GR","2026-01-03 10:33:33.243+00","2026-01-03 10:33:33.243+00",NULL,"{""original_id"": ""13996491"", ""original_path"": ""Electronics > Accessories & Supplies > Cell Phone Accessories > Portable Speakers & Audio Docks > Audio Docks"", ""original_level"": 4}"
"pcat_01KE1PPTC1H9X82PZXY8K76750","Portable Bluetooth Speakers","","portable-bluetooth-speakers","pcat_01KE1PPB81J41E4DHBVBSK81D1.pcat_01KE1PPBAB99K7X0G0J686QQYP.pcat_01KE1PPRXSNCQBHBTMSBZGBK71.pcat_01KE1PPT7XPM46DFJEDTS7R9GR.pcat_01KE1PPTC1H9X82PZXY8K76750",True,False,1,"pcat_01KE1PPT7XPM46DFJEDTS7R9GR","2026-01-03 10:33:33.313+00","2026-01-03 10:33:33.313+00",NULL,"{""original_id"": ""7073956011"", ""original_path"": ""Electronics > Accessories & Supplies > Cell Phone Accessories > Portable Speakers & Audio Docks > Portable Bluetooth Speakers"", ""original_level"": 4}"
"pcat_01KE1PPYA9JAR0ZQVRKEAN977H","Cleaning & Repair","","cleaning-repair","pcat_01KE1PPB81J41E4DHBVBSK81D1.pcat_01KE1PPBAB99K7X0G0J686QQYP.pcat_01KE1PPVM97MY0BBVK3Y2GJDZS.pcat_01KE1PPYA9JAR0ZQVRKEAN977H",True,False,5,"pcat_01KE1PPVM97MY0BBVK3Y2GJDZS","2026-01-03 10:33:37.353+00","2026-01-03 10:33:37.353+00",NULL,"{""original_id"": ""281501"", ""original_path"": ""Electronics > Accessories & Supplies > Computer Accessories > Cleaning & Repair"", ""original_level"": 3}"
"pcat_01KE1PPXC36ZGCRR26YFYWWC2J","Cat 5e Cables","","cat-5e-cables","pcat_01KE1PPB81J41E4DHBVBSK81D1.pcat_01KE1PPBAB99K7X0G0J686QQYP.pcat_01KE1PPVM97MY0BBVK3Y2GJDZS.pcat_01KE1PPX58FWFRFRFVNFXF89ES.pcat_01KE1PPX7AT6Z3GK1DK9SNB53S.pcat_01KE1PPXC36ZGCRR26YFYWWC2J",True,False,1,"pcat_01KE1PPX7AT6Z3GK1DK9SNB53S","2026-01-03 10:33:36.387+00","2026-01-03 10:33:36.387+00",NULL,"{""original_id"": ""9938477011"", ""original_path"": ""Electronics > Accessories & Supplies > Computer Accessories > Cables & Interconnects > Ethernet Cables > Cat 5e Cables"", ""original_level"": 0}"
"pcat_01KE1PPXDYQ4BK1TGW6GAH1GDW","Cat 6 Cables","","cat-6-cables","pcat_01KE1PPB81J41E4DHBVBSK81D1.pcat_01KE1PPBAB99K7X0G0J686QQYP.pcat_01KE1PPVM97MY0BBVK3Y2GJDZS.pcat_01KE1PPX58FWFRFRFVNFXF89ES.pcat_01KE1PPX7AT6Z3GK1DK9SNB53S.pcat_01KE1PPXDYQ4BK1TGW6GAH1GDW",True,False,2,"pcat_01KE1PPX7AT6Z3GK1DK9SNB53S","2026-01-03 10:33:36.446+00","2026-01-03 10:33:36.446+00",NULL,"{""original_id"": ""9938478011"", ""original_path"": ""Electronics > Accessories & Supplies > Computer Accessories > Cables & Interconnects > Ethernet Cables > Cat 6 Cables"", ""original_level"": 0}"
"pcat_01KE1PPXFY00VV2SNXV9V8ZQ2Y","Cat 7 Cables","","cat-7-cables","pcat_01KE1PPB81J41E4DHBVBSK81D1.pcat_01KE1PPBAB99K7X0G0J686QQYP.pcat_01KE1PPVM97MY0BBVK3Y2GJDZS.pcat_01KE1PPX58FWFRFRFVNFXF89ES.pcat_01KE1PPX7AT6Z3GK1DK9SNB53S.pcat_01KE1PPXFY00VV2SNXV9V8ZQ2Y",True,False,3,"pcat_01KE1PPX7AT6Z3GK1DK9SNB53S","2026-01-03 10:33:36.51+00","2026-01-03 10:33:36.51+00",NULL,"{""original_id"": ""9938479011"", ""original_path"": ""Electronics > Accessories & Supplies > Computer Accessories > Cables & Interconnects > Ethernet Cables > Cat 7 Cables"", ""original_level"": 0}"
"pcat_01KE1PPXHWJMXGHYB2BQYFJ1HS","Lightning Cables","","lightning-cables","pcat_01KE1PPB81J41E4DHBVBSK81D1.pcat_01KE1PPBAB99K7X0G0J686QQYP.pcat_01KE1PPVM97MY0BBVK3Y2GJDZS.pcat_01KE1PPX58FWFRFRFVNFXF89ES.pcat_01KE1PPXHWJMXGHYB2BQYFJ1HS",True,False,1,"pcat_01KE1PPX58FWFRFRFVNFXF89ES","2026-01-03 10:33:36.572+00","2026-01-03 10:33:36.572+00",NULL,"{""original_id"": ""6795233011"", ""original_path"": ""Electronics > Accessories & Supplies > Computer Accessories > Cables & Interconnects > Lightning Cables"", ""original_level"": 4}"
"pcat_01KE1PPXKTBHWQSYEWG76ANC5E","Mini-SAS Cables","","mini-sas-cables","pcat_01KE1PPB81J41E4DHBVBSK81D1.pcat_01KE1PPBAB99K7X0G0J686QQYP.pcat_01KE1PPVM97MY0BBVK3Y2GJDZS.pcat_01KE1PPX58FWFRFRFVNFXF89ES.pcat_01KE1PPXKTBHWQSYEWG76ANC5E",True,False,2,"pcat_01KE1PPX58FWFRFRFVNFXF89ES","2026-01-03 10:33:36.634+00","2026-01-03 10:33:36.634+00",NULL,"{""original_id"": ""6795231011"", ""original_path"": ""Electronics > Accessories & Supplies > Computer Accessories > Cables & Interconnects > Mini-SAS Cables"", ""original_level"": 4}"
"pcat_01KE1PQEB92AA39GMKC2CWYHGJ","Printers & Scanners","","printers-scanners","pcat_01KE1PPB81J41E4DHBVBSK81D1.pcat_01KE1PQBSF8H60HAS574QN4G91.pcat_01KE1PQEB92AA39GMKC2CWYHGJ",True,False,4,"pcat_01KE1PQBSF8H60HAS574QN4G91","2026-01-03 10:33:53.769+00","2026-01-03 10:33:53.769+00",NULL,"{""original_id"": ""499328"", ""original_path"": ""Electronics > Camera & Photo > Printers & Scanners"", ""original_level"": 2}"
"pcat_01KE1PPXNP1KJ97FNJRZQW5N52","Modem Cables","","modem-cables","pcat_01KE1PPB81J41E4DHBVBSK81D1.pcat_01KE1PPBAB99K7X0G0J686QQYP.pcat_01KE1PPVM97MY0BBVK3Y2GJDZS.pcat_01KE1PPX58FWFRFRFVNFXF89ES.pcat_01KE1PPXNP1KJ97FNJRZQW5N52",True,False,3,"pcat_01KE1PPX58FWFRFRFVNFXF89ES","2026-01-03 10:33:36.694+00","2026-01-03 10:33:36.694+00",NULL,"{""original_id"": ""464406"", ""original_path"": ""Electronics > Accessories & Supplies > Computer Accessories > Cables & Interconnects > Modem Cables"", ""original_level"": 4}"
"pcat_01KE1PPXQQQV03281K350E37Z9","PS/2 Cables","","ps-2-cables","pcat_01KE1PPB81J41E4DHBVBSK81D1.pcat_01KE1PPBAB99K7X0G0J686QQYP.pcat_01KE1PPVM97MY0BBVK3Y2GJDZS.pcat_01KE1PPX58FWFRFRFVNFXF89ES.pcat_01KE1PPXQQQV03281K350E37Z9",True,False,4,"pcat_01KE1PPX58FWFRFRFVNFXF89ES","2026-01-03 10:33:36.759+00","2026-01-03 10:33:36.759+00",NULL,"{""original_id"": ""3015392011"", ""original_path"": ""Electronics > Accessories & Supplies > Computer Accessories > Cables & Interconnects > PS/2 Cables"", ""original_level"": 4}"
"pcat_01KE1PPXSMKZ89EC4JB489HF94","Parallel Cables","","parallel-cables","pcat_01KE1PPB81J41E4DHBVBSK81D1.pcat_01KE1PPBAB99K7X0G0J686QQYP.pcat_01KE1PPVM97MY0BBVK3Y2GJDZS.pcat_01KE1PPX58FWFRFRFVNFXF89ES.pcat_01KE1PPXSMKZ89EC4JB489HF94",True,False,5,"pcat_01KE1PPX58FWFRFRFVNFXF89ES","2026-01-03 10:33:36.82+00","2026-01-03 10:33:36.82+00",NULL,"{""original_id"": ""172637"", ""original_path"": ""Electronics > Accessories & Supplies > Computer Accessories > Cables & Interconnects > Parallel Cables"", ""original_level"": 4}"
"pcat_01KE1PPXVAA9GDEDS4E4RV9GE7","Power Cables","","power-cables","pcat_01KE1PPB81J41E4DHBVBSK81D1.pcat_01KE1PPBAB99K7X0G0J686QQYP.pcat_01KE1PPVM97MY0BBVK3Y2GJDZS.pcat_01KE1PPX58FWFRFRFVNFXF89ES.pcat_01KE1PPXVAA9GDEDS4E4RV9GE7",True,False,6,"pcat_01KE1PPX58FWFRFRFVNFXF89ES","2026-01-03 10:33:36.874+00","2026-01-03 10:33:36.874+00",NULL,"{""original_id"": ""597260"", ""original_path"": ""Electronics > Accessories & Supplies > Computer Accessories > Cables & Interconnects > Power Cables"", ""original_level"": 4}"
"pcat_01KE1PPXX75XZA8VNRRF30P08A","SATA Cables","","sata-cables","pcat_01KE1PPB81J41E4DHBVBSK81D1.pcat_01KE1PPBAB99K7X0G0J686QQYP.pcat_01KE1PPVM97MY0BBVK3Y2GJDZS.pcat_01KE1PPX58FWFRFRFVNFXF89ES.pcat_01KE1PPXX75XZA8VNRRF30P08A",True,False,7,"pcat_01KE1PPX58FWFRFRFVNFXF89ES","2026-01-03 10:33:36.935+00","2026-01-03 10:33:36.935+00",NULL,"{""original_id"": ""3015394011"", ""original_path"": ""Electronics > Accessories & Supplies > Computer Accessories > Cables & Interconnects > SATA Cables"", ""original_level"": 4}"
"pcat_01KE1PPXZK4Y32PXJFCS3CWKN2","SCSI Cables","","scsi-cables","pcat_01KE1PPB81J41E4DHBVBSK81D1.pcat_01KE1PPBAB99K7X0G0J686QQYP.pcat_01KE1PPVM97MY0BBVK3Y2GJDZS.pcat_01KE1PPX58FWFRFRFVNFXF89ES.pcat_01KE1PPXZK4Y32PXJFCS3CWKN2",True,False,8,"pcat_01KE1PPX58FWFRFRFVNFXF89ES","2026-01-03 10:33:37.012+00","2026-01-03 10:33:37.012+00",NULL,"{""original_id"": ""573446"", ""original_path"": ""Electronics > Accessories & Supplies > Computer Accessories > Cables & Interconnects > SCSI Cables"", ""original_level"": 4}"
"pcat_01KE1PPY1ZH1PF4A8QYSY24VHP","Serial Cables","","serial-cables","pcat_01KE1PPB81J41E4DHBVBSK81D1.pcat_01KE1PPBAB99K7X0G0J686QQYP.pcat_01KE1PPVM97MY0BBVK3Y2GJDZS.pcat_01KE1PPX58FWFRFRFVNFXF89ES.pcat_01KE1PPY1ZH1PF4A8QYSY24VHP",True,False,9,"pcat_01KE1PPX58FWFRFRFVNFXF89ES","2026-01-03 10:33:37.087+00","2026-01-03 10:33:37.087+00",NULL,"{""original_id"": ""464404"", ""original_path"": ""Electronics > Accessories & Supplies > Computer Accessories > Cables & Interconnects > Serial Cables"", ""original_level"": 4}"
"pcat_01KE1PPY420VC9PTCTVEFS6ZW1","Thunderbolt Cables","","thunderbolt-cables","pcat_01KE1PPB81J41E4DHBVBSK81D1.pcat_01KE1PPBAB99K7X0G0J686QQYP.pcat_01KE1PPVM97MY0BBVK3Y2GJDZS.pcat_01KE1PPX58FWFRFRFVNFXF89ES.pcat_01KE1PPY420VC9PTCTVEFS6ZW1",True,False,10,"pcat_01KE1PPX58FWFRFRFVNFXF89ES","2026-01-03 10:33:37.154+00","2026-01-03 10:33:37.154+00",NULL,"{""original_id"": ""6795232011"", ""original_path"": ""Electronics > Accessories & Supplies > Computer Accessories > Cables & Interconnects > Thunderbolt Cables"", ""original_level"": 4}"
"pcat_01KE1PPY6BD0ND0NX74DBNVGS5","USB Cables","","usb-cables","pcat_01KE1PPB81J41E4DHBVBSK81D1.pcat_01KE1PPBAB99K7X0G0J686QQYP.pcat_01KE1PPVM97MY0BBVK3Y2GJDZS.pcat_01KE1PPX58FWFRFRFVNFXF89ES.pcat_01KE1PPY6BD0ND0NX74DBNVGS5",True,False,11,"pcat_01KE1PPX58FWFRFRFVNFXF89ES","2026-01-03 10:33:37.227+00","2026-01-03 10:33:37.227+00",NULL,"{""original_id"": ""464394"", ""original_path"": ""Electronics > Accessories & Supplies > Computer Accessories > Cables & Interconnects > USB Cables"", ""original_level"": 4}"
"pcat_01KE1PQ2NRW18AG57RZWKX4747","Scanner Accessories","","scanner-accessories","pcat_01KE1PPB81J41E4DHBVBSK81D1.pcat_01KE1PPBAB99K7X0G0J686QQYP.pcat_01KE1PPVM97MY0BBVK3Y2GJDZS.pcat_01KE1PQ2NRW18AG57RZWKX4747",True,False,15,"pcat_01KE1PPVM97MY0BBVK3Y2GJDZS","2026-01-03 10:33:41.816+00","2026-01-03 10:33:41.816+00",NULL,"{""original_id"": ""172585"", ""original_path"": ""Electronics > Accessories & Supplies > Computer Accessories > Scanner Accessories"", ""original_level"": 3}"
"pcat_01KE1PPYC451JJ3PFNYTEY2SDM","Compressed Air Dusters","","compressed-air-dusters","pcat_01KE1PPB81J41E4DHBVBSK81D1.pcat_01KE1PPBAB99K7X0G0J686QQYP.pcat_01KE1PPVM97MY0BBVK3Y2GJDZS.pcat_01KE1PPYA9JAR0ZQVRKEAN977H.pcat_01KE1PPYC451JJ3PFNYTEY2SDM",True,False,0,"pcat_01KE1PPYA9JAR0ZQVRKEAN977H","2026-01-03 10:33:37.412+00","2026-01-03 10:33:37.412+00",NULL,"{""original_id"": ""3012916011"", ""original_path"": ""Electronics > Accessories & Supplies > Computer Accessories > Cleaning & Repair > Compressed Air Dusters"", ""original_level"": 4}"
"pcat_01KE1PPYE69H1TYGSNFVPVZNRS","Computer Screws","","computer-screws","pcat_01KE1PPB81J41E4DHBVBSK81D1.pcat_01KE1PPBAB99K7X0G0J686QQYP.pcat_01KE1PPVM97MY0BBVK3Y2GJDZS.pcat_01KE1PPYA9JAR0ZQVRKEAN977H.pcat_01KE1PPYE69H1TYGSNFVPVZNRS",True,False,1,"pcat_01KE1PPYA9JAR0ZQVRKEAN977H","2026-01-03 10:33:37.478+00","2026-01-03 10:33:37.478+00",NULL,"{""original_id"": ""3012917011"", ""original_path"": ""Computers > Computer Accessories & Peripherals > Cleaning & Repair > Computer Screws"", ""original_level"": 4}"
"pcat_01KE1PPYG89QFZE1QCPZX8H3ER","Computer Vacuums","","computer-vacuums","pcat_01KE1PPB81J41E4DHBVBSK81D1.pcat_01KE1PPBAB99K7X0G0J686QQYP.pcat_01KE1PPVM97MY0BBVK3Y2GJDZS.pcat_01KE1PPYA9JAR0ZQVRKEAN977H.pcat_01KE1PPYG89QFZE1QCPZX8H3ER",True,False,2,"pcat_01KE1PPYA9JAR0ZQVRKEAN977H","2026-01-03 10:33:37.544+00","2026-01-03 10:33:37.544+00",NULL,"{""original_id"": ""3012915011"", ""original_path"": ""Computers > Computer Accessories & Peripherals > Cleaning & Repair > Computer Vacuums"", ""original_level"": 4}"
"pcat_01KE1PPYJ6KQG3T6DF6WAPJYDJ","DLT Cleaning Cartridges","","dlt-cleaning-cartridges","pcat_01KE1PPB81J41E4DHBVBSK81D1.pcat_01KE1PPBAB99K7X0G0J686QQYP.pcat_01KE1PPVM97MY0BBVK3Y2GJDZS.pcat_01KE1PPYA9JAR0ZQVRKEAN977H.pcat_01KE1PPYJ6KQG3T6DF6WAPJYDJ",True,False,3,"pcat_01KE1PPYA9JAR0ZQVRKEAN977H","2026-01-03 10:33:37.606+00","2026-01-03 10:33:37.606+00",NULL,"{""original_id"": ""13825541"", ""original_path"": ""Computers > Computer Accessories & Peripherals > Cleaning & Repair > DLT Cleaning Cartridges"", ""original_level"": 4}"
"pcat_01KE1PPYM6NMK13PZNV2VVW5N8","Repair Kits","","repair-kits","pcat_01KE1PPB81J41E4DHBVBSK81D1.pcat_01KE1PPBAB99K7X0G0J686QQYP.pcat_01KE1PPVM97MY0BBVK3Y2GJDZS.pcat_01KE1PPYA9JAR0ZQVRKEAN977H.pcat_01KE1PPYM6NMK13PZNV2VVW5N8",True,False,4,"pcat_01KE1PPYA9JAR0ZQVRKEAN977H","2026-01-03 10:33:37.67+00","2026-01-03 10:33:37.67+00",NULL,"{""original_id"": ""13825561"", ""original_path"": ""Electronics > Accessories & Supplies > Computer Accessories > Cleaning & Repair > Repair Kits"", ""original_level"": 4}"
"pcat_01KE1PPYP9NQ5XYGZ6WE69RMMQ","Computer Cable Adapters","","computer-cable-adapters","pcat_01KE1PPB81J41E4DHBVBSK81D1.pcat_01KE1PPBAB99K7X0G0J686QQYP.pcat_01KE1PPVM97MY0BBVK3Y2GJDZS.pcat_01KE1PPYP9NQ5XYGZ6WE69RMMQ",True,False,6,"pcat_01KE1PPVM97MY0BBVK3Y2GJDZS","2026-01-03 10:33:37.737+00","2026-01-03 10:33:37.737+00",NULL,"{""original_id"": ""172472"", ""original_path"": ""Electronics > Accessories & Supplies > Computer Accessories > Computer Cable Adapters"", ""original_level"": 3}"
"pcat_01KE1PPYR6D2521746ZA0XMZ3R","DVI-HDMI Adapters","","dvi-hdmi-adapters","pcat_01KE1PPB81J41E4DHBVBSK81D1.pcat_01KE1PPBAB99K7X0G0J686QQYP.pcat_01KE1PPVM97MY0BBVK3Y2GJDZS.pcat_01KE1PPYP9NQ5XYGZ6WE69RMMQ.pcat_01KE1PPYR6D2521746ZA0XMZ3R",True,False,0,"pcat_01KE1PPYP9NQ5XYGZ6WE69RMMQ","2026-01-03 10:33:37.798+00","2026-01-03 10:33:37.798+00",NULL,"{""original_id"": ""3015395011"", ""original_path"": ""Electronics > Computers & Accessories > Computer Accessories & Peripherals > Computer Cable Adapters > DVI-HDMI Adapters"", ""original_level"": 4}"
"pcat_01KE1PPYT5JW71TKGY0JQ0SB5S","Firewire Adapters","","firewire-adapters","pcat_01KE1PPB81J41E4DHBVBSK81D1.pcat_01KE1PPBAB99K7X0G0J686QQYP.pcat_01KE1PPVM97MY0BBVK3Y2GJDZS.pcat_01KE1PPYP9NQ5XYGZ6WE69RMMQ.pcat_01KE1PPYT5JW71TKGY0JQ0SB5S",True,False,1,"pcat_01KE1PPYP9NQ5XYGZ6WE69RMMQ","2026-01-03 10:33:37.861+00","2026-01-03 10:33:37.861+00",NULL,"{""original_id"": ""3015396011"", ""original_path"": ""Electronics > Accessories & Supplies > Computer Accessories > Computer Cable Adapters > Firewire Adapters"", ""original_level"": 4}"
"pcat_01KE1PPYW0HBTNP5G29KVT66Z0","Gender Changers","","gender-changers","pcat_01KE1PPB81J41E4DHBVBSK81D1.pcat_01KE1PPBAB99K7X0G0J686QQYP.pcat_01KE1PPVM97MY0BBVK3Y2GJDZS.pcat_01KE1PPYP9NQ5XYGZ6WE69RMMQ.pcat_01KE1PPYW0HBTNP5G29KVT66Z0",True,False,2,"pcat_01KE1PPYP9NQ5XYGZ6WE69RMMQ","2026-01-03 10:33:37.92+00","2026-01-03 10:33:37.92+00",NULL,"{""original_id"": ""3015397011"", ""original_path"": ""Electronics > Computers & Accessories > Computer Accessories & Peripherals > Computer Cable Adapters > Gender Changers"", ""original_level"": 4}"
"pcat_01KE1PPYY2KR31FF7GMXSV901B","HDMI-to-VGA Adapters","","hdmi-to-vga-adapters","pcat_01KE1PPB81J41E4DHBVBSK81D1.pcat_01KE1PPBAB99K7X0G0J686QQYP.pcat_01KE1PPVM97MY0BBVK3Y2GJDZS.pcat_01KE1PPYP9NQ5XYGZ6WE69RMMQ.pcat_01KE1PPYY2KR31FF7GMXSV901B",True,False,3,"pcat_01KE1PPYP9NQ5XYGZ6WE69RMMQ","2026-01-03 10:33:37.986+00","2026-01-03 10:33:37.986+00",NULL,"{""original_id"": ""14570285011"", ""original_path"": ""Electronics > Accessories & Supplies > Computer Accessories > Computer Cable Adapters > HDMI-to-VGA Adapters"", ""original_level"": 4}"
"pcat_01KE1PPZ06QKRZWPAC56C5HYD7","Parallel Adapters","","parallel-adapters","pcat_01KE1PPB81J41E4DHBVBSK81D1.pcat_01KE1PPBAB99K7X0G0J686QQYP.pcat_01KE1PPVM97MY0BBVK3Y2GJDZS.pcat_01KE1PPYP9NQ5XYGZ6WE69RMMQ.pcat_01KE1PPZ06QKRZWPAC56C5HYD7",True,False,4,"pcat_01KE1PPYP9NQ5XYGZ6WE69RMMQ","2026-01-03 10:33:38.054+00","2026-01-03 10:33:38.054+00",NULL,"{""original_id"": ""3015398011"", ""original_path"": ""Electronics > Accessories & Supplies > Computer Accessories > Computer Cable Adapters > Parallel Adapters"", ""original_level"": 4}"
"pcat_01KE1PPZ2APYC7YQ25HZNC64QE","SCSI Adapters","","scsi-adapters","pcat_01KE1PPB81J41E4DHBVBSK81D1.pcat_01KE1PPBAB99K7X0G0J686QQYP.pcat_01KE1PPVM97MY0BBVK3Y2GJDZS.pcat_01KE1PPYP9NQ5XYGZ6WE69RMMQ.pcat_01KE1PPZ2APYC7YQ25HZNC64QE",True,False,5,"pcat_01KE1PPYP9NQ5XYGZ6WE69RMMQ","2026-01-03 10:33:38.122+00","2026-01-03 10:33:38.122+00",NULL,"{""original_id"": ""3015400011"", ""original_path"": ""Electronics > Accessories & Supplies > Computer Accessories > Computer Cable Adapters > SCSI Adapters"", ""original_level"": 4}"
"pcat_01KE1PPZ499TTS8SRJ6TDZ1K92","Serial Adapters","","serial-adapters","pcat_01KE1PPB81J41E4DHBVBSK81D1.pcat_01KE1PPBAB99K7X0G0J686QQYP.pcat_01KE1PPVM97MY0BBVK3Y2GJDZS.pcat_01KE1PPYP9NQ5XYGZ6WE69RMMQ.pcat_01KE1PPZ499TTS8SRJ6TDZ1K92",True,False,6,"pcat_01KE1PPYP9NQ5XYGZ6WE69RMMQ","2026-01-03 10:33:38.185+00","2026-01-03 10:33:38.185+00",NULL,"{""original_id"": ""3015401011"", ""original_path"": ""Electronics > Accessories & Supplies > Computer Accessories > Computer Cable Adapters > Serial Adapters"", ""original_level"": 4}"
"pcat_01KE1PQ2QNMTG3D6NHC5RQJPPB","USB Gadgets","","usb-gadgets","pcat_01KE1PPB81J41E4DHBVBSK81D1.pcat_01KE1PPBAB99K7X0G0J686QQYP.pcat_01KE1PPVM97MY0BBVK3Y2GJDZS.pcat_01KE1PQ2QNMTG3D6NHC5RQJPPB",True,False,16,"pcat_01KE1PPVM97MY0BBVK3Y2GJDZS","2026-01-03 10:33:41.877+00","2026-01-03 10:33:41.877+00",NULL,"{""original_id"": ""11548961011"", ""original_path"": ""Electronics > Accessories & Supplies > Computer Accessories > USB Gadgets"", ""original_level"": 3}"
"pcat_01KE1PPZ6A26D6FBTJ173XQJZ0","USB-to-USB Adapters","","usb-to-usb-adapters","pcat_01KE1PPB81J41E4DHBVBSK81D1.pcat_01KE1PPBAB99K7X0G0J686QQYP.pcat_01KE1PPVM97MY0BBVK3Y2GJDZS.pcat_01KE1PPYP9NQ5XYGZ6WE69RMMQ.pcat_01KE1PPZ6A26D6FBTJ173XQJZ0",True,False,7,"pcat_01KE1PPYP9NQ5XYGZ6WE69RMMQ","2026-01-03 10:33:38.25+00","2026-01-03 10:33:38.25+00",NULL,"{""original_id"": ""3015402011"", ""original_path"": ""Computers > Computer Accessories & Peripherals > Computer Cable Adapters > USB-to-USB Adapters"", ""original_level"": 4}"
"pcat_01KE1PQ05A6A8Y4W9WA2SK442E","Input Devices","","input-devices","pcat_01KE1PPB81J41E4DHBVBSK81D1.pcat_01KE1PPBAB99K7X0G0J686QQYP.pcat_01KE1PPVM97MY0BBVK3Y2GJDZS.pcat_01KE1PQ05A6A8Y4W9WA2SK442E",True,False,9,"pcat_01KE1PPVM97MY0BBVK3Y2GJDZS","2026-01-03 10:33:39.242+00","2026-01-03 10:33:39.242+00",NULL,"{""original_id"": ""172493"", ""original_path"": ""Electronics > Accessories & Supplies > Computer Accessories > Input Devices"", ""original_level"": 3}"
"pcat_01KE1PPZ87X74QFFRNM65KZ319","USB-to-VGA Adapters","","usb-to-vga-adapters","pcat_01KE1PPB81J41E4DHBVBSK81D1.pcat_01KE1PPBAB99K7X0G0J686QQYP.pcat_01KE1PPVM97MY0BBVK3Y2GJDZS.pcat_01KE1PPYP9NQ5XYGZ6WE69RMMQ.pcat_01KE1PPZ87X74QFFRNM65KZ319",True,False,8,"pcat_01KE1PPYP9NQ5XYGZ6WE69RMMQ","2026-01-03 10:33:38.311+00","2026-01-03 10:33:38.311+00",NULL,"{""original_id"": ""3015403011"", ""original_path"": ""Computers > Computer Accessories & Peripherals > Computer Cable Adapters > USB-to-VGA Adapters"", ""original_level"": 4}"
"pcat_01KE1PPZA8QK0KHRVNAAKJDTVC","Game Hardware","","game-hardware","pcat_01KE1PPB81J41E4DHBVBSK81D1.pcat_01KE1PPBAB99K7X0G0J686QQYP.pcat_01KE1PPVM97MY0BBVK3Y2GJDZS.pcat_01KE1PPZA8QK0KHRVNAAKJDTVC",True,False,7,"pcat_01KE1PPVM97MY0BBVK3Y2GJDZS","2026-01-03 10:33:38.377+00","2026-01-03 10:33:38.377+00",NULL,"{""original_id"": ""172487"", ""original_path"": ""Electronics > Accessories & Supplies > Computer Accessories > Game Hardware"", ""original_level"": 3}"
"pcat_01KE1PPZC5HGNKBCAAQ4W6KDFC","Mac Game Hardware","","mac-game-hardware","pcat_01KE1PPB81J41E4DHBVBSK81D1.pcat_01KE1PPBAB99K7X0G0J686QQYP.pcat_01KE1PPVM97MY0BBVK3Y2GJDZS.pcat_01KE1PPZA8QK0KHRVNAAKJDTVC.pcat_01KE1PPZC5HGNKBCAAQ4W6KDFC",True,False,0,"pcat_01KE1PPZA8QK0KHRVNAAKJDTVC","2026-01-03 10:33:38.437+00","2026-01-03 10:33:38.437+00",NULL,"{""original_id"": ""318812011"", ""original_path"": ""Computers > Computer Accessories & Peripherals > Game Hardware > Mac Game Hardware"", ""original_level"": 4}"
"pcat_01KE1PPZE0KKZSDB499Z9PKT2D","Controllers","","controllers","pcat_01KE1PPB81J41E4DHBVBSK81D1.pcat_01KE1PPBAB99K7X0G0J686QQYP.pcat_01KE1PPVM97MY0BBVK3Y2GJDZS.pcat_01KE1PPZA8QK0KHRVNAAKJDTVC.pcat_01KE1PPZC5HGNKBCAAQ4W6KDFC.pcat_01KE1PPZE0KKZSDB499Z9PKT2D",True,False,0,"pcat_01KE1PPZC5HGNKBCAAQ4W6KDFC","2026-01-03 10:33:38.496+00","2026-01-03 10:33:38.496+00",NULL,"{""original_id"": ""405585011"", ""original_path"": ""Electronics > Accessories & Supplies > Computer Accessories > Game Hardware > Mac Game Hardware > Controllers"", ""original_level"": 0}"
"pcat_01KE1PPZG0MKVEHRS10QP3SPFJ","Gaming Keyboards","","gaming-keyboards","pcat_01KE1PPB81J41E4DHBVBSK81D1.pcat_01KE1PPBAB99K7X0G0J686QQYP.pcat_01KE1PPVM97MY0BBVK3Y2GJDZS.pcat_01KE1PPZA8QK0KHRVNAAKJDTVC.pcat_01KE1PPZC5HGNKBCAAQ4W6KDFC.pcat_01KE1PPZG0MKVEHRS10QP3SPFJ",True,False,1,"pcat_01KE1PPZC5HGNKBCAAQ4W6KDFC","2026-01-03 10:33:38.56+00","2026-01-03 10:33:38.56+00",NULL,"{""original_id"": ""405591011"", ""original_path"": ""Electronics > Computers & Accessories > Computer Accessories & Peripherals > Game Hardware > Mac Game Hardware > Gaming Keyboards"", ""original_level"": 0}"
"pcat_01KE1PPZHWKM1185G7QJ3PFANF","Gaming Mice","","gaming-mice","pcat_01KE1PPB81J41E4DHBVBSK81D1.pcat_01KE1PPBAB99K7X0G0J686QQYP.pcat_01KE1PPVM97MY0BBVK3Y2GJDZS.pcat_01KE1PPZA8QK0KHRVNAAKJDTVC.pcat_01KE1PPZC5HGNKBCAAQ4W6KDFC.pcat_01KE1PPZHWKM1185G7QJ3PFANF",True,False,2,"pcat_01KE1PPZC5HGNKBCAAQ4W6KDFC","2026-01-03 10:33:38.62+00","2026-01-03 10:33:38.62+00",NULL,"{""original_id"": ""405592011"", ""original_path"": ""Electronics > Accessories & Supplies > Computer Accessories > Game Hardware > Mac Game Hardware > Gaming Mice"", ""original_level"": 0}"
"pcat_01KE1PPZKRYEZ7ZCCK1HCQ22PE","Headsets","","headsets","pcat_01KE1PPB81J41E4DHBVBSK81D1.pcat_01KE1PPBAB99K7X0G0J686QQYP.pcat_01KE1PPVM97MY0BBVK3Y2GJDZS.pcat_01KE1PPZA8QK0KHRVNAAKJDTVC.pcat_01KE1PPZC5HGNKBCAAQ4W6KDFC.pcat_01KE1PPZKRYEZ7ZCCK1HCQ22PE",True,False,3,"pcat_01KE1PPZC5HGNKBCAAQ4W6KDFC","2026-01-03 10:33:38.68+00","2026-01-03 10:33:38.68+00",NULL,"{""original_id"": ""405593011"", ""original_path"": ""Electronics > Accessories & Supplies > Computer Accessories > Game Hardware > Mac Game Hardware > Headsets"", ""original_level"": 0}"
"pcat_01KE1PPZNN7FTX8PMXFCZ5568T","PC Game Hardware","","pc-game-hardware","pcat_01KE1PPB81J41E4DHBVBSK81D1.pcat_01KE1PPBAB99K7X0G0J686QQYP.pcat_01KE1PPVM97MY0BBVK3Y2GJDZS.pcat_01KE1PPZA8QK0KHRVNAAKJDTVC.pcat_01KE1PPZNN7FTX8PMXFCZ5568T",True,False,1,"pcat_01KE1PPZA8QK0KHRVNAAKJDTVC","2026-01-03 10:33:38.741+00","2026-01-03 10:33:38.741+00",NULL,"{""original_id"": ""318813011"", ""original_path"": ""Computers > Computer Accessories & Peripherals > Game Hardware > PC Game Hardware"", ""original_level"": 4}"
"pcat_01KE1PPZQT35BMNRH42C6DDAXX","Controllers","","controllers-2","pcat_01KE1PPB81J41E4DHBVBSK81D1.pcat_01KE1PPBAB99K7X0G0J686QQYP.pcat_01KE1PPVM97MY0BBVK3Y2GJDZS.pcat_01KE1PPZA8QK0KHRVNAAKJDTVC.pcat_01KE1PPZNN7FTX8PMXFCZ5568T.pcat_01KE1PPZQT35BMNRH42C6DDAXX",True,False,0,"pcat_01KE1PPZNN7FTX8PMXFCZ5568T","2026-01-03 10:33:38.81+00","2026-01-03 10:33:38.81+00",NULL,"{""original_id"": ""402045011"", ""original_path"": ""Electronics > Accessories & Supplies > Computer Accessories > Game Hardware > PC Game Hardware > Controllers"", ""original_level"": 0}"
"pcat_01KE1PPZSWBGZ9SPPWHW5ZNYXN","Gaming Keyboards","","gaming-keyboards-2","pcat_01KE1PPB81J41E4DHBVBSK81D1.pcat_01KE1PPBAB99K7X0G0J686QQYP.pcat_01KE1PPVM97MY0BBVK3Y2GJDZS.pcat_01KE1PPZA8QK0KHRVNAAKJDTVC.pcat_01KE1PPZNN7FTX8PMXFCZ5568T.pcat_01KE1PPZSWBGZ9SPPWHW5ZNYXN",True,False,1,"pcat_01KE1PPZNN7FTX8PMXFCZ5568T","2026-01-03 10:33:38.876+00","2026-01-03 10:33:38.876+00",NULL,"{""original_id"": ""402051011"", ""original_path"": ""Electronics > Accessories & Supplies > Computer Accessories > Game Hardware > PC Game Hardware > Gaming Keyboards"", ""original_level"": 0}"
"pcat_01KE1PPZVNCW938NRT3KYJ1AGD","Gaming Mice","","gaming-mice-2","pcat_01KE1PPB81J41E4DHBVBSK81D1.pcat_01KE1PPBAB99K7X0G0J686QQYP.pcat_01KE1PPVM97MY0BBVK3Y2GJDZS.pcat_01KE1PPZA8QK0KHRVNAAKJDTVC.pcat_01KE1PPZNN7FTX8PMXFCZ5568T.pcat_01KE1PPZVNCW938NRT3KYJ1AGD",True,False,2,"pcat_01KE1PPZNN7FTX8PMXFCZ5568T","2026-01-03 10:33:38.934+00","2026-01-03 10:33:38.934+00",NULL,"{""original_id"": ""402052011"", ""original_path"": ""Electronics > Accessories & Supplies > Computer Accessories > Game Hardware > PC Game Hardware > Gaming Mice"", ""original_level"": 0}"
"pcat_01KE1PPZXDX047TNKJ34YQ9T4T","Headsets","","headsets-2","pcat_01KE1PPB81J41E4DHBVBSK81D1.pcat_01KE1PPBAB99K7X0G0J686QQYP.pcat_01KE1PPVM97MY0BBVK3Y2GJDZS.pcat_01KE1PPZA8QK0KHRVNAAKJDTVC.pcat_01KE1PPZNN7FTX8PMXFCZ5568T.pcat_01KE1PPZXDX047TNKJ34YQ9T4T",True,False,3,"pcat_01KE1PPZNN7FTX8PMXFCZ5568T","2026-01-03 10:33:38.99+00","2026-01-03 10:33:38.99+00",NULL,"{""original_id"": ""402053011"", ""original_path"": ""Electronics > Accessories & Supplies > Computer Accessories > Game Hardware > PC Game Hardware > Headsets"", ""original_level"": 0}"
"pcat_01KE1PPZZAJMEBH400CP8G9TY2","Hard Drive Accessories","","hard-drive-accessories","pcat_01KE1PPB81J41E4DHBVBSK81D1.pcat_01KE1PPBAB99K7X0G0J686QQYP.pcat_01KE1PPVM97MY0BBVK3Y2GJDZS.pcat_01KE1PPZZAJMEBH400CP8G9TY2",True,False,8,"pcat_01KE1PPVM97MY0BBVK3Y2GJDZS","2026-01-03 10:33:39.05+00","2026-01-03 10:33:39.05+00",NULL,"{""original_id"": ""11548952011"", ""original_path"": ""Electronics > Accessories & Supplies > Computer Accessories > Hard Drive Accessories"", ""original_level"": 3}"
"pcat_01KE1PQ0131VP85727W07C2SM0","Hard Drive Bags & Cases","","hard-drive-bags-cases","pcat_01KE1PPB81J41E4DHBVBSK81D1.pcat_01KE1PPBAB99K7X0G0J686QQYP.pcat_01KE1PPVM97MY0BBVK3Y2GJDZS.pcat_01KE1PPZZAJMEBH400CP8G9TY2.pcat_01KE1PQ0131VP85727W07C2SM0",True,False,0,"pcat_01KE1PPZZAJMEBH400CP8G9TY2","2026-01-03 10:33:39.107+00","2026-01-03 10:33:39.107+00",NULL,"{""original_id"": ""1272251011"", ""original_path"": ""Electronics > Accessories & Supplies > Computer Accessories > Hard Drive Accessories > Hard Drive Bags & Cases"", ""original_level"": 4}"
"pcat_01KE1PQ034Y2SZTRC6DFVHCMX6","Hard Drive Enclosures","","hard-drive-enclosures","pcat_01KE1PPB81J41E4DHBVBSK81D1.pcat_01KE1PPBAB99K7X0G0J686QQYP.pcat_01KE1PPVM97MY0BBVK3Y2GJDZS.pcat_01KE1PPZZAJMEBH400CP8G9TY2.pcat_01KE1PQ034Y2SZTRC6DFVHCMX6",True,False,1,"pcat_01KE1PPZZAJMEBH400CP8G9TY2","2026-01-03 10:33:39.172+00","2026-01-03 10:33:39.172+00",NULL,"{""original_id"": ""160354011"", ""original_path"": ""Electronics > Accessories & Supplies > Computer Accessories > Hard Drive Accessories > Hard Drive Enclosures"", ""original_level"": 4}"
"pcat_01KE1PQ09E0GD2H3V2BEM8X44B","Graphics Tablets","","graphics-tablets","pcat_01KE1PPB81J41E4DHBVBSK81D1.pcat_01KE1PPBAB99K7X0G0J686QQYP.pcat_01KE1PPVM97MY0BBVK3Y2GJDZS.pcat_01KE1PQ05A6A8Y4W9WA2SK442E.pcat_01KE1PQ09E0GD2H3V2BEM8X44B",True,False,1,"pcat_01KE1PQ05A6A8Y4W9WA2SK442E","2026-01-03 10:33:39.374+00","2026-01-03 10:33:39.374+00",NULL,"{""original_id"": ""16034531"", ""original_path"": ""Computers > Computer Accessories & Peripherals > Input Devices > Graphics Tablets"", ""original_level"": 4}"
"pcat_01KE1PQ0BDY3M60CXY5CFDBYHY","Numeric Keypads","","numeric-keypads","pcat_01KE1PPB81J41E4DHBVBSK81D1.pcat_01KE1PPBAB99K7X0G0J686QQYP.pcat_01KE1PPVM97MY0BBVK3Y2GJDZS.pcat_01KE1PQ05A6A8Y4W9WA2SK442E.pcat_01KE1PQ0BDY3M60CXY5CFDBYHY",True,False,2,"pcat_01KE1PQ05A6A8Y4W9WA2SK442E","2026-01-03 10:33:39.437+00","2026-01-03 10:33:39.437+00",NULL,"{""original_id"": ""2998471011"", ""original_path"": ""Computers > Computer Accessories & Peripherals > Input Devices > Numeric Keypads"", ""original_level"": 4}"
"pcat_01KE1PQ0DHD2R88Q1Q9XCF5QCQ","Presentation Pointers","","presentation-pointers","pcat_01KE1PPB81J41E4DHBVBSK81D1.pcat_01KE1PPBAB99K7X0G0J686QQYP.pcat_01KE1PPVM97MY0BBVK3Y2GJDZS.pcat_01KE1PQ05A6A8Y4W9WA2SK442E.pcat_01KE1PQ0DHD2R88Q1Q9XCF5QCQ",True,False,3,"pcat_01KE1PQ05A6A8Y4W9WA2SK442E","2026-01-03 10:33:39.505+00","2026-01-03 10:33:39.505+00",NULL,"{""original_id"": ""160357011"", ""original_path"": ""Computers > Computer Accessories & Peripherals > Input Devices > Presentation Pointers"", ""original_level"": 4}"
"pcat_01KE1PQ0FK7GQRM9R7E31X2CZQ","Styluses","","styluses","pcat_01KE1PPB81J41E4DHBVBSK81D1.pcat_01KE1PPBAB99K7X0G0J686QQYP.pcat_01KE1PPVM97MY0BBVK3Y2GJDZS.pcat_01KE1PQ05A6A8Y4W9WA2SK442E.pcat_01KE1PQ0FK7GQRM9R7E31X2CZQ",True,False,4,"pcat_01KE1PQ05A6A8Y4W9WA2SK442E","2026-01-03 10:33:39.571+00","2026-01-03 10:33:39.571+00",NULL,"{""original_id"": ""11548954011"", ""original_path"": ""Electronics > Accessories & Supplies > Computer Accessories > Input Devices > Styluses"", ""original_level"": 4}"
"pcat_01KE1PQD821BPVC3NX4QHN4ERA","DSLR Cameras","","dslr-cameras","pcat_01KE1PPB81J41E4DHBVBSK81D1.pcat_01KE1PQBSF8H60HAS574QN4G91.pcat_01KE1PQD66B0S9BVT2NXJ002JT.pcat_01KE1PQD821BPVC3NX4QHN4ERA",True,False,0,"pcat_01KE1PQD66B0S9BVT2NXJ002JT","2026-01-03 10:33:52.643+00","2026-01-03 10:33:52.643+00",NULL,"{""original_id"": ""3017941"", ""original_path"": ""Electronics > Camera & Photo > Digital Cameras > DSLR Cameras"", ""original_level"": 3}"
"pcat_01KE1PQ0HZMRCJMZBJTKW5YKT2","Touch Pads","","touch-pads","pcat_01KE1PPB81J41E4DHBVBSK81D1.pcat_01KE1PPBAB99K7X0G0J686QQYP.pcat_01KE1PPVM97MY0BBVK3Y2GJDZS.pcat_01KE1PQ05A6A8Y4W9WA2SK442E.pcat_01KE1PQ0HZMRCJMZBJTKW5YKT2",True,False,5,"pcat_01KE1PQ05A6A8Y4W9WA2SK442E","2026-01-03 10:33:39.648+00","2026-01-03 10:33:39.648+00",NULL,"{""original_id"": ""284719"", ""original_path"": ""Computers > Computer Accessories & Peripherals > Input Devices > Touch Pads"", ""original_level"": 4}"
"pcat_01KE1PQ0KX7M95C7P2B2ARM8NQ","Trackballs","","trackballs","pcat_01KE1PPB81J41E4DHBVBSK81D1.pcat_01KE1PPBAB99K7X0G0J686QQYP.pcat_01KE1PPVM97MY0BBVK3Y2GJDZS.pcat_01KE1PQ05A6A8Y4W9WA2SK442E.pcat_01KE1PQ0KX7M95C7P2B2ARM8NQ",True,False,6,"pcat_01KE1PQ05A6A8Y4W9WA2SK442E","2026-01-03 10:33:39.709+00","2026-01-03 10:33:39.709+00",NULL,"{""original_id"": ""172499"", ""original_path"": ""Electronics > Accessories & Supplies > Computer Accessories > Input Devices > Trackballs"", ""original_level"": 4}"
"pcat_01KE1PQ0NN1Q8RP35CSMRA5NS1","Keyboards, Mice & Accessories","","keyboards-mice-accessories","pcat_01KE1PPB81J41E4DHBVBSK81D1.pcat_01KE1PPBAB99K7X0G0J686QQYP.pcat_01KE1PPVM97MY0BBVK3Y2GJDZS.pcat_01KE1PQ0NN1Q8RP35CSMRA5NS1",True,False,10,"pcat_01KE1PPVM97MY0BBVK3Y2GJDZS","2026-01-03 10:33:39.766+00","2026-01-03 10:33:39.766+00",NULL,"{""original_id"": ""11548956011"", ""original_path"": ""Electronics > Accessories & Supplies > Computer Accessories > Keyboards, Mice & Accessories"", ""original_level"": 3}"
"pcat_01KE1PQ0QHW2QX3DM5E9GB9YH5","Keyboard & Mice Accessories","","keyboard-mice-accessories","pcat_01KE1PPB81J41E4DHBVBSK81D1.pcat_01KE1PPBAB99K7X0G0J686QQYP.pcat_01KE1PPVM97MY0BBVK3Y2GJDZS.pcat_01KE1PQ0NN1Q8RP35CSMRA5NS1.pcat_01KE1PQ0QHW2QX3DM5E9GB9YH5",True,False,0,"pcat_01KE1PQ0NN1Q8RP35CSMRA5NS1","2026-01-03 10:33:39.825+00","2026-01-03 10:33:39.825+00",NULL,"{""original_id"": ""3012566011"", ""original_path"": ""Electronics > Accessories & Supplies > Computer Accessories > Keyboards, Mice & Accessories > Keyboard & Mice Accessories"", ""original_level"": 4}"
"pcat_01KE1PQ0SNJH9SJKG1HA7YZDB6","Keyboard Skins","","keyboard-skins","pcat_01KE1PPB81J41E4DHBVBSK81D1.pcat_01KE1PPBAB99K7X0G0J686QQYP.pcat_01KE1PPVM97MY0BBVK3Y2GJDZS.pcat_01KE1PQ0NN1Q8RP35CSMRA5NS1.pcat_01KE1PQ0QHW2QX3DM5E9GB9YH5.pcat_01KE1PQ0SNJH9SJKG1HA7YZDB6",True,False,0,"pcat_01KE1PQ0QHW2QX3DM5E9GB9YH5","2026-01-03 10:33:39.893+00","2026-01-03 10:33:39.893+00",NULL,"{""original_id"": ""3015407011"", ""original_path"": ""Electronics > Accessories & Supplies > Computer Accessories > Keyboards, Mice & Accessories > Keyboard & Mice Accessories > Keyboard Skins"", ""original_level"": 0}"
"pcat_01KE1PQ0VJHJXX7PMADWXBB719","Mouse Pads","","mouse-pads","pcat_01KE1PPB81J41E4DHBVBSK81D1.pcat_01KE1PPBAB99K7X0G0J686QQYP.pcat_01KE1PPVM97MY0BBVK3Y2GJDZS.pcat_01KE1PQ0NN1Q8RP35CSMRA5NS1.pcat_01KE1PQ0QHW2QX3DM5E9GB9YH5.pcat_01KE1PQ0VJHJXX7PMADWXBB719",True,False,1,"pcat_01KE1PQ0QHW2QX3DM5E9GB9YH5","2026-01-03 10:33:39.954+00","2026-01-03 10:33:39.954+00",NULL,"{""original_id"": ""705323011"", ""original_path"": ""Electronics > Accessories & Supplies > Computer Accessories > Keyboards, Mice & Accessories > Keyboard & Mice Accessories > Mouse Pads"", ""original_level"": 0}"
"pcat_01KE1PQ0XD6MVRK2NWQM821PVF","Wrist Rests","","wrist-rests","pcat_01KE1PPB81J41E4DHBVBSK81D1.pcat_01KE1PPBAB99K7X0G0J686QQYP.pcat_01KE1PPVM97MY0BBVK3Y2GJDZS.pcat_01KE1PQ0NN1Q8RP35CSMRA5NS1.pcat_01KE1PQ0QHW2QX3DM5E9GB9YH5.pcat_01KE1PQ0XD6MVRK2NWQM821PVF",True,False,2,"pcat_01KE1PQ0QHW2QX3DM5E9GB9YH5","2026-01-03 10:33:40.014+00","2026-01-03 10:33:40.014+00",NULL,"{""original_id"": ""705324011"", ""original_path"": ""Electronics > Accessories & Supplies > Computer Accessories > Keyboards, Mice & Accessories > Keyboard & Mice Accessories > Wrist Rests"", ""original_level"": 0}"
"pcat_01KE1PQ3Z91XZ07XRPD8K3VVWW","Home Audio Accessories","","home-audio-accessories","pcat_01KE1PPB81J41E4DHBVBSK81D1.pcat_01KE1PPBAB99K7X0G0J686QQYP.pcat_01KE1PQ3Z91XZ07XRPD8K3VVWW",True,False,7,"pcat_01KE1PPBAB99K7X0G0J686QQYP","2026-01-03 10:33:43.145+00","2026-01-03 10:33:43.145+00",NULL,"{""original_id"": ""3236443011"", ""original_path"": ""Electronics > Accessories & Supplies > Home Audio Accessories"", ""original_level"": 2}"
"pcat_01KE1PQ0ZBEDNBKDDV6B1T2199","Keyboard & Mouse Combos","","keyboard-mouse-combos","pcat_01KE1PPB81J41E4DHBVBSK81D1.pcat_01KE1PPBAB99K7X0G0J686QQYP.pcat_01KE1PPVM97MY0BBVK3Y2GJDZS.pcat_01KE1PQ0NN1Q8RP35CSMRA5NS1.pcat_01KE1PQ0ZBEDNBKDDV6B1T2199",True,False,1,"pcat_01KE1PQ0NN1Q8RP35CSMRA5NS1","2026-01-03 10:33:40.075+00","2026-01-03 10:33:40.075+00",NULL,"{""original_id"": ""1194464"", ""original_path"": ""Electronics > Accessories & Supplies > Computer Accessories > Keyboards, Mice & Accessories > Keyboard & Mouse Combos"", ""original_level"": 4}"
"pcat_01KE1PQ11CNV0EQSTWCS3HR9YZ","Keyboards","","keyboards","pcat_01KE1PPB81J41E4DHBVBSK81D1.pcat_01KE1PPBAB99K7X0G0J686QQYP.pcat_01KE1PPVM97MY0BBVK3Y2GJDZS.pcat_01KE1PQ0NN1Q8RP35CSMRA5NS1.pcat_01KE1PQ11CNV0EQSTWCS3HR9YZ",True,False,2,"pcat_01KE1PQ0NN1Q8RP35CSMRA5NS1","2026-01-03 10:33:40.14+00","2026-01-03 10:33:40.14+00",NULL,"{""original_id"": ""12879431"", ""original_path"": ""Electronics > Accessories & Supplies > Computer Accessories > Keyboards, Mice & Accessories > Keyboards"", ""original_level"": 4}"
"pcat_01KE1PQ13A40JFQN1DC92KVDP6","Mice","","mice","pcat_01KE1PPB81J41E4DHBVBSK81D1.pcat_01KE1PPBAB99K7X0G0J686QQYP.pcat_01KE1PPVM97MY0BBVK3Y2GJDZS.pcat_01KE1PQ0NN1Q8RP35CSMRA5NS1.pcat_01KE1PQ13A40JFQN1DC92KVDP6",True,False,3,"pcat_01KE1PQ0NN1Q8RP35CSMRA5NS1","2026-01-03 10:33:40.202+00","2026-01-03 10:33:40.202+00",NULL,"{""original_id"": ""11036491"", ""original_path"": ""Electronics > Accessories & Supplies > Computer Accessories > Keyboards, Mice & Accessories > Mice"", ""original_level"": 4}"
"pcat_01KE1PQ159PEWBTT6795A1EGAD","Memory Card Accessories","","memory-card-accessories","pcat_01KE1PPB81J41E4DHBVBSK81D1.pcat_01KE1PPBAB99K7X0G0J686QQYP.pcat_01KE1PPVM97MY0BBVK3Y2GJDZS.pcat_01KE1PQ159PEWBTT6795A1EGAD",True,False,11,"pcat_01KE1PPVM97MY0BBVK3Y2GJDZS","2026-01-03 10:33:40.265+00","2026-01-03 10:33:40.265+00",NULL,"{""original_id"": ""11548957011"", ""original_path"": ""Electronics > Accessories & Supplies > Computer Accessories > Memory Card Accessories"", ""original_level"": 3}"
"pcat_01KE1PQ17B1M8VSGV1NE8S3QG6","Memory Card Adapters","","memory-card-adapters","pcat_01KE1PPB81J41E4DHBVBSK81D1.pcat_01KE1PPBAB99K7X0G0J686QQYP.pcat_01KE1PPVM97MY0BBVK3Y2GJDZS.pcat_01KE1PQ159PEWBTT6795A1EGAD.pcat_01KE1PQ17B1M8VSGV1NE8S3QG6",True,False,0,"pcat_01KE1PQ159PEWBTT6795A1EGAD","2026-01-03 10:33:40.331+00","2026-01-03 10:33:40.331+00",NULL,"{""original_id"": ""15874201"", ""original_path"": ""Electronics > Accessories & Supplies > Computer Accessories > Memory Card Accessories > Memory Card Adapters"", ""original_level"": 4}"
"pcat_01KE1PQ192V45X4GMVSNS6W90X","Memory Card Cases","","memory-card-cases","pcat_01KE1PPB81J41E4DHBVBSK81D1.pcat_01KE1PPBAB99K7X0G0J686QQYP.pcat_01KE1PPVM97MY0BBVK3Y2GJDZS.pcat_01KE1PQ159PEWBTT6795A1EGAD.pcat_01KE1PQ192V45X4GMVSNS6W90X",True,False,1,"pcat_01KE1PQ159PEWBTT6795A1EGAD","2026-01-03 10:33:40.386+00","2026-01-03 10:33:40.386+00",NULL,"{""original_id"": ""11548959011"", ""original_path"": ""Electronics > Accessories & Supplies > Computer Accessories > Memory Card Accessories > Memory Card Cases"", ""original_level"": 4}"
"pcat_01KE1PQ1AW575X5KM26R8JY0HY","Memory Card Readers","","memory-card-readers","pcat_01KE1PPB81J41E4DHBVBSK81D1.pcat_01KE1PPBAB99K7X0G0J686QQYP.pcat_01KE1PPVM97MY0BBVK3Y2GJDZS.pcat_01KE1PQ159PEWBTT6795A1EGAD.pcat_01KE1PQ1AW575X5KM26R8JY0HY",True,False,2,"pcat_01KE1PQ159PEWBTT6795A1EGAD","2026-01-03 10:33:40.444+00","2026-01-03 10:33:40.444+00",NULL,"{""original_id"": ""516872"", ""original_path"": ""Electronics > Accessories & Supplies > Computer Accessories > Memory Card Accessories > Memory Card Readers"", ""original_level"": 4}"
"pcat_01KE1PQ1D0KFN1KTPBV18AJRZ8","Monitor Accessories","","monitor-accessories","pcat_01KE1PPB81J41E4DHBVBSK81D1.pcat_01KE1PPBAB99K7X0G0J686QQYP.pcat_01KE1PPVM97MY0BBVK3Y2GJDZS.pcat_01KE1PQ1D0KFN1KTPBV18AJRZ8",True,False,12,"pcat_01KE1PPVM97MY0BBVK3Y2GJDZS","2026-01-03 10:33:40.512+00","2026-01-03 10:33:40.512+00",NULL,"{""original_id"": ""281062"", ""original_path"": ""Electronics > Accessories & Supplies > Computer Accessories > Monitor Accessories"", ""original_level"": 3}"
"pcat_01KE1PQ1F3GWDM2YQ4MPFFWPQK","Anti-Glare & Privacy Filters","","anti-glare-privacy-filters","pcat_01KE1PPB81J41E4DHBVBSK81D1.pcat_01KE1PPBAB99K7X0G0J686QQYP.pcat_01KE1PPVM97MY0BBVK3Y2GJDZS.pcat_01KE1PQ1D0KFN1KTPBV18AJRZ8.pcat_01KE1PQ1F3GWDM2YQ4MPFFWPQK",True,False,0,"pcat_01KE1PQ1D0KFN1KTPBV18AJRZ8","2026-01-03 10:33:40.58+00","2026-01-03 10:33:40.58+00",NULL,"{""original_id"": ""15782001"", ""original_path"": ""Electronics > Accessories & Supplies > Computer Accessories > Monitor Accessories > Anti-Glare & Privacy Filters"", ""original_level"": 4}"
"pcat_01KE1PQ1H99KDYV6H4Y23DFPN4","Covers","","covers","pcat_01KE1PPB81J41E4DHBVBSK81D1.pcat_01KE1PPBAB99K7X0G0J686QQYP.pcat_01KE1PPVM97MY0BBVK3Y2GJDZS.pcat_01KE1PQ1D0KFN1KTPBV18AJRZ8.pcat_01KE1PQ1H99KDYV6H4Y23DFPN4",True,False,1,"pcat_01KE1PQ1D0KFN1KTPBV18AJRZ8","2026-01-03 10:33:40.649+00","2026-01-03 10:33:40.649+00",NULL,"{""original_id"": ""3012925011"", ""original_path"": ""Electronics > Accessories & Supplies > Computer Accessories > Monitor Accessories > Covers"", ""original_level"": 4}"
"pcat_01KE1PQ1K86G7GXHVF7AAVWG8K","Monitor Arms & Stands","","monitor-arms-stands","pcat_01KE1PPB81J41E4DHBVBSK81D1.pcat_01KE1PPBAB99K7X0G0J686QQYP.pcat_01KE1PPVM97MY0BBVK3Y2GJDZS.pcat_01KE1PQ1D0KFN1KTPBV18AJRZ8.pcat_01KE1PQ1K86G7GXHVF7AAVWG8K",True,False,2,"pcat_01KE1PQ1D0KFN1KTPBV18AJRZ8","2026-01-03 10:33:40.712+00","2026-01-03 10:33:40.712+00",NULL,"{""original_id"": ""490624011"", ""original_path"": ""Electronics > Accessories & Supplies > Computer Accessories > Monitor Accessories > Monitor Arms & Stands"", ""original_level"": 4}"
"pcat_01KE1PQ1N2Y95E9RB1RHTK7J6F","Screen Protectors","","screen-protectors-2","pcat_01KE1PPB81J41E4DHBVBSK81D1.pcat_01KE1PPBAB99K7X0G0J686QQYP.pcat_01KE1PPVM97MY0BBVK3Y2GJDZS.pcat_01KE1PQ1D0KFN1KTPBV18AJRZ8.pcat_01KE1PQ1N2Y95E9RB1RHTK7J6F",True,False,3,"pcat_01KE1PQ1D0KFN1KTPBV18AJRZ8","2026-01-03 10:33:40.77+00","2026-01-03 10:33:40.77+00",NULL,"{""original_id"": ""15782011"", ""original_path"": ""Computers > Computer Accessories & Peripherals > Monitor Accessories > Screen Protectors"", ""original_level"": 4}"
"pcat_01KE1PQ1PYX36GAYM74ASNMDY7","Printer Accessories","","printer-accessories","pcat_01KE1PPB81J41E4DHBVBSK81D1.pcat_01KE1PPBAB99K7X0G0J686QQYP.pcat_01KE1PPVM97MY0BBVK3Y2GJDZS.pcat_01KE1PQ1PYX36GAYM74ASNMDY7",True,False,13,"pcat_01KE1PPVM97MY0BBVK3Y2GJDZS","2026-01-03 10:33:40.831+00","2026-01-03 10:33:40.831+00",NULL,"{""original_id"": ""172636"", ""original_path"": ""Electronics > Accessories & Supplies > Computer Accessories > Printer Accessories"", ""original_level"": 3}"
"pcat_01KE1PQ1RRTJEP581R4RF969CF","Printer Cutters","","printer-cutters","pcat_01KE1PPB81J41E4DHBVBSK81D1.pcat_01KE1PPBAB99K7X0G0J686QQYP.pcat_01KE1PPVM97MY0BBVK3Y2GJDZS.pcat_01KE1PQ1PYX36GAYM74ASNMDY7.pcat_01KE1PQ1RRTJEP581R4RF969CF",True,False,0,"pcat_01KE1PQ1PYX36GAYM74ASNMDY7","2026-01-03 10:33:40.889+00","2026-01-03 10:33:40.889+00",NULL,"{""original_id"": ""15400111"", ""original_path"": ""Electronics > Accessories & Supplies > Computer Accessories > Printer Accessories > Printer Cutters"", ""original_level"": 4}"
"pcat_01KE1PQ1TKFC0QD86F8PZP7ZAP","Printer Developers","","printer-developers","pcat_01KE1PPB81J41E4DHBVBSK81D1.pcat_01KE1PPBAB99K7X0G0J686QQYP.pcat_01KE1PPVM97MY0BBVK3Y2GJDZS.pcat_01KE1PQ1PYX36GAYM74ASNMDY7.pcat_01KE1PQ1TKFC0QD86F8PZP7ZAP",True,False,1,"pcat_01KE1PQ1PYX36GAYM74ASNMDY7","2026-01-03 10:33:40.947+00","2026-01-03 10:33:40.947+00",NULL,"{""original_id"": ""15400121"", ""original_path"": ""Electronics > Accessories & Supplies > Computer Accessories > Printer Accessories > Printer Developers"", ""original_level"": 4}"
"pcat_01KE1PQ419MBBQGA13S8F62A56","Surge Protectors","","surge-protectors","pcat_01KE1PPB81J41E4DHBVBSK81D1.pcat_01KE1PPBAB99K7X0G0J686QQYP.pcat_01KE1PQ3Z91XZ07XRPD8K3VVWW.pcat_01KE1PQ419MBBQGA13S8F62A56",True,False,0,"pcat_01KE1PQ3Z91XZ07XRPD8K3VVWW","2026-01-03 10:33:43.209+00","2026-01-03 10:33:43.209+00",NULL,"{""original_id"": ""761520"", ""original_path"": ""Electronics > Accessories & Supplies > Home Audio Accessories > Surge Protectors"", ""original_level"": 3}"
"pcat_01KE1PQ1WKB65PD8CA2PQ3V74V","Printer Duplex Units","","printer-duplex-units","pcat_01KE1PPB81J41E4DHBVBSK81D1.pcat_01KE1PPBAB99K7X0G0J686QQYP.pcat_01KE1PPVM97MY0BBVK3Y2GJDZS.pcat_01KE1PQ1PYX36GAYM74ASNMDY7.pcat_01KE1PQ1WKB65PD8CA2PQ3V74V",True,False,2,"pcat_01KE1PQ1PYX36GAYM74ASNMDY7","2026-01-03 10:33:41.011+00","2026-01-03 10:33:41.011+00",NULL,"{""original_id"": ""15400131"", ""original_path"": ""Electronics > Accessories & Supplies > Computer Accessories > Printer Accessories > Printer Duplex Units"", ""original_level"": 4}"
"pcat_01KE1PQ1YK9J92JWXAWT6E5M39","Printer Memory Modules","","printer-memory-modules","pcat_01KE1PPB81J41E4DHBVBSK81D1.pcat_01KE1PPBAB99K7X0G0J686QQYP.pcat_01KE1PPVM97MY0BBVK3Y2GJDZS.pcat_01KE1PQ1PYX36GAYM74ASNMDY7.pcat_01KE1PQ1YK9J92JWXAWT6E5M39",True,False,3,"pcat_01KE1PQ1PYX36GAYM74ASNMDY7","2026-01-03 10:33:41.075+00","2026-01-03 10:33:41.075+00",NULL,"{""original_id"": ""525778"", ""original_path"": ""Electronics > Accessories & Supplies > Computer Accessories > Printer Accessories > Printer Memory Modules"", ""original_level"": 4}"
"pcat_01KE1PQ2XWZCA94QJ47FX0CVZ9","USB Lamps","","usb-lamps","pcat_01KE1PPB81J41E4DHBVBSK81D1.pcat_01KE1PPBAB99K7X0G0J686QQYP.pcat_01KE1PPVM97MY0BBVK3Y2GJDZS.pcat_01KE1PQ2QNMTG3D6NHC5RQJPPB.pcat_01KE1PQ2XWZCA94QJ47FX0CVZ9",True,False,2,"pcat_01KE1PQ2QNMTG3D6NHC5RQJPPB","2026-01-03 10:33:42.076+00","2026-01-03 10:33:42.076+00",NULL,"{""original_id"": ""3015418011"", ""original_path"": ""Electronics > Accessories & Supplies > Computer Accessories > USB Gadgets > USB Lamps"", ""original_level"": 4}"
"pcat_01KE1PQ20D6E6YQ5BESQZN2QSH","Printer Transfer Belts, Rollers & Units","","printer-transfer-belts-rollers-units","pcat_01KE1PPB81J41E4DHBVBSK81D1.pcat_01KE1PPBAB99K7X0G0J686QQYP.pcat_01KE1PPVM97MY0BBVK3Y2GJDZS.pcat_01KE1PQ1PYX36GAYM74ASNMDY7.pcat_01KE1PQ20D6E6YQ5BESQZN2QSH",True,False,4,"pcat_01KE1PQ1PYX36GAYM74ASNMDY7","2026-01-03 10:33:41.133+00","2026-01-03 10:33:41.133+00",NULL,"{""original_id"": ""3011394011"", ""original_path"": ""Electronics > Accessories & Supplies > Computer Accessories > Printer Accessories > Printer Transfer Belts, Rollers & Units"", ""original_level"": 4}"
"pcat_01KE1PQ22EDBJPD7HQRMMYSES2","Printer Transfer Belts","","printer-transfer-belts","pcat_01KE1PPB81J41E4DHBVBSK81D1.pcat_01KE1PPBAB99K7X0G0J686QQYP.pcat_01KE1PPVM97MY0BBVK3Y2GJDZS.pcat_01KE1PQ1PYX36GAYM74ASNMDY7.pcat_01KE1PQ20D6E6YQ5BESQZN2QSH.pcat_01KE1PQ22EDBJPD7HQRMMYSES2",True,False,0,"pcat_01KE1PQ20D6E6YQ5BESQZN2QSH","2026-01-03 10:33:41.198+00","2026-01-03 10:33:41.198+00",NULL,"{""original_id"": ""15400231"", ""original_path"": ""Electronics > Accessories & Supplies > Computer Accessories > Printer Accessories > Printer Transfer Belts, Rollers & Units > Printer Transfer Belts"", ""original_level"": 0}"
"pcat_01KE1PQ24CR5DYA02G1WZ5PS96","Printer Transfer Rollers","","printer-transfer-rollers","pcat_01KE1PPB81J41E4DHBVBSK81D1.pcat_01KE1PPBAB99K7X0G0J686QQYP.pcat_01KE1PPVM97MY0BBVK3Y2GJDZS.pcat_01KE1PQ1PYX36GAYM74ASNMDY7.pcat_01KE1PQ20D6E6YQ5BESQZN2QSH.pcat_01KE1PQ24CR5DYA02G1WZ5PS96",True,False,1,"pcat_01KE1PQ20D6E6YQ5BESQZN2QSH","2026-01-03 10:33:41.261+00","2026-01-03 10:33:41.261+00",NULL,"{""original_id"": ""15400241"", ""original_path"": ""Electronics > Accessories & Supplies > Computer Accessories > Printer Accessories > Printer Transfer Belts, Rollers & Units > Printer Transfer Rollers"", ""original_level"": 0}"
"pcat_01KE1PQ26W3E88CBDPPSKBHBT2","Printer Transfer Units","","printer-transfer-units","pcat_01KE1PPB81J41E4DHBVBSK81D1.pcat_01KE1PPBAB99K7X0G0J686QQYP.pcat_01KE1PPVM97MY0BBVK3Y2GJDZS.pcat_01KE1PQ1PYX36GAYM74ASNMDY7.pcat_01KE1PQ20D6E6YQ5BESQZN2QSH.pcat_01KE1PQ26W3E88CBDPPSKBHBT2",True,False,2,"pcat_01KE1PQ20D6E6YQ5BESQZN2QSH","2026-01-03 10:33:41.34+00","2026-01-03 10:33:41.34+00",NULL,"{""original_id"": ""15400251"", ""original_path"": ""Electronics > Accessories & Supplies > Computer Accessories > Printer Accessories > Printer Transfer Belts, Rollers & Units > Printer Transfer Units"", ""original_level"": 0}"
"pcat_01KE1PQ28R7XM1RC7TMPJKPV0E","Printer Trays & Drawers","","printer-trays-drawers","pcat_01KE1PPB81J41E4DHBVBSK81D1.pcat_01KE1PPBAB99K7X0G0J686QQYP.pcat_01KE1PPVM97MY0BBVK3Y2GJDZS.pcat_01KE1PQ1PYX36GAYM74ASNMDY7.pcat_01KE1PQ28R7XM1RC7TMPJKPV0E",True,False,5,"pcat_01KE1PQ1PYX36GAYM74ASNMDY7","2026-01-03 10:33:41.4+00","2026-01-03 10:33:41.4+00",NULL,"{""original_id"": ""3011395011"", ""original_path"": ""Electronics > Accessories & Supplies > Computer Accessories > Printer Accessories > Printer Trays & Drawers"", ""original_level"": 4}"
"pcat_01KE1PQ3AF18SDRKEZMR2SJ6NR","Mounting Equipment","","mounting-equipment","pcat_01KE1PPB81J41E4DHBVBSK81D1.pcat_01KE1PPBAB99K7X0G0J686QQYP.pcat_01KE1PPVM97MY0BBVK3Y2GJDZS.pcat_01KE1PQ345DECB7NQ5DDZT3FM1.pcat_01KE1PQ3AF18SDRKEZMR2SJ6NR",True,False,2,"pcat_01KE1PQ345DECB7NQ5DDZT3FM1","2026-01-03 10:33:42.479+00","2026-01-03 10:33:42.479+00",NULL,"{""original_id"": ""10967521"", ""original_path"": ""Electronics > Accessories & Supplies > Computer Accessories > Video Projector Accessories > Mounting Equipment"", ""original_level"": 4}"
"pcat_01KE1PQ2AJ9ZVC25BNRT481PC2","Printer Drawers","","printer-drawers","pcat_01KE1PPB81J41E4DHBVBSK81D1.pcat_01KE1PPBAB99K7X0G0J686QQYP.pcat_01KE1PPVM97MY0BBVK3Y2GJDZS.pcat_01KE1PQ1PYX36GAYM74ASNMDY7.pcat_01KE1PQ28R7XM1RC7TMPJKPV0E.pcat_01KE1PQ2AJ9ZVC25BNRT481PC2",True,False,0,"pcat_01KE1PQ28R7XM1RC7TMPJKPV0E","2026-01-03 10:33:41.458+00","2026-01-03 10:33:41.458+00",NULL,"{""original_id"": ""15400211"", ""original_path"": ""Electronics > Accessories & Supplies > Computer Accessories > Printer Accessories > Printer Trays & Drawers > Printer Drawers"", ""original_level"": 0}"
"pcat_01KE1PQ2CBV061V6QQJT6VPG1K","Printer Trays","","printer-trays","pcat_01KE1PPB81J41E4DHBVBSK81D1.pcat_01KE1PPBAB99K7X0G0J686QQYP.pcat_01KE1PPVM97MY0BBVK3Y2GJDZS.pcat_01KE1PQ1PYX36GAYM74ASNMDY7.pcat_01KE1PQ28R7XM1RC7TMPJKPV0E.pcat_01KE1PQ2CBV061V6QQJT6VPG1K",True,False,1,"pcat_01KE1PQ28R7XM1RC7TMPJKPV0E","2026-01-03 10:33:41.516+00","2026-01-03 10:33:41.516+00",NULL,"{""original_id"": ""15400151"", ""original_path"": ""Electronics > Accessories & Supplies > Computer Accessories > Printer Accessories > Printer Trays & Drawers > Printer Trays"", ""original_level"": 0}"
"pcat_01KE1PQ2E5DACG31CX44PKC48Y","Printer Ink & Toner","","printer-ink-toner","pcat_01KE1PPB81J41E4DHBVBSK81D1.pcat_01KE1PPBAB99K7X0G0J686QQYP.pcat_01KE1PPVM97MY0BBVK3Y2GJDZS.pcat_01KE1PQ2E5DACG31CX44PKC48Y",True,False,14,"pcat_01KE1PPVM97MY0BBVK3Y2GJDZS","2026-01-03 10:33:41.573+00","2026-01-03 10:33:41.573+00",NULL,"{""original_id"": ""172638"", ""original_path"": ""Electronics > Accessories & Supplies > Computer Accessories > Printer Ink & Toner"", ""original_level"": 3}"
"pcat_01KE1PQ2G1FGAM2VJB4T4DMV9J","Impact & Dot Matrix Printer Ribbons","","impact-dot-matrix-printer-ribbons","pcat_01KE1PPB81J41E4DHBVBSK81D1.pcat_01KE1PPBAB99K7X0G0J686QQYP.pcat_01KE1PPVM97MY0BBVK3Y2GJDZS.pcat_01KE1PQ2E5DACG31CX44PKC48Y.pcat_01KE1PQ2G1FGAM2VJB4T4DMV9J",True,False,0,"pcat_01KE1PQ2E5DACG31CX44PKC48Y","2026-01-03 10:33:41.634+00","2026-01-03 10:33:41.634+00",NULL,"{""original_id"": ""172639"", ""original_path"": ""Electronics > Accessories & Supplies > Computer Accessories > Printer Ink & Toner > Impact & Dot Matrix Printer Ribbons"", ""original_level"": 4}"
"pcat_01KE1PQ2HYNAJR66C4HFRS2P0E","Inkjet Printer Ink","","inkjet-printer-ink","pcat_01KE1PPB81J41E4DHBVBSK81D1.pcat_01KE1PPBAB99K7X0G0J686QQYP.pcat_01KE1PPVM97MY0BBVK3Y2GJDZS.pcat_01KE1PQ2E5DACG31CX44PKC48Y.pcat_01KE1PQ2HYNAJR66C4HFRS2P0E",True,False,1,"pcat_01KE1PQ2E5DACG31CX44PKC48Y","2026-01-03 10:33:41.694+00","2026-01-03 10:33:41.694+00",NULL,"{""original_id"": ""172640"", ""original_path"": ""Electronics > Accessories & Supplies > Computer Accessories > Printer Ink & Toner > Inkjet Printer Ink"", ""original_level"": 4}"
"pcat_01KE1PQ2KWBASKW862KWMAXA65","Laser Printer Drums & Toner","","laser-printer-drums-toner","pcat_01KE1PPB81J41E4DHBVBSK81D1.pcat_01KE1PPBAB99K7X0G0J686QQYP.pcat_01KE1PPVM97MY0BBVK3Y2GJDZS.pcat_01KE1PQ2E5DACG31CX44PKC48Y.pcat_01KE1PQ2KWBASKW862KWMAXA65",True,False,2,"pcat_01KE1PQ2E5DACG31CX44PKC48Y","2026-01-03 10:33:41.756+00","2026-01-03 10:33:41.756+00",NULL,"{""original_id"": ""172641"", ""original_path"": ""Electronics > Accessories & Supplies > Computer Accessories > Printer Ink & Toner > Laser Printer Drums & Toner"", ""original_level"": 4}"
"pcat_01KE1PQ2SN5718M406CTVSM7WD","USB Beverage Warmers","","usb-beverage-warmers","pcat_01KE1PPB81J41E4DHBVBSK81D1.pcat_01KE1PPBAB99K7X0G0J686QQYP.pcat_01KE1PPVM97MY0BBVK3Y2GJDZS.pcat_01KE1PQ2QNMTG3D6NHC5RQJPPB.pcat_01KE1PQ2SN5718M406CTVSM7WD",True,False,0,"pcat_01KE1PQ2QNMTG3D6NHC5RQJPPB","2026-01-03 10:33:41.942+00","2026-01-03 10:33:41.942+00",NULL,"{""original_id"": ""3015414011"", ""original_path"": ""Electronics > Accessories & Supplies > Computer Accessories > USB Gadgets > USB Beverage Warmers"", ""original_level"": 4}"
"pcat_01KE1PQ2W3ETK08FQCPK48QQXM","USB Fans","","usb-fans","pcat_01KE1PPB81J41E4DHBVBSK81D1.pcat_01KE1PPBAB99K7X0G0J686QQYP.pcat_01KE1PPVM97MY0BBVK3Y2GJDZS.pcat_01KE1PQ2QNMTG3D6NHC5RQJPPB.pcat_01KE1PQ2W3ETK08FQCPK48QQXM",True,False,1,"pcat_01KE1PQ2QNMTG3D6NHC5RQJPPB","2026-01-03 10:33:42.019+00","2026-01-03 10:33:42.019+00",NULL,"{""original_id"": ""3015416011"", ""original_path"": ""Electronics > Accessories & Supplies > Computer Accessories > USB Gadgets > USB Fans"", ""original_level"": 4}"
"pcat_01KE1PQ31X224TTFZKWBABVK7B","Uninterruptible Power Supply (UPS)","","uninterruptible-power-supply-ups","pcat_01KE1PPB81J41E4DHBVBSK81D1.pcat_01KE1PPBAB99K7X0G0J686QQYP.pcat_01KE1PPVM97MY0BBVK3Y2GJDZS.pcat_01KE1PQ31X224TTFZKWBABVK7B",True,False,18,"pcat_01KE1PPVM97MY0BBVK3Y2GJDZS","2026-01-03 10:33:42.205+00","2026-01-03 10:33:42.205+00",NULL,"{""original_id"": ""764572"", ""original_path"": ""Electronics > Accessories & Supplies > Computer Accessories > Uninterruptible Power Supply (UPS)"", ""original_level"": 3}"
"pcat_01KE1PQ345DECB7NQ5DDZT3FM1","Video Projector Accessories","","video-projector-accessories","pcat_01KE1PPB81J41E4DHBVBSK81D1.pcat_01KE1PPBAB99K7X0G0J686QQYP.pcat_01KE1PPVM97MY0BBVK3Y2GJDZS.pcat_01KE1PQ345DECB7NQ5DDZT3FM1",True,False,19,"pcat_01KE1PPVM97MY0BBVK3Y2GJDZS","2026-01-03 10:33:42.277+00","2026-01-03 10:33:42.277+00",NULL,"{""original_id"": ""1232269011"", ""original_path"": ""Electronics > Accessories & Supplies > Computer Accessories > Video Projector Accessories"", ""original_level"": 3}"
"pcat_01KE1PQ36CF4GMBNS3WM60XE1Q","Lamps","","lamps","pcat_01KE1PPB81J41E4DHBVBSK81D1.pcat_01KE1PPBAB99K7X0G0J686QQYP.pcat_01KE1PPVM97MY0BBVK3Y2GJDZS.pcat_01KE1PQ345DECB7NQ5DDZT3FM1.pcat_01KE1PQ36CF4GMBNS3WM60XE1Q",True,False,0,"pcat_01KE1PQ345DECB7NQ5DDZT3FM1","2026-01-03 10:33:42.348+00","2026-01-03 10:33:42.348+00",NULL,"{""original_id"": ""3349991"", ""original_path"": ""Electronics > Accessories & Supplies > Computer Accessories > Video Projector Accessories > Lamps"", ""original_level"": 4}"
"pcat_01KE1PQ38EKJBHT35792AR3Q5V","Lenses","","lenses","pcat_01KE1PPB81J41E4DHBVBSK81D1.pcat_01KE1PPBAB99K7X0G0J686QQYP.pcat_01KE1PPVM97MY0BBVK3Y2GJDZS.pcat_01KE1PQ345DECB7NQ5DDZT3FM1.pcat_01KE1PQ38EKJBHT35792AR3Q5V",True,False,1,"pcat_01KE1PQ345DECB7NQ5DDZT3FM1","2026-01-03 10:33:42.414+00","2026-01-03 10:33:42.414+00",NULL,"{""original_id"": ""3349881"", ""original_path"": ""Electronics > Accessories & Supplies > Computer Accessories > Video Projector Accessories > Lenses"", ""original_level"": 4}"
"pcat_01KE1PQ3CBK29C6AMJ50RERAD7","Projector Bags & Cases","","projector-bags-cases","pcat_01KE1PPB81J41E4DHBVBSK81D1.pcat_01KE1PPBAB99K7X0G0J686QQYP.pcat_01KE1PPVM97MY0BBVK3Y2GJDZS.pcat_01KE1PQ345DECB7NQ5DDZT3FM1.pcat_01KE1PQ3CBK29C6AMJ50RERAD7",True,False,3,"pcat_01KE1PQ345DECB7NQ5DDZT3FM1","2026-01-03 10:33:42.539+00","2026-01-03 10:33:42.539+00",NULL,"{""original_id"": ""3071698011"", ""original_path"": ""Electronics > Accessories & Supplies > Computer Accessories > Video Projector Accessories > Projector Bags & Cases"", ""original_level"": 4}"
"pcat_01KE1PQ3E3WJG9A54KE4W4QV4R","Remote Controls","","remote-controls-3","pcat_01KE1PPB81J41E4DHBVBSK81D1.pcat_01KE1PPBAB99K7X0G0J686QQYP.pcat_01KE1PPVM97MY0BBVK3Y2GJDZS.pcat_01KE1PQ345DECB7NQ5DDZT3FM1.pcat_01KE1PQ3E3WJG9A54KE4W4QV4R",True,False,4,"pcat_01KE1PQ345DECB7NQ5DDZT3FM1","2026-01-03 10:33:42.595+00","2026-01-03 10:33:42.595+00",NULL,"{""original_id"": ""14213579011"", ""original_path"": ""Electronics > Accessories & Supplies > Computer Accessories > Video Projector Accessories > Remote Controls"", ""original_level"": 4}"
"pcat_01KE1PQ3G35GNS7P32TF2E38Y4","Cord Management","","cord-management","pcat_01KE1PPB81J41E4DHBVBSK81D1.pcat_01KE1PPBAB99K7X0G0J686QQYP.pcat_01KE1PQ3G35GNS7P32TF2E38Y4",True,False,6,"pcat_01KE1PPBAB99K7X0G0J686QQYP","2026-01-03 10:33:42.659+00","2026-01-03 10:33:42.659+00",NULL,"{""original_id"": ""11042051"", ""original_path"": ""Electronics > Accessories & Supplies > Cord Management"", ""original_level"": 2}"
"pcat_01KE1PQ3J3ZZ5DSSPMWK7H0JHE","Cable Raceways","","cable-raceways","pcat_01KE1PPB81J41E4DHBVBSK81D1.pcat_01KE1PPBAB99K7X0G0J686QQYP.pcat_01KE1PQ3G35GNS7P32TF2E38Y4.pcat_01KE1PQ3J3ZZ5DSSPMWK7H0JHE",True,False,0,"pcat_01KE1PQ3G35GNS7P32TF2E38Y4","2026-01-03 10:33:42.724+00","2026-01-03 10:33:42.724+00",NULL,"{""original_id"": ""6577543011"", ""original_path"": ""Electronics > Accessories & Supplies > Cord Management > Cable Raceways"", ""original_level"": 3}"
"pcat_01KE1PQ3M9WEV3DZMM87GN50FS","Cable Sleeves","","cable-sleeves","pcat_01KE1PPB81J41E4DHBVBSK81D1.pcat_01KE1PPBAB99K7X0G0J686QQYP.pcat_01KE1PQ3G35GNS7P32TF2E38Y4.pcat_01KE1PQ3M9WEV3DZMM87GN50FS",True,False,1,"pcat_01KE1PQ3G35GNS7P32TF2E38Y4","2026-01-03 10:33:42.794+00","2026-01-03 10:33:42.794+00",NULL,"{""original_id"": ""6577542011"", ""original_path"": ""Electronics > Accessories & Supplies > Cord Management > Cable Sleeves"", ""original_level"": 3}"
"pcat_01KE1PQ3PAVRBR1V88QTRPD6M7","Cable Straps","","cable-straps","pcat_01KE1PPB81J41E4DHBVBSK81D1.pcat_01KE1PPBAB99K7X0G0J686QQYP.pcat_01KE1PQ3G35GNS7P32TF2E38Y4.pcat_01KE1PQ3PAVRBR1V88QTRPD6M7",True,False,2,"pcat_01KE1PQ3G35GNS7P32TF2E38Y4","2026-01-03 10:33:42.858+00","2026-01-03 10:33:42.858+00",NULL,"{""original_id"": ""6577540011"", ""original_path"": ""Electronics > Accessories & Supplies > Cord Management > Cable Straps"", ""original_level"": 3}"
"pcat_01KE1PQ3RJ1WF8Y4EMFEVCV4AT","Cable Ties","","cable-ties","pcat_01KE1PPB81J41E4DHBVBSK81D1.pcat_01KE1PPBAB99K7X0G0J686QQYP.pcat_01KE1PQ3G35GNS7P32TF2E38Y4.pcat_01KE1PQ3RJ1WF8Y4EMFEVCV4AT",True,False,3,"pcat_01KE1PQ3G35GNS7P32TF2E38Y4","2026-01-03 10:33:42.93+00","2026-01-03 10:33:42.93+00",NULL,"{""original_id"": ""507844"", ""original_path"": ""Electronics > Accessories & Supplies > Cord Management > Cable Ties"", ""original_level"": 3}"
"pcat_01KE1PQ3TP3D36JQ9MHERQN7KM","Cord Reels","","cord-reels","pcat_01KE1PPB81J41E4DHBVBSK81D1.pcat_01KE1PPBAB99K7X0G0J686QQYP.pcat_01KE1PQ3G35GNS7P32TF2E38Y4.pcat_01KE1PQ3TP3D36JQ9MHERQN7KM",True,False,4,"pcat_01KE1PQ3G35GNS7P32TF2E38Y4","2026-01-03 10:33:42.998+00","2026-01-03 10:33:42.998+00",NULL,"{""original_id"": ""495306"", ""original_path"": ""Electronics > Accessories & Supplies > Cord Management > Cord Reels"", ""original_level"": 3}"
"pcat_01KE1PQ3X7S52P9Y33MDRWKNN6","Floor Cord Covers","","floor-cord-covers","pcat_01KE1PPB81J41E4DHBVBSK81D1.pcat_01KE1PPBAB99K7X0G0J686QQYP.pcat_01KE1PQ3G35GNS7P32TF2E38Y4.pcat_01KE1PQ3X7S52P9Y33MDRWKNN6",True,False,5,"pcat_01KE1PQ3G35GNS7P32TF2E38Y4","2026-01-03 10:33:43.079+00","2026-01-03 10:33:43.079+00",NULL,"{""original_id"": ""6577538011"", ""original_path"": ""Electronics > Accessories & Supplies > Cord Management > Floor Cord Covers"", ""original_level"": 3}"
"pcat_01KE1PQ4350S6ZZRDJ009YVB6Y","Installation Services","","installation-services","pcat_01KE1PPB81J41E4DHBVBSK81D1.pcat_01KE1PPBAB99K7X0G0J686QQYP.pcat_01KE1PQ4350S6ZZRDJ009YVB6Y",True,False,8,"pcat_01KE1PPBAB99K7X0G0J686QQYP","2026-01-03 10:33:43.269+00","2026-01-03 10:33:43.269+00",NULL,"{""original_id"": ""2632817011"", ""original_path"": ""Electronics > Accessories & Supplies > Installation Services"", ""original_level"": 2}"
"pcat_01KE1PQ45847R45KRV9EKVE453","Microphones","","microphones","pcat_01KE1PPB81J41E4DHBVBSK81D1.pcat_01KE1PPBAB99K7X0G0J686QQYP.pcat_01KE1PQ45847R45KRV9EKVE453",True,False,9,"pcat_01KE1PPBAB99K7X0G0J686QQYP","2026-01-03 10:33:43.336+00","2026-01-03 10:33:43.336+00",NULL,"{""original_id"": ""11974521"", ""original_path"": ""Electronics > Accessories & Supplies > Microphones"", ""original_level"": 2}"
"pcat_01KE1PQ472TBH61AS3XMDYHP6Q","Accessories","","accessories","pcat_01KE1PPB81J41E4DHBVBSK81D1.pcat_01KE1PPBAB99K7X0G0J686QQYP.pcat_01KE1PQ45847R45KRV9EKVE453.pcat_01KE1PQ472TBH61AS3XMDYHP6Q",True,False,0,"pcat_01KE1PQ45847R45KRV9EKVE453","2026-01-03 10:33:43.394+00","2026-01-03 10:33:43.394+00",NULL,"{""original_id"": ""8882490011"", ""original_path"": ""Electronics > Accessories & Supplies > Microphones > Accessories"", ""original_level"": 3}"
"pcat_01KE1PQ49GQE2NBTXAC8BT9ENB","Bags & Cases","","bags-cases-2","pcat_01KE1PPB81J41E4DHBVBSK81D1.pcat_01KE1PPBAB99K7X0G0J686QQYP.pcat_01KE1PQ45847R45KRV9EKVE453.pcat_01KE1PQ472TBH61AS3XMDYHP6Q.pcat_01KE1PQ49GQE2NBTXAC8BT9ENB",True,False,0,"pcat_01KE1PQ472TBH61AS3XMDYHP6Q","2026-01-03 10:33:43.473+00","2026-01-03 10:33:43.473+00",NULL,"{""original_id"": ""11974541"", ""original_path"": ""Electronics > Accessories & Supplies > Microphones > Accessories > Bags & Cases"", ""original_level"": 4}"
"pcat_01KE1PQ4BZ0CGA08G7YA1QDMX8","Clips","","clips","pcat_01KE1PPB81J41E4DHBVBSK81D1.pcat_01KE1PPBAB99K7X0G0J686QQYP.pcat_01KE1PQ45847R45KRV9EKVE453.pcat_01KE1PQ472TBH61AS3XMDYHP6Q.pcat_01KE1PQ4BZ0CGA08G7YA1QDMX8",True,False,1,"pcat_01KE1PQ472TBH61AS3XMDYHP6Q","2026-01-03 10:33:43.551+00","2026-01-03 10:33:43.551+00",NULL,"{""original_id"": ""11974561"", ""original_path"": ""Electronics > Accessories & Supplies > Microphones > Accessories > Clips"", ""original_level"": 4}"
"pcat_01KE1PQ4E6TQ9BMEZYCQ1GTFPM","Mounts","","mounts","pcat_01KE1PPB81J41E4DHBVBSK81D1.pcat_01KE1PPBAB99K7X0G0J686QQYP.pcat_01KE1PQ45847R45KRV9EKVE453.pcat_01KE1PQ472TBH61AS3XMDYHP6Q.pcat_01KE1PQ4E6TQ9BMEZYCQ1GTFPM",True,False,2,"pcat_01KE1PQ472TBH61AS3XMDYHP6Q","2026-01-03 10:33:43.622+00","2026-01-03 10:33:43.622+00",NULL,"{""original_id"": ""10677101011"", ""original_path"": ""Electronics > Accessories & Supplies > Microphones > Accessories > Mounts"", ""original_level"": 4}"
"pcat_01KE1PQ6DEAENKG1EREV83R9MZ","Power Strips & Surge Protectors","","power-strips-surge-protectors","pcat_01KE1PPB81J41E4DHBVBSK81D1.pcat_01KE1PPBAB99K7X0G0J686QQYP.pcat_01KE1PQ6DEAENKG1EREV83R9MZ",True,False,13,"pcat_01KE1PPBAB99K7X0G0J686QQYP","2026-01-03 10:33:45.646+00","2026-01-03 10:33:45.646+00",NULL,"{""original_id"": ""17854127011"", ""original_path"": ""Electronics > Accessories & Supplies > Power Strips & Surge Protectors"", ""original_level"": 2}"
"pcat_01KE1PQ4GB29W3RT2VTJ1QKZRP","Phantom Power Supplies","","phantom-power-supplies","pcat_01KE1PPB81J41E4DHBVBSK81D1.pcat_01KE1PPBAB99K7X0G0J686QQYP.pcat_01KE1PQ45847R45KRV9EKVE453.pcat_01KE1PQ472TBH61AS3XMDYHP6Q.pcat_01KE1PQ4GB29W3RT2VTJ1QKZRP",True,False,3,"pcat_01KE1PQ472TBH61AS3XMDYHP6Q","2026-01-03 10:33:43.691+00","2026-01-03 10:33:43.691+00",NULL,"{""original_id"": ""11974571"", ""original_path"": ""Electronics > Accessories & Supplies > Microphones > Accessories > Phantom Power Supplies"", ""original_level"": 4}"
"pcat_01KE1PQ4J8KAPFBK8FCD3VY0P5","Preamps","","preamps","pcat_01KE1PPB81J41E4DHBVBSK81D1.pcat_01KE1PPBAB99K7X0G0J686QQYP.pcat_01KE1PQ45847R45KRV9EKVE453.pcat_01KE1PQ472TBH61AS3XMDYHP6Q.pcat_01KE1PQ4J8KAPFBK8FCD3VY0P5",True,False,4,"pcat_01KE1PQ472TBH61AS3XMDYHP6Q","2026-01-03 10:33:43.752+00","2026-01-03 10:33:43.752+00",NULL,"{""original_id"": ""11974581"", ""original_path"": ""Electronics > Accessories & Supplies > Microphones > Accessories > Preamps"", ""original_level"": 4}"
"pcat_01KE1PQ4M6RYVSBKMH956R4XFQ","Stands","","stands-2","pcat_01KE1PPB81J41E4DHBVBSK81D1.pcat_01KE1PPBAB99K7X0G0J686QQYP.pcat_01KE1PQ45847R45KRV9EKVE453.pcat_01KE1PQ472TBH61AS3XMDYHP6Q.pcat_01KE1PQ4M6RYVSBKMH956R4XFQ",True,False,5,"pcat_01KE1PQ472TBH61AS3XMDYHP6Q","2026-01-03 10:33:43.814+00","2026-01-03 10:33:43.814+00",NULL,"{""original_id"": ""11974591"", ""original_path"": ""Electronics > Accessories & Supplies > Microphones > Accessories > Stands"", ""original_level"": 4}"
"pcat_01KE1PQ4PAMVF06DYBE2SPWHXY","Windscreens & Pop Filters","","windscreens-pop-filters","pcat_01KE1PPB81J41E4DHBVBSK81D1.pcat_01KE1PPBAB99K7X0G0J686QQYP.pcat_01KE1PQ45847R45KRV9EKVE453.pcat_01KE1PQ472TBH61AS3XMDYHP6Q.pcat_01KE1PQ4PAMVF06DYBE2SPWHXY",True,False,6,"pcat_01KE1PQ472TBH61AS3XMDYHP6Q","2026-01-03 10:33:43.882+00","2026-01-03 10:33:43.882+00",NULL,"{""original_id"": ""11974601"", ""original_path"": ""Electronics > Accessories & Supplies > Microphones > Accessories > Windscreens & Pop Filters"", ""original_level"": 4}"
"pcat_01KE1PQ4RCRRB04NFSSXGMXAJJ","Microphones","","microphones-2","pcat_01KE1PPB81J41E4DHBVBSK81D1.pcat_01KE1PPBAB99K7X0G0J686QQYP.pcat_01KE1PQ45847R45KRV9EKVE453.pcat_01KE1PQ4RCRRB04NFSSXGMXAJJ",True,False,1,"pcat_01KE1PQ45847R45KRV9EKVE453","2026-01-03 10:33:43.948+00","2026-01-03 10:33:43.948+00",NULL,"{""original_id"": ""8882489011"", ""original_path"": ""Electronics > Accessories & Supplies > Microphones > Microphones"", ""original_level"": 3}"
"pcat_01KE1PQ4TCM7BMK2BX797A1W37","Condenser Microphones","","condenser-microphones","pcat_01KE1PPB81J41E4DHBVBSK81D1.pcat_01KE1PPBAB99K7X0G0J686QQYP.pcat_01KE1PQ45847R45KRV9EKVE453.pcat_01KE1PQ4RCRRB04NFSSXGMXAJJ.pcat_01KE1PQ4TCM7BMK2BX797A1W37",True,False,0,"pcat_01KE1PQ4RCRRB04NFSSXGMXAJJ","2026-01-03 10:33:44.013+00","2026-01-03 10:33:44.013+00",NULL,"{""original_id"": ""11974631"", ""original_path"": ""Electronics > Accessories & Supplies > Microphones > Microphones > Condenser Microphones"", ""original_level"": 4}"
"pcat_01KE1PQ4WF8KV812BYFRAYQSJ4","Instrument","","instrument","pcat_01KE1PPB81J41E4DHBVBSK81D1.pcat_01KE1PPBAB99K7X0G0J686QQYP.pcat_01KE1PQ45847R45KRV9EKVE453.pcat_01KE1PQ4RCRRB04NFSSXGMXAJJ.pcat_01KE1PQ4TCM7BMK2BX797A1W37.pcat_01KE1PQ4WF8KV812BYFRAYQSJ4",True,False,0,"pcat_01KE1PQ4TCM7BMK2BX797A1W37","2026-01-03 10:33:44.079+00","2026-01-03 10:33:44.079+00",NULL,"{""original_id"": ""11974641"", ""original_path"": ""Electronics > Accessories & Supplies > Microphones > Microphones > Condenser Microphones > Instrument"", ""original_level"": 0}"
"pcat_01KE1PQ4YHEFHVM2TAAFKF0NKC","Multipurpose","","multipurpose","pcat_01KE1PPB81J41E4DHBVBSK81D1.pcat_01KE1PPBAB99K7X0G0J686QQYP.pcat_01KE1PQ45847R45KRV9EKVE453.pcat_01KE1PQ4RCRRB04NFSSXGMXAJJ.pcat_01KE1PQ4TCM7BMK2BX797A1W37.pcat_01KE1PQ4YHEFHVM2TAAFKF0NKC",True,False,1,"pcat_01KE1PQ4TCM7BMK2BX797A1W37","2026-01-03 10:33:44.145+00","2026-01-03 10:33:44.145+00",NULL,"{""original_id"": ""11974651"", ""original_path"": ""Electronics > Accessories & Supplies > Microphones > Microphones > Condenser Microphones > Multipurpose"", ""original_level"": 0}"
"pcat_01KE1PQ50M3X92KN3GB03DKY05","Vocal","","vocal","pcat_01KE1PPB81J41E4DHBVBSK81D1.pcat_01KE1PPBAB99K7X0G0J686QQYP.pcat_01KE1PQ45847R45KRV9EKVE453.pcat_01KE1PQ4RCRRB04NFSSXGMXAJJ.pcat_01KE1PQ4TCM7BMK2BX797A1W37.pcat_01KE1PQ50M3X92KN3GB03DKY05",True,False,2,"pcat_01KE1PQ4TCM7BMK2BX797A1W37","2026-01-03 10:33:44.212+00","2026-01-03 10:33:44.212+00",NULL,"{""original_id"": ""11974661"", ""original_path"": ""Electronics > Accessories & Supplies > Microphones > Microphones > Condenser Microphones > Vocal"", ""original_level"": 0}"
"pcat_01KE1PQ52TSPXHKDRR88RYVACM","Dynamic Microphones","","dynamic-microphones","pcat_01KE1PPB81J41E4DHBVBSK81D1.pcat_01KE1PPBAB99K7X0G0J686QQYP.pcat_01KE1PQ45847R45KRV9EKVE453.pcat_01KE1PQ4RCRRB04NFSSXGMXAJJ.pcat_01KE1PQ52TSPXHKDRR88RYVACM",True,False,1,"pcat_01KE1PQ4RCRRB04NFSSXGMXAJJ","2026-01-03 10:33:44.282+00","2026-01-03 10:33:44.282+00",NULL,"{""original_id"": ""11974671"", ""original_path"": ""Electronics > Accessories & Supplies > Microphones > Microphones > Dynamic Microphones"", ""original_level"": 4}"
"pcat_01KE1PQ54TRTKMFC8S0P2SW34M","Instrument","","instrument-2","pcat_01KE1PPB81J41E4DHBVBSK81D1.pcat_01KE1PPBAB99K7X0G0J686QQYP.pcat_01KE1PQ45847R45KRV9EKVE453.pcat_01KE1PQ4RCRRB04NFSSXGMXAJJ.pcat_01KE1PQ52TSPXHKDRR88RYVACM.pcat_01KE1PQ54TRTKMFC8S0P2SW34M",True,False,0,"pcat_01KE1PQ52TSPXHKDRR88RYVACM","2026-01-03 10:33:44.346+00","2026-01-03 10:33:44.346+00",NULL,"{""original_id"": ""11974681"", ""original_path"": ""Electronics > Accessories & Supplies > Microphones > Microphones > Dynamic Microphones > Instrument"", ""original_level"": 0}"
"pcat_01KE1PQ56Y7KG17G14ARHBGREQ","Multipurpose","","multipurpose-2","pcat_01KE1PPB81J41E4DHBVBSK81D1.pcat_01KE1PPBAB99K7X0G0J686QQYP.pcat_01KE1PQ45847R45KRV9EKVE453.pcat_01KE1PQ4RCRRB04NFSSXGMXAJJ.pcat_01KE1PQ52TSPXHKDRR88RYVACM.pcat_01KE1PQ56Y7KG17G14ARHBGREQ",True,False,1,"pcat_01KE1PQ52TSPXHKDRR88RYVACM","2026-01-03 10:33:44.414+00","2026-01-03 10:33:44.414+00",NULL,"{""original_id"": ""11974691"", ""original_path"": ""Electronics > Accessories & Supplies > Microphones > Microphones > Dynamic Microphones > Multipurpose"", ""original_level"": 0}"
"pcat_01KE1PQ58YB7FF9KQG24K9Z1NH","Vocal","","vocal-2","pcat_01KE1PPB81J41E4DHBVBSK81D1.pcat_01KE1PPBAB99K7X0G0J686QQYP.pcat_01KE1PQ45847R45KRV9EKVE453.pcat_01KE1PQ4RCRRB04NFSSXGMXAJJ.pcat_01KE1PQ52TSPXHKDRR88RYVACM.pcat_01KE1PQ58YB7FF9KQG24K9Z1NH",True,False,2,"pcat_01KE1PQ52TSPXHKDRR88RYVACM","2026-01-03 10:33:44.478+00","2026-01-03 10:33:44.478+00",NULL,"{""original_id"": ""11974701"", ""original_path"": ""Electronics > Accessories & Supplies > Microphones > Microphones > Dynamic Microphones > Vocal"", ""original_level"": 0}"
"pcat_01KE1PQ5ATBX6HZYB4MAE441H3","Ribbon Microphones","","ribbon-microphones","pcat_01KE1PPB81J41E4DHBVBSK81D1.pcat_01KE1PPBAB99K7X0G0J686QQYP.pcat_01KE1PQ45847R45KRV9EKVE453.pcat_01KE1PQ4RCRRB04NFSSXGMXAJJ.pcat_01KE1PQ5ATBX6HZYB4MAE441H3",True,False,2,"pcat_01KE1PQ4RCRRB04NFSSXGMXAJJ","2026-01-03 10:33:44.538+00","2026-01-03 10:33:44.538+00",NULL,"{""original_id"": ""491066011"", ""original_path"": ""Electronics > Accessories & Supplies > Microphones > Microphones > Ribbon Microphones"", ""original_level"": 4}"
"pcat_01KE1PQ5CZP76FY9DD6EY8BSJY","Wireless Microphones & Systems","","wireless-microphones-systems","pcat_01KE1PPB81J41E4DHBVBSK81D1.pcat_01KE1PPBAB99K7X0G0J686QQYP.pcat_01KE1PQ45847R45KRV9EKVE453.pcat_01KE1PQ4RCRRB04NFSSXGMXAJJ.pcat_01KE1PQ5CZP76FY9DD6EY8BSJY",True,False,3,"pcat_01KE1PQ4RCRRB04NFSSXGMXAJJ","2026-01-03 10:33:44.607+00","2026-01-03 10:33:44.607+00",NULL,"{""original_id"": ""11974711"", ""original_path"": ""Electronics > Accessories & Supplies > Microphones > Microphones > Wireless Microphones & Systems"", ""original_level"": 4}"
"pcat_01KE1PQC5E047PNHSG2KT97FR8","Microscopes","","microscopes","pcat_01KE1PPB81J41E4DHBVBSK81D1.pcat_01KE1PQBSF8H60HAS574QN4G91.pcat_01KE1PQBVH3FE6SZ5TYEY4NCBN.pcat_01KE1PQC5E047PNHSG2KT97FR8",True,False,2,"pcat_01KE1PQBVH3FE6SZ5TYEY4NCBN","2026-01-03 10:33:51.534+00","2026-01-03 10:33:51.534+00",NULL,"{""original_id"": ""499170"", ""original_path"": ""Electronics > Camera & Photo > Binoculars & Scopes > Microscopes"", ""original_level"": 3}"
"pcat_01KE1PQ5F4WJ2MFD0ZKFKNP7XJ","Handheld Wireless Microphones","","handheld-wireless-microphones","pcat_01KE1PPB81J41E4DHBVBSK81D1.pcat_01KE1PPBAB99K7X0G0J686QQYP.pcat_01KE1PQ45847R45KRV9EKVE453.pcat_01KE1PQ4RCRRB04NFSSXGMXAJJ.pcat_01KE1PQ5CZP76FY9DD6EY8BSJY.pcat_01KE1PQ5F4WJ2MFD0ZKFKNP7XJ",True,False,0,"pcat_01KE1PQ5CZP76FY9DD6EY8BSJY","2026-01-03 10:33:44.676+00","2026-01-03 10:33:44.676+00",NULL,"{""original_id"": ""11974731"", ""original_path"": ""Electronics > Accessories & Supplies > Microphones > Microphones > Wireless Microphones & Systems > Handheld Wireless Microphones"", ""original_level"": 0}"
"pcat_01KE1PQ5H6HHDTBHAZYD6S98VX","Instrument Wireless Microphones","","instrument-wireless-microphones","pcat_01KE1PPB81J41E4DHBVBSK81D1.pcat_01KE1PPBAB99K7X0G0J686QQYP.pcat_01KE1PQ45847R45KRV9EKVE453.pcat_01KE1PQ4RCRRB04NFSSXGMXAJJ.pcat_01KE1PQ5CZP76FY9DD6EY8BSJY.pcat_01KE1PQ5H6HHDTBHAZYD6S98VX",True,False,1,"pcat_01KE1PQ5CZP76FY9DD6EY8BSJY","2026-01-03 10:33:44.742+00","2026-01-03 10:33:44.742+00",NULL,"{""original_id"": ""11974751"", ""original_path"": ""Electronics > Accessories & Supplies > Microphones > Microphones > Wireless Microphones & Systems > Instrument Wireless Microphones"", ""original_level"": 0}"
"pcat_01KE1PQ5JZK860WG6XY5C5DGYS","Wireless Headset Microphones","","wireless-headset-microphones","pcat_01KE1PPB81J41E4DHBVBSK81D1.pcat_01KE1PPBAB99K7X0G0J686QQYP.pcat_01KE1PQ45847R45KRV9EKVE453.pcat_01KE1PQ4RCRRB04NFSSXGMXAJJ.pcat_01KE1PQ5CZP76FY9DD6EY8BSJY.pcat_01KE1PQ5JZK860WG6XY5C5DGYS",True,False,2,"pcat_01KE1PQ5CZP76FY9DD6EY8BSJY","2026-01-03 10:33:44.799+00","2026-01-03 10:33:44.799+00",NULL,"{""original_id"": ""11974741"", ""original_path"": ""Electronics > Accessories & Supplies > Microphones > Microphones > Wireless Microphones & Systems > Wireless Headset Microphones"", ""original_level"": 0}"
"pcat_01KE1PQ5MQJAT50C0PFS8KS6W5","Wireless Lavalier Microphones","","wireless-lavalier-microphones","pcat_01KE1PPB81J41E4DHBVBSK81D1.pcat_01KE1PPBAB99K7X0G0J686QQYP.pcat_01KE1PQ45847R45KRV9EKVE453.pcat_01KE1PQ4RCRRB04NFSSXGMXAJJ.pcat_01KE1PQ5CZP76FY9DD6EY8BSJY.pcat_01KE1PQ5MQJAT50C0PFS8KS6W5",True,False,3,"pcat_01KE1PQ5CZP76FY9DD6EY8BSJY","2026-01-03 10:33:44.855+00","2026-01-03 10:33:44.855+00",NULL,"{""original_id"": ""11974761"", ""original_path"": ""Electronics > Accessories & Supplies > Microphones > Microphones > Wireless Microphones & Systems > Wireless Lavalier Microphones"", ""original_level"": 0}"
"pcat_01KE1PQ5PXJ800P0PPDFHEXT94","Wireless Microphone Transmitters & Receivers","","wireless-microphone-transmitters-receivers","pcat_01KE1PPB81J41E4DHBVBSK81D1.pcat_01KE1PPBAB99K7X0G0J686QQYP.pcat_01KE1PQ45847R45KRV9EKVE453.pcat_01KE1PQ4RCRRB04NFSSXGMXAJJ.pcat_01KE1PQ5CZP76FY9DD6EY8BSJY.pcat_01KE1PQ5PXJ800P0PPDFHEXT94",True,False,4,"pcat_01KE1PQ5CZP76FY9DD6EY8BSJY","2026-01-03 10:33:44.925+00","2026-01-03 10:33:44.925+00",NULL,"{""original_id"": ""10677099011"", ""original_path"": ""Electronics > Accessories & Supplies > Microphones > Microphones > Wireless Microphones & Systems > Wireless Microphone Transmitters & Receivers"", ""original_level"": 0}"
"pcat_01KE1PQ5RSQ8VW1XAYWDQ7SX7P","Mounts","","mounts-2","pcat_01KE1PPB81J41E4DHBVBSK81D1.pcat_01KE1PPBAB99K7X0G0J686QQYP.pcat_01KE1PQ5RSQ8VW1XAYWDQ7SX7P",True,False,10,"pcat_01KE1PPBAB99K7X0G0J686QQYP","2026-01-03 10:33:44.985+00","2026-01-03 10:33:44.985+00",NULL,"{""original_id"": ""10966911"", ""original_path"": ""Electronics > Accessories & Supplies > Mounts"", ""original_level"": 2}"
"pcat_01KE1PQ5TMG1YQB5Y9VYV8RMGS","Speaker Mounts","","speaker-mounts","pcat_01KE1PPB81J41E4DHBVBSK81D1.pcat_01KE1PPBAB99K7X0G0J686QQYP.pcat_01KE1PQ5RSQ8VW1XAYWDQ7SX7P.pcat_01KE1PQ5TMG1YQB5Y9VYV8RMGS",True,False,0,"pcat_01KE1PQ5RSQ8VW1XAYWDQ7SX7P","2026-01-03 10:33:45.044+00","2026-01-03 10:33:45.044+00",NULL,"{""original_id"": ""297859"", ""original_path"": ""Electronics > Accessories & Supplies > Mounts > Speaker Mounts"", ""original_level"": 3}"
"pcat_01KE1PQ5WDFG9G3P8XMPEDWNYT","Office Electronics Accessories","","office-electronics-accessories","pcat_01KE1PPB81J41E4DHBVBSK81D1.pcat_01KE1PPBAB99K7X0G0J686QQYP.pcat_01KE1PQ5WDFG9G3P8XMPEDWNYT",True,False,11,"pcat_01KE1PPBAB99K7X0G0J686QQYP","2026-01-03 10:33:45.101+00","2026-01-03 10:33:45.101+00",NULL,"{""original_id"": ""172575"", ""original_path"": ""Electronics > Accessories & Supplies > Office Electronics Accessories"", ""original_level"": 2}"
"pcat_01KE1PQ5YJRZR042QENEVPWGCY","Calculator Accessories","","calculator-accessories","pcat_01KE1PPB81J41E4DHBVBSK81D1.pcat_01KE1PPBAB99K7X0G0J686QQYP.pcat_01KE1PQ5WDFG9G3P8XMPEDWNYT.pcat_01KE1PQ5YJRZR042QENEVPWGCY",True,False,0,"pcat_01KE1PQ5WDFG9G3P8XMPEDWNYT","2026-01-03 10:33:45.17+00","2026-01-03 10:33:45.17+00",NULL,"{""original_id"": ""172519"", ""original_path"": ""Electronics > Accessories & Supplies > Office Electronics Accessories > Calculator Accessories"", ""original_level"": 3}"
"pcat_01KE1PQ617CD29NXZ8N34FSXWR","Labeling Tapes","","labeling-tapes","pcat_01KE1PPB81J41E4DHBVBSK81D1.pcat_01KE1PPBAB99K7X0G0J686QQYP.pcat_01KE1PQ5WDFG9G3P8XMPEDWNYT.pcat_01KE1PQ617CD29NXZ8N34FSXWR",True,False,1,"pcat_01KE1PQ5WDFG9G3P8XMPEDWNYT","2026-01-03 10:33:45.256+00","2026-01-03 10:33:45.256+00",NULL,"{""original_id"": ""226182"", ""original_path"": ""Electronics > Accessories & Supplies > Office Electronics Accessories > Labeling Tapes"", ""original_level"": 3}"
"pcat_01KE1PQ63SQG60Q9391S092RFX","Presentation Supplies","","presentation-supplies","pcat_01KE1PPB81J41E4DHBVBSK81D1.pcat_01KE1PPBAB99K7X0G0J686QQYP.pcat_01KE1PQ5WDFG9G3P8XMPEDWNYT.pcat_01KE1PQ63SQG60Q9391S092RFX",True,False,2,"pcat_01KE1PQ5WDFG9G3P8XMPEDWNYT","2026-01-03 10:33:45.337+00","2026-01-03 10:33:45.337+00",NULL,"{""original_id"": ""300339"", ""original_path"": ""Electronics > Accessories & Supplies > Office Electronics Accessories > Presentation Supplies"", ""original_level"": 3}"
"pcat_01KE1PQ65R765T0HM1YEYZW4V2","Binding Machine Supplies","","binding-machine-supplies","pcat_01KE1PPB81J41E4DHBVBSK81D1.pcat_01KE1PPBAB99K7X0G0J686QQYP.pcat_01KE1PQ5WDFG9G3P8XMPEDWNYT.pcat_01KE1PQ63SQG60Q9391S092RFX.pcat_01KE1PQ65R765T0HM1YEYZW4V2",True,False,0,"pcat_01KE1PQ63SQG60Q9391S092RFX","2026-01-03 10:33:45.4+00","2026-01-03 10:33:45.4+00",NULL,"{""original_id"": ""300340"", ""original_path"": ""Electronics > Accessories & Supplies > Office Electronics Accessories > Presentation Supplies > Binding Machine Supplies"", ""original_level"": 4}"
"pcat_01KE1PQ67V4PQJGVRAV74Y373X","Overhead Supplies","","overhead-supplies","pcat_01KE1PPB81J41E4DHBVBSK81D1.pcat_01KE1PPBAB99K7X0G0J686QQYP.pcat_01KE1PQ5WDFG9G3P8XMPEDWNYT.pcat_01KE1PQ63SQG60Q9391S092RFX.pcat_01KE1PQ67V4PQJGVRAV74Y373X",True,False,1,"pcat_01KE1PQ63SQG60Q9391S092RFX","2026-01-03 10:33:45.467+00","2026-01-03 10:33:45.467+00",NULL,"{""original_id"": ""300342"", ""original_path"": ""Electronics > Accessories & Supplies > Office Electronics Accessories > Presentation Supplies > Overhead Supplies"", ""original_level"": 4}"
"pcat_01KE1PQ69S44TJHBPMS4GH0RQ6","Projection Screens","","projection-screens","pcat_01KE1PPB81J41E4DHBVBSK81D1.pcat_01KE1PPBAB99K7X0G0J686QQYP.pcat_01KE1PQ5WDFG9G3P8XMPEDWNYT.pcat_01KE1PQ69S44TJHBPMS4GH0RQ6",True,False,3,"pcat_01KE1PQ5WDFG9G3P8XMPEDWNYT","2026-01-03 10:33:45.529+00","2026-01-03 10:33:45.529+00",NULL,"{""original_id"": ""1286610011"", ""original_path"": ""Electronics > Accessories & Supplies > Office Electronics Accessories > Projection Screens"", ""original_level"": 3}"
"pcat_01KE1PQ6BMD7FMFMCHJ1QVM4X2","Power Protection","","power-protection","pcat_01KE1PPB81J41E4DHBVBSK81D1.pcat_01KE1PPBAB99K7X0G0J686QQYP.pcat_01KE1PQ6BMD7FMFMCHJ1QVM4X2",True,False,12,"pcat_01KE1PPBAB99K7X0G0J686QQYP","2026-01-03 10:33:45.588+00","2026-01-03 10:33:45.588+00",NULL,"{""original_id"": ""2223901011"", ""original_path"": ""Electronics > Accessories & Supplies > Power Protection"", ""original_level"": 2}"
"pcat_01KE1PQD66B0S9BVT2NXJ002JT","Digital Cameras","","digital-cameras","pcat_01KE1PPB81J41E4DHBVBSK81D1.pcat_01KE1PQBSF8H60HAS574QN4G91.pcat_01KE1PQD66B0S9BVT2NXJ002JT",True,False,1,"pcat_01KE1PQBSF8H60HAS574QN4G91","2026-01-03 10:33:52.582+00","2026-01-03 10:33:52.582+00",NULL,"{""original_id"": ""281052"", ""original_path"": ""Electronics > Camera & Photo > Digital Cameras"", ""original_level"": 2}"
"pcat_01KE1PQ6FGEZC2HJ5ZZN971ZH5","Power Strips","","power-strips","pcat_01KE1PPB81J41E4DHBVBSK81D1.pcat_01KE1PPBAB99K7X0G0J686QQYP.pcat_01KE1PQ6DEAENKG1EREV83R9MZ.pcat_01KE1PQ6FGEZC2HJ5ZZN971ZH5",True,False,0,"pcat_01KE1PQ6DEAENKG1EREV83R9MZ","2026-01-03 10:33:45.713+00","2026-01-03 10:33:45.713+00",NULL,"{""original_id"": ""10967801"", ""original_path"": ""Electronics > Accessories & Supplies > Power Strips & Surge Protectors > Power Strips"", ""original_level"": 3}"
"pcat_01KE1PQ6HMH8JG0T95G6RJYWJD","Telephone Accessories","","telephone-accessories","pcat_01KE1PPB81J41E4DHBVBSK81D1.pcat_01KE1PPBAB99K7X0G0J686QQYP.pcat_01KE1PQ6HMH8JG0T95G6RJYWJD",True,False,14,"pcat_01KE1PPBAB99K7X0G0J686QQYP","2026-01-03 10:33:45.78+00","2026-01-03 10:33:45.78+00",NULL,"{""original_id"": ""172607"", ""original_path"": ""Electronics > Accessories & Supplies > Telephone Accessories"", ""original_level"": 2}"
"pcat_01KE1PQ6KRKNCG0K6HKCE9CJ1F","Batteries","","batteries-2","pcat_01KE1PPB81J41E4DHBVBSK81D1.pcat_01KE1PPBAB99K7X0G0J686QQYP.pcat_01KE1PQ6HMH8JG0T95G6RJYWJD.pcat_01KE1PQ6KRKNCG0K6HKCE9CJ1F",True,False,0,"pcat_01KE1PQ6HMH8JG0T95G6RJYWJD","2026-01-03 10:33:45.849+00","2026-01-03 10:33:45.849+00",NULL,"{""original_id"": ""172608"", ""original_path"": ""Electronics > Accessories & Supplies > Telephone Accessories > Batteries"", ""original_level"": 3}"
"pcat_01KE1PQ6P0ZVVK1YFSR53Q5QGS","Caller ID Displays","","caller-id-displays","pcat_01KE1PPB81J41E4DHBVBSK81D1.pcat_01KE1PPBAB99K7X0G0J686QQYP.pcat_01KE1PQ6HMH8JG0T95G6RJYWJD.pcat_01KE1PQ6P0ZVVK1YFSR53Q5QGS",True,False,1,"pcat_01KE1PQ6HMH8JG0T95G6RJYWJD","2026-01-03 10:33:45.92+00","2026-01-03 10:33:45.92+00",NULL,"{""original_id"": ""172612"", ""original_path"": ""Electronics > Accessories & Supplies > Telephone Accessories > Caller ID Displays"", ""original_level"": 3}"
"pcat_01KE1PQ6QV757R5PZS9BXYKH7A","Headsets","","headsets-3","pcat_01KE1PPB81J41E4DHBVBSK81D1.pcat_01KE1PPBAB99K7X0G0J686QQYP.pcat_01KE1PQ6HMH8JG0T95G6RJYWJD.pcat_01KE1PQ6QV757R5PZS9BXYKH7A",True,False,2,"pcat_01KE1PQ6HMH8JG0T95G6RJYWJD","2026-01-03 10:33:45.98+00","2026-01-03 10:33:45.98+00",NULL,"{""original_id"": ""229193"", ""original_path"": ""Electronics > Accessories & Supplies > Telephone Accessories > Headsets"", ""original_level"": 3}"
"pcat_01KE1PQ6SX03P9DJMHAMCS4V6M","Phone Cards","","phone-cards","pcat_01KE1PPB81J41E4DHBVBSK81D1.pcat_01KE1PPBAB99K7X0G0J686QQYP.pcat_01KE1PQ6HMH8JG0T95G6RJYWJD.pcat_01KE1PQ6SX03P9DJMHAMCS4V6M",True,False,3,"pcat_01KE1PQ6HMH8JG0T95G6RJYWJD","2026-01-03 10:33:46.045+00","2026-01-03 10:33:46.045+00",NULL,"{""original_id"": ""172622"", ""original_path"": ""Electronics > Accessories & Supplies > Telephone Accessories > Phone Cards"", ""original_level"": 3}"
"pcat_01KE1PQ6VP09CJPN6GTRKM2SG5","Telephone Cords","","telephone-cords","pcat_01KE1PPB81J41E4DHBVBSK81D1.pcat_01KE1PPBAB99K7X0G0J686QQYP.pcat_01KE1PQ6HMH8JG0T95G6RJYWJD.pcat_01KE1PQ6VP09CJPN6GTRKM2SG5",True,False,4,"pcat_01KE1PQ6HMH8JG0T95G6RJYWJD","2026-01-03 10:33:46.102+00","2026-01-03 10:33:46.102+00",NULL,"{""original_id"": ""689974011"", ""original_path"": ""Electronics > Accessories & Supplies > Telephone Accessories > Telephone Cords"", ""original_level"": 3}"
"pcat_01KE1PQ6XH0TP20HHDZ4NBN21Y","Wireless Jack Systems","","wireless-jack-systems","pcat_01KE1PPB81J41E4DHBVBSK81D1.pcat_01KE1PPBAB99K7X0G0J686QQYP.pcat_01KE1PQ6HMH8JG0T95G6RJYWJD.pcat_01KE1PQ6XH0TP20HHDZ4NBN21Y",True,False,5,"pcat_01KE1PQ6HMH8JG0T95G6RJYWJD","2026-01-03 10:33:46.161+00","2026-01-03 10:33:46.161+00",NULL,"{""original_id"": ""281505"", ""original_path"": ""Electronics > Accessories & Supplies > Telephone Accessories > Wireless Jack Systems"", ""original_level"": 3}"
"pcat_01KE1PQ6ZBSXGEMK8X40NK6Z8H","Television Accessories","","television-accessories","pcat_01KE1PPB81J41E4DHBVBSK81D1.pcat_01KE1PPBAB99K7X0G0J686QQYP.pcat_01KE1PQ6ZBSXGEMK8X40NK6Z8H",True,False,15,"pcat_01KE1PPBAB99K7X0G0J686QQYP","2026-01-03 10:33:46.219+00","2026-01-03 10:33:46.219+00",NULL,"{""original_id"": ""3230976011"", ""original_path"": ""Electronics > Accessories & Supplies > Television Accessories"", ""original_level"": 2}"
"pcat_01KE1PQ71BNTA37RR4KWM6B1KV","3D Glasses","","3d-glasses","pcat_01KE1PPB81J41E4DHBVBSK81D1.pcat_01KE1PPBAB99K7X0G0J686QQYP.pcat_01KE1PQ6ZBSXGEMK8X40NK6Z8H.pcat_01KE1PQ71BNTA37RR4KWM6B1KV",True,False,0,"pcat_01KE1PQ6ZBSXGEMK8X40NK6Z8H","2026-01-03 10:33:46.284+00","2026-01-03 10:33:46.284+00",NULL,"{""original_id"": ""3224438011"", ""original_path"": ""Electronics > Accessories & Supplies > Television Accessories > 3D Glasses"", ""original_level"": 3}"
"pcat_01KE1PQ73BTMXBK0WPF78CN68G","Antennas","","antennas","pcat_01KE1PPB81J41E4DHBVBSK81D1.pcat_01KE1PPBAB99K7X0G0J686QQYP.pcat_01KE1PQ6ZBSXGEMK8X40NK6Z8H.pcat_01KE1PQ73BTMXBK0WPF78CN68G",True,False,1,"pcat_01KE1PQ6ZBSXGEMK8X40NK6Z8H","2026-01-03 10:33:46.347+00","2026-01-03 10:33:46.347+00",NULL,"{""original_id"": ""10966881"", ""original_path"": ""Electronics > Accessories & Supplies > Television Accessories > Antennas"", ""original_level"": 3}"
"pcat_01KE1PQ75DZZ1E0S74HHTF1BGC","Radio Antennas","","radio-antennas","pcat_01KE1PPB81J41E4DHBVBSK81D1.pcat_01KE1PPBAB99K7X0G0J686QQYP.pcat_01KE1PQ6ZBSXGEMK8X40NK6Z8H.pcat_01KE1PQ73BTMXBK0WPF78CN68G.pcat_01KE1PQ75DZZ1E0S74HHTF1BGC",True,False,0,"pcat_01KE1PQ73BTMXBK0WPF78CN68G","2026-01-03 10:33:46.413+00","2026-01-03 10:33:46.413+00",NULL,"{""original_id"": ""172533"", ""original_path"": ""Electronics > Accessories & Supplies > Television Accessories > Antennas > Radio Antennas"", ""original_level"": 4}"
"pcat_01KE1PQ77D4TW4PBW672J4MAA2","TV Antennas","","tv-antennas","pcat_01KE1PPB81J41E4DHBVBSK81D1.pcat_01KE1PPBAB99K7X0G0J686QQYP.pcat_01KE1PQ6ZBSXGEMK8X40NK6Z8H.pcat_01KE1PQ73BTMXBK0WPF78CN68G.pcat_01KE1PQ77D4TW4PBW672J4MAA2",True,False,1,"pcat_01KE1PQ73BTMXBK0WPF78CN68G","2026-01-03 10:33:46.477+00","2026-01-03 10:33:46.477+00",NULL,"{""original_id"": ""172665"", ""original_path"": ""Electronics > Accessories & Supplies > Television Accessories > Antennas > TV Antennas"", ""original_level"": 4}"
"pcat_01KE1PQ79A0ZA82QVWKEPQ07J9","Cleaning","","cleaning","pcat_01KE1PPB81J41E4DHBVBSK81D1.pcat_01KE1PPBAB99K7X0G0J686QQYP.pcat_01KE1PQ6ZBSXGEMK8X40NK6Z8H.pcat_01KE1PQ79A0ZA82QVWKEPQ07J9",True,False,2,"pcat_01KE1PQ6ZBSXGEMK8X40NK6Z8H","2026-01-03 10:33:46.538+00","2026-01-03 10:33:46.538+00",NULL,"{""original_id"": ""173243"", ""original_path"": ""Electronics > Accessories & Supplies > Television Accessories > Cleaning"", ""original_level"": 3}"
"pcat_01KE1PQ7B4TA8JGZEVAAARYEAB","Disc Cleaners","","disc-cleaners","pcat_01KE1PPB81J41E4DHBVBSK81D1.pcat_01KE1PPBAB99K7X0G0J686QQYP.pcat_01KE1PQ6ZBSXGEMK8X40NK6Z8H.pcat_01KE1PQ79A0ZA82QVWKEPQ07J9.pcat_01KE1PQ7B4TA8JGZEVAAARYEAB",True,False,0,"pcat_01KE1PQ79A0ZA82QVWKEPQ07J9","2026-01-03 10:33:46.596+00","2026-01-03 10:33:46.596+00",NULL,"{""original_id"": ""14084671"", ""original_path"": ""Electronics > Accessories & Supplies > Television Accessories > Cleaning > Disc Cleaners"", ""original_level"": 4}"
"pcat_01KE1PQ7D1E8RZTMCCW50ZS402","Disc Repair Kits","","disc-repair-kits","pcat_01KE1PPB81J41E4DHBVBSK81D1.pcat_01KE1PPBAB99K7X0G0J686QQYP.pcat_01KE1PQ6ZBSXGEMK8X40NK6Z8H.pcat_01KE1PQ79A0ZA82QVWKEPQ07J9.pcat_01KE1PQ7D1E8RZTMCCW50ZS402",True,False,1,"pcat_01KE1PQ79A0ZA82QVWKEPQ07J9","2026-01-03 10:33:46.657+00","2026-01-03 10:33:46.657+00",NULL,"{""original_id"": ""14084701"", ""original_path"": ""Electronics > Accessories & Supplies > Television Accessories > Cleaning > Disc Repair Kits"", ""original_level"": 4}"
"pcat_01KE1PQ7F2HREGFC3XHK7FE3VV","Head Cleaners","","head-cleaners","pcat_01KE1PPB81J41E4DHBVBSK81D1.pcat_01KE1PPBAB99K7X0G0J686QQYP.pcat_01KE1PQ6ZBSXGEMK8X40NK6Z8H.pcat_01KE1PQ79A0ZA82QVWKEPQ07J9.pcat_01KE1PQ7F2HREGFC3XHK7FE3VV",True,False,2,"pcat_01KE1PQ79A0ZA82QVWKEPQ07J9","2026-01-03 10:33:46.722+00","2026-01-03 10:33:46.722+00",NULL,"{""original_id"": ""14084721"", ""original_path"": ""Electronics > Accessories & Supplies > Television Accessories > Cleaning > Head Cleaners"", ""original_level"": 4}"
"pcat_01KE1PQ7GXNQPRYSH80KM9CP6P","Lens Cleaners","","lens-cleaners","pcat_01KE1PPB81J41E4DHBVBSK81D1.pcat_01KE1PPBAB99K7X0G0J686QQYP.pcat_01KE1PQ6ZBSXGEMK8X40NK6Z8H.pcat_01KE1PQ79A0ZA82QVWKEPQ07J9.pcat_01KE1PQ7GXNQPRYSH80KM9CP6P",True,False,3,"pcat_01KE1PQ79A0ZA82QVWKEPQ07J9","2026-01-03 10:33:46.781+00","2026-01-03 10:33:46.781+00",NULL,"{""original_id"": ""14084681"", ""original_path"": ""Electronics > Accessories & Supplies > Television Accessories > Cleaning > Lens Cleaners"", ""original_level"": 4}"
"pcat_01KE1PQ7JRKKZCMPA18DGXQBM0","Record Cleaners & Cleaning Supplies","","record-cleaners-cleaning-supplies","pcat_01KE1PPB81J41E4DHBVBSK81D1.pcat_01KE1PPBAB99K7X0G0J686QQYP.pcat_01KE1PQ6ZBSXGEMK8X40NK6Z8H.pcat_01KE1PQ79A0ZA82QVWKEPQ07J9.pcat_01KE1PQ7JRKKZCMPA18DGXQBM0",True,False,4,"pcat_01KE1PQ79A0ZA82QVWKEPQ07J9","2026-01-03 10:33:46.84+00","2026-01-03 10:33:46.84+00",NULL,"{""original_id"": ""18008656011"", ""original_path"": ""Electronics > Accessories & Supplies > Television Accessories > Cleaning > Record Cleaners & Cleaning Supplies"", ""original_level"": 4}"
"pcat_01KE1PQ7MVTZ5WN88Q6EVS8N8P","Remote Controls","","remote-controls-4","pcat_01KE1PPB81J41E4DHBVBSK81D1.pcat_01KE1PPBAB99K7X0G0J686QQYP.pcat_01KE1PQ6ZBSXGEMK8X40NK6Z8H.pcat_01KE1PQ7MVTZ5WN88Q6EVS8N8P",True,False,3,"pcat_01KE1PQ6ZBSXGEMK8X40NK6Z8H","2026-01-03 10:33:46.908+00","2026-01-03 10:33:46.908+00",NULL,"{""original_id"": ""173244"", ""original_path"": ""Electronics > Accessories & Supplies > Television Accessories > Remote Controls"", ""original_level"": 3}"
"pcat_01KE1PQ7QGNGRRX0J894FJV9ZG","Remote Controls","","remote-controls-5","pcat_01KE1PPB81J41E4DHBVBSK81D1.pcat_01KE1PPBAB99K7X0G0J686QQYP.pcat_01KE1PQ6ZBSXGEMK8X40NK6Z8H.pcat_01KE1PQ7MVTZ5WN88Q6EVS8N8P.pcat_01KE1PQ7QGNGRRX0J894FJV9ZG",True,False,0,"pcat_01KE1PQ7MVTZ5WN88Q6EVS8N8P","2026-01-03 10:33:46.993+00","2026-01-03 10:33:46.993+00",NULL,"{""original_id"": ""10967581"", ""original_path"": ""Electronics > Accessories & Supplies > Audio & Video Accessories > Remote Controls & Accessories > Remote Controls"", ""original_level"": 4}"
"pcat_01KE1PQ7SG8A8ZD6APB6JC6JH1","Remote-Control Extenders","","remote-control-extenders","pcat_01KE1PPB81J41E4DHBVBSK81D1.pcat_01KE1PPBAB99K7X0G0J686QQYP.pcat_01KE1PQ6ZBSXGEMK8X40NK6Z8H.pcat_01KE1PQ7MVTZ5WN88Q6EVS8N8P.pcat_01KE1PQ7SG8A8ZD6APB6JC6JH1",True,False,1,"pcat_01KE1PQ7MVTZ5WN88Q6EVS8N8P","2026-01-03 10:33:47.056+00","2026-01-03 10:33:47.056+00",NULL,"{""original_id"": ""11039361"", ""original_path"": ""Electronics > Accessories & Supplies > Television Accessories > Remote Controls > Remote-Control Extenders"", ""original_level"": 4}"
"pcat_01KE1PQ7VFF68YQF039EP7N9NV","Satellite TV Equipment","","satellite-tv-equipment","pcat_01KE1PPB81J41E4DHBVBSK81D1.pcat_01KE1PPBAB99K7X0G0J686QQYP.pcat_01KE1PQ6ZBSXGEMK8X40NK6Z8H.pcat_01KE1PQ7VFF68YQF039EP7N9NV",True,False,4,"pcat_01KE1PQ6ZBSXGEMK8X40NK6Z8H","2026-01-03 10:33:47.12+00","2026-01-03 10:33:47.12+00",NULL,"{""original_id"": ""3224446011"", ""original_path"": ""Electronics > Accessories & Supplies > Television Accessories > Satellite TV Equipment"", ""original_level"": 3}"
"pcat_01KE1PQ7XDYEES46BM9XZ7VFCV","Mounting Accessories","","mounting-accessories","pcat_01KE1PPB81J41E4DHBVBSK81D1.pcat_01KE1PPBAB99K7X0G0J686QQYP.pcat_01KE1PQ6ZBSXGEMK8X40NK6Z8H.pcat_01KE1PQ7VFF68YQF039EP7N9NV.pcat_01KE1PQ7XDYEES46BM9XZ7VFCV",True,False,0,"pcat_01KE1PQ7VFF68YQF039EP7N9NV","2026-01-03 10:33:47.181+00","2026-01-03 10:33:47.181+00",NULL,"{""original_id"": ""3224450011"", ""original_path"": ""Electronics > Accessories & Supplies > Television Accessories > Satellite TV Equipment > Mounting Accessories"", ""original_level"": 4}"
"pcat_01KE1PQ7ZAT2S2JNFR3PJ2P7H8","Satellite Dish Mounts","","satellite-dish-mounts","pcat_01KE1PPB81J41E4DHBVBSK81D1.pcat_01KE1PPBAB99K7X0G0J686QQYP.pcat_01KE1PQ6ZBSXGEMK8X40NK6Z8H.pcat_01KE1PQ7VFF68YQF039EP7N9NV.pcat_01KE1PQ7XDYEES46BM9XZ7VFCV.pcat_01KE1PQ7ZAT2S2JNFR3PJ2P7H8",True,False,0,"pcat_01KE1PQ7XDYEES46BM9XZ7VFCV","2026-01-03 10:33:47.243+00","2026-01-03 10:33:47.243+00",NULL,"{""original_id"": ""3224451011"", ""original_path"": ""Electronics > Accessories & Supplies > Television Accessories > Satellite TV Equipment > Mounting Accessories > Satellite Dish Mounts"", ""original_level"": 0}"
"pcat_01KE1PQ81ABFGV7MWSB80H9ZAN","Satellite Finders","","satellite-finders","pcat_01KE1PPB81J41E4DHBVBSK81D1.pcat_01KE1PPBAB99K7X0G0J686QQYP.pcat_01KE1PQ6ZBSXGEMK8X40NK6Z8H.pcat_01KE1PQ7VFF68YQF039EP7N9NV.pcat_01KE1PQ7XDYEES46BM9XZ7VFCV.pcat_01KE1PQ81ABFGV7MWSB80H9ZAN",True,False,1,"pcat_01KE1PQ7XDYEES46BM9XZ7VFCV","2026-01-03 10:33:47.306+00","2026-01-03 10:33:47.306+00",NULL,"{""original_id"": ""3224452011"", ""original_path"": ""Electronics > Accessories & Supplies > Television Accessories > Satellite TV Equipment > Mounting Accessories > Satellite Finders"", ""original_level"": 0}"
"pcat_01KE1PQ83585H6892J42ATHDHN","Splitters","","splitters","pcat_01KE1PPB81J41E4DHBVBSK81D1.pcat_01KE1PPBAB99K7X0G0J686QQYP.pcat_01KE1PQ6ZBSXGEMK8X40NK6Z8H.pcat_01KE1PQ7VFF68YQF039EP7N9NV.pcat_01KE1PQ83585H6892J42ATHDHN",True,False,1,"pcat_01KE1PQ7VFF68YQF039EP7N9NV","2026-01-03 10:33:47.365+00","2026-01-03 10:33:47.365+00",NULL,"{""original_id"": ""3224457011"", ""original_path"": ""Electronics > Accessories & Supplies > Television Accessories > Satellite TV Equipment > Splitters"", ""original_level"": 4}"
"pcat_01KE1PQ851Y6H7R2HXVJ1EPZ2G","TV Screen Protectors","","tv-screen-protectors","pcat_01KE1PPB81J41E4DHBVBSK81D1.pcat_01KE1PPBAB99K7X0G0J686QQYP.pcat_01KE1PQ6ZBSXGEMK8X40NK6Z8H.pcat_01KE1PQ851Y6H7R2HXVJ1EPZ2G",True,False,5,"pcat_01KE1PQ6ZBSXGEMK8X40NK6Z8H","2026-01-03 10:33:47.425+00","2026-01-03 10:33:47.425+00",NULL,"{""original_id"": ""3224462011"", ""original_path"": ""Electronics > Accessories & Supplies > Television Accessories > TV Screen Protectors"", ""original_level"": 3}"
"pcat_01KE1PQ86WWKC11FSQ04RD89GN","VCR Rewinders","","vcr-rewinders","pcat_01KE1PPB81J41E4DHBVBSK81D1.pcat_01KE1PPBAB99K7X0G0J686QQYP.pcat_01KE1PQ6ZBSXGEMK8X40NK6Z8H.pcat_01KE1PQ86WWKC11FSQ04RD89GN",True,False,6,"pcat_01KE1PQ6ZBSXGEMK8X40NK6Z8H","2026-01-03 10:33:47.484+00","2026-01-03 10:33:47.484+00",NULL,"{""original_id"": ""281425"", ""original_path"": ""Electronics > Accessories & Supplies > Television Accessories > VCR Rewinders"", ""original_level"": 3}"
"pcat_01KE1PQBVH3FE6SZ5TYEY4NCBN","Binoculars & Scopes","","binoculars-scopes","pcat_01KE1PPB81J41E4DHBVBSK81D1.pcat_01KE1PQBSF8H60HAS574QN4G91.pcat_01KE1PQBVH3FE6SZ5TYEY4NCBN",True,False,0,"pcat_01KE1PQBSF8H60HAS574QN4G91","2026-01-03 10:33:51.217+00","2026-01-03 10:33:51.217+00",NULL,"{""original_id"": ""499320"", ""original_path"": ""Electronics > Camera & Photo > Binoculars & Scopes"", ""original_level"": 2}"
"pcat_01KE1PQ88X1AJ0NEA87V9B3GKS","Video Converters","","video-converters","pcat_01KE1PPB81J41E4DHBVBSK81D1.pcat_01KE1PPBAB99K7X0G0J686QQYP.pcat_01KE1PQ6ZBSXGEMK8X40NK6Z8H.pcat_01KE1PQ88X1AJ0NEA87V9B3GKS",True,False,7,"pcat_01KE1PQ6ZBSXGEMK8X40NK6Z8H","2026-01-03 10:33:47.55+00","2026-01-03 10:33:47.55+00",NULL,"{""original_id"": ""280341"", ""original_path"": ""Electronics > Accessories & Supplies > Television Accessories > Video Converters"", ""original_level"": 3}"
"pcat_01KE1PQ8AZE8R0HPW089VGHWTN","Wi-Fi Dongles","","wi-fi-dongles","pcat_01KE1PPB81J41E4DHBVBSK81D1.pcat_01KE1PPBAB99K7X0G0J686QQYP.pcat_01KE1PQ6ZBSXGEMK8X40NK6Z8H.pcat_01KE1PQ8AZE8R0HPW089VGHWTN",True,False,8,"pcat_01KE1PQ6ZBSXGEMK8X40NK6Z8H","2026-01-03 10:33:47.615+00","2026-01-03 10:33:47.615+00",NULL,"{""original_id"": ""13983791"", ""original_path"": ""Electronics > Accessories & Supplies > Television Accessories > Wi-Fi Dongles"", ""original_level"": 3}"
"pcat_01KE1PQ8CWGAM3RJWMTR4PN81V","Vehicle Electronics Accessories","","vehicle-electronics-accessories","pcat_01KE1PPB81J41E4DHBVBSK81D1.pcat_01KE1PPBAB99K7X0G0J686QQYP.pcat_01KE1PQ8CWGAM3RJWMTR4PN81V",True,False,16,"pcat_01KE1PPBAB99K7X0G0J686QQYP","2026-01-03 10:33:47.676+00","2026-01-03 10:33:47.676+00",NULL,"{""original_id"": ""10981291"", ""original_path"": ""Electronics > Accessories & Supplies > Vehicle Electronics Accessories"", ""original_level"": 2}"
"pcat_01KE1PQ8EV389TWR1M2K0W48KM","Alarm Accessories","","alarm-accessories","pcat_01KE1PPB81J41E4DHBVBSK81D1.pcat_01KE1PPBAB99K7X0G0J686QQYP.pcat_01KE1PQ8CWGAM3RJWMTR4PN81V.pcat_01KE1PQ8EV389TWR1M2K0W48KM",True,False,0,"pcat_01KE1PQ8CWGAM3RJWMTR4PN81V","2026-01-03 10:33:47.739+00","2026-01-03 10:33:47.739+00",NULL,"{""original_id"": ""15735151"", ""original_path"": ""Electronics > Accessories & Supplies > Vehicle Electronics Accessories > Alarm Accessories"", ""original_level"": 3}"
"pcat_01KE1PQ8H0W8FGRYXGRAGNF2MS","Audio & Video Accessories","","audio-video-accessories-3","pcat_01KE1PPB81J41E4DHBVBSK81D1.pcat_01KE1PPBAB99K7X0G0J686QQYP.pcat_01KE1PQ8CWGAM3RJWMTR4PN81V.pcat_01KE1PQ8H0W8FGRYXGRAGNF2MS",True,False,1,"pcat_01KE1PQ8CWGAM3RJWMTR4PN81V","2026-01-03 10:33:47.808+00","2026-01-03 10:33:47.808+00",NULL,"{""original_id"": ""10981681"", ""original_path"": ""Electronics > Accessories & Supplies > Vehicle Electronics Accessories > Audio & Video Accessories"", ""original_level"": 3}"
"pcat_01KE1PQ8JZ8Y7TPXYND1BRQ5F1","Antennas","","antennas-2","pcat_01KE1PPB81J41E4DHBVBSK81D1.pcat_01KE1PPBAB99K7X0G0J686QQYP.pcat_01KE1PQ8CWGAM3RJWMTR4PN81V.pcat_01KE1PQ8H0W8FGRYXGRAGNF2MS.pcat_01KE1PQ8JZ8Y7TPXYND1BRQ5F1",True,False,0,"pcat_01KE1PQ8H0W8FGRYXGRAGNF2MS","2026-01-03 10:33:47.871+00","2026-01-03 10:33:47.871+00",NULL,"{""original_id"": ""10981691"", ""original_path"": ""Electronics > Accessories & Supplies > Vehicle Electronics Accessories > Audio & Video Accessories > Antennas"", ""original_level"": 4}"
"pcat_01KE1PQ8N4BP0M5BK7XN6FTCJW","Auxiliary Input Adapters","","auxiliary-input-adapters","pcat_01KE1PPB81J41E4DHBVBSK81D1.pcat_01KE1PPBAB99K7X0G0J686QQYP.pcat_01KE1PQ8CWGAM3RJWMTR4PN81V.pcat_01KE1PQ8H0W8FGRYXGRAGNF2MS.pcat_01KE1PQ8N4BP0M5BK7XN6FTCJW",True,False,1,"pcat_01KE1PQ8H0W8FGRYXGRAGNF2MS","2026-01-03 10:33:47.94+00","2026-01-03 10:33:47.94+00",NULL,"{""original_id"": ""1293685011"", ""original_path"": ""Electronics > Accessories & Supplies > Vehicle Electronics Accessories > Audio & Video Accessories > Auxiliary Input Adapters"", ""original_level"": 4}"
"pcat_01KE1PQ8Q3EH4VYXMYNR74ZGRW","Bluetooth Car Kits","","bluetooth-car-kits","pcat_01KE1PPB81J41E4DHBVBSK81D1.pcat_01KE1PPBAB99K7X0G0J686QQYP.pcat_01KE1PQ8CWGAM3RJWMTR4PN81V.pcat_01KE1PQ8H0W8FGRYXGRAGNF2MS.pcat_01KE1PQ8Q3EH4VYXMYNR74ZGRW",True,False,2,"pcat_01KE1PQ8H0W8FGRYXGRAGNF2MS","2026-01-03 10:33:48.003+00","2026-01-03 10:33:48.003+00",NULL,"{""original_id"": ""1293687011"", ""original_path"": ""Electronics > Accessories & Supplies > Vehicle Electronics Accessories > Audio & Video Accessories > Bluetooth Car Kits"", ""original_level"": 4}"
"pcat_01KE1PQ8SNWMNM5P1D3PP6RH4Y","CD Storage Cases","","cd-storage-cases","pcat_01KE1PPB81J41E4DHBVBSK81D1.pcat_01KE1PPBAB99K7X0G0J686QQYP.pcat_01KE1PQ8CWGAM3RJWMTR4PN81V.pcat_01KE1PQ8H0W8FGRYXGRAGNF2MS.pcat_01KE1PQ8SNWMNM5P1D3PP6RH4Y",True,False,3,"pcat_01KE1PQ8H0W8FGRYXGRAGNF2MS","2026-01-03 10:33:48.085+00","2026-01-03 10:33:48.085+00",NULL,"{""original_id"": ""318294011"", ""original_path"": ""Electronics > Accessories & Supplies > Vehicle Electronics Accessories > Audio & Video Accessories > CD Storage Cases"", ""original_level"": 4}"
"pcat_01KE1PQ8VK4Y9J3AJ77HACR77E","FM Transmitters","","fm-transmitters","pcat_01KE1PPB81J41E4DHBVBSK81D1.pcat_01KE1PPBAB99K7X0G0J686QQYP.pcat_01KE1PQ8CWGAM3RJWMTR4PN81V.pcat_01KE1PQ8H0W8FGRYXGRAGNF2MS.pcat_01KE1PQ8VK4Y9J3AJ77HACR77E",True,False,4,"pcat_01KE1PQ8H0W8FGRYXGRAGNF2MS","2026-01-03 10:33:48.147+00","2026-01-03 10:33:48.147+00",NULL,"{""original_id"": ""13981621"", ""original_path"": ""Electronics > Accessories & Supplies > Vehicle Electronics Accessories > Audio & Video Accessories > FM Transmitters"", ""original_level"": 4}"
"pcat_01KE1PQ8XHGXFT4C4H2XWTF16K","Portable Device Car Mounts","","portable-device-car-mounts","pcat_01KE1PPB81J41E4DHBVBSK81D1.pcat_01KE1PPBAB99K7X0G0J686QQYP.pcat_01KE1PQ8CWGAM3RJWMTR4PN81V.pcat_01KE1PQ8H0W8FGRYXGRAGNF2MS.pcat_01KE1PQ8XHGXFT4C4H2XWTF16K",True,False,5,"pcat_01KE1PQ8H0W8FGRYXGRAGNF2MS","2026-01-03 10:33:48.209+00","2026-01-03 10:33:48.209+00",NULL,"{""original_id"": ""7072562011"", ""original_path"": ""Automotive > Car Electronics & Accessories > Car Electronics Accessories > Audio & Video Accessories > Portable Device Car Mounts"", ""original_level"": 4}"
"pcat_01KE1PQ8ZEM9YGWKSXZC5XBBJC","Power Adapters","","power-adapters","pcat_01KE1PPB81J41E4DHBVBSK81D1.pcat_01KE1PPBAB99K7X0G0J686QQYP.pcat_01KE1PQ8CWGAM3RJWMTR4PN81V.pcat_01KE1PQ8H0W8FGRYXGRAGNF2MS.pcat_01KE1PQ8ZEM9YGWKSXZC5XBBJC",True,False,6,"pcat_01KE1PQ8H0W8FGRYXGRAGNF2MS","2026-01-03 10:33:48.27+00","2026-01-03 10:33:48.27+00",NULL,"{""original_id"": ""10981751"", ""original_path"": ""Automotive > Car Electronics & Accessories > Car Electronics Accessories > Audio & Video Accessories > Power Adapters"", ""original_level"": 4}"
"pcat_01KE1PQ91QY8XP63FFDN0NKZVE","Power Inverters","","power-inverters","pcat_01KE1PPB81J41E4DHBVBSK81D1.pcat_01KE1PPBAB99K7X0G0J686QQYP.pcat_01KE1PQ8CWGAM3RJWMTR4PN81V.pcat_01KE1PQ8H0W8FGRYXGRAGNF2MS.pcat_01KE1PQ91QY8XP63FFDN0NKZVE",True,False,7,"pcat_01KE1PQ8H0W8FGRYXGRAGNF2MS","2026-01-03 10:33:48.343+00","2026-01-03 10:33:48.343+00",NULL,"{""original_id"": ""583328"", ""original_path"": ""Automotive > Car Electronics & Accessories > Car Electronics Accessories > Audio & Video Accessories > Power Inverters"", ""original_level"": 4}"
"pcat_01KE1PQ93HZHNV5QMNXV65KTY6","Remote Controls","","remote-controls-6","pcat_01KE1PPB81J41E4DHBVBSK81D1.pcat_01KE1PPBAB99K7X0G0J686QQYP.pcat_01KE1PQ8CWGAM3RJWMTR4PN81V.pcat_01KE1PQ8H0W8FGRYXGRAGNF2MS.pcat_01KE1PQ93HZHNV5QMNXV65KTY6",True,False,8,"pcat_01KE1PQ8H0W8FGRYXGRAGNF2MS","2026-01-03 10:33:48.401+00","2026-01-03 10:33:48.401+00",NULL,"{""original_id"": ""10981741"", ""original_path"": ""Electronics > Accessories & Supplies > Vehicle Electronics Accessories > Audio & Video Accessories > Remote Controls"", ""original_level"": 4}"
"pcat_01KE1PQ95AQSAY3A8MA9PK2D0V","Car Dash Mounting Kits","","car-dash-mounting-kits","pcat_01KE1PPB81J41E4DHBVBSK81D1.pcat_01KE1PPBAB99K7X0G0J686QQYP.pcat_01KE1PQ8CWGAM3RJWMTR4PN81V.pcat_01KE1PQ95AQSAY3A8MA9PK2D0V",True,False,2,"pcat_01KE1PQ8CWGAM3RJWMTR4PN81V","2026-01-03 10:33:48.458+00","2026-01-03 10:33:48.458+00",NULL,"{""original_id"": ""10981321"", ""original_path"": ""Electronics > Accessories & Supplies > Vehicle Electronics Accessories > Car Dash Mounting Kits"", ""original_level"": 3}"
"pcat_01KE1PQ97700EY5KMPXT8W6E51","Cell Phone Accessories","","cell-phone-accessories-2","pcat_01KE1PPB81J41E4DHBVBSK81D1.pcat_01KE1PPBAB99K7X0G0J686QQYP.pcat_01KE1PQ8CWGAM3RJWMTR4PN81V.pcat_01KE1PQ97700EY5KMPXT8W6E51",True,False,3,"pcat_01KE1PQ8CWGAM3RJWMTR4PN81V","2026-01-03 10:33:48.519+00","2026-01-03 10:33:48.519+00",NULL,"{""original_id"": ""2407759011"", ""original_path"": ""Electronics > Accessories & Supplies > Vehicle Electronics Accessories > Cell Phone Accessories"", ""original_level"": 3}"
"pcat_01KE1PQ99BKPE4JBXSJ9BHT02Z","Car Kits","","car-kits","pcat_01KE1PPB81J41E4DHBVBSK81D1.pcat_01KE1PPBAB99K7X0G0J686QQYP.pcat_01KE1PQ8CWGAM3RJWMTR4PN81V.pcat_01KE1PQ97700EY5KMPXT8W6E51.pcat_01KE1PQ99BKPE4JBXSJ9BHT02Z",True,False,0,"pcat_01KE1PQ97700EY5KMPXT8W6E51","2026-01-03 10:33:48.587+00","2026-01-03 10:33:48.587+00",NULL,"{""original_id"": ""2407764011"", ""original_path"": ""Electronics > Accessories & Supplies > Cell Phone Accessories > Car Accessories > Car Kits"", ""original_level"": 4}"
"pcat_01KE1PQ9B5FZE4MY4GXG7D5XSP","Car Pads & Mats","","car-pads-mats","pcat_01KE1PPB81J41E4DHBVBSK81D1.pcat_01KE1PPBAB99K7X0G0J686QQYP.pcat_01KE1PQ8CWGAM3RJWMTR4PN81V.pcat_01KE1PQ97700EY5KMPXT8W6E51.pcat_01KE1PQ9B5FZE4MY4GXG7D5XSP",True,False,1,"pcat_01KE1PQ97700EY5KMPXT8W6E51","2026-01-03 10:33:48.645+00","2026-01-03 10:33:48.645+00",NULL,"{""original_id"": ""11139605011"", ""original_path"": ""Electronics > Accessories & Supplies > Cell Phone Accessories > Car Accessories > Car Pads & Mats"", ""original_level"": 4}"
"pcat_01KE1PQ9D4PCNCKEP0SRFS80ND","Car Speakerphones","","car-speakerphones","pcat_01KE1PPB81J41E4DHBVBSK81D1.pcat_01KE1PPBAB99K7X0G0J686QQYP.pcat_01KE1PQ8CWGAM3RJWMTR4PN81V.pcat_01KE1PQ97700EY5KMPXT8W6E51.pcat_01KE1PQ9D4PCNCKEP0SRFS80ND",True,False,2,"pcat_01KE1PQ97700EY5KMPXT8W6E51","2026-01-03 10:33:48.708+00","2026-01-03 10:33:48.708+00",NULL,"{""original_id"": ""7073957011"", ""original_path"": ""Electronics > Accessories & Supplies > Cell Phone Accessories > Car Accessories > Car Speakerphones"", ""original_level"": 4}"
"pcat_01KE1PQ9F8QRMYCNS15H44GBVP","GPS System Accessories","","gps-system-accessories","pcat_01KE1PPB81J41E4DHBVBSK81D1.pcat_01KE1PPBAB99K7X0G0J686QQYP.pcat_01KE1PQ8CWGAM3RJWMTR4PN81V.pcat_01KE1PQ9F8QRMYCNS15H44GBVP",True,False,4,"pcat_01KE1PQ8CWGAM3RJWMTR4PN81V","2026-01-03 10:33:48.776+00","2026-01-03 10:33:48.776+00",NULL,"{""original_id"": ""559942"", ""original_path"": ""Electronics > Accessories & Supplies > Vehicle Electronics Accessories > GPS System Accessories"", ""original_level"": 3}"
"pcat_01KE1PQ9HAPJG3GR1C896J0YGA","Antennas","","antennas-3","pcat_01KE1PPB81J41E4DHBVBSK81D1.pcat_01KE1PPBAB99K7X0G0J686QQYP.pcat_01KE1PQ8CWGAM3RJWMTR4PN81V.pcat_01KE1PQ9F8QRMYCNS15H44GBVP.pcat_01KE1PQ9HAPJG3GR1C896J0YGA",True,False,0,"pcat_01KE1PQ9F8QRMYCNS15H44GBVP","2026-01-03 10:33:48.842+00","2026-01-03 10:33:48.842+00",NULL,"{""original_id"": ""3248676011"", ""original_path"": ""Automotive > Car Electronics & Accessories > Car Electronics Accessories > GPS System Accessories > Antennas"", ""original_level"": 4}"
"pcat_01KE1PQ9K3BZ9TKT4E7CR4XH8Q","Batteries","","batteries-3","pcat_01KE1PPB81J41E4DHBVBSK81D1.pcat_01KE1PPBAB99K7X0G0J686QQYP.pcat_01KE1PQ8CWGAM3RJWMTR4PN81V.pcat_01KE1PQ9F8QRMYCNS15H44GBVP.pcat_01KE1PQ9K3BZ9TKT4E7CR4XH8Q",True,False,1,"pcat_01KE1PQ9F8QRMYCNS15H44GBVP","2026-01-03 10:33:48.899+00","2026-01-03 10:33:48.899+00",NULL,"{""original_id"": ""3248677011"", ""original_path"": ""Electronics > Accessories & Supplies > GPS System Accessories > Batteries"", ""original_level"": 4}"
"pcat_01KE1PQ9MVYBCDJ3N3JHC1JSGC","Cases","","cases-2","pcat_01KE1PPB81J41E4DHBVBSK81D1.pcat_01KE1PPBAB99K7X0G0J686QQYP.pcat_01KE1PQ8CWGAM3RJWMTR4PN81V.pcat_01KE1PQ9F8QRMYCNS15H44GBVP.pcat_01KE1PQ9MVYBCDJ3N3JHC1JSGC",True,False,2,"pcat_01KE1PQ9F8QRMYCNS15H44GBVP","2026-01-03 10:33:48.955+00","2026-01-03 10:33:48.955+00",NULL,"{""original_id"": ""764466"", ""original_path"": ""Automotive > Car Electronics & Accessories > Car Electronics Accessories > GPS System Accessories > Cases"", ""original_level"": 4}"
"pcat_01KE1PQ9PNJ19SQBTEXMZ2HCY1","Screen Protector Foils","","screen-protector-foils-2","pcat_01KE1PPB81J41E4DHBVBSK81D1.pcat_01KE1PPBAB99K7X0G0J686QQYP.pcat_01KE1PQ8CWGAM3RJWMTR4PN81V.pcat_01KE1PQ9F8QRMYCNS15H44GBVP.pcat_01KE1PQ9PNJ19SQBTEXMZ2HCY1",True,False,3,"pcat_01KE1PQ9F8QRMYCNS15H44GBVP","2026-01-03 10:33:49.013+00","2026-01-03 10:33:49.013+00",NULL,"{""original_id"": ""3248682011"", ""original_path"": ""Electronics > Accessories & Supplies > GPS System Accessories > Screen Protector Foils"", ""original_level"": 4}"
"pcat_01KE1PQ9REN4F16HYGDJMTN61V","Traffic Message Channel (TMC) Receiver Modules","","traffic-message-channel-tmc-receiver-modules","pcat_01KE1PPB81J41E4DHBVBSK81D1.pcat_01KE1PPBAB99K7X0G0J686QQYP.pcat_01KE1PQ8CWGAM3RJWMTR4PN81V.pcat_01KE1PQ9F8QRMYCNS15H44GBVP.pcat_01KE1PQ9REN4F16HYGDJMTN61V",True,False,4,"pcat_01KE1PQ9F8QRMYCNS15H44GBVP","2026-01-03 10:33:49.07+00","2026-01-03 10:33:49.07+00",NULL,"{""original_id"": ""3248680011"", ""original_path"": ""Electronics > Accessories & Supplies > GPS System Accessories > Traffic Message Channel (TMC) Receiver Modules"", ""original_level"": 4}"
"pcat_01KE1PQ9TQP9M5HTD8QKQX4AMR","Vehicle Mounts","","vehicle-mounts","pcat_01KE1PPB81J41E4DHBVBSK81D1.pcat_01KE1PPBAB99K7X0G0J686QQYP.pcat_01KE1PQ8CWGAM3RJWMTR4PN81V.pcat_01KE1PQ9F8QRMYCNS15H44GBVP.pcat_01KE1PQ9TQP9M5HTD8QKQX4AMR",True,False,5,"pcat_01KE1PQ9F8QRMYCNS15H44GBVP","2026-01-03 10:33:49.143+00","2026-01-03 10:33:49.143+00",NULL,"{""original_id"": ""764574"", ""original_path"": ""Electronics > Accessories & Supplies > GPS System Accessories > Vehicle Mounts"", ""original_level"": 4}"
"pcat_01KE1PQ9WNXXZWJDGGCM7Q2D8C","Installation Services","","installation-services-2","pcat_01KE1PPB81J41E4DHBVBSK81D1.pcat_01KE1PPBAB99K7X0G0J686QQYP.pcat_01KE1PQ8CWGAM3RJWMTR4PN81V.pcat_01KE1PQ9WNXXZWJDGGCM7Q2D8C",True,False,5,"pcat_01KE1PQ8CWGAM3RJWMTR4PN81V","2026-01-03 10:33:49.205+00","2026-01-03 10:33:49.205+00",NULL,"{""original_id"": ""2632819011"", ""original_path"": ""Electronics > Accessories & Supplies > Vehicle Electronics Accessories > Installation Services"", ""original_level"": 3}"
"pcat_01KE1PQ9YPKC6EQMH8BY6NWKRZ","Radar Detectors","","radar-detectors","pcat_01KE1PPB81J41E4DHBVBSK81D1.pcat_01KE1PPBAB99K7X0G0J686QQYP.pcat_01KE1PQ8CWGAM3RJWMTR4PN81V.pcat_01KE1PQ9YPKC6EQMH8BY6NWKRZ",True,False,6,"pcat_01KE1PQ8CWGAM3RJWMTR4PN81V","2026-01-03 10:33:49.27+00","2026-01-03 10:33:49.27+00",NULL,"{""original_id"": ""172529"", ""original_path"": ""Electronics > Accessories & Supplies > Vehicle Electronics Accessories > Radar Detectors"", ""original_level"": 3}"
"pcat_01KE1PQA10PH3YPCPAFJEDHQM4","Vehicle Audio & Video Installation","","vehicle-audio-video-installation","pcat_01KE1PPB81J41E4DHBVBSK81D1.pcat_01KE1PPBAB99K7X0G0J686QQYP.pcat_01KE1PQ8CWGAM3RJWMTR4PN81V.pcat_01KE1PQA10PH3YPCPAFJEDHQM4",True,False,7,"pcat_01KE1PQ8CWGAM3RJWMTR4PN81V","2026-01-03 10:33:49.344+00","2026-01-03 10:33:49.344+00",NULL,"{""original_id"": ""10981311"", ""original_path"": ""Electronics > Accessories & Supplies > Vehicle Electronics Accessories > Vehicle Audio & Video Installation"", ""original_level"": 3}"
"pcat_01KE1PQA2Z852YNSM9QPH8CSM9","Amplifier Installation","","amplifier-installation","pcat_01KE1PPB81J41E4DHBVBSK81D1.pcat_01KE1PPBAB99K7X0G0J686QQYP.pcat_01KE1PQ8CWGAM3RJWMTR4PN81V.pcat_01KE1PQA10PH3YPCPAFJEDHQM4.pcat_01KE1PQA2Z852YNSM9QPH8CSM9",True,False,0,"pcat_01KE1PQA10PH3YPCPAFJEDHQM4","2026-01-03 10:33:49.408+00","2026-01-03 10:33:49.408+00",NULL,"{""original_id"": ""10981441"", ""original_path"": ""Electronics > Accessories & Supplies > Vehicle Electronics Accessories > Vehicle Audio & Video Installation > Amplifier Installation"", ""original_level"": 4}"
"pcat_01KE1PQA55V5HYVEZ8DT051SKT","Amplifier Wiring Kits","","amplifier-wiring-kits","pcat_01KE1PPB81J41E4DHBVBSK81D1.pcat_01KE1PPBAB99K7X0G0J686QQYP.pcat_01KE1PQ8CWGAM3RJWMTR4PN81V.pcat_01KE1PQA10PH3YPCPAFJEDHQM4.pcat_01KE1PQA2Z852YNSM9QPH8CSM9.pcat_01KE1PQA55V5HYVEZ8DT051SKT",True,False,0,"pcat_01KE1PQA2Z852YNSM9QPH8CSM9","2026-01-03 10:33:49.477+00","2026-01-03 10:33:49.477+00",NULL,"{""original_id"": ""10981611"", ""original_path"": ""Electronics > Accessories & Supplies > Vehicle Electronics Accessories > Vehicle Audio & Video Installation > Amplifier Installation > Amplifier Wiring Kits"", ""original_level"": 0}"
"pcat_01KE1PQA7A4YAKB5JT8KA9Q3G6","Battery Wiring & Terminals","","battery-wiring-terminals","pcat_01KE1PPB81J41E4DHBVBSK81D1.pcat_01KE1PPBAB99K7X0G0J686QQYP.pcat_01KE1PQ8CWGAM3RJWMTR4PN81V.pcat_01KE1PQA10PH3YPCPAFJEDHQM4.pcat_01KE1PQA2Z852YNSM9QPH8CSM9.pcat_01KE1PQA7A4YAKB5JT8KA9Q3G6",True,False,1,"pcat_01KE1PQA2Z852YNSM9QPH8CSM9","2026-01-03 10:33:49.546+00","2026-01-03 10:33:49.547+00",NULL,"{""original_id"": ""10981451"", ""original_path"": ""Electronics > Accessories & Supplies > Vehicle Electronics Accessories > Vehicle Audio & Video Installation > Amplifier Installation > Battery Wiring & Terminals"", ""original_level"": 0}"
"pcat_01KE1PQA999R1P33B47H6JX31X","Capacitors","","capacitors","pcat_01KE1PPB81J41E4DHBVBSK81D1.pcat_01KE1PPBAB99K7X0G0J686QQYP.pcat_01KE1PQ8CWGAM3RJWMTR4PN81V.pcat_01KE1PQA10PH3YPCPAFJEDHQM4.pcat_01KE1PQA2Z852YNSM9QPH8CSM9.pcat_01KE1PQA999R1P33B47H6JX31X",True,False,2,"pcat_01KE1PQA2Z852YNSM9QPH8CSM9","2026-01-03 10:33:49.609+00","2026-01-03 10:33:49.609+00",NULL,"{""original_id"": ""10981571"", ""original_path"": ""Electronics > Accessories & Supplies > Vehicle Electronics Accessories > Vehicle Audio & Video Installation > Amplifier Installation > Capacitors"", ""original_level"": 0}"
"pcat_01KE1PQAB1ZR2WP7K9N1ZGM76R","Cooling Fans","","cooling-fans","pcat_01KE1PPB81J41E4DHBVBSK81D1.pcat_01KE1PPBAB99K7X0G0J686QQYP.pcat_01KE1PQ8CWGAM3RJWMTR4PN81V.pcat_01KE1PQA10PH3YPCPAFJEDHQM4.pcat_01KE1PQA2Z852YNSM9QPH8CSM9.pcat_01KE1PQAB1ZR2WP7K9N1ZGM76R",True,False,3,"pcat_01KE1PQA2Z852YNSM9QPH8CSM9","2026-01-03 10:33:49.665+00","2026-01-03 10:33:49.665+00",NULL,"{""original_id"": ""10981621"", ""original_path"": ""Electronics > Accessories & Supplies > Vehicle Electronics Accessories > Vehicle Audio & Video Installation > Amplifier Installation > Cooling Fans"", ""original_level"": 0}"
"pcat_01KE1PQACYYKCEK6PXSYT3GQTZ","Distribution Blocks","","distribution-blocks","pcat_01KE1PPB81J41E4DHBVBSK81D1.pcat_01KE1PPBAB99K7X0G0J686QQYP.pcat_01KE1PQ8CWGAM3RJWMTR4PN81V.pcat_01KE1PQA10PH3YPCPAFJEDHQM4.pcat_01KE1PQA2Z852YNSM9QPH8CSM9.pcat_01KE1PQACYYKCEK6PXSYT3GQTZ",True,False,4,"pcat_01KE1PQA2Z852YNSM9QPH8CSM9","2026-01-03 10:33:49.726+00","2026-01-03 10:33:49.726+00",NULL,"{""original_id"": ""11041951"", ""original_path"": ""Electronics > Accessories & Supplies > Vehicle Electronics Accessories > Vehicle Audio & Video Installation > Amplifier Installation > Distribution Blocks"", ""original_level"": 0}"
"pcat_01KE1PQAES1WF9F2XDGH8HE5NW","Fuse Holders","","fuse-holders","pcat_01KE1PPB81J41E4DHBVBSK81D1.pcat_01KE1PPBAB99K7X0G0J686QQYP.pcat_01KE1PQ8CWGAM3RJWMTR4PN81V.pcat_01KE1PQA10PH3YPCPAFJEDHQM4.pcat_01KE1PQA2Z852YNSM9QPH8CSM9.pcat_01KE1PQAES1WF9F2XDGH8HE5NW",True,False,5,"pcat_01KE1PQA2Z852YNSM9QPH8CSM9","2026-01-03 10:33:49.785+00","2026-01-03 10:33:49.785+00",NULL,"{""original_id"": ""10981511"", ""original_path"": ""Electronics > Accessories & Supplies > Vehicle Electronics Accessories > Vehicle Audio & Video Installation > Amplifier Installation > Fuse Holders"", ""original_level"": 0}"
"pcat_01KE1PQAGSW2F10RDNDM3N7HKK","Heat-Shrink Tubing","","heat-shrink-tubing","pcat_01KE1PPB81J41E4DHBVBSK81D1.pcat_01KE1PPBAB99K7X0G0J686QQYP.pcat_01KE1PQ8CWGAM3RJWMTR4PN81V.pcat_01KE1PQA10PH3YPCPAFJEDHQM4.pcat_01KE1PQA2Z852YNSM9QPH8CSM9.pcat_01KE1PQAGSW2F10RDNDM3N7HKK",True,False,6,"pcat_01KE1PQA2Z852YNSM9QPH8CSM9","2026-01-03 10:33:49.85+00","2026-01-03 10:33:49.85+00",NULL,"{""original_id"": ""10981501"", ""original_path"": ""Electronics > Accessories & Supplies > Vehicle Electronics Accessories > Vehicle Audio & Video Installation > Amplifier Installation > Heat-Shrink Tubing"", ""original_level"": 0}"
"pcat_01KE1PQAJTW4XNW4TPYDG5YPCR","Interconnect Cables","","interconnect-cables","pcat_01KE1PPB81J41E4DHBVBSK81D1.pcat_01KE1PPBAB99K7X0G0J686QQYP.pcat_01KE1PQ8CWGAM3RJWMTR4PN81V.pcat_01KE1PQA10PH3YPCPAFJEDHQM4.pcat_01KE1PQA2Z852YNSM9QPH8CSM9.pcat_01KE1PQAJTW4XNW4TPYDG5YPCR",True,False,7,"pcat_01KE1PQA2Z852YNSM9QPH8CSM9","2026-01-03 10:33:49.914+00","2026-01-03 10:33:49.914+00",NULL,"{""original_id"": ""10981531"", ""original_path"": ""Electronics > Accessories & Supplies > Vehicle Electronics Accessories > Vehicle Audio & Video Installation > Amplifier Installation > Interconnect Cables"", ""original_level"": 0}"
"pcat_01KE1PQAMV783XQZQ8YX8MZ4KT","Mounting Hardware","","mounting-hardware","pcat_01KE1PPB81J41E4DHBVBSK81D1.pcat_01KE1PPBAB99K7X0G0J686QQYP.pcat_01KE1PQ8CWGAM3RJWMTR4PN81V.pcat_01KE1PQA10PH3YPCPAFJEDHQM4.pcat_01KE1PQA2Z852YNSM9QPH8CSM9.pcat_01KE1PQAMV783XQZQ8YX8MZ4KT",True,False,8,"pcat_01KE1PQA2Z852YNSM9QPH8CSM9","2026-01-03 10:33:49.98+00","2026-01-03 10:33:49.98+00",NULL,"{""original_id"": ""10981581"", ""original_path"": ""Electronics > Accessories & Supplies > Vehicle Electronics Accessories > Vehicle Audio & Video Installation > Amplifier Installation > Mounting Hardware"", ""original_level"": 0}"
"pcat_01KE1PQAPR6PFF9ZY8SKMW9AB4","Noise Filters","","noise-filters","pcat_01KE1PPB81J41E4DHBVBSK81D1.pcat_01KE1PPBAB99K7X0G0J686QQYP.pcat_01KE1PQ8CWGAM3RJWMTR4PN81V.pcat_01KE1PQA10PH3YPCPAFJEDHQM4.pcat_01KE1PQA2Z852YNSM9QPH8CSM9.pcat_01KE1PQAPR6PFF9ZY8SKMW9AB4",True,False,9,"pcat_01KE1PQA2Z852YNSM9QPH8CSM9","2026-01-03 10:33:50.04+00","2026-01-03 10:33:50.04+00",NULL,"{""original_id"": ""10981591"", ""original_path"": ""Electronics > Accessories & Supplies > Vehicle Electronics Accessories > Vehicle Audio & Video Installation > Amplifier Installation > Noise Filters"", ""original_level"": 0}"
"pcat_01KE1PQARZN36NADH9RW22337N","Power & Ground Cable","","power-ground-cable","pcat_01KE1PPB81J41E4DHBVBSK81D1.pcat_01KE1PPBAB99K7X0G0J686QQYP.pcat_01KE1PQ8CWGAM3RJWMTR4PN81V.pcat_01KE1PQA10PH3YPCPAFJEDHQM4.pcat_01KE1PQA2Z852YNSM9QPH8CSM9.pcat_01KE1PQARZN36NADH9RW22337N",True,False,10,"pcat_01KE1PQA2Z852YNSM9QPH8CSM9","2026-01-03 10:33:50.111+00","2026-01-03 10:33:50.111+00",NULL,"{""original_id"": ""10981521"", ""original_path"": ""Electronics > Accessories & Supplies > Vehicle Electronics Accessories > Vehicle Audio & Video Installation > Amplifier Installation > Power & Ground Cable"", ""original_level"": 0}"
"pcat_01KE1PQAV98GRRBK5KQHJKCWE1","Power-Cable Terminals","","power-cable-terminals","pcat_01KE1PPB81J41E4DHBVBSK81D1.pcat_01KE1PPBAB99K7X0G0J686QQYP.pcat_01KE1PQ8CWGAM3RJWMTR4PN81V.pcat_01KE1PQA10PH3YPCPAFJEDHQM4.pcat_01KE1PQA2Z852YNSM9QPH8CSM9.pcat_01KE1PQAV98GRRBK5KQHJKCWE1",True,False,11,"pcat_01KE1PQA2Z852YNSM9QPH8CSM9","2026-01-03 10:33:50.185+00","2026-01-03 10:33:50.185+00",NULL,"{""original_id"": ""10981471"", ""original_path"": ""Electronics > Accessories & Supplies > Vehicle Electronics Accessories > Vehicle Audio & Video Installation > Amplifier Installation > Power-Cable Terminals"", ""original_level"": 0}"
"pcat_01KE1PQAXENN8XRR3FGVW3PQR8","Power-Distribution Components","","power-distribution-components","pcat_01KE1PPB81J41E4DHBVBSK81D1.pcat_01KE1PPBAB99K7X0G0J686QQYP.pcat_01KE1PQ8CWGAM3RJWMTR4PN81V.pcat_01KE1PQA10PH3YPCPAFJEDHQM4.pcat_01KE1PQA2Z852YNSM9QPH8CSM9.pcat_01KE1PQAXENN8XRR3FGVW3PQR8",True,False,12,"pcat_01KE1PQA2Z852YNSM9QPH8CSM9","2026-01-03 10:33:50.254+00","2026-01-03 10:33:50.254+00",NULL,"{""original_id"": ""10981481"", ""original_path"": ""Electronics > Accessories & Supplies > Vehicle Electronics Accessories > Vehicle Audio & Video Installation > Amplifier Installation > Power-Distribution Components"", ""original_level"": 0}"
"pcat_01KE1PQAZQWZXGM52BMPDQZ0AN","Power-Distribution Kits","","power-distribution-kits","pcat_01KE1PPB81J41E4DHBVBSK81D1.pcat_01KE1PPBAB99K7X0G0J686QQYP.pcat_01KE1PQ8CWGAM3RJWMTR4PN81V.pcat_01KE1PQA10PH3YPCPAFJEDHQM4.pcat_01KE1PQA2Z852YNSM9QPH8CSM9.pcat_01KE1PQAZQWZXGM52BMPDQZ0AN",True,False,13,"pcat_01KE1PQA2Z852YNSM9QPH8CSM9","2026-01-03 10:33:50.327+00","2026-01-03 10:33:50.327+00",NULL,"{""original_id"": ""10981461"", ""original_path"": ""Electronics > Accessories & Supplies > Vehicle Electronics Accessories > Vehicle Audio & Video Installation > Amplifier Installation > Power-Distribution Kits"", ""original_level"": 0}"
"pcat_01KE1PQB1KY3KY5C1HYXZ9HT7J","MP3 Player Cables & Adapters","","mp3-player-cables-adapters","pcat_01KE1PPB81J41E4DHBVBSK81D1.pcat_01KE1PPBAB99K7X0G0J686QQYP.pcat_01KE1PQ8CWGAM3RJWMTR4PN81V.pcat_01KE1PQA10PH3YPCPAFJEDHQM4.pcat_01KE1PQB1KY3KY5C1HYXZ9HT7J",True,False,1,"pcat_01KE1PQA10PH3YPCPAFJEDHQM4","2026-01-03 10:33:50.387+00","2026-01-03 10:33:50.387+00",NULL,"{""original_id"": ""1293686011"", ""original_path"": ""Electronics > Accessories & Supplies > Vehicle Electronics Accessories > Vehicle Audio & Video Installation > MP3 Player Cables & Adapters"", ""original_level"": 4}"
"pcat_01KE1PQB3CJH1WBB6G0FVHTB4H","Car Chargers","","car-chargers-2","pcat_01KE1PPB81J41E4DHBVBSK81D1.pcat_01KE1PPBAB99K7X0G0J686QQYP.pcat_01KE1PQ8CWGAM3RJWMTR4PN81V.pcat_01KE1PQA10PH3YPCPAFJEDHQM4.pcat_01KE1PQB1KY3KY5C1HYXZ9HT7J.pcat_01KE1PQB3CJH1WBB6G0FVHTB4H",True,False,0,"pcat_01KE1PQB1KY3KY5C1HYXZ9HT7J","2026-01-03 10:33:50.444+00","2026-01-03 10:33:50.444+00",NULL,"{""original_id"": ""7965829011"", ""original_path"": ""Electronics > Accessories & Supplies > Vehicle Electronics Accessories > Vehicle Audio & Video Installation > MP3 Player Cables & Adapters > Car Chargers"", ""original_level"": 0}"
"pcat_01KE1PQB5A7H7JJPCWQB01QEA4","Cassette Player Adapters","","cassette-player-adapters","pcat_01KE1PPB81J41E4DHBVBSK81D1.pcat_01KE1PPBAB99K7X0G0J686QQYP.pcat_01KE1PQ8CWGAM3RJWMTR4PN81V.pcat_01KE1PQA10PH3YPCPAFJEDHQM4.pcat_01KE1PQB1KY3KY5C1HYXZ9HT7J.pcat_01KE1PQB5A7H7JJPCWQB01QEA4",True,False,1,"pcat_01KE1PQB1KY3KY5C1HYXZ9HT7J","2026-01-03 10:33:50.506+00","2026-01-03 10:33:50.506+00",NULL,"{""original_id"": ""13981611"", ""original_path"": ""Electronics > Accessories & Supplies > Vehicle Electronics Accessories > Vehicle Audio & Video Installation > MP3 Player Cables & Adapters > Cassette Player Adapters"", ""original_level"": 0}"
"pcat_01KE1PQB76SH6VKCG6M52YP1EM","Radio Wiring Harnesses","","radio-wiring-harnesses","pcat_01KE1PPB81J41E4DHBVBSK81D1.pcat_01KE1PPBAB99K7X0G0J686QQYP.pcat_01KE1PQ8CWGAM3RJWMTR4PN81V.pcat_01KE1PQA10PH3YPCPAFJEDHQM4.pcat_01KE1PQB76SH6VKCG6M52YP1EM",True,False,2,"pcat_01KE1PQA10PH3YPCPAFJEDHQM4","2026-01-03 10:33:50.566+00","2026-01-03 10:33:50.566+00",NULL,"{""original_id"": ""10981131"", ""original_path"": ""Electronics > Accessories & Supplies > Vehicle Electronics Accessories > Vehicle Audio & Video Installation > Radio Wiring Harnesses"", ""original_level"": 4}"
"pcat_01KE1PQB94RZEW516NARRPFQDD","Speaker Installation","","speaker-installation","pcat_01KE1PPB81J41E4DHBVBSK81D1.pcat_01KE1PPBAB99K7X0G0J686QQYP.pcat_01KE1PQ8CWGAM3RJWMTR4PN81V.pcat_01KE1PQA10PH3YPCPAFJEDHQM4.pcat_01KE1PQB94RZEW516NARRPFQDD",True,False,3,"pcat_01KE1PQA10PH3YPCPAFJEDHQM4","2026-01-03 10:33:50.628+00","2026-01-03 10:33:50.628+00",NULL,"{""original_id"": ""10981341"", ""original_path"": ""Electronics > Accessories & Supplies > Vehicle Electronics Accessories > Vehicle Audio & Video Installation > Speaker Installation"", ""original_level"": 4}"
"pcat_01KE1PQBAZFTY11RJTWFWMHFVN","Bass Blockers","","bass-blockers","pcat_01KE1PPB81J41E4DHBVBSK81D1.pcat_01KE1PPBAB99K7X0G0J686QQYP.pcat_01KE1PQ8CWGAM3RJWMTR4PN81V.pcat_01KE1PQA10PH3YPCPAFJEDHQM4.pcat_01KE1PQB94RZEW516NARRPFQDD.pcat_01KE1PQBAZFTY11RJTWFWMHFVN",True,False,0,"pcat_01KE1PQB94RZEW516NARRPFQDD","2026-01-03 10:33:50.687+00","2026-01-03 10:33:50.687+00",NULL,"{""original_id"": ""10981351"", ""original_path"": ""Electronics > Accessories & Supplies > Vehicle Electronics Accessories > Vehicle Audio & Video Installation > Speaker Installation > Bass Blockers"", ""original_level"": 0}"
"pcat_01KE1PQBCVFGTE92TMA6XJXH6G","Carpet","","carpet","pcat_01KE1PPB81J41E4DHBVBSK81D1.pcat_01KE1PPBAB99K7X0G0J686QQYP.pcat_01KE1PQ8CWGAM3RJWMTR4PN81V.pcat_01KE1PQA10PH3YPCPAFJEDHQM4.pcat_01KE1PQB94RZEW516NARRPFQDD.pcat_01KE1PQBCVFGTE92TMA6XJXH6G",True,False,1,"pcat_01KE1PQB94RZEW516NARRPFQDD","2026-01-03 10:33:50.748+00","2026-01-03 10:33:50.748+00",NULL,"{""original_id"": ""10981421"", ""original_path"": ""Electronics > Accessories & Supplies > Vehicle Electronics Accessories > Vehicle Audio & Video Installation > Speaker Installation > Carpet"", ""original_level"": 0}"
"pcat_01KE1PQBES5K4FVBMW0TS9Z8H8","Insulation & Noise Control","","insulation-noise-control","pcat_01KE1PPB81J41E4DHBVBSK81D1.pcat_01KE1PPBAB99K7X0G0J686QQYP.pcat_01KE1PQ8CWGAM3RJWMTR4PN81V.pcat_01KE1PQA10PH3YPCPAFJEDHQM4.pcat_01KE1PQB94RZEW516NARRPFQDD.pcat_01KE1PQBES5K4FVBMW0TS9Z8H8",True,False,2,"pcat_01KE1PQB94RZEW516NARRPFQDD","2026-01-03 10:33:50.809+00","2026-01-03 10:33:50.809+00",NULL,"{""original_id"": ""15736121"", ""original_path"": ""Electronics > Accessories & Supplies > Vehicle Electronics Accessories > Vehicle Audio & Video Installation > Speaker Installation > Insulation & Noise Control"", ""original_level"": 0}"
"pcat_01KE1PQBGXPK781QS2QSJK1GXA","Speaker Boxes","","speaker-boxes","pcat_01KE1PPB81J41E4DHBVBSK81D1.pcat_01KE1PPBAB99K7X0G0J686QQYP.pcat_01KE1PQ8CWGAM3RJWMTR4PN81V.pcat_01KE1PQA10PH3YPCPAFJEDHQM4.pcat_01KE1PQB94RZEW516NARRPFQDD.pcat_01KE1PQBGXPK781QS2QSJK1GXA",True,False,3,"pcat_01KE1PQB94RZEW516NARRPFQDD","2026-01-03 10:33:50.877+00","2026-01-03 10:33:50.877+00",NULL,"{""original_id"": ""10981391"", ""original_path"": ""Electronics > Accessories & Supplies > Vehicle Electronics Accessories > Vehicle Audio & Video Installation > Speaker Installation > Speaker Boxes"", ""original_level"": 0}"
"pcat_01KE1PQBJWWAZVRVREY0TK0HR6","Speaker Wire","","speaker-wire","pcat_01KE1PPB81J41E4DHBVBSK81D1.pcat_01KE1PPBAB99K7X0G0J686QQYP.pcat_01KE1PQ8CWGAM3RJWMTR4PN81V.pcat_01KE1PQA10PH3YPCPAFJEDHQM4.pcat_01KE1PQB94RZEW516NARRPFQDD.pcat_01KE1PQBJWWAZVRVREY0TK0HR6",True,False,4,"pcat_01KE1PQB94RZEW516NARRPFQDD","2026-01-03 10:33:50.941+00","2026-01-03 10:33:50.941+00",NULL,"{""original_id"": ""10981381"", ""original_path"": ""Electronics > Accessories & Supplies > Vehicle Electronics Accessories > Vehicle Audio & Video Installation > Speaker Installation > Speaker Wire"", ""original_level"": 0}"
"pcat_01KE1PQBMW2PQ39MN6SBS1DSPD","Speaker Wire Connectors","","speaker-wire-connectors","pcat_01KE1PPB81J41E4DHBVBSK81D1.pcat_01KE1PPBAB99K7X0G0J686QQYP.pcat_01KE1PQ8CWGAM3RJWMTR4PN81V.pcat_01KE1PQA10PH3YPCPAFJEDHQM4.pcat_01KE1PQB94RZEW516NARRPFQDD.pcat_01KE1PQBMW2PQ39MN6SBS1DSPD",True,False,5,"pcat_01KE1PQB94RZEW516NARRPFQDD","2026-01-03 10:33:51.004+00","2026-01-03 10:33:51.004+00",NULL,"{""original_id"": ""10981401"", ""original_path"": ""Electronics > Accessories & Supplies > Vehicle Electronics Accessories > Vehicle Audio & Video Installation > Speaker Installation > Speaker Wire Connectors"", ""original_level"": 0}"
"pcat_01KE1PRAQSEXEMNABAFQEHJZR6","Glasses","","glasses","pcat_01KE1PPB81J41E4DHBVBSK81D1.pcat_01KE1PRAKMEB8M5YQPT8FWDXRY.pcat_01KE1PRAQSEXEMNABAFQEHJZR6",True,False,1,"pcat_01KE1PRAKMEB8M5YQPT8FWDXRY","2026-01-03 10:34:22.841+00","2026-01-03 10:34:22.841+00",NULL,"{""original_id"": ""10048708011"", ""original_path"": ""Electronics > Wearable Technology > Glasses"", ""original_level"": 2}"
"pcat_01KE1PQBQ70PG4VVX22CMXZS8X","Speaker Wiring Harnesses","","speaker-wiring-harnesses","pcat_01KE1PPB81J41E4DHBVBSK81D1.pcat_01KE1PPBAB99K7X0G0J686QQYP.pcat_01KE1PQ8CWGAM3RJWMTR4PN81V.pcat_01KE1PQA10PH3YPCPAFJEDHQM4.pcat_01KE1PQB94RZEW516NARRPFQDD.pcat_01KE1PQBQ70PG4VVX22CMXZS8X",True,False,6,"pcat_01KE1PQB94RZEW516NARRPFQDD","2026-01-03 10:33:51.079+00","2026-01-03 10:33:51.079+00",NULL,"{""original_id"": ""5811990011"", ""original_path"": ""Electronics > Accessories & Supplies > Vehicle Electronics Accessories > Vehicle Audio & Video Installation > Speaker Installation > Speaker Wiring Harnesses"", ""original_level"": 0}"
"pcat_01KE1PQBSF8H60HAS574QN4G91","Camera & Photo","","camera-photo-2","pcat_01KE1PPB81J41E4DHBVBSK81D1.pcat_01KE1PQBSF8H60HAS574QN4G91",True,False,1,"pcat_01KE1PPB81J41E4DHBVBSK81D1","2026-01-03 10:33:51.151+00","2026-01-03 10:33:51.151+00",NULL,"{""original_id"": ""502394"", ""original_path"": ""Electronics > Camera & Photo"", ""original_level"": 1}"
"pcat_01KE1PQBXM84DRQ9TJY5A9T448","Gun Scopes","","gun-scopes","pcat_01KE1PPB81J41E4DHBVBSK81D1.pcat_01KE1PQBSF8H60HAS574QN4G91.pcat_01KE1PQBVH3FE6SZ5TYEY4NCBN.pcat_01KE1PQBXM84DRQ9TJY5A9T448",True,False,0,"pcat_01KE1PQBVH3FE6SZ5TYEY4NCBN","2026-01-03 10:33:51.284+00","2026-01-03 10:33:51.284+00",NULL,"{""original_id"": ""162020011"", ""original_path"": ""Electronics > Camera & Photo > Binoculars & Scopes > Gun Scopes"", ""original_level"": 3}"
"pcat_01KE1PQBZJQCSBV6GYKTETMMHA","Handgun Scopes","","handgun-scopes","pcat_01KE1PPB81J41E4DHBVBSK81D1.pcat_01KE1PQBSF8H60HAS574QN4G91.pcat_01KE1PQBVH3FE6SZ5TYEY4NCBN.pcat_01KE1PQBXM84DRQ9TJY5A9T448.pcat_01KE1PQBZJQCSBV6GYKTETMMHA",True,False,0,"pcat_01KE1PQBXM84DRQ9TJY5A9T448","2026-01-03 10:33:51.346+00","2026-01-03 10:33:51.346+00",NULL,"{""original_id"": ""3226123011"", ""original_path"": ""Electronics > Camera & Photo > Binoculars & Scopes > Gun Scopes > Handgun Scopes"", ""original_level"": 4}"
"pcat_01KE1PQC1GMCKJQN5CDW9VZ2HG","Rifle Scopes","","rifle-scopes","pcat_01KE1PPB81J41E4DHBVBSK81D1.pcat_01KE1PQBSF8H60HAS574QN4G91.pcat_01KE1PQBVH3FE6SZ5TYEY4NCBN.pcat_01KE1PQBXM84DRQ9TJY5A9T448.pcat_01KE1PQC1GMCKJQN5CDW9VZ2HG",True,False,1,"pcat_01KE1PQBXM84DRQ9TJY5A9T448","2026-01-03 10:33:51.408+00","2026-01-03 10:33:51.408+00",NULL,"{""original_id"": ""3226124011"", ""original_path"": ""Electronics > Camera & Photo > Binoculars & Scopes > Gun Scopes > Rifle Scopes"", ""original_level"": 4}"
"pcat_01KE1PQC3GWQTSEJ7YPTAGY591","Laser Rangefinders","","laser-rangefinders","pcat_01KE1PPB81J41E4DHBVBSK81D1.pcat_01KE1PQBSF8H60HAS574QN4G91.pcat_01KE1PQBVH3FE6SZ5TYEY4NCBN.pcat_01KE1PQC3GWQTSEJ7YPTAGY591",True,False,1,"pcat_01KE1PQBVH3FE6SZ5TYEY4NCBN","2026-01-03 10:33:51.473+00","2026-01-03 10:33:51.473+00",NULL,"{""original_id"": ""162019011"", ""original_path"": ""Electronics > Camera & Photo > Binoculars & Scopes > Laser Rangefinders"", ""original_level"": 3}"
"pcat_01KE1PQC7HE7C00RWZG7YSMBNQ","Compound Microscopes","","compound-microscopes","pcat_01KE1PPB81J41E4DHBVBSK81D1.pcat_01KE1PQBSF8H60HAS574QN4G91.pcat_01KE1PQBVH3FE6SZ5TYEY4NCBN.pcat_01KE1PQC5E047PNHSG2KT97FR8.pcat_01KE1PQC7HE7C00RWZG7YSMBNQ",True,False,0,"pcat_01KE1PQC5E047PNHSG2KT97FR8","2026-01-03 10:33:51.602+00","2026-01-03 10:33:51.602+00",NULL,"{""original_id"": ""393249011"", ""original_path"": ""Electronics > Camera & Photo > Binoculars & Scopes > Microscopes > Compound Microscopes"", ""original_level"": 4}"
"pcat_01KE1PQC9FR5Y076RXEZ81C6C0","Compound Binocular Microscopes","","compound-binocular-microscopes","pcat_01KE1PPB81J41E4DHBVBSK81D1.pcat_01KE1PQBSF8H60HAS574QN4G91.pcat_01KE1PQBVH3FE6SZ5TYEY4NCBN.pcat_01KE1PQC5E047PNHSG2KT97FR8.pcat_01KE1PQC7HE7C00RWZG7YSMBNQ.pcat_01KE1PQC9FR5Y076RXEZ81C6C0",True,False,0,"pcat_01KE1PQC7HE7C00RWZG7YSMBNQ","2026-01-03 10:33:51.663+00","2026-01-03 10:33:51.663+00",NULL,"{""original_id"": ""10824790011"", ""original_path"": ""Electronics > Camera & Photo > Binoculars & Scopes > Microscopes > Compound Microscopes > Compound Binocular Microscopes"", ""original_level"": 0}"
"pcat_01KE1PQCBF9TGX5C5B43GM8GE0","Compound Monocular Microscopes","","compound-monocular-microscopes","pcat_01KE1PPB81J41E4DHBVBSK81D1.pcat_01KE1PQBSF8H60HAS574QN4G91.pcat_01KE1PQBVH3FE6SZ5TYEY4NCBN.pcat_01KE1PQC5E047PNHSG2KT97FR8.pcat_01KE1PQC7HE7C00RWZG7YSMBNQ.pcat_01KE1PQCBF9TGX5C5B43GM8GE0",True,False,1,"pcat_01KE1PQC7HE7C00RWZG7YSMBNQ","2026-01-03 10:33:51.728+00","2026-01-03 10:33:51.728+00",NULL,"{""original_id"": ""10824789011"", ""original_path"": ""Electronics > Camera & Photo > Binoculars & Scopes > Microscopes > Compound Microscopes > Compound Monocular Microscopes"", ""original_level"": 0}"
"pcat_01KE1PQCDGVQ0VWV0323Z3XZ91","Compound Trinocular Microscopes","","compound-trinocular-microscopes","pcat_01KE1PPB81J41E4DHBVBSK81D1.pcat_01KE1PQBSF8H60HAS574QN4G91.pcat_01KE1PQBVH3FE6SZ5TYEY4NCBN.pcat_01KE1PQC5E047PNHSG2KT97FR8.pcat_01KE1PQC7HE7C00RWZG7YSMBNQ.pcat_01KE1PQCDGVQ0VWV0323Z3XZ91",True,False,2,"pcat_01KE1PQC7HE7C00RWZG7YSMBNQ","2026-01-03 10:33:51.792+00","2026-01-03 10:33:51.792+00",NULL,"{""original_id"": ""10824791011"", ""original_path"": ""Electronics > Camera & Photo > Binoculars & Scopes > Microscopes > Compound Microscopes > Compound Trinocular Microscopes"", ""original_level"": 0}"
"pcat_01KE1PQCFCW4XKK9YKYG0WDPCM","Stereo Microscopes","","stereo-microscopes","pcat_01KE1PPB81J41E4DHBVBSK81D1.pcat_01KE1PQBSF8H60HAS574QN4G91.pcat_01KE1PQBVH3FE6SZ5TYEY4NCBN.pcat_01KE1PQC5E047PNHSG2KT97FR8.pcat_01KE1PQCFCW4XKK9YKYG0WDPCM",True,False,1,"pcat_01KE1PQC5E047PNHSG2KT97FR8","2026-01-03 10:33:51.852+00","2026-01-03 10:33:51.852+00",NULL,"{""original_id"": ""393248011"", ""original_path"": ""Electronics > Camera & Photo > Binoculars & Scopes > Microscopes > Stereo Microscopes"", ""original_level"": 4}"
"pcat_01KE1PQCHDZEX7BG8J7SXG62Z9","USB Microscopes","","usb-microscopes","pcat_01KE1PPB81J41E4DHBVBSK81D1.pcat_01KE1PQBSF8H60HAS574QN4G91.pcat_01KE1PQBVH3FE6SZ5TYEY4NCBN.pcat_01KE1PQC5E047PNHSG2KT97FR8.pcat_01KE1PQCHDZEX7BG8J7SXG62Z9",True,False,2,"pcat_01KE1PQC5E047PNHSG2KT97FR8","2026-01-03 10:33:51.917+00","2026-01-03 10:33:51.917+00",NULL,"{""original_id"": ""2742273011"", ""original_path"": ""Electronics > Camera & Photo > Binoculars & Scopes > Microscopes > USB Microscopes"", ""original_level"": 4}"
"pcat_01KE1PQCK6ER96Q2JN066DQJ5W","Monoculars","","monoculars","pcat_01KE1PPB81J41E4DHBVBSK81D1.pcat_01KE1PQBSF8H60HAS574QN4G91.pcat_01KE1PQBVH3FE6SZ5TYEY4NCBN.pcat_01KE1PQCK6ER96Q2JN066DQJ5W",True,False,3,"pcat_01KE1PQBVH3FE6SZ5TYEY4NCBN","2026-01-03 10:33:51.975+00","2026-01-03 10:33:51.975+00",NULL,"{""original_id"": ""3168051"", ""original_path"": ""Electronics > Camera & Photo > Binoculars & Scopes > Monoculars"", ""original_level"": 3}"
"pcat_01KE1PQCMXYM4BMTDQ1SP4TGWM","Night Vision","","night-vision","pcat_01KE1PPB81J41E4DHBVBSK81D1.pcat_01KE1PQBSF8H60HAS574QN4G91.pcat_01KE1PQBVH3FE6SZ5TYEY4NCBN.pcat_01KE1PQCMXYM4BMTDQ1SP4TGWM",True,False,4,"pcat_01KE1PQBVH3FE6SZ5TYEY4NCBN","2026-01-03 10:33:52.029+00","2026-01-03 10:33:52.029+00",NULL,"{""original_id"": ""3304289011"", ""original_path"": ""Electronics > Camera & Photo > Binoculars & Scopes > Night Vision"", ""original_level"": 3}"
"pcat_01KE1PQCPTG4SSYEPMJA6WWGB8","Night Vision Binoculars & Goggles","","night-vision-binoculars-goggles","pcat_01KE1PPB81J41E4DHBVBSK81D1.pcat_01KE1PQBSF8H60HAS574QN4G91.pcat_01KE1PQBVH3FE6SZ5TYEY4NCBN.pcat_01KE1PQCMXYM4BMTDQ1SP4TGWM.pcat_01KE1PQCPTG4SSYEPMJA6WWGB8",True,False,0,"pcat_01KE1PQCMXYM4BMTDQ1SP4TGWM","2026-01-03 10:33:52.09+00","2026-01-03 10:33:52.09+00",NULL,"{""original_id"": ""3226130011"", ""original_path"": ""Electronics > Camera & Photo > Binoculars & Scopes > Night Vision > Night Vision Binoculars & Goggles"", ""original_level"": 4}"
"pcat_01KE1PQCRK7X5ZF8R3XFVBYFCR","Night Vision Monoculars","","night-vision-monoculars","pcat_01KE1PPB81J41E4DHBVBSK81D1.pcat_01KE1PQBSF8H60HAS574QN4G91.pcat_01KE1PQBVH3FE6SZ5TYEY4NCBN.pcat_01KE1PQCMXYM4BMTDQ1SP4TGWM.pcat_01KE1PQCRK7X5ZF8R3XFVBYFCR",True,False,1,"pcat_01KE1PQCMXYM4BMTDQ1SP4TGWM","2026-01-03 10:33:52.147+00","2026-01-03 10:33:52.147+00",NULL,"{""original_id"": ""7161072011"", ""original_path"": ""Electronics > Camera & Photo > Binoculars & Scopes > Night Vision > Night Vision Monoculars"", ""original_level"": 4}"
"pcat_01KE1PQCTC5XY2G3R76180W2DZ","Opera Glasses","","opera-glasses","pcat_01KE1PPB81J41E4DHBVBSK81D1.pcat_01KE1PQBSF8H60HAS574QN4G91.pcat_01KE1PQBVH3FE6SZ5TYEY4NCBN.pcat_01KE1PQCTC5XY2G3R76180W2DZ",True,False,5,"pcat_01KE1PQBVH3FE6SZ5TYEY4NCBN","2026-01-03 10:33:52.205+00","2026-01-03 10:33:52.205+00",NULL,"{""original_id"": ""3381367011"", ""original_path"": ""Electronics > Camera & Photo > Binoculars & Scopes > Opera Glasses"", ""original_level"": 3}"
"pcat_01KE1PQCWK6ZJJKDM144K718QP","Spotting Scopes","","spotting-scopes","pcat_01KE1PPB81J41E4DHBVBSK81D1.pcat_01KE1PQBSF8H60HAS574QN4G91.pcat_01KE1PQBVH3FE6SZ5TYEY4NCBN.pcat_01KE1PQCWK6ZJJKDM144K718QP",True,False,6,"pcat_01KE1PQBVH3FE6SZ5TYEY4NCBN","2026-01-03 10:33:52.276+00","2026-01-03 10:33:52.276+00",NULL,"{""original_id"": ""3168061"", ""original_path"": ""Electronics > Camera & Photo > Binoculars & Scopes > Spotting Scopes"", ""original_level"": 3}"
"pcat_01KE1PQCYKK2RYDYV0HKPMQSG6","Telescopes","","telescopes","pcat_01KE1PPB81J41E4DHBVBSK81D1.pcat_01KE1PQBSF8H60HAS574QN4G91.pcat_01KE1PQBVH3FE6SZ5TYEY4NCBN.pcat_01KE1PQCYKK2RYDYV0HKPMQSG6",True,False,7,"pcat_01KE1PQBVH3FE6SZ5TYEY4NCBN","2026-01-03 10:33:52.34+00","2026-01-03 10:33:52.34+00",NULL,"{""original_id"": ""281063"", ""original_path"": ""Electronics > Camera & Photo > Binoculars & Scopes > Telescopes"", ""original_level"": 3}"
"pcat_01KE1PQD0JRCA76CEG8G0QM1F9","Catadioptric","","catadioptric","pcat_01KE1PPB81J41E4DHBVBSK81D1.pcat_01KE1PQBSF8H60HAS574QN4G91.pcat_01KE1PQBVH3FE6SZ5TYEY4NCBN.pcat_01KE1PQCYKK2RYDYV0HKPMQSG6.pcat_01KE1PQD0JRCA76CEG8G0QM1F9",True,False,0,"pcat_01KE1PQCYKK2RYDYV0HKPMQSG6","2026-01-03 10:33:52.403+00","2026-01-03 10:33:52.403+00",NULL,"{""original_id"": ""572178"", ""original_path"": ""Electronics > Camera & Photo > Binoculars & Scopes > Telescopes > Catadioptric"", ""original_level"": 4}"
"pcat_01KE1PQD2C8900KZ0C5RJKBEKF","Reflectors","","reflectors","pcat_01KE1PPB81J41E4DHBVBSK81D1.pcat_01KE1PQBSF8H60HAS574QN4G91.pcat_01KE1PQBVH3FE6SZ5TYEY4NCBN.pcat_01KE1PQCYKK2RYDYV0HKPMQSG6.pcat_01KE1PQD2C8900KZ0C5RJKBEKF",True,False,1,"pcat_01KE1PQCYKK2RYDYV0HKPMQSG6","2026-01-03 10:33:52.46+00","2026-01-03 10:33:52.46+00",NULL,"{""original_id"": ""499154"", ""original_path"": ""Electronics > Camera & Photo > Binoculars & Scopes > Telescopes > Reflectors"", ""original_level"": 4}"
"pcat_01KE1PQD49D8F8R6DQ97F0RJXN","Refractors","","refractors","pcat_01KE1PPB81J41E4DHBVBSK81D1.pcat_01KE1PQBSF8H60HAS574QN4G91.pcat_01KE1PQBVH3FE6SZ5TYEY4NCBN.pcat_01KE1PQCYKK2RYDYV0HKPMQSG6.pcat_01KE1PQD49D8F8R6DQ97F0RJXN",True,False,2,"pcat_01KE1PQCYKK2RYDYV0HKPMQSG6","2026-01-03 10:33:52.521+00","2026-01-03 10:33:52.521+00",NULL,"{""original_id"": ""499152"", ""original_path"": ""Electronics > Camera & Photo > Binoculars & Scopes > Telescopes > Refractors"", ""original_level"": 4}"
"pcat_01KE1PQDA21DAE5CV1685YS0XR","Mirrorless Cameras","","mirrorless-cameras","pcat_01KE1PPB81J41E4DHBVBSK81D1.pcat_01KE1PQBSF8H60HAS574QN4G91.pcat_01KE1PQD66B0S9BVT2NXJ002JT.pcat_01KE1PQDA21DAE5CV1685YS0XR",True,False,1,"pcat_01KE1PQD66B0S9BVT2NXJ002JT","2026-01-03 10:33:52.706+00","2026-01-03 10:33:52.706+00",NULL,"{""original_id"": ""3109924011"", ""original_path"": ""Electronics > Camera & Photo > Digital Cameras > Mirrorless Cameras"", ""original_level"": 3}"
"pcat_01KE1PQDBZ37FATJWGMB9JTGP9","Point & Shoot Digital Cameras","","point-shoot-digital-cameras","pcat_01KE1PPB81J41E4DHBVBSK81D1.pcat_01KE1PQBSF8H60HAS574QN4G91.pcat_01KE1PQD66B0S9BVT2NXJ002JT.pcat_01KE1PQDBZ37FATJWGMB9JTGP9",True,False,2,"pcat_01KE1PQD66B0S9BVT2NXJ002JT","2026-01-03 10:33:52.767+00","2026-01-03 10:33:52.767+00",NULL,"{""original_id"": ""330405011"", ""original_path"": ""Electronics > Camera & Photo > Digital Cameras > Point & Shoot Digital Cameras"", ""original_level"": 3}"
"pcat_01KE1PQDDQ8WMGVYSXN6DYR2P9","Film Photography","","film-photography","pcat_01KE1PPB81J41E4DHBVBSK81D1.pcat_01KE1PQBSF8H60HAS574QN4G91.pcat_01KE1PQDDQ8WMGVYSXN6DYR2P9",True,False,2,"pcat_01KE1PQBSF8H60HAS574QN4G91","2026-01-03 10:33:52.823+00","2026-01-03 10:33:52.823+00",NULL,"{""original_id"": ""7161070011"", ""original_path"": ""Electronics > Camera & Photo > Film Photography"", ""original_level"": 2}"
"pcat_01KE1PQDFYTZSJA17ENRTJCFKY","Film","","film","pcat_01KE1PPB81J41E4DHBVBSK81D1.pcat_01KE1PQBSF8H60HAS574QN4G91.pcat_01KE1PQDDQ8WMGVYSXN6DYR2P9.pcat_01KE1PQDFYTZSJA17ENRTJCFKY",True,False,0,"pcat_01KE1PQDDQ8WMGVYSXN6DYR2P9","2026-01-03 10:33:52.894+00","2026-01-03 10:33:52.894+00",NULL,"{""original_id"": ""172450"", ""original_path"": ""Electronics > Camera & Photo > Film Photography > Film"", ""original_level"": 3}"
"pcat_01KE1PQDHX8AF2C3PF0JGSMFM3","Film Cameras","","film-cameras","pcat_01KE1PPB81J41E4DHBVBSK81D1.pcat_01KE1PQBSF8H60HAS574QN4G91.pcat_01KE1PQDDQ8WMGVYSXN6DYR2P9.pcat_01KE1PQDHX8AF2C3PF0JGSMFM3",True,False,1,"pcat_01KE1PQDDQ8WMGVYSXN6DYR2P9","2026-01-03 10:33:52.958+00","2026-01-03 10:33:52.958+00",NULL,"{""original_id"": ""499106"", ""original_path"": ""Electronics > Camera & Photo > Film Photography > Film Cameras"", ""original_level"": 3}"
"pcat_01KE1PQDKSMEXRCY7V8VC64Q37","Instant Cameras","","instant-cameras","pcat_01KE1PPB81J41E4DHBVBSK81D1.pcat_01KE1PQBSF8H60HAS574QN4G91.pcat_01KE1PQDDQ8WMGVYSXN6DYR2P9.pcat_01KE1PQDHX8AF2C3PF0JGSMFM3.pcat_01KE1PQDKSMEXRCY7V8VC64Q37",True,False,0,"pcat_01KE1PQDHX8AF2C3PF0JGSMFM3","2026-01-03 10:33:53.017+00","2026-01-03 10:33:53.017+00",NULL,"{""original_id"": ""291227"", ""original_path"": ""Electronics > Camera & Photo > Film Photography > Film Cameras > Instant Cameras"", ""original_level"": 4}"
"pcat_01KE1PQDNT869GNB35MK97WP1E","Medium & Large-Format Cameras","","medium-large-format-cameras","pcat_01KE1PPB81J41E4DHBVBSK81D1.pcat_01KE1PQBSF8H60HAS574QN4G91.pcat_01KE1PQDDQ8WMGVYSXN6DYR2P9.pcat_01KE1PQDHX8AF2C3PF0JGSMFM3.pcat_01KE1PQDNT869GNB35MK97WP1E",True,False,1,"pcat_01KE1PQDHX8AF2C3PF0JGSMFM3","2026-01-03 10:33:53.082+00","2026-01-03 10:33:53.082+00",NULL,"{""original_id"": ""7161071011"", ""original_path"": ""Electronics > Camera & Photo > Film Photography > Film Cameras > Medium & Large-Format Cameras"", ""original_level"": 4}"
"pcat_01KE1PQDQTZQGEJR8JN1GPA11R","Point & Shoot Film Cameras","","point-shoot-film-cameras","pcat_01KE1PPB81J41E4DHBVBSK81D1.pcat_01KE1PQBSF8H60HAS574QN4G91.pcat_01KE1PQDDQ8WMGVYSXN6DYR2P9.pcat_01KE1PQDHX8AF2C3PF0JGSMFM3.pcat_01KE1PQDQTZQGEJR8JN1GPA11R",True,False,2,"pcat_01KE1PQDHX8AF2C3PF0JGSMFM3","2026-01-03 10:33:53.146+00","2026-01-03 10:33:53.146+00",NULL,"{""original_id"": ""172441"", ""original_path"": ""Electronics > Camera & Photo > Film Photography > Film Cameras > Point & Shoot Film Cameras"", ""original_level"": 4}"
"pcat_01KE1PQDSKA63TTTYJDM5WN160","Rangefinder Cameras","","rangefinder-cameras","pcat_01KE1PPB81J41E4DHBVBSK81D1.pcat_01KE1PQBSF8H60HAS574QN4G91.pcat_01KE1PQDDQ8WMGVYSXN6DYR2P9.pcat_01KE1PQDHX8AF2C3PF0JGSMFM3.pcat_01KE1PQDSKA63TTTYJDM5WN160",True,False,3,"pcat_01KE1PQDHX8AF2C3PF0JGSMFM3","2026-01-03 10:33:53.203+00","2026-01-03 10:33:53.203+00",NULL,"{""original_id"": ""3017981"", ""original_path"": ""Electronics > Camera & Photo > Film Photography > Film Cameras > Rangefinder Cameras"", ""original_level"": 4}"
"pcat_01KE1PQDVNCBVZ3TG0K2BJT8RS","SLR Cameras","","slr-cameras","pcat_01KE1PPB81J41E4DHBVBSK81D1.pcat_01KE1PQBSF8H60HAS574QN4G91.pcat_01KE1PQDDQ8WMGVYSXN6DYR2P9.pcat_01KE1PQDHX8AF2C3PF0JGSMFM3.pcat_01KE1PQDVNCBVZ3TG0K2BJT8RS",True,False,4,"pcat_01KE1PQDHX8AF2C3PF0JGSMFM3","2026-01-03 10:33:53.269+00","2026-01-03 10:33:53.269+00",NULL,"{""original_id"": ""291226"", ""original_path"": ""Electronics > Camera & Photo > Film Photography > Film Cameras > SLR Cameras"", ""original_level"": 4}"
"pcat_01KE1PQDXK540DCXS3AC8XRHE0","Single-Use Cameras","","single-use-cameras","pcat_01KE1PPB81J41E4DHBVBSK81D1.pcat_01KE1PQBSF8H60HAS574QN4G91.pcat_01KE1PQDDQ8WMGVYSXN6DYR2P9.pcat_01KE1PQDHX8AF2C3PF0JGSMFM3.pcat_01KE1PQDXK540DCXS3AC8XRHE0",True,False,5,"pcat_01KE1PQDHX8AF2C3PF0JGSMFM3","2026-01-03 10:33:53.331+00","2026-01-03 10:33:53.331+00",NULL,"{""original_id"": ""499108"", ""original_path"": ""Electronics > Camera & Photo > Film Photography > Film Cameras > Single-Use Cameras"", ""original_level"": 4}"
"pcat_01KE1PQDZFQPS0CE950K0EX14D","Specialty Film Cameras","","specialty-film-cameras","pcat_01KE1PPB81J41E4DHBVBSK81D1.pcat_01KE1PQBSF8H60HAS574QN4G91.pcat_01KE1PQDDQ8WMGVYSXN6DYR2P9.pcat_01KE1PQDHX8AF2C3PF0JGSMFM3.pcat_01KE1PQDZFQPS0CE950K0EX14D",True,False,6,"pcat_01KE1PQDHX8AF2C3PF0JGSMFM3","2026-01-03 10:33:53.392+00","2026-01-03 10:33:53.392+00",NULL,"{""original_id"": ""7242268011"", ""original_path"": ""Electronics > Camera & Photo > Film Photography > Film Cameras > Specialty Film Cameras"", ""original_level"": 4}"
"pcat_01KE1PQE1EGRQYSJSVKTPWZBNH","Lenses","","lenses-2","pcat_01KE1PPB81J41E4DHBVBSK81D1.pcat_01KE1PQBSF8H60HAS574QN4G91.pcat_01KE1PQE1EGRQYSJSVKTPWZBNH",True,False,3,"pcat_01KE1PQBSF8H60HAS574QN4G91","2026-01-03 10:33:53.455+00","2026-01-03 10:33:53.455+00",NULL,"{""original_id"": ""499248"", ""original_path"": ""Electronics > Camera & Photo > Lenses"", ""original_level"": 2}"
"pcat_01KE1PQE3N4BANN23Q2FZNR0BS","Camera & Camcorder Lens Bundles","","camera-camcorder-lens-bundles","pcat_01KE1PPB81J41E4DHBVBSK81D1.pcat_01KE1PQBSF8H60HAS574QN4G91.pcat_01KE1PQE1EGRQYSJSVKTPWZBNH.pcat_01KE1PQE3N4BANN23Q2FZNR0BS",True,False,0,"pcat_01KE1PQE1EGRQYSJSVKTPWZBNH","2026-01-03 10:33:53.525+00","2026-01-03 10:33:53.525+00",NULL,"{""original_id"": ""7242009011"", ""original_path"": ""Electronics > Camera & Photo > Lenses > Camera & Camcorder Lens Bundles"", ""original_level"": 3}"
"pcat_01KE1PQE5FNRSQFFWY7QBS81G5","Camera Lenses","","camera-lenses","pcat_01KE1PPB81J41E4DHBVBSK81D1.pcat_01KE1PQBSF8H60HAS574QN4G91.pcat_01KE1PQE1EGRQYSJSVKTPWZBNH.pcat_01KE1PQE5FNRSQFFWY7QBS81G5",True,False,1,"pcat_01KE1PQE1EGRQYSJSVKTPWZBNH","2026-01-03 10:33:53.583+00","2026-01-03 10:33:53.583+00",NULL,"{""original_id"": ""562261011"", ""original_path"": ""Electronics > Camera & Photo > Lenses > Camera Lenses"", ""original_level"": 3}"
"pcat_01KE1PQE7F3WMX4W6NTTC60S3S","Mirrorless Camera Lenses","","mirrorless-camera-lenses","pcat_01KE1PPB81J41E4DHBVBSK81D1.pcat_01KE1PQBSF8H60HAS574QN4G91.pcat_01KE1PQE1EGRQYSJSVKTPWZBNH.pcat_01KE1PQE5FNRSQFFWY7QBS81G5.pcat_01KE1PQE7F3WMX4W6NTTC60S3S",True,False,0,"pcat_01KE1PQE5FNRSQFFWY7QBS81G5","2026-01-03 10:33:53.648+00","2026-01-03 10:33:53.648+00",NULL,"{""original_id"": ""7161083011"", ""original_path"": ""Electronics > Camera & Photo > Lenses > Camera Lenses > Mirrorless Camera Lenses"", ""original_level"": 4}"
"pcat_01KE1PQE9DBM9BQ706VFGWSM6S","SLR Camera Lenses","","slr-camera-lenses","pcat_01KE1PPB81J41E4DHBVBSK81D1.pcat_01KE1PQBSF8H60HAS574QN4G91.pcat_01KE1PQE1EGRQYSJSVKTPWZBNH.pcat_01KE1PQE5FNRSQFFWY7QBS81G5.pcat_01KE1PQE9DBM9BQ706VFGWSM6S",True,False,1,"pcat_01KE1PQE5FNRSQFFWY7QBS81G5","2026-01-03 10:33:53.709+00","2026-01-03 10:33:53.709+00",NULL,"{""original_id"": ""173565"", ""original_path"": ""Electronics > Camera & Photo > Lenses > Camera Lenses > SLR Camera Lenses"", ""original_level"": 4}"
"pcat_01KE1PQEDAY5ADH1FMMAGVFVBW","Flatbed & Photo Scanners","","flatbed-photo-scanners","pcat_01KE1PPB81J41E4DHBVBSK81D1.pcat_01KE1PQBSF8H60HAS574QN4G91.pcat_01KE1PQEB92AA39GMKC2CWYHGJ.pcat_01KE1PQEDAY5ADH1FMMAGVFVBW",True,False,0,"pcat_01KE1PQEB92AA39GMKC2CWYHGJ","2026-01-03 10:33:53.834+00","2026-01-03 10:33:53.834+00",NULL,"{""original_id"": ""5728048011"", ""original_path"": ""Electronics > Camera & Photo > Printers & Scanners > Flatbed & Photo Scanners"", ""original_level"": 3}"
"pcat_01KE1PQEG2BSDAWNWYYJHAKKJX","Portable Photo Printers","","portable-photo-printers","pcat_01KE1PPB81J41E4DHBVBSK81D1.pcat_01KE1PQBSF8H60HAS574QN4G91.pcat_01KE1PQEB92AA39GMKC2CWYHGJ.pcat_01KE1PQEG2BSDAWNWYYJHAKKJX",True,False,1,"pcat_01KE1PQEB92AA39GMKC2CWYHGJ","2026-01-03 10:33:53.922+00","2026-01-03 10:33:53.922+00",NULL,"{""original_id"": ""3109930011"", ""original_path"": ""Electronics > Camera & Photo > Printers & Scanners > Portable Photo Printers"", ""original_level"": 3}"
"pcat_01KE1PQEJC0SB6D7YA072CZJMM","Slide & Negative Scanners","","slide-negative-scanners","pcat_01KE1PPB81J41E4DHBVBSK81D1.pcat_01KE1PQBSF8H60HAS574QN4G91.pcat_01KE1PQEB92AA39GMKC2CWYHGJ.pcat_01KE1PQEJC0SB6D7YA072CZJMM",True,False,2,"pcat_01KE1PQEB92AA39GMKC2CWYHGJ","2026-01-03 10:33:53.996+00","2026-01-03 10:33:53.996+00",NULL,"{""original_id"": ""5728049011"", ""original_path"": ""Electronics > Camera & Photo > Printers & Scanners > Slide & Negative Scanners"", ""original_level"": 3}"
"pcat_01KE1PQEM7RJ62GHTH3H2VCMJ2","Underwater Photography","","underwater-photography","pcat_01KE1PPB81J41E4DHBVBSK81D1.pcat_01KE1PQBSF8H60HAS574QN4G91.pcat_01KE1PQEM7RJ62GHTH3H2VCMJ2",True,False,5,"pcat_01KE1PQBSF8H60HAS574QN4G91","2026-01-03 10:33:54.055+00","2026-01-03 10:33:54.055+00",NULL,"{""original_id"": ""3350161"", ""original_path"": ""Electronics > Camera & Photo > Underwater Photography"", ""original_level"": 2}"
"pcat_01KE1PQEP4PBRZVY9405B8SAJP","Camcorders","","camcorders","pcat_01KE1PPB81J41E4DHBVBSK81D1.pcat_01KE1PQBSF8H60HAS574QN4G91.pcat_01KE1PQEM7RJ62GHTH3H2VCMJ2.pcat_01KE1PQEP4PBRZVY9405B8SAJP",True,False,0,"pcat_01KE1PQEM7RJ62GHTH3H2VCMJ2","2026-01-03 10:33:54.116+00","2026-01-03 10:33:54.116+00",NULL,"{""original_id"": ""3426471"", ""original_path"": ""Electronics > Camera & Photo > Underwater Photography > Camcorders"", ""original_level"": 3}"
"pcat_01KE1PQER00FM34AEDR555H78C","Cameras","","cameras","pcat_01KE1PPB81J41E4DHBVBSK81D1.pcat_01KE1PQBSF8H60HAS574QN4G91.pcat_01KE1PQEM7RJ62GHTH3H2VCMJ2.pcat_01KE1PQER00FM34AEDR555H78C",True,False,1,"pcat_01KE1PQEM7RJ62GHTH3H2VCMJ2","2026-01-03 10:33:54.176+00","2026-01-03 10:33:54.176+00",NULL,"{""original_id"": ""3350171"", ""original_path"": ""Electronics > Camera & Photo > Underwater Photography > Cameras"", ""original_level"": 3}"
"pcat_01KE1PQET4W739YC3334376NBS","Housings","","housings","pcat_01KE1PPB81J41E4DHBVBSK81D1.pcat_01KE1PQBSF8H60HAS574QN4G91.pcat_01KE1PQEM7RJ62GHTH3H2VCMJ2.pcat_01KE1PQET4W739YC3334376NBS",True,False,2,"pcat_01KE1PQEM7RJ62GHTH3H2VCMJ2","2026-01-03 10:33:54.245+00","2026-01-03 10:33:54.245+00",NULL,"{""original_id"": ""3350301"", ""original_path"": ""Electronics > Camera & Photo > Underwater Photography > Housings"", ""original_level"": 3}"
"pcat_01KE1PQEWHM56TAC85E964EDND","Video","","video","pcat_01KE1PPB81J41E4DHBVBSK81D1.pcat_01KE1PQBSF8H60HAS574QN4G91.pcat_01KE1PQEWHM56TAC85E964EDND",True,False,6,"pcat_01KE1PQBSF8H60HAS574QN4G91","2026-01-03 10:33:54.321+00","2026-01-03 10:33:54.321+00",NULL,"{""original_id"": ""7161073011"", ""original_path"": ""Electronics > Camera & Photo > Video"", ""original_level"": 2}"
"pcat_01KE1PQEYFBNVDJWESWKPP9P8Q","Body Mounted Cameras","","body-mounted-cameras","pcat_01KE1PPB81J41E4DHBVBSK81D1.pcat_01KE1PQBSF8H60HAS574QN4G91.pcat_01KE1PQEWHM56TAC85E964EDND.pcat_01KE1PQEYFBNVDJWESWKPP9P8Q",True,False,0,"pcat_01KE1PQEWHM56TAC85E964EDND","2026-01-03 10:33:54.383+00","2026-01-03 10:33:54.383+00",NULL,"{""original_id"": ""10048714011"", ""original_path"": ""Electronics > Camera & Photo > Video > Body Mounted Cameras"", ""original_level"": 3}"
"pcat_01KE1PQF0EGF5CKP2EW7H5R6NG","Camcorder Accessories","","camcorder-accessories","pcat_01KE1PPB81J41E4DHBVBSK81D1.pcat_01KE1PQBSF8H60HAS574QN4G91.pcat_01KE1PQEWHM56TAC85E964EDND.pcat_01KE1PQF0EGF5CKP2EW7H5R6NG",True,False,1,"pcat_01KE1PQEWHM56TAC85E964EDND","2026-01-03 10:33:54.446+00","2026-01-03 10:33:54.446+00",NULL,"{""original_id"": ""505106"", ""original_path"": ""Electronics > Camera & Photo > Video > Camcorder Accessories"", ""original_level"": 3}"
"pcat_01KE1PQHXD6FTT1PZXBZVP7BYP","Video Surveillance","","video-surveillance","pcat_01KE1PPB81J41E4DHBVBSK81D1.pcat_01KE1PQBSF8H60HAS574QN4G91.pcat_01KE1PQHXD6FTT1PZXBZVP7BYP",True,False,7,"pcat_01KE1PQBSF8H60HAS574QN4G91","2026-01-03 10:33:57.421+00","2026-01-03 10:33:57.421+00",NULL,"{""original_id"": ""7161091011"", ""original_path"": ""Electronics > Camera & Photo > Video Surveillance"", ""original_level"": 2}"
"pcat_01KE1PQF2DQ7X1M5Z8PJP4959K","Batteries","","batteries-4","pcat_01KE1PPB81J41E4DHBVBSK81D1.pcat_01KE1PQBSF8H60HAS574QN4G91.pcat_01KE1PQEWHM56TAC85E964EDND.pcat_01KE1PQF0EGF5CKP2EW7H5R6NG.pcat_01KE1PQF2DQ7X1M5Z8PJP4959K",True,False,0,"pcat_01KE1PQF0EGF5CKP2EW7H5R6NG","2026-01-03 10:33:54.509+00","2026-01-03 10:33:54.509+00",NULL,"{""original_id"": ""11041781"", ""original_path"": ""Electronics > Camera & Photo > Video > Camcorder Accessories > Batteries"", ""original_level"": 4}"
"pcat_01KE1PQF4AXE8G8DCBPPN6470Z","Battery Chargers","","battery-chargers-3","pcat_01KE1PPB81J41E4DHBVBSK81D1.pcat_01KE1PQBSF8H60HAS574QN4G91.pcat_01KE1PQEWHM56TAC85E964EDND.pcat_01KE1PQF0EGF5CKP2EW7H5R6NG.pcat_01KE1PQF4AXE8G8DCBPPN6470Z",True,False,1,"pcat_01KE1PQF0EGF5CKP2EW7H5R6NG","2026-01-03 10:33:54.571+00","2026-01-03 10:33:54.571+00",NULL,"{""original_id"": ""11041881"", ""original_path"": ""Electronics > Camera & Photo > Video > Camcorder Accessories > Battery Chargers"", ""original_level"": 4}"
"pcat_01KE1PQN177MKA18WTNFAGY90K","Cell Phones & Accessories","","cell-phones-accessories","pcat_01KE1PPB81J41E4DHBVBSK81D1.pcat_01KE1PQN177MKA18WTNFAGY90K",True,False,3,"pcat_01KE1PPB81J41E4DHBVBSK81D1","2026-01-03 10:34:00.615+00","2026-01-03 10:34:00.615+00",NULL,"{""original_id"": ""2811119011"", ""original_path"": ""Electronics > Cell Phones & Accessories"", ""original_level"": 1}"
"pcat_01KE1PQF6CK94K9A2FRPWTRA0V","Screen Protector Foils","","screen-protector-foils-3","pcat_01KE1PPB81J41E4DHBVBSK81D1.pcat_01KE1PQBSF8H60HAS574QN4G91.pcat_01KE1PQEWHM56TAC85E964EDND.pcat_01KE1PQF0EGF5CKP2EW7H5R6NG.pcat_01KE1PQF6CK94K9A2FRPWTRA0V",True,False,2,"pcat_01KE1PQF0EGF5CKP2EW7H5R6NG","2026-01-03 10:33:54.636+00","2026-01-03 10:33:54.636+00",NULL,"{""original_id"": ""3109893011"", ""original_path"": ""Electronics > Camera & Photo > Video > Camcorder Accessories > Screen Protector Foils"", ""original_level"": 4}"
"pcat_01KE1PQF8C40RYE3DNFJV22RWH","Camcorder Bundles","","camcorder-bundles","pcat_01KE1PPB81J41E4DHBVBSK81D1.pcat_01KE1PQBSF8H60HAS574QN4G91.pcat_01KE1PQEWHM56TAC85E964EDND.pcat_01KE1PQF8C40RYE3DNFJV22RWH",True,False,2,"pcat_01KE1PQEWHM56TAC85E964EDND","2026-01-03 10:33:54.7+00","2026-01-03 10:33:54.7+00",NULL,"{""original_id"": ""4943760011"", ""original_path"": ""Electronics > Camera & Photo > Video > Camcorder Bundles"", ""original_level"": 3}"
"pcat_01KE1PQFA7FV2TMV5XAJMYVGNS","Camcorder Lenses","","camcorder-lenses","pcat_01KE1PPB81J41E4DHBVBSK81D1.pcat_01KE1PQBSF8H60HAS574QN4G91.pcat_01KE1PQEWHM56TAC85E964EDND.pcat_01KE1PQFA7FV2TMV5XAJMYVGNS",True,False,3,"pcat_01KE1PQEWHM56TAC85E964EDND","2026-01-03 10:33:54.759+00","2026-01-03 10:33:54.759+00",NULL,"{""original_id"": ""172427"", ""original_path"": ""Electronics > Camera & Photo > Video > Camcorder Lenses"", ""original_level"": 3}"
"pcat_01KE1PQFBZQEPHHC0P8WS7Z1A7","Camcorders","","camcorders-2","pcat_01KE1PPB81J41E4DHBVBSK81D1.pcat_01KE1PQBSF8H60HAS574QN4G91.pcat_01KE1PQEWHM56TAC85E964EDND.pcat_01KE1PQFBZQEPHHC0P8WS7Z1A7",True,False,4,"pcat_01KE1PQEWHM56TAC85E964EDND","2026-01-03 10:33:54.815+00","2026-01-03 10:33:54.815+00",NULL,"{""original_id"": ""172421"", ""original_path"": ""Electronics > Camera & Photo > Video > Camcorders"", ""original_level"": 3}"
"pcat_01KE1PQFDVRV3VVN8GF681YWFZ","Camera Supports & Stabilizers","","camera-supports-stabilizers","pcat_01KE1PPB81J41E4DHBVBSK81D1.pcat_01KE1PQBSF8H60HAS574QN4G91.pcat_01KE1PQEWHM56TAC85E964EDND.pcat_01KE1PQFDVRV3VVN8GF681YWFZ",True,False,5,"pcat_01KE1PQEWHM56TAC85E964EDND","2026-01-03 10:33:54.876+00","2026-01-03 10:33:54.876+00",NULL,"{""original_id"": ""7161077011"", ""original_path"": ""Electronics > Camera & Photo > Video > Camera Supports & Stabilizers"", ""original_level"": 3}"
"pcat_01KE1PQHE24GZXY77Z6CZSPD7R","Quadcopters & Accessories","","quadcopters-accessories","pcat_01KE1PPB81J41E4DHBVBSK81D1.pcat_01KE1PQBSF8H60HAS574QN4G91.pcat_01KE1PQEWHM56TAC85E964EDND.pcat_01KE1PQHE24GZXY77Z6CZSPD7R",True,False,9,"pcat_01KE1PQEWHM56TAC85E964EDND","2026-01-03 10:33:56.93+00","2026-01-03 10:33:56.93+00",NULL,"{""original_id"": ""11910405011"", ""original_path"": ""Electronics > Camera & Photo > Video > Quadcopters & Accessories"", ""original_level"": 3}"
"pcat_01KE1PQFFJV9S21KPJ3SRTJXGB","Camera Chest Supports","","camera-chest-supports","pcat_01KE1PPB81J41E4DHBVBSK81D1.pcat_01KE1PQBSF8H60HAS574QN4G91.pcat_01KE1PQEWHM56TAC85E964EDND.pcat_01KE1PQFDVRV3VVN8GF681YWFZ.pcat_01KE1PQFFJV9S21KPJ3SRTJXGB",True,False,0,"pcat_01KE1PQFDVRV3VVN8GF681YWFZ","2026-01-03 10:33:54.93+00","2026-01-03 10:33:54.93+00",NULL,"{""original_id"": ""7161079011"", ""original_path"": ""Electronics > Camera & Photo > Video > Camera Supports & Stabilizers > Camera Chest Supports"", ""original_level"": 4}"
"pcat_01KE1PQFHFXX7E81JWCRCJ1DPX","Camera Cine Dollies","","camera-cine-dollies","pcat_01KE1PPB81J41E4DHBVBSK81D1.pcat_01KE1PQBSF8H60HAS574QN4G91.pcat_01KE1PQEWHM56TAC85E964EDND.pcat_01KE1PQFDVRV3VVN8GF681YWFZ.pcat_01KE1PQFHFXX7E81JWCRCJ1DPX",True,False,1,"pcat_01KE1PQFDVRV3VVN8GF681YWFZ","2026-01-03 10:33:54.991+00","2026-01-03 10:33:54.991+00",NULL,"{""original_id"": ""7161082011"", ""original_path"": ""Electronics > Camera & Photo > Video > Camera Supports & Stabilizers > Camera Cine Dollies"", ""original_level"": 4}"
"pcat_01KE1PQFKF0TNG3N0CQBTGEDBQ","Camera Cranes","","camera-cranes","pcat_01KE1PPB81J41E4DHBVBSK81D1.pcat_01KE1PQBSF8H60HAS574QN4G91.pcat_01KE1PQEWHM56TAC85E964EDND.pcat_01KE1PQFDVRV3VVN8GF681YWFZ.pcat_01KE1PQFKF0TNG3N0CQBTGEDBQ",True,False,2,"pcat_01KE1PQFDVRV3VVN8GF681YWFZ","2026-01-03 10:33:55.055+00","2026-01-03 10:33:55.055+00",NULL,"{""original_id"": ""7161081011"", ""original_path"": ""Electronics > Camera & Photo > Video > Camera Supports & Stabilizers > Camera Cranes"", ""original_level"": 4}"
"pcat_01KE1PQFNC6JHHD40DP734E8WV","Camera Shoulder Supports","","camera-shoulder-supports","pcat_01KE1PPB81J41E4DHBVBSK81D1.pcat_01KE1PQBSF8H60HAS574QN4G91.pcat_01KE1PQEWHM56TAC85E964EDND.pcat_01KE1PQFDVRV3VVN8GF681YWFZ.pcat_01KE1PQFNC6JHHD40DP734E8WV",True,False,3,"pcat_01KE1PQFDVRV3VVN8GF681YWFZ","2026-01-03 10:33:55.116+00","2026-01-03 10:33:55.116+00",NULL,"{""original_id"": ""7161078011"", ""original_path"": ""Electronics > Camera & Photo > Video > Camera Supports & Stabilizers > Camera Shoulder Supports"", ""original_level"": 4}"
"pcat_01KE1PQFQBKAS624MFQSDWEYEB","Camera Sliders","","camera-sliders","pcat_01KE1PPB81J41E4DHBVBSK81D1.pcat_01KE1PQBSF8H60HAS574QN4G91.pcat_01KE1PQEWHM56TAC85E964EDND.pcat_01KE1PQFDVRV3VVN8GF681YWFZ.pcat_01KE1PQFQBKAS624MFQSDWEYEB",True,False,4,"pcat_01KE1PQFDVRV3VVN8GF681YWFZ","2026-01-03 10:33:55.179+00","2026-01-03 10:33:55.179+00",NULL,"{""original_id"": ""7161080011"", ""original_path"": ""Electronics > Camera & Photo > Video > Camera Supports & Stabilizers > Camera Sliders"", ""original_level"": 4}"
"pcat_01KE1PQFSJ2NAJ0A1EVF6Y5GB0","Lighting","","lighting","pcat_01KE1PPB81J41E4DHBVBSK81D1.pcat_01KE1PQBSF8H60HAS574QN4G91.pcat_01KE1PQEWHM56TAC85E964EDND.pcat_01KE1PQFSJ2NAJ0A1EVF6Y5GB0",True,False,6,"pcat_01KE1PQEWHM56TAC85E964EDND","2026-01-03 10:33:55.25+00","2026-01-03 10:33:55.25+00",NULL,"{""original_id"": ""3347871"", ""original_path"": ""Electronics > Camera & Photo > Video > Lighting"", ""original_level"": 3}"
"pcat_01KE1PQFVQA5M8Q42JV8JG0ARE","Barn Doors","","barn-doors","pcat_01KE1PPB81J41E4DHBVBSK81D1.pcat_01KE1PQBSF8H60HAS574QN4G91.pcat_01KE1PQEWHM56TAC85E964EDND.pcat_01KE1PQFSJ2NAJ0A1EVF6Y5GB0.pcat_01KE1PQFVQA5M8Q42JV8JG0ARE",True,False,0,"pcat_01KE1PQFSJ2NAJ0A1EVF6Y5GB0","2026-01-03 10:33:55.319+00","2026-01-03 10:33:55.319+00",NULL,"{""original_id"": ""3347981"", ""original_path"": ""Electronics > Camera & Photo > Video > Lighting > Barn Doors"", ""original_level"": 4}"
"pcat_01KE1PQFXZV8Z9RJVNJGVDXRG6","Booms & Stands","","booms-stands","pcat_01KE1PPB81J41E4DHBVBSK81D1.pcat_01KE1PQBSF8H60HAS574QN4G91.pcat_01KE1PQEWHM56TAC85E964EDND.pcat_01KE1PQFSJ2NAJ0A1EVF6Y5GB0.pcat_01KE1PQFXZV8Z9RJVNJGVDXRG6",True,False,1,"pcat_01KE1PQFSJ2NAJ0A1EVF6Y5GB0","2026-01-03 10:33:55.392+00","2026-01-03 10:33:55.392+00",NULL,"{""original_id"": ""3348051"", ""original_path"": ""Electronics > Camera & Photo > Video > Lighting > Booms & Stands"", ""original_level"": 4}"
"pcat_01KE1PQHZ6XH59RB18PY6WNR6G","Installation Services","","installation-services-3","pcat_01KE1PPB81J41E4DHBVBSK81D1.pcat_01KE1PQBSF8H60HAS574QN4G91.pcat_01KE1PQHXD6FTT1PZXBZVP7BYP.pcat_01KE1PQHZ6XH59RB18PY6WNR6G",True,False,0,"pcat_01KE1PQHXD6FTT1PZXBZVP7BYP","2026-01-03 10:33:57.478+00","2026-01-03 10:33:57.478+00",NULL,"{""original_id"": ""2632821011"", ""original_path"": ""Electronics > Camera & Photo > Video Surveillance > Installation Services"", ""original_level"": 3}"
"pcat_01KE1PQFZXGWA3H74PPCJH49VJ","Continuous Output Lighting","","continuous-output-lighting","pcat_01KE1PPB81J41E4DHBVBSK81D1.pcat_01KE1PQBSF8H60HAS574QN4G91.pcat_01KE1PQEWHM56TAC85E964EDND.pcat_01KE1PQFSJ2NAJ0A1EVF6Y5GB0.pcat_01KE1PQFZXGWA3H74PPCJH49VJ",True,False,2,"pcat_01KE1PQFSJ2NAJ0A1EVF6Y5GB0","2026-01-03 10:33:55.453+00","2026-01-03 10:33:55.453+00",NULL,"{""original_id"": ""3347881"", ""original_path"": ""Electronics > Camera & Photo > Video > Lighting > Continuous Output Lighting"", ""original_level"": 4}"
"pcat_01KE1PQG1VDABZWDMZMPRN11KP","Flash Tubes","","flash-tubes","pcat_01KE1PPB81J41E4DHBVBSK81D1.pcat_01KE1PQBSF8H60HAS574QN4G91.pcat_01KE1PQEWHM56TAC85E964EDND.pcat_01KE1PQFSJ2NAJ0A1EVF6Y5GB0.pcat_01KE1PQG1VDABZWDMZMPRN11KP",True,False,3,"pcat_01KE1PQFSJ2NAJ0A1EVF6Y5GB0","2026-01-03 10:33:55.515+00","2026-01-03 10:33:55.515+00",NULL,"{""original_id"": ""3348231"", ""original_path"": ""Electronics > Camera & Photo > Video > Lighting > Flash Tubes"", ""original_level"": 4}"
"pcat_01KE1PQG3R2VZT6N3WQP9J0183","Lighting Controls & Modifiers","","lighting-controls-modifiers","pcat_01KE1PPB81J41E4DHBVBSK81D1.pcat_01KE1PQBSF8H60HAS574QN4G91.pcat_01KE1PQEWHM56TAC85E964EDND.pcat_01KE1PQFSJ2NAJ0A1EVF6Y5GB0.pcat_01KE1PQG3R2VZT6N3WQP9J0183",True,False,4,"pcat_01KE1PQFSJ2NAJ0A1EVF6Y5GB0","2026-01-03 10:33:55.576+00","2026-01-03 10:33:55.576+00",NULL,"{""original_id"": ""3109892011"", ""original_path"": ""Electronics > Camera & Photo > Video > Lighting > Lighting Controls & Modifiers"", ""original_level"": 4}"
"pcat_01KE1PQG5KPF54FZE18JP2CD5R","Diffusers","","diffusers-2","pcat_01KE1PPB81J41E4DHBVBSK81D1.pcat_01KE1PQBSF8H60HAS574QN4G91.pcat_01KE1PQEWHM56TAC85E964EDND.pcat_01KE1PQFSJ2NAJ0A1EVF6Y5GB0.pcat_01KE1PQG3R2VZT6N3WQP9J0183.pcat_01KE1PQG5KPF54FZE18JP2CD5R",True,False,0,"pcat_01KE1PQG3R2VZT6N3WQP9J0183","2026-01-03 10:33:55.635+00","2026-01-03 10:33:55.635+00",NULL,"{""original_id"": ""3348001"", ""original_path"": ""Electronics > Accessories & Supplies > Camera & Photo Accessories > Lighting & Studio > Lighting > Lighting Controls & Modifiers > Diffusers"", ""original_level"": 0}"
"pcat_01KE1PQG7HZ21W81BADFNY5Z3D","Filters","","filters-2","pcat_01KE1PPB81J41E4DHBVBSK81D1.pcat_01KE1PQBSF8H60HAS574QN4G91.pcat_01KE1PQEWHM56TAC85E964EDND.pcat_01KE1PQFSJ2NAJ0A1EVF6Y5GB0.pcat_01KE1PQG3R2VZT6N3WQP9J0183.pcat_01KE1PQG7HZ21W81BADFNY5Z3D",True,False,1,"pcat_01KE1PQG3R2VZT6N3WQP9J0183","2026-01-03 10:33:55.697+00","2026-01-03 10:33:55.697+00",NULL,"{""original_id"": ""3348011"", ""original_path"": ""Electronics > Accessories & Supplies > Camera & Photo Accessories > Lighting & Studio > Lighting > Lighting Controls & Modifiers > Filters"", ""original_level"": 0}"
"pcat_01KE1PQGA96P6NJGBJ80906NNA","Gobos","","gobos","pcat_01KE1PPB81J41E4DHBVBSK81D1.pcat_01KE1PQBSF8H60HAS574QN4G91.pcat_01KE1PQEWHM56TAC85E964EDND.pcat_01KE1PQFSJ2NAJ0A1EVF6Y5GB0.pcat_01KE1PQG3R2VZT6N3WQP9J0183.pcat_01KE1PQGA96P6NJGBJ80906NNA",True,False,2,"pcat_01KE1PQG3R2VZT6N3WQP9J0183","2026-01-03 10:33:55.785+00","2026-01-03 10:33:55.785+00",NULL,"{""original_id"": ""3348031"", ""original_path"": ""Electronics > Accessories & Supplies > Camera & Photo Accessories > Lighting & Studio > Lighting > Lighting Controls & Modifiers > Gobos"", ""original_level"": 0}"
"pcat_01KE1PQGCN0DZXN0RGY00EY6AJ","Reflectors","","reflectors-2","pcat_01KE1PPB81J41E4DHBVBSK81D1.pcat_01KE1PQBSF8H60HAS574QN4G91.pcat_01KE1PQEWHM56TAC85E964EDND.pcat_01KE1PQFSJ2NAJ0A1EVF6Y5GB0.pcat_01KE1PQG3R2VZT6N3WQP9J0183.pcat_01KE1PQGCN0DZXN0RGY00EY6AJ",True,False,3,"pcat_01KE1PQG3R2VZT6N3WQP9J0183","2026-01-03 10:33:55.862+00","2026-01-03 10:33:55.862+00",NULL,"{""original_id"": ""581151011"", ""original_path"": ""Electronics > Accessories & Supplies > Camera & Photo Accessories > Lighting & Studio > Lighting > Lighting Controls & Modifiers > Reflectors"", ""original_level"": 0}"
"pcat_01KE1PQJG60MY3MVN40ZMW78HW","Car Electronics","","car-electronics-2","pcat_01KE1PPB81J41E4DHBVBSK81D1.pcat_01KE1PQJ6W1S7REM7DSHEN0HC6.pcat_01KE1PQJG60MY3MVN40ZMW78HW",True,False,1,"pcat_01KE1PQJ6W1S7REM7DSHEN0HC6","2026-01-03 10:33:58.022+00","2026-01-03 10:33:58.022+00",NULL,"{""original_id"": ""1077068"", ""original_path"": ""Electronics > Car & Vehicle Electronics > Car Electronics"", ""original_level"": 2}"
"pcat_01KE1PQGEEKD0PX22JEGP9PYAT","Soft Boxes","","soft-boxes","pcat_01KE1PPB81J41E4DHBVBSK81D1.pcat_01KE1PQBSF8H60HAS574QN4G91.pcat_01KE1PQEWHM56TAC85E964EDND.pcat_01KE1PQFSJ2NAJ0A1EVF6Y5GB0.pcat_01KE1PQG3R2VZT6N3WQP9J0183.pcat_01KE1PQGEEKD0PX22JEGP9PYAT",True,False,4,"pcat_01KE1PQG3R2VZT6N3WQP9J0183","2026-01-03 10:33:55.918+00","2026-01-03 10:33:55.918+00",NULL,"{""original_id"": ""14014901"", ""original_path"": ""Electronics > Accessories & Supplies > Camera & Photo Accessories > Lighting & Studio > Lighting > Lighting Controls & Modifiers > Soft Boxes"", ""original_level"": 0}"
"pcat_01KE1PQGG9P4KADQPA55G42VD3","Umbrellas","","umbrellas","pcat_01KE1PPB81J41E4DHBVBSK81D1.pcat_01KE1PQBSF8H60HAS574QN4G91.pcat_01KE1PQEWHM56TAC85E964EDND.pcat_01KE1PQFSJ2NAJ0A1EVF6Y5GB0.pcat_01KE1PQG3R2VZT6N3WQP9J0183.pcat_01KE1PQGG9P4KADQPA55G42VD3",True,False,5,"pcat_01KE1PQG3R2VZT6N3WQP9J0183","2026-01-03 10:33:55.977+00","2026-01-03 10:33:55.977+00",NULL,"{""original_id"": ""14014911"", ""original_path"": ""Electronics > Accessories & Supplies > Camera & Photo Accessories > Lighting & Studio > Lighting > Lighting Controls & Modifiers > Umbrellas"", ""original_level"": 0}"
"pcat_01KE1PQGJ848Z6BNYX0VSS1VHT","Mounting Hardware","","mounting-hardware-2","pcat_01KE1PPB81J41E4DHBVBSK81D1.pcat_01KE1PQBSF8H60HAS574QN4G91.pcat_01KE1PQEWHM56TAC85E964EDND.pcat_01KE1PQFSJ2NAJ0A1EVF6Y5GB0.pcat_01KE1PQGJ848Z6BNYX0VSS1VHT",True,False,5,"pcat_01KE1PQFSJ2NAJ0A1EVF6Y5GB0","2026-01-03 10:33:56.04+00","2026-01-03 10:33:56.04+00",NULL,"{""original_id"": ""3348261"", ""original_path"": ""Electronics > Camera & Photo > Video > Lighting > Mounting Hardware"", ""original_level"": 4}"
"pcat_01KE1PQGM7VJ1H9V4448G8DN35","On-Camera Video Lights","","on-camera-video-lights","pcat_01KE1PPB81J41E4DHBVBSK81D1.pcat_01KE1PQBSF8H60HAS574QN4G91.pcat_01KE1PQEWHM56TAC85E964EDND.pcat_01KE1PQFSJ2NAJ0A1EVF6Y5GB0.pcat_01KE1PQGM7VJ1H9V4448G8DN35",True,False,6,"pcat_01KE1PQFSJ2NAJ0A1EVF6Y5GB0","2026-01-03 10:33:56.104+00","2026-01-03 10:33:56.104+00",NULL,"{""original_id"": ""3109915011"", ""original_path"": ""Electronics > Camera & Photo > Video > Lighting > On-Camera Video Lights"", ""original_level"": 4}"
"pcat_01KE1PQGP9XK35HYSN3FXQPJV3","Power Packs","","power-packs","pcat_01KE1PPB81J41E4DHBVBSK81D1.pcat_01KE1PQBSF8H60HAS574QN4G91.pcat_01KE1PQEWHM56TAC85E964EDND.pcat_01KE1PQFSJ2NAJ0A1EVF6Y5GB0.pcat_01KE1PQGP9XK35HYSN3FXQPJV3",True,False,7,"pcat_01KE1PQFSJ2NAJ0A1EVF6Y5GB0","2026-01-03 10:33:56.169+00","2026-01-03 10:33:56.169+00",NULL,"{""original_id"": ""3348151"", ""original_path"": ""Electronics > Camera & Photo > Video > Lighting > Power Packs"", ""original_level"": 4}"
"pcat_01KE1PQGR99CE09ME96NZ8GA6H","Remote Triggers","","remote-triggers","pcat_01KE1PPB81J41E4DHBVBSK81D1.pcat_01KE1PQBSF8H60HAS574QN4G91.pcat_01KE1PQEWHM56TAC85E964EDND.pcat_01KE1PQFSJ2NAJ0A1EVF6Y5GB0.pcat_01KE1PQGR99CE09ME96NZ8GA6H",True,False,8,"pcat_01KE1PQFSJ2NAJ0A1EVF6Y5GB0","2026-01-03 10:33:56.233+00","2026-01-03 10:33:56.233+00",NULL,"{""original_id"": ""3109914011"", ""original_path"": ""Electronics > Camera & Photo > Video > Lighting > Remote Triggers"", ""original_level"": 4}"
"pcat_01KE1PQGT7HTCZPSGY2FF08WXT","Strobe Lighting","","strobe-lighting","pcat_01KE1PPB81J41E4DHBVBSK81D1.pcat_01KE1PQBSF8H60HAS574QN4G91.pcat_01KE1PQEWHM56TAC85E964EDND.pcat_01KE1PQFSJ2NAJ0A1EVF6Y5GB0.pcat_01KE1PQGT7HTCZPSGY2FF08WXT",True,False,9,"pcat_01KE1PQFSJ2NAJ0A1EVF6Y5GB0","2026-01-03 10:33:56.295+00","2026-01-03 10:33:56.295+00",NULL,"{""original_id"": ""3109891011"", ""original_path"": ""Electronics > Camera & Photo > Video > Lighting > Strobe Lighting"", ""original_level"": 4}"
"pcat_01KE1PQXKDDFFCX62C2KXF5GMZ","Home Theater","","home-theater","pcat_01KE1PPB81J41E4DHBVBSK81D1.pcat_01KE1PQX8BD8KXSZ8WRX3GKZRH.pcat_01KE1PQXKDDFFCX62C2KXF5GMZ",True,False,1,"pcat_01KE1PQX8BD8KXSZ8WRX3GKZRH","2026-01-03 10:34:09.389+00","2026-01-03 10:34:09.389+00",NULL,"{""original_id"": ""9977442011"", ""original_path"": ""Electronics > Home Audio > Home Theater"", ""original_level"": 2}"
"pcat_01KE1PQGW78JGRCD44VJWA8P7T","Monolights","","monolights","pcat_01KE1PPB81J41E4DHBVBSK81D1.pcat_01KE1PQBSF8H60HAS574QN4G91.pcat_01KE1PQEWHM56TAC85E964EDND.pcat_01KE1PQFSJ2NAJ0A1EVF6Y5GB0.pcat_01KE1PQGT7HTCZPSGY2FF08WXT.pcat_01KE1PQGW78JGRCD44VJWA8P7T",True,False,0,"pcat_01KE1PQGT7HTCZPSGY2FF08WXT","2026-01-03 10:33:56.359+00","2026-01-03 10:33:56.359+00",NULL,"{""original_id"": ""3347931"", ""original_path"": ""Electronics > Camera & Photo > Video > Lighting > Strobe Lighting > Monolights"", ""original_level"": 0}"
"pcat_01KE1PQN2X1Y5144GSMNWZQ65Z","Carrier Cell Phones","","carrier-cell-phones","pcat_01KE1PPB81J41E4DHBVBSK81D1.pcat_01KE1PQN177MKA18WTNFAGY90K.pcat_01KE1PQN2X1Y5144GSMNWZQ65Z",True,False,0,"pcat_01KE1PQN177MKA18WTNFAGY90K","2026-01-03 10:34:00.669+00","2026-01-03 10:34:00.669+00",NULL,"{""original_id"": ""2407748011"", ""original_path"": ""Electronics > Cell Phones & Accessories > Carrier Cell Phones"", ""original_level"": 2}"
"pcat_01KE1PQGY5XJS8S6D33JX0P02F","Slaves","","slaves","pcat_01KE1PPB81J41E4DHBVBSK81D1.pcat_01KE1PQBSF8H60HAS574QN4G91.pcat_01KE1PQEWHM56TAC85E964EDND.pcat_01KE1PQFSJ2NAJ0A1EVF6Y5GB0.pcat_01KE1PQGT7HTCZPSGY2FF08WXT.pcat_01KE1PQGY5XJS8S6D33JX0P02F",True,False,1,"pcat_01KE1PQGT7HTCZPSGY2FF08WXT","2026-01-03 10:33:56.421+00","2026-01-03 10:33:56.421+00",NULL,"{""original_id"": ""3348101"", ""original_path"": ""Electronics > Camera & Photo > Video > Lighting > Strobe Lighting > Slaves"", ""original_level"": 0}"
"pcat_01KE1PQH05SVPG6KXGD5PQ59AA","Underwater Lighting","","underwater-lighting","pcat_01KE1PPB81J41E4DHBVBSK81D1.pcat_01KE1PQBSF8H60HAS574QN4G91.pcat_01KE1PQEWHM56TAC85E964EDND.pcat_01KE1PQFSJ2NAJ0A1EVF6Y5GB0.pcat_01KE1PQH05SVPG6KXGD5PQ59AA",True,False,10,"pcat_01KE1PQFSJ2NAJ0A1EVF6Y5GB0","2026-01-03 10:33:56.485+00","2026-01-03 10:33:56.485+00",NULL,"{""original_id"": ""3350211"", ""original_path"": ""Electronics > Camera & Photo > Video > Lighting > Underwater Lighting"", ""original_level"": 4}"
"pcat_01KE1PQH2177XQQMZCVT6EPD9R","Professional Video Accessories","","professional-video-accessories","pcat_01KE1PPB81J41E4DHBVBSK81D1.pcat_01KE1PQBSF8H60HAS574QN4G91.pcat_01KE1PQEWHM56TAC85E964EDND.pcat_01KE1PQH2177XQQMZCVT6EPD9R",True,False,7,"pcat_01KE1PQEWHM56TAC85E964EDND","2026-01-03 10:33:56.545+00","2026-01-03 10:33:56.545+00",NULL,"{""original_id"": ""196569011"", ""original_path"": ""Electronics > Camera & Photo > Video > Professional Video Accessories"", ""original_level"": 3}"
"pcat_01KE1PQH4D308CZF7XJYVXTRDH","Microphones","","microphones-3","pcat_01KE1PPB81J41E4DHBVBSK81D1.pcat_01KE1PQBSF8H60HAS574QN4G91.pcat_01KE1PQEWHM56TAC85E964EDND.pcat_01KE1PQH2177XQQMZCVT6EPD9R.pcat_01KE1PQH4D308CZF7XJYVXTRDH",True,False,0,"pcat_01KE1PQH2177XQQMZCVT6EPD9R","2026-01-03 10:33:56.621+00","2026-01-03 10:33:56.621+00",NULL,"{""original_id"": ""196575011"", ""original_path"": ""Electronics > Camera & Photo > Video > Professional Video Accessories > Microphones"", ""original_level"": 4}"
"pcat_01KE1PQH6HWYT9QQ6HGBBV1PMG","Stabilizers","","stabilizers","pcat_01KE1PPB81J41E4DHBVBSK81D1.pcat_01KE1PQBSF8H60HAS574QN4G91.pcat_01KE1PQEWHM56TAC85E964EDND.pcat_01KE1PQH2177XQQMZCVT6EPD9R.pcat_01KE1PQH6HWYT9QQ6HGBBV1PMG",True,False,1,"pcat_01KE1PQH2177XQQMZCVT6EPD9R","2026-01-03 10:33:56.689+00","2026-01-03 10:33:56.689+00",NULL,"{""original_id"": ""196573011"", ""original_path"": ""Electronics > Camera & Photo > Video > Professional Video Accessories > Stabilizers"", ""original_level"": 4}"
"pcat_01KE1PQH8CXC1PE570TW7CG7KS","Tripods","","tripods","pcat_01KE1PPB81J41E4DHBVBSK81D1.pcat_01KE1PQBSF8H60HAS574QN4G91.pcat_01KE1PQEWHM56TAC85E964EDND.pcat_01KE1PQH2177XQQMZCVT6EPD9R.pcat_01KE1PQH8CXC1PE570TW7CG7KS",True,False,2,"pcat_01KE1PQH2177XQQMZCVT6EPD9R","2026-01-03 10:33:56.749+00","2026-01-03 10:33:56.749+00",NULL,"{""original_id"": ""499310"", ""original_path"": ""Electronics > Camera & Photo > Video > Professional Video Accessories > Tripods"", ""original_level"": 4}"
"pcat_01KE1PQHA87FJSZT67677R0C79","VTR Decks","","vtr-decks","pcat_01KE1PPB81J41E4DHBVBSK81D1.pcat_01KE1PQBSF8H60HAS574QN4G91.pcat_01KE1PQEWHM56TAC85E964EDND.pcat_01KE1PQH2177XQQMZCVT6EPD9R.pcat_01KE1PQHA87FJSZT67677R0C79",True,False,3,"pcat_01KE1PQH2177XQQMZCVT6EPD9R","2026-01-03 10:33:56.808+00","2026-01-03 10:33:56.808+00",NULL,"{""original_id"": ""196576011"", ""original_path"": ""Electronics > Camera & Photo > Video > Professional Video Accessories > VTR Decks"", ""original_level"": 4}"
"pcat_01KE1PQHC5KS25JQWWXVJWTNF6","Professional Video Cameras","","professional-video-cameras","pcat_01KE1PPB81J41E4DHBVBSK81D1.pcat_01KE1PQBSF8H60HAS574QN4G91.pcat_01KE1PQEWHM56TAC85E964EDND.pcat_01KE1PQHC5KS25JQWWXVJWTNF6",True,False,8,"pcat_01KE1PQEWHM56TAC85E964EDND","2026-01-03 10:33:56.869+00","2026-01-03 10:33:56.869+00",NULL,"{""original_id"": ""7161075011"", ""original_path"": ""Electronics > Camera & Photo > Video > Professional Video Cameras"", ""original_level"": 3}"
"pcat_01KE1PQHG4P5B0QPZTMBKEFV1A","Quadcopter Camera Mounts","","quadcopter-camera-mounts","pcat_01KE1PPB81J41E4DHBVBSK81D1.pcat_01KE1PQBSF8H60HAS574QN4G91.pcat_01KE1PQEWHM56TAC85E964EDND.pcat_01KE1PQHE24GZXY77Z6CZSPD7R.pcat_01KE1PQHG4P5B0QPZTMBKEFV1A",True,False,0,"pcat_01KE1PQHE24GZXY77Z6CZSPD7R","2026-01-03 10:33:56.996+00","2026-01-03 10:33:56.996+00",NULL,"{""original_id"": ""11910407011"", ""original_path"": ""Electronics > Camera & Photo > Video > Quadcopters & Accessories > Quadcopter Camera Mounts"", ""original_level"": 4}"
"pcat_01KE1PQHJ4RKG99561M2MYP1NY","Quadcopters","","quadcopters","pcat_01KE1PPB81J41E4DHBVBSK81D1.pcat_01KE1PQBSF8H60HAS574QN4G91.pcat_01KE1PQEWHM56TAC85E964EDND.pcat_01KE1PQHE24GZXY77Z6CZSPD7R.pcat_01KE1PQHJ4RKG99561M2MYP1NY",True,False,1,"pcat_01KE1PQHE24GZXY77Z6CZSPD7R","2026-01-03 10:33:57.06+00","2026-01-03 10:33:57.06+00",NULL,"{""original_id"": ""11608080011"", ""original_path"": ""Electronics > Camera & Photo > Video > Quadcopters & Accessories > Quadcopters"", ""original_level"": 4}"
"pcat_01KE1PQHKZ3HXBM7MG4VX84CF3","Sports & Action Video Cameras","","sports-action-video-cameras","pcat_01KE1PPB81J41E4DHBVBSK81D1.pcat_01KE1PQBSF8H60HAS574QN4G91.pcat_01KE1PQEWHM56TAC85E964EDND.pcat_01KE1PQHKZ3HXBM7MG4VX84CF3",True,False,10,"pcat_01KE1PQEWHM56TAC85E964EDND","2026-01-03 10:33:57.119+00","2026-01-03 10:33:57.119+00",NULL,"{""original_id"": ""7161074011"", ""original_path"": ""Electronics > Camera & Photo > Video > Sports & Action Video Cameras"", ""original_level"": 3}"
"pcat_01KE1PQHNTMX76NQ280KH1ZBDN","Video Studio","","video-studio","pcat_01KE1PPB81J41E4DHBVBSK81D1.pcat_01KE1PQBSF8H60HAS574QN4G91.pcat_01KE1PQEWHM56TAC85E964EDND.pcat_01KE1PQHNTMX76NQ280KH1ZBDN",True,False,11,"pcat_01KE1PQEWHM56TAC85E964EDND","2026-01-03 10:33:57.178+00","2026-01-03 10:33:57.178+00",NULL,"{""original_id"": ""7161087011"", ""original_path"": ""Electronics > Camera & Photo > Video > Video Studio"", ""original_level"": 3}"
"pcat_01KE1PQHQKZXZD3MPBRFBZBP3Y","Photo Backgrounds","","photo-backgrounds","pcat_01KE1PPB81J41E4DHBVBSK81D1.pcat_01KE1PQBSF8H60HAS574QN4G91.pcat_01KE1PQEWHM56TAC85E964EDND.pcat_01KE1PQHNTMX76NQ280KH1ZBDN.pcat_01KE1PQHQKZXZD3MPBRFBZBP3Y",True,False,0,"pcat_01KE1PQHNTMX76NQ280KH1ZBDN","2026-01-03 10:33:57.236+00","2026-01-03 10:33:57.236+00",NULL,"{""original_id"": ""3443951"", ""original_path"": ""Electronics > Accessories & Supplies > Camera & Photo Accessories > Lighting & Studio > Video Studio > Photo Backgrounds"", ""original_level"": 4}"
"pcat_01KE1PQHSPRZ5HZDQ45K0PSDY7","Teleprompters","","teleprompters","pcat_01KE1PPB81J41E4DHBVBSK81D1.pcat_01KE1PQBSF8H60HAS574QN4G91.pcat_01KE1PQEWHM56TAC85E964EDND.pcat_01KE1PQHNTMX76NQ280KH1ZBDN.pcat_01KE1PQHSPRZ5HZDQ45K0PSDY7",True,False,1,"pcat_01KE1PQHNTMX76NQ280KH1ZBDN","2026-01-03 10:33:57.302+00","2026-01-03 10:33:57.302+00",NULL,"{""original_id"": ""7161088011"", ""original_path"": ""Electronics > Accessories & Supplies > Camera & Photo Accessories > Lighting & Studio > Video Studio > Teleprompters"", ""original_level"": 4}"
"pcat_01KE1PQHVN238QQA5TF983AC95","Video Monitors","","video-monitors","pcat_01KE1PPB81J41E4DHBVBSK81D1.pcat_01KE1PQBSF8H60HAS574QN4G91.pcat_01KE1PQEWHM56TAC85E964EDND.pcat_01KE1PQHNTMX76NQ280KH1ZBDN.pcat_01KE1PQHVN238QQA5TF983AC95",True,False,2,"pcat_01KE1PQHNTMX76NQ280KH1ZBDN","2026-01-03 10:33:57.365+00","2026-01-03 10:33:57.365+00",NULL,"{""original_id"": ""7161089011"", ""original_path"": ""Electronics > Accessories & Supplies > Camera & Photo Accessories > Lighting & Studio > Video Studio > Video Monitors"", ""original_level"": 4}"
"pcat_01KE1PQJ14AECPN5W04P15EXYJ","Surveillance Accessories","","surveillance-accessories","pcat_01KE1PPB81J41E4DHBVBSK81D1.pcat_01KE1PQBSF8H60HAS574QN4G91.pcat_01KE1PQHXD6FTT1PZXBZVP7BYP.pcat_01KE1PQJ14AECPN5W04P15EXYJ",True,False,1,"pcat_01KE1PQHXD6FTT1PZXBZVP7BYP","2026-01-03 10:33:57.54+00","2026-01-03 10:33:57.54+00",NULL,"{""original_id"": ""7161094011"", ""original_path"": ""Electronics > Camera & Photo > Video Surveillance > Surveillance Accessories"", ""original_level"": 3}"
"pcat_01KE1PQJ37YB5MV2BB64BXWQZJ","IR Illuminators","","ir-illuminators","pcat_01KE1PPB81J41E4DHBVBSK81D1.pcat_01KE1PQBSF8H60HAS574QN4G91.pcat_01KE1PQHXD6FTT1PZXBZVP7BYP.pcat_01KE1PQJ14AECPN5W04P15EXYJ.pcat_01KE1PQJ37YB5MV2BB64BXWQZJ",True,False,0,"pcat_01KE1PQJ14AECPN5W04P15EXYJ","2026-01-03 10:33:57.607+00","2026-01-03 10:33:57.607+00",NULL,"{""original_id"": ""7161095011"", ""original_path"": ""Electronics > Camera & Photo > Video Surveillance > Surveillance Accessories > IR Illuminators"", ""original_level"": 4}"
"pcat_01KE1PQJ53MSFMDPEEQQRP7HG9","Surveillance Systems","","surveillance-systems","pcat_01KE1PPB81J41E4DHBVBSK81D1.pcat_01KE1PQBSF8H60HAS574QN4G91.pcat_01KE1PQHXD6FTT1PZXBZVP7BYP.pcat_01KE1PQJ53MSFMDPEEQQRP7HG9",True,False,2,"pcat_01KE1PQHXD6FTT1PZXBZVP7BYP","2026-01-03 10:33:57.667+00","2026-01-03 10:33:57.667+00",NULL,"{""original_id"": ""898406"", ""original_path"": ""Electronics > Camera & Photo > Video Surveillance > Surveillance Systems"", ""original_level"": 3}"
"pcat_01KE1PQJ6W1S7REM7DSHEN0HC6","Car & Vehicle Electronics","","car-vehicle-electronics","pcat_01KE1PPB81J41E4DHBVBSK81D1.pcat_01KE1PQJ6W1S7REM7DSHEN0HC6",True,False,2,"pcat_01KE1PPB81J41E4DHBVBSK81D1","2026-01-03 10:33:57.724+00","2026-01-03 10:33:57.724+00",NULL,"{""original_id"": ""3248684011"", ""original_path"": ""Electronics > Car & Vehicle Electronics"", ""original_level"": 1}"
"pcat_01KE1PQJ8MVTDF0PVW37GAJSNK","Aviation Electronics","","aviation-electronics","pcat_01KE1PPB81J41E4DHBVBSK81D1.pcat_01KE1PQJ6W1S7REM7DSHEN0HC6.pcat_01KE1PQJ8MVTDF0PVW37GAJSNK",True,False,0,"pcat_01KE1PQJ6W1S7REM7DSHEN0HC6","2026-01-03 10:33:57.78+00","2026-01-03 10:33:57.78+00",NULL,"{""original_id"": ""2324196011"", ""original_path"": ""Electronics > Car & Vehicle Electronics > Aviation Electronics"", ""original_level"": 2}"
"pcat_01KE1PQJAP3YZQW9C14XTS1FQM","Aircraft Accessories","","aircraft-accessories","pcat_01KE1PPB81J41E4DHBVBSK81D1.pcat_01KE1PQJ6W1S7REM7DSHEN0HC6.pcat_01KE1PQJ8MVTDF0PVW37GAJSNK.pcat_01KE1PQJAP3YZQW9C14XTS1FQM",True,False,0,"pcat_01KE1PQJ8MVTDF0PVW37GAJSNK","2026-01-03 10:33:57.846+00","2026-01-03 10:33:57.846+00",NULL,"{""original_id"": ""2324203011"", ""original_path"": ""Electronics > Car & Vehicle Electronics > Aviation Electronics > Aircraft Accessories"", ""original_level"": 3}"
"pcat_01KE1PQJCJP8WQ3DJ6BEAZPD6Q","Aviation Handheld Radios","","aviation-handheld-radios","pcat_01KE1PPB81J41E4DHBVBSK81D1.pcat_01KE1PQJ6W1S7REM7DSHEN0HC6.pcat_01KE1PQJ8MVTDF0PVW37GAJSNK.pcat_01KE1PQJCJP8WQ3DJ6BEAZPD6Q",True,False,1,"pcat_01KE1PQJ8MVTDF0PVW37GAJSNK","2026-01-03 10:33:57.906+00","2026-01-03 10:33:57.906+00",NULL,"{""original_id"": ""2324201011"", ""original_path"": ""Electronics > Car & Vehicle Electronics > Aviation Electronics > Aviation Handheld Radios"", ""original_level"": 3}"
"pcat_01KE1PQJEBSNH6TAZ48NEQTQ32","Headsets & Intercoms","","headsets-intercoms","pcat_01KE1PPB81J41E4DHBVBSK81D1.pcat_01KE1PQJ6W1S7REM7DSHEN0HC6.pcat_01KE1PQJ8MVTDF0PVW37GAJSNK.pcat_01KE1PQJEBSNH6TAZ48NEQTQ32",True,False,2,"pcat_01KE1PQJ8MVTDF0PVW37GAJSNK","2026-01-03 10:33:57.963+00","2026-01-03 10:33:57.963+00",NULL,"{""original_id"": ""2324200011"", ""original_path"": ""Electronics > Car & Vehicle Electronics > Aviation Electronics > Headsets & Intercoms"", ""original_level"": 3}"
"pcat_01KE1PQJJGYE6XTV479HW9TFQA","Car Audio","","car-audio","pcat_01KE1PPB81J41E4DHBVBSK81D1.pcat_01KE1PQJ6W1S7REM7DSHEN0HC6.pcat_01KE1PQJG60MY3MVN40ZMW78HW.pcat_01KE1PQJJGYE6XTV479HW9TFQA",True,False,0,"pcat_01KE1PQJG60MY3MVN40ZMW78HW","2026-01-03 10:33:58.096+00","2026-01-03 10:33:58.096+00",NULL,"{""original_id"": ""226184"", ""original_path"": ""Electronics > Car & Vehicle Electronics > Car Electronics > Car Audio"", ""original_level"": 3}"
"pcat_01KE1PQJMFXEH6HTJ5DD5658XA","Amplifiers","","amplifiers","pcat_01KE1PPB81J41E4DHBVBSK81D1.pcat_01KE1PQJ6W1S7REM7DSHEN0HC6.pcat_01KE1PQJG60MY3MVN40ZMW78HW.pcat_01KE1PQJJGYE6XTV479HW9TFQA.pcat_01KE1PQJMFXEH6HTJ5DD5658XA",True,False,0,"pcat_01KE1PQJJGYE6XTV479HW9TFQA","2026-01-03 10:33:58.159+00","2026-01-03 10:33:58.159+00",NULL,"{""original_id"": ""898116"", ""original_path"": ""Electronics > Car & Vehicle Electronics > Car Electronics > Car Audio > Amplifiers"", ""original_level"": 4}"
"pcat_01KE1PQJPFHE9DXCFG1613GF2W","Dual-Channel Speakers","","dual-channel-speakers","pcat_01KE1PPB81J41E4DHBVBSK81D1.pcat_01KE1PQJ6W1S7REM7DSHEN0HC6.pcat_01KE1PQJG60MY3MVN40ZMW78HW.pcat_01KE1PQJJGYE6XTV479HW9TFQA.pcat_01KE1PQJMFXEH6HTJ5DD5658XA.pcat_01KE1PQJPFHE9DXCFG1613GF2W",True,False,0,"pcat_01KE1PQJMFXEH6HTJ5DD5658XA","2026-01-03 10:33:58.223+00","2026-01-03 10:33:58.223+00",NULL,"{""original_id"": ""10980711"", ""original_path"": ""Electronics > Car & Vehicle Electronics > Car Electronics > Car Audio > Amplifiers > Dual-Channel Speakers"", ""original_level"": 0}"
"pcat_01KE1PQJRKN08DPJMP3PS0JJ5Z","Mono Amplifiers","","mono-amplifiers","pcat_01KE1PPB81J41E4DHBVBSK81D1.pcat_01KE1PQJ6W1S7REM7DSHEN0HC6.pcat_01KE1PQJG60MY3MVN40ZMW78HW.pcat_01KE1PQJJGYE6XTV479HW9TFQA.pcat_01KE1PQJMFXEH6HTJ5DD5658XA.pcat_01KE1PQJRKN08DPJMP3PS0JJ5Z",True,False,1,"pcat_01KE1PQJMFXEH6HTJ5DD5658XA","2026-01-03 10:33:58.291+00","2026-01-03 10:33:58.291+00",NULL,"{""original_id"": ""10980751"", ""original_path"": ""Automotive > Car Electronics & Accessories > Car Electronics > Car Audio > Amplifiers > Mono Amplifiers"", ""original_level"": 0}"
"pcat_01KE1PQJTE3R98CPJ9XGMPTC5V","Multichannel Amplifiers","","multichannel-amplifiers","pcat_01KE1PPB81J41E4DHBVBSK81D1.pcat_01KE1PQJ6W1S7REM7DSHEN0HC6.pcat_01KE1PQJG60MY3MVN40ZMW78HW.pcat_01KE1PQJJGYE6XTV479HW9TFQA.pcat_01KE1PQJMFXEH6HTJ5DD5658XA.pcat_01KE1PQJTE3R98CPJ9XGMPTC5V",True,False,2,"pcat_01KE1PQJMFXEH6HTJ5DD5658XA","2026-01-03 10:33:58.35+00","2026-01-03 10:33:58.35+00",NULL,"{""original_id"": ""10980761"", ""original_path"": ""Electronics > Car & Vehicle Electronics > Car Electronics > Car Audio > Amplifiers > Multichannel Amplifiers"", ""original_level"": 0}"
"pcat_01KE1PQJW94ABYGSQE51ZYZH8V","Car Stereo Receivers","","car-stereo-receivers","pcat_01KE1PPB81J41E4DHBVBSK81D1.pcat_01KE1PQJ6W1S7REM7DSHEN0HC6.pcat_01KE1PQJG60MY3MVN40ZMW78HW.pcat_01KE1PQJJGYE6XTV479HW9TFQA.pcat_01KE1PQJW94ABYGSQE51ZYZH8V",True,False,1,"pcat_01KE1PQJJGYE6XTV479HW9TFQA","2026-01-03 10:33:58.409+00","2026-01-03 10:33:58.409+00",NULL,"{""original_id"": ""10980601"", ""original_path"": ""Automotive > Car Electronics & Accessories > Car Electronics > Car Audio > Car Stereo Receivers"", ""original_level"": 4}"
"pcat_01KE1PQJY5A9SQ89RG7BVQQF6M","Changers","","changers","pcat_01KE1PPB81J41E4DHBVBSK81D1.pcat_01KE1PQJ6W1S7REM7DSHEN0HC6.pcat_01KE1PQJG60MY3MVN40ZMW78HW.pcat_01KE1PQJJGYE6XTV479HW9TFQA.pcat_01KE1PQJY5A9SQ89RG7BVQQF6M",True,False,2,"pcat_01KE1PQJJGYE6XTV479HW9TFQA","2026-01-03 10:33:58.469+00","2026-01-03 10:33:58.469+00",NULL,"{""original_id"": ""3008991"", ""original_path"": ""Automotive > Car Electronics & Accessories > Car Electronics > Car Audio > Changers"", ""original_level"": 4}"
"pcat_01KE1PQJZYS0TXFX9F4VBJCMSJ","Digital Media Receivers","","digital-media-receivers","pcat_01KE1PPB81J41E4DHBVBSK81D1.pcat_01KE1PQJ6W1S7REM7DSHEN0HC6.pcat_01KE1PQJG60MY3MVN40ZMW78HW.pcat_01KE1PQJJGYE6XTV479HW9TFQA.pcat_01KE1PQJZYS0TXFX9F4VBJCMSJ",True,False,3,"pcat_01KE1PQJJGYE6XTV479HW9TFQA","2026-01-03 10:33:58.526+00","2026-01-03 10:33:58.526+00",NULL,"{""original_id"": ""690074011"", ""original_path"": ""Automotive > Car Electronics & Accessories > Car Electronics > Car Audio > Digital Media Receivers"", ""original_level"": 4}"
"pcat_01KE1PQK1VJT2QCBM7YB1TD8Y6","Equalizers","","equalizers","pcat_01KE1PPB81J41E4DHBVBSK81D1.pcat_01KE1PQJ6W1S7REM7DSHEN0HC6.pcat_01KE1PQJG60MY3MVN40ZMW78HW.pcat_01KE1PQJJGYE6XTV479HW9TFQA.pcat_01KE1PQK1VJT2QCBM7YB1TD8Y6",True,False,4,"pcat_01KE1PQJJGYE6XTV479HW9TFQA","2026-01-03 10:33:58.587+00","2026-01-03 10:33:58.587+00",NULL,"{""original_id"": ""10980741"", ""original_path"": ""Automotive > Car Electronics & Accessories > Car Electronics > Car Audio > Equalizers"", ""original_level"": 4}"
"pcat_01KE1PQK3X0W7QJBX2HRSQCC9M","Satellite Radio","","satellite-radio","pcat_01KE1PPB81J41E4DHBVBSK81D1.pcat_01KE1PQJ6W1S7REM7DSHEN0HC6.pcat_01KE1PQJG60MY3MVN40ZMW78HW.pcat_01KE1PQJJGYE6XTV479HW9TFQA.pcat_01KE1PQK3X0W7QJBX2HRSQCC9M",True,False,5,"pcat_01KE1PQJJGYE6XTV479HW9TFQA","2026-01-03 10:33:58.653+00","2026-01-03 10:33:58.653+00",NULL,"{""original_id"": ""13816141"", ""original_path"": ""Automotive > Car Electronics & Accessories > Car Electronics > Car Audio > Satellite Radio"", ""original_level"": 4}"
"pcat_01KE1PQK5VW2HHZT6GV7WSE0RA","Speakers","","speakers","pcat_01KE1PPB81J41E4DHBVBSK81D1.pcat_01KE1PQJ6W1S7REM7DSHEN0HC6.pcat_01KE1PQJG60MY3MVN40ZMW78HW.pcat_01KE1PQJJGYE6XTV479HW9TFQA.pcat_01KE1PQK5VW2HHZT6GV7WSE0RA",True,False,6,"pcat_01KE1PQJJGYE6XTV479HW9TFQA","2026-01-03 10:33:58.715+00","2026-01-03 10:33:58.715+00",NULL,"{""original_id"": ""760560"", ""original_path"": ""Electronics > Car & Vehicle Electronics > Car Electronics > Car Audio > Speakers"", ""original_level"": 4}"
"pcat_01KE1PQK7QSGGYVH6CXXWGW6FH","Center-Channel Speakers","","center-channel-speakers","pcat_01KE1PPB81J41E4DHBVBSK81D1.pcat_01KE1PQJ6W1S7REM7DSHEN0HC6.pcat_01KE1PQJG60MY3MVN40ZMW78HW.pcat_01KE1PQJJGYE6XTV479HW9TFQA.pcat_01KE1PQK5VW2HHZT6GV7WSE0RA.pcat_01KE1PQK7QSGGYVH6CXXWGW6FH",True,False,0,"pcat_01KE1PQK5VW2HHZT6GV7WSE0RA","2026-01-03 10:33:58.776+00","2026-01-03 10:33:58.776+00",NULL,"{""original_id"": ""10980861"", ""original_path"": ""Electronics > Car & Vehicle Electronics > Car Electronics > Car Audio > Speakers > Center-Channel Speakers"", ""original_level"": 0}"
"pcat_01KE1PQKA03KR6FYXT0VHPAYQ6","Coaxial Speakers","","coaxial-speakers","pcat_01KE1PPB81J41E4DHBVBSK81D1.pcat_01KE1PQJ6W1S7REM7DSHEN0HC6.pcat_01KE1PQJG60MY3MVN40ZMW78HW.pcat_01KE1PQJJGYE6XTV479HW9TFQA.pcat_01KE1PQK5VW2HHZT6GV7WSE0RA.pcat_01KE1PQKA03KR6FYXT0VHPAYQ6",True,False,1,"pcat_01KE1PQK5VW2HHZT6GV7WSE0RA","2026-01-03 10:33:58.849+00","2026-01-03 10:33:58.849+00",NULL,"{""original_id"": ""10980771"", ""original_path"": ""Electronics > Car & Vehicle Electronics > Car Electronics > Car Audio > Speakers > Coaxial Speakers"", ""original_level"": 0}"
"pcat_01KE1PQKC69NV2ACRWSTY3WGTZ","Component Speakers","","component-speakers","pcat_01KE1PPB81J41E4DHBVBSK81D1.pcat_01KE1PQJ6W1S7REM7DSHEN0HC6.pcat_01KE1PQJG60MY3MVN40ZMW78HW.pcat_01KE1PQJJGYE6XTV479HW9TFQA.pcat_01KE1PQK5VW2HHZT6GV7WSE0RA.pcat_01KE1PQKC69NV2ACRWSTY3WGTZ",True,False,2,"pcat_01KE1PQK5VW2HHZT6GV7WSE0RA","2026-01-03 10:33:58.918+00","2026-01-03 10:33:58.918+00",NULL,"{""original_id"": ""10980881"", ""original_path"": ""Electronics > Car & Vehicle Electronics > Car Electronics > Car Audio > Speakers > Component Speakers"", ""original_level"": 0}"
"pcat_01KE1PQKE13X3KVW6YS9K7W2PJ","Kick-Panel Enclosures","","kick-panel-enclosures","pcat_01KE1PPB81J41E4DHBVBSK81D1.pcat_01KE1PQJ6W1S7REM7DSHEN0HC6.pcat_01KE1PQJG60MY3MVN40ZMW78HW.pcat_01KE1PQJJGYE6XTV479HW9TFQA.pcat_01KE1PQK5VW2HHZT6GV7WSE0RA.pcat_01KE1PQKE13X3KVW6YS9K7W2PJ",True,False,3,"pcat_01KE1PQK5VW2HHZT6GV7WSE0RA","2026-01-03 10:33:58.977+00","2026-01-03 10:33:58.977+00",NULL,"{""original_id"": ""10981001"", ""original_path"": ""Electronics > Car & Vehicle Electronics > Car Electronics > Car Audio > Speakers > Kick-Panel Enclosures"", ""original_level"": 0}"
"pcat_01KE1PQKFPQFPFB86ET8AJZ3NK","Surface-Mounted Speakers","","surface-mounted-speakers","pcat_01KE1PPB81J41E4DHBVBSK81D1.pcat_01KE1PQJ6W1S7REM7DSHEN0HC6.pcat_01KE1PQJG60MY3MVN40ZMW78HW.pcat_01KE1PQJJGYE6XTV479HW9TFQA.pcat_01KE1PQK5VW2HHZT6GV7WSE0RA.pcat_01KE1PQKFPQFPFB86ET8AJZ3NK",True,False,4,"pcat_01KE1PQK5VW2HHZT6GV7WSE0RA","2026-01-03 10:33:59.03+00","2026-01-03 10:33:59.03+00",NULL,"{""original_id"": ""3248686011"", ""original_path"": ""Electronics > Car & Vehicle Electronics > Car Electronics > Car Audio > Speakers > Surface-Mounted Speakers"", ""original_level"": 0}"
"pcat_01KE1PQKHJRVGP0QMTWV7CDZRX","Tweeters","","tweeters","pcat_01KE1PPB81J41E4DHBVBSK81D1.pcat_01KE1PQJ6W1S7REM7DSHEN0HC6.pcat_01KE1PQJG60MY3MVN40ZMW78HW.pcat_01KE1PQJJGYE6XTV479HW9TFQA.pcat_01KE1PQK5VW2HHZT6GV7WSE0RA.pcat_01KE1PQKHJRVGP0QMTWV7CDZRX",True,False,5,"pcat_01KE1PQK5VW2HHZT6GV7WSE0RA","2026-01-03 10:33:59.09+00","2026-01-03 10:33:59.09+00",NULL,"{""original_id"": ""10980941"", ""original_path"": ""Electronics > Car & Vehicle Electronics > Car Electronics > Car Audio > Speakers > Tweeters"", ""original_level"": 0}"
"pcat_01KE1PQKKC77Z5PT8YW70KMYSH","Subwoofers","","subwoofers","pcat_01KE1PPB81J41E4DHBVBSK81D1.pcat_01KE1PQJ6W1S7REM7DSHEN0HC6.pcat_01KE1PQJG60MY3MVN40ZMW78HW.pcat_01KE1PQJJGYE6XTV479HW9TFQA.pcat_01KE1PQKKC77Z5PT8YW70KMYSH",True,False,7,"pcat_01KE1PQJJGYE6XTV479HW9TFQA","2026-01-03 10:33:59.148+00","2026-01-03 10:33:59.148+00",NULL,"{""original_id"": ""3009141"", ""original_path"": ""Electronics > Car & Vehicle Electronics > Car Electronics > Car Audio > Subwoofers"", ""original_level"": 4}"
"pcat_01KE1PQKNC0K2NDQ60TCA2ZRJV","Component Subwoofers","","component-subwoofers","pcat_01KE1PPB81J41E4DHBVBSK81D1.pcat_01KE1PQJ6W1S7REM7DSHEN0HC6.pcat_01KE1PQJG60MY3MVN40ZMW78HW.pcat_01KE1PQJJGYE6XTV479HW9TFQA.pcat_01KE1PQKKC77Z5PT8YW70KMYSH.pcat_01KE1PQKNC0K2NDQ60TCA2ZRJV",True,False,0,"pcat_01KE1PQKKC77Z5PT8YW70KMYSH","2026-01-03 10:33:59.213+00","2026-01-03 10:33:59.213+00",NULL,"{""original_id"": ""1294866011"", ""original_path"": ""Automotive > Car Electronics & Accessories > Car Electronics > Car Audio > Subwoofers > Component Subwoofers"", ""original_level"": 0}"
"pcat_01KE1PQKQK3V0JTWGK87XZ9961","Enclosed Subwoofer Systems","","enclosed-subwoofer-systems","pcat_01KE1PPB81J41E4DHBVBSK81D1.pcat_01KE1PQJ6W1S7REM7DSHEN0HC6.pcat_01KE1PQJG60MY3MVN40ZMW78HW.pcat_01KE1PQJJGYE6XTV479HW9TFQA.pcat_01KE1PQKKC77Z5PT8YW70KMYSH.pcat_01KE1PQKQK3V0JTWGK87XZ9961",True,False,1,"pcat_01KE1PQKKC77Z5PT8YW70KMYSH","2026-01-03 10:33:59.283+00","2026-01-03 10:33:59.283+00",NULL,"{""original_id"": ""3009181"", ""original_path"": ""Automotive > Car Electronics & Accessories > Car Electronics > Car Audio > Subwoofers > Enclosed Subwoofer Systems"", ""original_level"": 0}"
"pcat_01KE1PQKSNEH7JJ6FR5RG33N9Q","Car Safety & Security","","car-safety-security","pcat_01KE1PPB81J41E4DHBVBSK81D1.pcat_01KE1PQJ6W1S7REM7DSHEN0HC6.pcat_01KE1PQJG60MY3MVN40ZMW78HW.pcat_01KE1PQKSNEH7JJ6FR5RG33N9Q",True,False,1,"pcat_01KE1PQJG60MY3MVN40ZMW78HW","2026-01-03 10:33:59.349+00","2026-01-03 10:33:59.349+00",NULL,"{""original_id"": ""3008971"", ""original_path"": ""Electronics > Car & Vehicle Electronics > Car Electronics > Car Safety & Security"", ""original_level"": 3}"
"pcat_01KE1PQKVJEMJXAQJWANBZ4T7G","Alarm Systems","","alarm-systems","pcat_01KE1PPB81J41E4DHBVBSK81D1.pcat_01KE1PQJ6W1S7REM7DSHEN0HC6.pcat_01KE1PQJG60MY3MVN40ZMW78HW.pcat_01KE1PQKSNEH7JJ6FR5RG33N9Q.pcat_01KE1PQKVJEMJXAQJWANBZ4T7G",True,False,0,"pcat_01KE1PQKSNEH7JJ6FR5RG33N9Q","2026-01-03 10:33:59.41+00","2026-01-03 10:33:59.41+00",NULL,"{""original_id"": ""15735161"", ""original_path"": ""Automotive > Car Electronics & Accessories > Car Electronics > Car Safety & Security > Alarm Systems"", ""original_level"": 4}"
"pcat_01KE1PQKXFEESPPP6CAC3JB0P6","Keyless Entry","","keyless-entry","pcat_01KE1PPB81J41E4DHBVBSK81D1.pcat_01KE1PQJ6W1S7REM7DSHEN0HC6.pcat_01KE1PQJG60MY3MVN40ZMW78HW.pcat_01KE1PQKSNEH7JJ6FR5RG33N9Q.pcat_01KE1PQKXFEESPPP6CAC3JB0P6",True,False,1,"pcat_01KE1PQKSNEH7JJ6FR5RG33N9Q","2026-01-03 10:33:59.471+00","2026-01-03 10:33:59.471+00",NULL,"{""original_id"": ""15736141"", ""original_path"": ""Automotive > Car Electronics & Accessories > Car Electronics > Car Safety & Security > Keyless Entry"", ""original_level"": 4}"
"pcat_01KE1PQKZ7M69BM55KEG62PD4Q","Remote Starters","","remote-starters","pcat_01KE1PPB81J41E4DHBVBSK81D1.pcat_01KE1PQJ6W1S7REM7DSHEN0HC6.pcat_01KE1PQJG60MY3MVN40ZMW78HW.pcat_01KE1PQKSNEH7JJ6FR5RG33N9Q.pcat_01KE1PQKZ7M69BM55KEG62PD4Q",True,False,2,"pcat_01KE1PQKSNEH7JJ6FR5RG33N9Q","2026-01-03 10:33:59.527+00","2026-01-03 10:33:59.527+00",NULL,"{""original_id"": ""15736151"", ""original_path"": ""Automotive > Car Electronics & Accessories > Car Electronics > Car Safety & Security > Remote Starters"", ""original_level"": 4}"
"pcat_01KE1PQM13ZBS5Z02MY49ZGC80","Steering Wheel Locking Devices","","steering-wheel-locking-devices","pcat_01KE1PPB81J41E4DHBVBSK81D1.pcat_01KE1PQJ6W1S7REM7DSHEN0HC6.pcat_01KE1PQJG60MY3MVN40ZMW78HW.pcat_01KE1PQKSNEH7JJ6FR5RG33N9Q.pcat_01KE1PQM13ZBS5Z02MY49ZGC80",True,False,3,"pcat_01KE1PQKSNEH7JJ6FR5RG33N9Q","2026-01-03 10:33:59.587+00","2026-01-03 10:33:59.587+00",NULL,"{""original_id"": ""15735171"", ""original_path"": ""Electronics > Car & Vehicle Electronics > Car Electronics > Car Safety & Security > Steering Wheel Locking Devices"", ""original_level"": 4}"
"pcat_01KE1PQM2VPP0E4KGF2Z5A3X9X","Car Video","","car-video","pcat_01KE1PPB81J41E4DHBVBSK81D1.pcat_01KE1PQJ6W1S7REM7DSHEN0HC6.pcat_01KE1PQJG60MY3MVN40ZMW78HW.pcat_01KE1PQM2VPP0E4KGF2Z5A3X9X",True,False,2,"pcat_01KE1PQJG60MY3MVN40ZMW78HW","2026-01-03 10:33:59.643+00","2026-01-03 10:33:59.643+00",NULL,"{""original_id"": ""10980521"", ""original_path"": ""Electronics > Car & Vehicle Electronics > Car Electronics > Car Video"", ""original_level"": 3}"
"pcat_01KE1PQM4Q027XH0KMJCKK9MXS","Car Headphones","","car-headphones","pcat_01KE1PPB81J41E4DHBVBSK81D1.pcat_01KE1PQJ6W1S7REM7DSHEN0HC6.pcat_01KE1PQJG60MY3MVN40ZMW78HW.pcat_01KE1PQM2VPP0E4KGF2Z5A3X9X.pcat_01KE1PQM4Q027XH0KMJCKK9MXS",True,False,0,"pcat_01KE1PQM2VPP0E4KGF2Z5A3X9X","2026-01-03 10:33:59.703+00","2026-01-03 10:33:59.703+00",NULL,"{""original_id"": ""1293683011"", ""original_path"": ""Automotive > Car Electronics & Accessories > Car Electronics > Car Video > Car Headphones"", ""original_level"": 4}"
"pcat_01KE1PQM6JAR17G0ZYR2FMZKRR","Headrest Video","","headrest-video","pcat_01KE1PPB81J41E4DHBVBSK81D1.pcat_01KE1PQJ6W1S7REM7DSHEN0HC6.pcat_01KE1PQJG60MY3MVN40ZMW78HW.pcat_01KE1PQM2VPP0E4KGF2Z5A3X9X.pcat_01KE1PQM6JAR17G0ZYR2FMZKRR",True,False,1,"pcat_01KE1PQM2VPP0E4KGF2Z5A3X9X","2026-01-03 10:33:59.762+00","2026-01-03 10:33:59.762+00",NULL,"{""original_id"": ""1293682011"", ""original_path"": ""Automotive > Car Electronics & Accessories > Car Electronics > Car Video > Headrest Video"", ""original_level"": 4}"
"pcat_01KE1PQM8BTEP7BMYM73Y3G9HM","In-Dash DVD & Video Receivers","","in-dash-dvd-video-receivers","pcat_01KE1PPB81J41E4DHBVBSK81D1.pcat_01KE1PQJ6W1S7REM7DSHEN0HC6.pcat_01KE1PQJG60MY3MVN40ZMW78HW.pcat_01KE1PQM2VPP0E4KGF2Z5A3X9X.pcat_01KE1PQM8BTEP7BMYM73Y3G9HM",True,False,2,"pcat_01KE1PQM2VPP0E4KGF2Z5A3X9X","2026-01-03 10:33:59.819+00","2026-01-03 10:33:59.819+00",NULL,"{""original_id"": ""3009001"", ""original_path"": ""Automotive > Car Electronics & Accessories > Car Electronics > Car Video > In-Dash DVD & Video Receivers"", ""original_level"": 4}"
"pcat_01KE1PQMAB25EP57QN3GDTJXF2","In-Mirror Video","","in-mirror-video","pcat_01KE1PPB81J41E4DHBVBSK81D1.pcat_01KE1PQJ6W1S7REM7DSHEN0HC6.pcat_01KE1PQJG60MY3MVN40ZMW78HW.pcat_01KE1PQM2VPP0E4KGF2Z5A3X9X.pcat_01KE1PQMAB25EP57QN3GDTJXF2",True,False,3,"pcat_01KE1PQM2VPP0E4KGF2Z5A3X9X","2026-01-03 10:33:59.883+00","2026-01-03 10:33:59.883+00",NULL,"{""original_id"": ""3248687011"", ""original_path"": ""Electronics > Car & Vehicle Electronics > Car Electronics > Car Video > In-Mirror Video"", ""original_level"": 4}"
"pcat_01KE1PQMC8BTPAVKXWE83N1TSY","In-Visor Video","","in-visor-video","pcat_01KE1PPB81J41E4DHBVBSK81D1.pcat_01KE1PQJ6W1S7REM7DSHEN0HC6.pcat_01KE1PQJG60MY3MVN40ZMW78HW.pcat_01KE1PQM2VPP0E4KGF2Z5A3X9X.pcat_01KE1PQMC8BTPAVKXWE83N1TSY",True,False,4,"pcat_01KE1PQM2VPP0E4KGF2Z5A3X9X","2026-01-03 10:33:59.944+00","2026-01-03 10:33:59.944+00",NULL,"{""original_id"": ""3248688011"", ""original_path"": ""Electronics > Car & Vehicle Electronics > Car Electronics > Car Video > In-Visor Video"", ""original_level"": 4}"
"pcat_01KE1PQME905VHY8E2HRZS874Y","On-Dash Cameras","","on-dash-cameras","pcat_01KE1PPB81J41E4DHBVBSK81D1.pcat_01KE1PQJ6W1S7REM7DSHEN0HC6.pcat_01KE1PQJG60MY3MVN40ZMW78HW.pcat_01KE1PQM2VPP0E4KGF2Z5A3X9X.pcat_01KE1PQME905VHY8E2HRZS874Y",True,False,5,"pcat_01KE1PQM2VPP0E4KGF2Z5A3X9X","2026-01-03 10:34:00.009+00","2026-01-03 10:34:00.009+00",NULL,"{""original_id"": ""3248689011"", ""original_path"": ""Electronics > Car & Vehicle Electronics > Car Electronics > Car Video > On-Dash Cameras"", ""original_level"": 4}"
"pcat_01KE1PQMGMR7QSJQP4K3SDZW83","Overhead Video","","overhead-video","pcat_01KE1PPB81J41E4DHBVBSK81D1.pcat_01KE1PQJ6W1S7REM7DSHEN0HC6.pcat_01KE1PQJG60MY3MVN40ZMW78HW.pcat_01KE1PQM2VPP0E4KGF2Z5A3X9X.pcat_01KE1PQMGMR7QSJQP4K3SDZW83",True,False,6,"pcat_01KE1PQM2VPP0E4KGF2Z5A3X9X","2026-01-03 10:34:00.084+00","2026-01-03 10:34:00.084+00",NULL,"{""original_id"": ""10980561"", ""original_path"": ""Electronics > Car & Vehicle Electronics > Car Electronics > Car Video > Overhead Video"", ""original_level"": 4}"
"pcat_01KE1PQMJWZ26WHFVXR8B18R5H","Surround Processors","","surround-processors","pcat_01KE1PPB81J41E4DHBVBSK81D1.pcat_01KE1PQJ6W1S7REM7DSHEN0HC6.pcat_01KE1PQJG60MY3MVN40ZMW78HW.pcat_01KE1PQM2VPP0E4KGF2Z5A3X9X.pcat_01KE1PQMJWZ26WHFVXR8B18R5H",True,False,7,"pcat_01KE1PQM2VPP0E4KGF2Z5A3X9X","2026-01-03 10:34:00.156+00","2026-01-03 10:34:00.156+00",NULL,"{""original_id"": ""1294964011"", ""original_path"": ""Electronics > Car & Vehicle Electronics > Car Electronics > Car Video > Surround Processors"", ""original_level"": 4}"
"pcat_01KE1PQMN0FB7V8B569GMQWA2G","TV Tuners","","tv-tuners","pcat_01KE1PPB81J41E4DHBVBSK81D1.pcat_01KE1PQJ6W1S7REM7DSHEN0HC6.pcat_01KE1PQJG60MY3MVN40ZMW78HW.pcat_01KE1PQM2VPP0E4KGF2Z5A3X9X.pcat_01KE1PQMN0FB7V8B569GMQWA2G",True,False,8,"pcat_01KE1PQM2VPP0E4KGF2Z5A3X9X","2026-01-03 10:34:00.224+00","2026-01-03 10:34:00.224+00",NULL,"{""original_id"": ""10980581"", ""original_path"": ""Electronics > Car & Vehicle Electronics > Car Electronics > Car Video > TV Tuners"", ""original_level"": 4}"
"pcat_01KE1PQMQCT5SY1GQKJKE9E8TW","Vehicle Backup Cameras","","vehicle-backup-cameras","pcat_01KE1PPB81J41E4DHBVBSK81D1.pcat_01KE1PQJ6W1S7REM7DSHEN0HC6.pcat_01KE1PQJG60MY3MVN40ZMW78HW.pcat_01KE1PQM2VPP0E4KGF2Z5A3X9X.pcat_01KE1PQMQCT5SY1GQKJKE9E8TW",True,False,9,"pcat_01KE1PQM2VPP0E4KGF2Z5A3X9X","2026-01-03 10:34:00.3+00","2026-01-03 10:34:00.3+00",NULL,"{""original_id"": ""1253823011"", ""original_path"": ""Electronics > Car & Vehicle Electronics > Car Electronics > Car Video > Vehicle Backup Cameras"", ""original_level"": 4}"
"pcat_01KE1PQMSAT295DNYXGRN05R2G","Vehicle GPS","","vehicle-gps","pcat_01KE1PPB81J41E4DHBVBSK81D1.pcat_01KE1PQJ6W1S7REM7DSHEN0HC6.pcat_01KE1PQMSAT295DNYXGRN05R2G",True,False,2,"pcat_01KE1PQJ6W1S7REM7DSHEN0HC6","2026-01-03 10:34:00.363+00","2026-01-03 10:34:00.363+00",NULL,"{""original_id"": ""559938"", ""original_path"": ""Electronics > Car & Vehicle Electronics > Vehicle GPS"", ""original_level"": 2}"
"pcat_01KE1PQMVD2V14ARB74W78Q4KH","Aviation GPS","","aviation-gps","pcat_01KE1PPB81J41E4DHBVBSK81D1.pcat_01KE1PQJ6W1S7REM7DSHEN0HC6.pcat_01KE1PQMSAT295DNYXGRN05R2G.pcat_01KE1PQMVD2V14ARB74W78Q4KH",True,False,0,"pcat_01KE1PQMSAT295DNYXGRN05R2G","2026-01-03 10:34:00.429+00","2026-01-03 10:34:00.429+00",NULL,"{""original_id"": ""2324199011"", ""original_path"": ""Electronics > Car & Vehicle Electronics > Vehicle GPS > Aviation GPS"", ""original_level"": 3}"
"pcat_01KE1PQMXDTVVGNH8Z45FWP9BE","In-Dash Navigation","","in-dash-navigation","pcat_01KE1PPB81J41E4DHBVBSK81D1.pcat_01KE1PQJ6W1S7REM7DSHEN0HC6.pcat_01KE1PQMSAT295DNYXGRN05R2G.pcat_01KE1PQMXDTVVGNH8Z45FWP9BE",True,False,1,"pcat_01KE1PQMSAT295DNYXGRN05R2G","2026-01-03 10:34:00.493+00","2026-01-03 10:34:00.493+00",NULL,"{""original_id"": ""319595011"", ""original_path"": ""Electronics > Car & Vehicle Electronics > Vehicle GPS > In-Dash Navigation"", ""original_level"": 3}"
"pcat_01KE1PQMZAETYBJ65VJWE1WNCB","RV GPS","","rv-gps","pcat_01KE1PPB81J41E4DHBVBSK81D1.pcat_01KE1PQJ6W1S7REM7DSHEN0HC6.pcat_01KE1PQMSAT295DNYXGRN05R2G.pcat_01KE1PQMZAETYBJ65VJWE1WNCB",True,False,2,"pcat_01KE1PQMSAT295DNYXGRN05R2G","2026-01-03 10:34:00.554+00","2026-01-03 10:34:00.554+00",NULL,"{""original_id"": ""5545574011"", ""original_path"": ""Electronics > Car & Vehicle Electronics > Vehicle GPS > RV GPS"", ""original_level"": 3}"
"pcat_01KE1PQN4RZDHEGPG46GZSGBK8","Cases, Holsters & Clips","","cases-holsters-clips","pcat_01KE1PPB81J41E4DHBVBSK81D1.pcat_01KE1PQN177MKA18WTNFAGY90K.pcat_01KE1PQN4RZDHEGPG46GZSGBK8",True,False,1,"pcat_01KE1PQN177MKA18WTNFAGY90K","2026-01-03 10:34:00.729+00","2026-01-03 10:34:00.729+00",NULL,"{""original_id"": ""2407760011"", ""original_path"": ""Electronics > Cell Phones & Accessories > Cases, Holsters & Clips"", ""original_level"": 2}"
"pcat_01KE1PQN6HGE2G407C609T9M70","Armbands","","armbands","pcat_01KE1PPB81J41E4DHBVBSK81D1.pcat_01KE1PQN177MKA18WTNFAGY90K.pcat_01KE1PQN4RZDHEGPG46GZSGBK8.pcat_01KE1PQN6HGE2G407C609T9M70",True,False,0,"pcat_01KE1PQN4RZDHEGPG46GZSGBK8","2026-01-03 10:34:00.785+00","2026-01-03 10:34:00.785+00",NULL,"{""original_id"": ""7073962011"", ""original_path"": ""Electronics > Cell Phones & Accessories > Cases, Holsters & Clips > Armbands"", ""original_level"": 3}"
"pcat_01KE1PQN89RN0ECWARNWAPAYEM","Basic Cases","","basic-cases","pcat_01KE1PPB81J41E4DHBVBSK81D1.pcat_01KE1PQN177MKA18WTNFAGY90K.pcat_01KE1PQN4RZDHEGPG46GZSGBK8.pcat_01KE1PQN89RN0ECWARNWAPAYEM",True,False,1,"pcat_01KE1PQN4RZDHEGPG46GZSGBK8","2026-01-03 10:34:00.841+00","2026-01-03 10:34:00.841+00",NULL,"{""original_id"": ""3081461011"", ""original_path"": ""Electronics > Cell Phones & Accessories > Cases, Holsters & Clips > Basic Cases"", ""original_level"": 3}"
"pcat_01KE1PQNA5N7XS987V3MJ05H7V","Bumpers","","bumpers","pcat_01KE1PPB81J41E4DHBVBSK81D1.pcat_01KE1PQN177MKA18WTNFAGY90K.pcat_01KE1PQN4RZDHEGPG46GZSGBK8.pcat_01KE1PQNA5N7XS987V3MJ05H7V",True,False,2,"pcat_01KE1PQN4RZDHEGPG46GZSGBK8","2026-01-03 10:34:00.901+00","2026-01-03 10:34:00.901+00",NULL,"{""original_id"": ""17875442011"", ""original_path"": ""Electronics > Cell Phones & Accessories > Cases, Holsters & Clips > Bumpers"", ""original_level"": 3}"
"pcat_01KE1PQNBY0QEFGMK6H4JJ7H7P","Dry Bags","","dry-bags","pcat_01KE1PPB81J41E4DHBVBSK81D1.pcat_01KE1PQN177MKA18WTNFAGY90K.pcat_01KE1PQN4RZDHEGPG46GZSGBK8.pcat_01KE1PQNBY0QEFGMK6H4JJ7H7P",True,False,3,"pcat_01KE1PQN4RZDHEGPG46GZSGBK8","2026-01-03 10:34:00.958+00","2026-01-03 10:34:00.958+00",NULL,"{""original_id"": ""17875443011"", ""original_path"": ""Electronics > Cell Phones & Accessories > Cases, Holsters & Clips > Dry Bags"", ""original_level"": 3}"
"pcat_01KE1PQZ85G54HEBFN7TBKWCXS","Wireless & Streaming Audio","","wireless-streaming-audio","pcat_01KE1PPB81J41E4DHBVBSK81D1.pcat_01KE1PQX8BD8KXSZ8WRX3GKZRH.pcat_01KE1PQZ85G54HEBFN7TBKWCXS",True,False,5,"pcat_01KE1PQX8BD8KXSZ8WRX3GKZRH","2026-01-03 10:34:11.077+00","2026-01-03 10:34:11.078+00",NULL,"{""original_id"": ""322215011"", ""original_path"": ""Electronics > Home Audio > Wireless & Streaming Audio"", ""original_level"": 2}"
"pcat_01KE1PQNE39EGYWRTGVH512CSW","Flip Cases","","flip-cases","pcat_01KE1PPB81J41E4DHBVBSK81D1.pcat_01KE1PQN177MKA18WTNFAGY90K.pcat_01KE1PQN4RZDHEGPG46GZSGBK8.pcat_01KE1PQNE39EGYWRTGVH512CSW",True,False,4,"pcat_01KE1PQN4RZDHEGPG46GZSGBK8","2026-01-03 10:34:01.027+00","2026-01-03 10:34:01.027+00",NULL,"{""original_id"": ""9931389011"", ""original_path"": ""Electronics > Cell Phones & Accessories > Cases, Holsters & Clips > Flip Cases"", ""original_level"": 3}"
"pcat_01KE1PQNG5A6BVHPC528XVPHHJ","Holsters","","holsters","pcat_01KE1PPB81J41E4DHBVBSK81D1.pcat_01KE1PQN177MKA18WTNFAGY90K.pcat_01KE1PQN4RZDHEGPG46GZSGBK8.pcat_01KE1PQNG5A6BVHPC528XVPHHJ",True,False,5,"pcat_01KE1PQN4RZDHEGPG46GZSGBK8","2026-01-03 10:34:01.093+00","2026-01-03 10:34:01.093+00",NULL,"{""original_id"": ""2407765011"", ""original_path"": ""Electronics > Cell Phones & Accessories > Cases, Holsters & Clips > Holsters"", ""original_level"": 3}"
"pcat_01KE1PQNJ916GR1WZ7X4GP5ZPD","Sleeves","","sleeves","pcat_01KE1PPB81J41E4DHBVBSK81D1.pcat_01KE1PQN177MKA18WTNFAGY90K.pcat_01KE1PQN4RZDHEGPG46GZSGBK8.pcat_01KE1PQNJ916GR1WZ7X4GP5ZPD",True,False,6,"pcat_01KE1PQN4RZDHEGPG46GZSGBK8","2026-01-03 10:34:01.161+00","2026-01-03 10:34:01.161+00",NULL,"{""original_id"": ""9414313011"", ""original_path"": ""Electronics > Cell Phones & Accessories > Cases, Holsters & Clips > Sleeves"", ""original_level"": 3}"
"pcat_01KE1PQNMMW21WVVQ0Y7RB8GWB","Mobile Broadband","","mobile-broadband","pcat_01KE1PPB81J41E4DHBVBSK81D1.pcat_01KE1PQN177MKA18WTNFAGY90K.pcat_01KE1PQNMMW21WVVQ0Y7RB8GWB",True,False,2,"pcat_01KE1PQN177MKA18WTNFAGY90K","2026-01-03 10:34:01.236+00","2026-01-03 10:34:01.237+00",NULL,"{""original_id"": ""2407750011"", ""original_path"": ""Electronics > Cell Phones & Accessories > Mobile Broadband"", ""original_level"": 2}"
"pcat_01KE1PQNPX5H035BTXGBJVYJQQ","Unlocked Cell Phones","","unlocked-cell-phones","pcat_01KE1PPB81J41E4DHBVBSK81D1.pcat_01KE1PQN177MKA18WTNFAGY90K.pcat_01KE1PQNPX5H035BTXGBJVYJQQ",True,False,3,"pcat_01KE1PQN177MKA18WTNFAGY90K","2026-01-03 10:34:01.309+00","2026-01-03 10:34:01.309+00",NULL,"{""original_id"": ""2407749011"", ""original_path"": ""Electronics > Cell Phones & Accessories > Unlocked Cell Phones"", ""original_level"": 2}"
"pcat_01KE1PQNSFKWS419CNSEJ5KZM9","Computers & Accessories","","computers-accessories","pcat_01KE1PPB81J41E4DHBVBSK81D1.pcat_01KE1PQNSFKWS419CNSEJ5KZM9",True,False,4,"pcat_01KE1PPB81J41E4DHBVBSK81D1","2026-01-03 10:34:01.391+00","2026-01-03 10:34:01.391+00",NULL,"{""original_id"": ""541966"", ""original_path"": ""Electronics > Computers & Accessories"", ""original_level"": 1}"
"pcat_01KE1PQNVWG9X2GBJFYMKD1Y36","Computer Components","","computer-components","pcat_01KE1PPB81J41E4DHBVBSK81D1.pcat_01KE1PQNSFKWS419CNSEJ5KZM9.pcat_01KE1PQNVWG9X2GBJFYMKD1Y36",True,False,0,"pcat_01KE1PQNSFKWS419CNSEJ5KZM9","2026-01-03 10:34:01.468+00","2026-01-03 10:34:01.468+00",NULL,"{""original_id"": ""193870011"", ""original_path"": ""Electronics > Computers & Accessories > Computer Components"", ""original_level"": 2}"
"pcat_01KE1PQNY9GYNS57V19KH23VCZ","Desktop Barebones","","desktop-barebones","pcat_01KE1PPB81J41E4DHBVBSK81D1.pcat_01KE1PQNSFKWS419CNSEJ5KZM9.pcat_01KE1PQNVWG9X2GBJFYMKD1Y36.pcat_01KE1PQNY9GYNS57V19KH23VCZ",True,False,0,"pcat_01KE1PQNVWG9X2GBJFYMKD1Y36","2026-01-03 10:34:01.545+00","2026-01-03 10:34:01.545+00",NULL,"{""original_id"": ""3015426011"", ""original_path"": ""Electronics > Computers & Accessories > Computer Components > Desktop Barebones"", ""original_level"": 3}"
"pcat_01KE1PQP0FQX47323Q8KW6V4TT","External Components","","external-components","pcat_01KE1PPB81J41E4DHBVBSK81D1.pcat_01KE1PQNSFKWS419CNSEJ5KZM9.pcat_01KE1PQNVWG9X2GBJFYMKD1Y36.pcat_01KE1PQP0FQX47323Q8KW6V4TT",True,False,1,"pcat_01KE1PQNVWG9X2GBJFYMKD1Y36","2026-01-03 10:34:01.615+00","2026-01-03 10:34:01.615+00",NULL,"{""original_id"": ""3012292011"", ""original_path"": ""Electronics > Computers & Accessories > Computer Components > External Components"", ""original_level"": 3}"
"pcat_01KE1PQXNKBX85ZJRM71TRBRD1","Equalizers","","equalizers-2","pcat_01KE1PPB81J41E4DHBVBSK81D1.pcat_01KE1PQX8BD8KXSZ8WRX3GKZRH.pcat_01KE1PQXKDDFFCX62C2KXF5GMZ.pcat_01KE1PQXNKBX85ZJRM71TRBRD1",True,False,0,"pcat_01KE1PQXKDDFFCX62C2KXF5GMZ","2026-01-03 10:34:09.459+00","2026-01-03 10:34:09.459+00",NULL,"{""original_id"": ""292564"", ""original_path"": ""Electronics > Home Audio > Home Theater > Equalizers"", ""original_level"": 3}"
"pcat_01KE1PQP2STMEA4JCH65DX6Z1S","Computer Cases","","computer-cases","pcat_01KE1PPB81J41E4DHBVBSK81D1.pcat_01KE1PQNSFKWS419CNSEJ5KZM9.pcat_01KE1PQNVWG9X2GBJFYMKD1Y36.pcat_01KE1PQP0FQX47323Q8KW6V4TT.pcat_01KE1PQP2STMEA4JCH65DX6Z1S",True,False,0,"pcat_01KE1PQP0FQX47323Q8KW6V4TT","2026-01-03 10:34:01.689+00","2026-01-03 10:34:01.689+00",NULL,"{""original_id"": ""572238"", ""original_path"": ""Electronics > Computers & Accessories > Computer Components > External Components > Computer Cases"", ""original_level"": 4}"
"pcat_01KE1PQP4WCBC1929QAXC3C1GZ","External Hard Drives","","external-hard-drives","pcat_01KE1PPB81J41E4DHBVBSK81D1.pcat_01KE1PQNSFKWS419CNSEJ5KZM9.pcat_01KE1PQNVWG9X2GBJFYMKD1Y36.pcat_01KE1PQP0FQX47323Q8KW6V4TT.pcat_01KE1PQP4WCBC1929QAXC3C1GZ",True,False,1,"pcat_01KE1PQP0FQX47323Q8KW6V4TT","2026-01-03 10:34:01.756+00","2026-01-03 10:34:01.756+00",NULL,"{""original_id"": ""595048"", ""original_path"": ""Electronics > Computers & Accessories > Computer Components > External Components > External Hard Drives"", ""original_level"": 4}"
"pcat_01KE1PQP7386SKFXYGKJF8ATR3","External Sound Cards","","external-sound-cards","pcat_01KE1PPB81J41E4DHBVBSK81D1.pcat_01KE1PQNSFKWS419CNSEJ5KZM9.pcat_01KE1PQNVWG9X2GBJFYMKD1Y36.pcat_01KE1PQP0FQX47323Q8KW6V4TT.pcat_01KE1PQP7386SKFXYGKJF8ATR3",True,False,2,"pcat_01KE1PQP0FQX47323Q8KW6V4TT","2026-01-03 10:34:01.827+00","2026-01-03 10:34:01.827+00",NULL,"{""original_id"": ""3015427011"", ""original_path"": ""Electronics > Computers & Accessories > Computer Components > External Components > External Sound Cards"", ""original_level"": 4}"
"pcat_01KE1PQP9AR2AJFC02JSQ3HNXS","External TV Tuners","","external-tv-tuners","pcat_01KE1PPB81J41E4DHBVBSK81D1.pcat_01KE1PQNSFKWS419CNSEJ5KZM9.pcat_01KE1PQNVWG9X2GBJFYMKD1Y36.pcat_01KE1PQP0FQX47323Q8KW6V4TT.pcat_01KE1PQP9AR2AJFC02JSQ3HNXS",True,False,3,"pcat_01KE1PQP0FQX47323Q8KW6V4TT","2026-01-03 10:34:01.898+00","2026-01-03 10:34:01.898+00",NULL,"{""original_id"": ""3015428011"", ""original_path"": ""Electronics > Computers & Accessories > Computer Components > External Components > External TV Tuners"", ""original_level"": 4}"
"pcat_01KE1PQPBDFKJC68ARQCPXT886","KVM Switches","","kvm-switches","pcat_01KE1PPB81J41E4DHBVBSK81D1.pcat_01KE1PQNSFKWS419CNSEJ5KZM9.pcat_01KE1PQNVWG9X2GBJFYMKD1Y36.pcat_01KE1PQP0FQX47323Q8KW6V4TT.pcat_01KE1PQPBDFKJC68ARQCPXT886",True,False,4,"pcat_01KE1PQP0FQX47323Q8KW6V4TT","2026-01-03 10:34:01.965+00","2026-01-03 10:34:01.965+00",NULL,"{""original_id"": ""13983771"", ""original_path"": ""Electronics > Computers & Accessories > Computer Components > External Components > KVM Switches"", ""original_level"": 4}"
"pcat_01KE1PQPDF8Q91JCB6QPSXGCNQ","Optical Drives","","optical-drives","pcat_01KE1PPB81J41E4DHBVBSK81D1.pcat_01KE1PQNSFKWS419CNSEJ5KZM9.pcat_01KE1PQNVWG9X2GBJFYMKD1Y36.pcat_01KE1PQP0FQX47323Q8KW6V4TT.pcat_01KE1PQPDF8Q91JCB6QPSXGCNQ",True,False,5,"pcat_01KE1PQP0FQX47323Q8KW6V4TT","2026-01-03 10:34:02.031+00","2026-01-03 10:34:02.031+00",NULL,"{""original_id"": ""1292112011"", ""original_path"": ""Electronics > Computers & Accessories > Computer Components > External Components > Optical Drives"", ""original_level"": 4}"
"pcat_01KE1PQPFE24WMV2F2DA926FY8","Blu-ray Drives","","blu-ray-drives","pcat_01KE1PPB81J41E4DHBVBSK81D1.pcat_01KE1PQNSFKWS419CNSEJ5KZM9.pcat_01KE1PQNVWG9X2GBJFYMKD1Y36.pcat_01KE1PQP0FQX47323Q8KW6V4TT.pcat_01KE1PQPDF8Q91JCB6QPSXGCNQ.pcat_01KE1PQPFE24WMV2F2DA926FY8",True,False,0,"pcat_01KE1PQPDF8Q91JCB6QPSXGCNQ","2026-01-03 10:34:02.094+00","2026-01-03 10:34:02.094+00",NULL,"{""original_id"": ""1292123011"", ""original_path"": ""Electronics > Computers & Accessories > Computer Components > External Components > Optical Drives > Blu-ray Drives"", ""original_level"": 0}"
"pcat_01KE1PQPHKSX29S6BVQY7AVXVR","CD & DVD Drives","","cd-dvd-drives","pcat_01KE1PPB81J41E4DHBVBSK81D1.pcat_01KE1PQNSFKWS419CNSEJ5KZM9.pcat_01KE1PQNVWG9X2GBJFYMKD1Y36.pcat_01KE1PQP0FQX47323Q8KW6V4TT.pcat_01KE1PQPDF8Q91JCB6QPSXGCNQ.pcat_01KE1PQPHKSX29S6BVQY7AVXVR",True,False,1,"pcat_01KE1PQPDF8Q91JCB6QPSXGCNQ","2026-01-03 10:34:02.164+00","2026-01-03 10:34:02.164+00",NULL,"{""original_id"": ""1292121011"", ""original_path"": ""Electronics > Computers & Accessories > Computer Components > External Components > Optical Drives > CD & DVD Drives"", ""original_level"": 0}"
"pcat_01KE1PQPKV27AE46C3BGFMFAAP","Disc Duplicators","","disc-duplicators","pcat_01KE1PPB81J41E4DHBVBSK81D1.pcat_01KE1PQNSFKWS419CNSEJ5KZM9.pcat_01KE1PQNVWG9X2GBJFYMKD1Y36.pcat_01KE1PQP0FQX47323Q8KW6V4TT.pcat_01KE1PQPDF8Q91JCB6QPSXGCNQ.pcat_01KE1PQPKV27AE46C3BGFMFAAP",True,False,2,"pcat_01KE1PQPDF8Q91JCB6QPSXGCNQ","2026-01-03 10:34:02.235+00","2026-01-03 10:34:02.235+00",NULL,"{""original_id"": ""1292124011"", ""original_path"": ""Electronics > Computers & Accessories > Computer Components > External Components > Optical Drives > Disc Duplicators"", ""original_level"": 0}"
"pcat_01KE1PQPNTVGMTHV2Q2BE3M1AZ","Internal Components","","internal-components","pcat_01KE1PPB81J41E4DHBVBSK81D1.pcat_01KE1PQNSFKWS419CNSEJ5KZM9.pcat_01KE1PQNVWG9X2GBJFYMKD1Y36.pcat_01KE1PQPNTVGMTHV2Q2BE3M1AZ",True,False,2,"pcat_01KE1PQNVWG9X2GBJFYMKD1Y36","2026-01-03 10:34:02.299+00","2026-01-03 10:34:02.299+00",NULL,"{""original_id"": ""17923671011"", ""original_path"": ""Electronics > Computers & Accessories > Computer Components > Internal Components"", ""original_level"": 3}"
"pcat_01KE1PQPQVE9BD56VRYZ06JZ2G","CPU Processors","","cpu-processors","pcat_01KE1PPB81J41E4DHBVBSK81D1.pcat_01KE1PQNSFKWS419CNSEJ5KZM9.pcat_01KE1PQNVWG9X2GBJFYMKD1Y36.pcat_01KE1PQPNTVGMTHV2Q2BE3M1AZ.pcat_01KE1PQPQVE9BD56VRYZ06JZ2G",True,False,0,"pcat_01KE1PQPNTVGMTHV2Q2BE3M1AZ","2026-01-03 10:34:02.363+00","2026-01-03 10:34:02.363+00",NULL,"{""original_id"": ""229189"", ""original_path"": ""Electronics > Computers & Accessories > Computer Components > Internal Components > CPU Processors"", ""original_level"": 4}"
"pcat_01KE1PQPSTKFCZMCE0BBFWM0SX","Fans & Cooling","","fans-cooling","pcat_01KE1PPB81J41E4DHBVBSK81D1.pcat_01KE1PQNSFKWS419CNSEJ5KZM9.pcat_01KE1PQNVWG9X2GBJFYMKD1Y36.pcat_01KE1PQPNTVGMTHV2Q2BE3M1AZ.pcat_01KE1PQPSTKFCZMCE0BBFWM0SX",True,False,1,"pcat_01KE1PQPNTVGMTHV2Q2BE3M1AZ","2026-01-03 10:34:02.426+00","2026-01-03 10:34:02.426+00",NULL,"{""original_id"": ""3012290011"", ""original_path"": ""Electronics > Computers & Accessories > Computer Components > Internal Components > Fans & Cooling"", ""original_level"": 4}"
"pcat_01KE1PQPVW8XW2H8J9TT8J3MFJ","CPU Cooling Fans","","cpu-cooling-fans","pcat_01KE1PPB81J41E4DHBVBSK81D1.pcat_01KE1PQNSFKWS419CNSEJ5KZM9.pcat_01KE1PQNVWG9X2GBJFYMKD1Y36.pcat_01KE1PQPNTVGMTHV2Q2BE3M1AZ.pcat_01KE1PQPSTKFCZMCE0BBFWM0SX.pcat_01KE1PQPVW8XW2H8J9TT8J3MFJ",True,False,0,"pcat_01KE1PQPSTKFCZMCE0BBFWM0SX","2026-01-03 10:34:02.492+00","2026-01-03 10:34:02.492+00",NULL,"{""original_id"": ""11036281"", ""original_path"": ""Electronics > Computers & Accessories > Computer Components > Internal Components > Fans & Cooling > CPU Cooling Fans"", ""original_level"": 0}"
"pcat_01KE1PQPXKVP858WJH1ECP2P8K","Case Fans","","case-fans","pcat_01KE1PPB81J41E4DHBVBSK81D1.pcat_01KE1PQNSFKWS419CNSEJ5KZM9.pcat_01KE1PQNVWG9X2GBJFYMKD1Y36.pcat_01KE1PQPNTVGMTHV2Q2BE3M1AZ.pcat_01KE1PQPSTKFCZMCE0BBFWM0SX.pcat_01KE1PQPXKVP858WJH1ECP2P8K",True,False,1,"pcat_01KE1PQPSTKFCZMCE0BBFWM0SX","2026-01-03 10:34:02.547+00","2026-01-03 10:34:02.547+00",NULL,"{""original_id"": ""11036291"", ""original_path"": ""Electronics > Computers & Accessories > Computer Components > Internal Components > Fans & Cooling > Case Fans"", ""original_level"": 0}"
"pcat_01KE1PQPZ95VRN3ZX1JPXTMG3T","Graphics Card Fans","","graphics-card-fans","pcat_01KE1PPB81J41E4DHBVBSK81D1.pcat_01KE1PQNSFKWS419CNSEJ5KZM9.pcat_01KE1PQNVWG9X2GBJFYMKD1Y36.pcat_01KE1PQPNTVGMTHV2Q2BE3M1AZ.pcat_01KE1PQPSTKFCZMCE0BBFWM0SX.pcat_01KE1PQPZ95VRN3ZX1JPXTMG3T",True,False,2,"pcat_01KE1PQPSTKFCZMCE0BBFWM0SX","2026-01-03 10:34:02.601+00","2026-01-03 10:34:02.601+00",NULL,"{""original_id"": ""3015421011"", ""original_path"": ""Electronics > Computers & Accessories > Computer Components > Internal Components > Fans & Cooling > Graphics Card Fans"", ""original_level"": 0}"
"pcat_01KE1PQQ155RRCW31CP36Z1QZJ","Grills","","grills","pcat_01KE1PPB81J41E4DHBVBSK81D1.pcat_01KE1PQNSFKWS419CNSEJ5KZM9.pcat_01KE1PQNVWG9X2GBJFYMKD1Y36.pcat_01KE1PQPNTVGMTHV2Q2BE3M1AZ.pcat_01KE1PQPSTKFCZMCE0BBFWM0SX.pcat_01KE1PQQ155RRCW31CP36Z1QZJ",True,False,3,"pcat_01KE1PQPSTKFCZMCE0BBFWM0SX","2026-01-03 10:34:02.661+00","2026-01-03 10:34:02.661+00",NULL,"{""original_id"": ""11036301"", ""original_path"": ""Electronics > Computers & Accessories > Computer Components > Internal Components > Fans & Cooling > Grills"", ""original_level"": 0}"
"pcat_01KE1PQQ35DP6Z4S28BNC12PJ3","HDD Cooling Fans","","hdd-cooling-fans","pcat_01KE1PPB81J41E4DHBVBSK81D1.pcat_01KE1PQNSFKWS419CNSEJ5KZM9.pcat_01KE1PQNVWG9X2GBJFYMKD1Y36.pcat_01KE1PQPNTVGMTHV2Q2BE3M1AZ.pcat_01KE1PQPSTKFCZMCE0BBFWM0SX.pcat_01KE1PQQ35DP6Z4S28BNC12PJ3",True,False,4,"pcat_01KE1PQPSTKFCZMCE0BBFWM0SX","2026-01-03 10:34:02.726+00","2026-01-03 10:34:02.726+00",NULL,"{""original_id"": ""3228286011"", ""original_path"": ""Electronics > Computers & Accessories > Computer Components > Internal Components > Fans & Cooling > HDD Cooling Fans"", ""original_level"": 0}"
"pcat_01KE1PQQ5FZDKQ1R9DR62EZJWF","Water Cooling Systems","","water-cooling-systems","pcat_01KE1PPB81J41E4DHBVBSK81D1.pcat_01KE1PQNSFKWS419CNSEJ5KZM9.pcat_01KE1PQNVWG9X2GBJFYMKD1Y36.pcat_01KE1PQPNTVGMTHV2Q2BE3M1AZ.pcat_01KE1PQPSTKFCZMCE0BBFWM0SX.pcat_01KE1PQQ5FZDKQ1R9DR62EZJWF",True,False,5,"pcat_01KE1PQPSTKFCZMCE0BBFWM0SX","2026-01-03 10:34:02.799+00","2026-01-03 10:34:02.799+00",NULL,"{""original_id"": ""3015422011"", ""original_path"": ""Electronics > Computers & Accessories > Computer Components > Internal Components > Fans & Cooling > Water Cooling Systems"", ""original_level"": 0}"
"pcat_01KE1PQQ7CC0KS62HFNG7V95MP","Graphics Cards","","graphics-cards","pcat_01KE1PPB81J41E4DHBVBSK81D1.pcat_01KE1PQNSFKWS419CNSEJ5KZM9.pcat_01KE1PQNVWG9X2GBJFYMKD1Y36.pcat_01KE1PQPNTVGMTHV2Q2BE3M1AZ.pcat_01KE1PQQ7CC0KS62HFNG7V95MP",True,False,2,"pcat_01KE1PQPNTVGMTHV2Q2BE3M1AZ","2026-01-03 10:34:02.86+00","2026-01-03 10:34:02.86+00",NULL,"{""original_id"": ""284822"", ""original_path"": ""Electronics > Computers & Accessories > Computer Components > Internal Components > Graphics Cards"", ""original_level"": 4}"
"pcat_01KE1PQQ9DBRY8YA8ZKEGXC2QR","I/O Port Cards","","i-o-port-cards","pcat_01KE1PPB81J41E4DHBVBSK81D1.pcat_01KE1PQNSFKWS419CNSEJ5KZM9.pcat_01KE1PQNVWG9X2GBJFYMKD1Y36.pcat_01KE1PQPNTVGMTHV2Q2BE3M1AZ.pcat_01KE1PQQ9DBRY8YA8ZKEGXC2QR",True,False,3,"pcat_01KE1PQPNTVGMTHV2Q2BE3M1AZ","2026-01-03 10:34:02.925+00","2026-01-03 10:34:02.925+00",NULL,"{""original_id"": ""3012291011"", ""original_path"": ""Electronics > Computers & Accessories > Computer Components > Internal Components > I/O Port Cards"", ""original_level"": 4}"
"pcat_01KE1PQQBHVZE0FVFPXP08GQCP","FireWire Port Cards","","firewire-port-cards","pcat_01KE1PPB81J41E4DHBVBSK81D1.pcat_01KE1PQNSFKWS419CNSEJ5KZM9.pcat_01KE1PQNVWG9X2GBJFYMKD1Y36.pcat_01KE1PQPNTVGMTHV2Q2BE3M1AZ.pcat_01KE1PQQ9DBRY8YA8ZKEGXC2QR.pcat_01KE1PQQBHVZE0FVFPXP08GQCP",True,False,0,"pcat_01KE1PQQ9DBRY8YA8ZKEGXC2QR","2026-01-03 10:34:02.994+00","2026-01-03 10:34:02.994+00",NULL,"{""original_id"": ""284717"", ""original_path"": ""Computers > Computer Components > Internal Components > I/O Port Cards > FireWire Port Cards"", ""original_level"": 0}"
"pcat_01KE1PQQDPC44AMPMRP2MAVAFF","Parallel Port Cards","","parallel-port-cards","pcat_01KE1PPB81J41E4DHBVBSK81D1.pcat_01KE1PQNSFKWS419CNSEJ5KZM9.pcat_01KE1PQNVWG9X2GBJFYMKD1Y36.pcat_01KE1PQPNTVGMTHV2Q2BE3M1AZ.pcat_01KE1PQQ9DBRY8YA8ZKEGXC2QR.pcat_01KE1PQQDPC44AMPMRP2MAVAFF",True,False,1,"pcat_01KE1PQQ9DBRY8YA8ZKEGXC2QR","2026-01-03 10:34:03.062+00","2026-01-03 10:34:03.062+00",NULL,"{""original_id"": ""3015423011"", ""original_path"": ""Computers > Computer Components > Internal Components > I/O Port Cards > Parallel Port Cards"", ""original_level"": 0}"
"pcat_01KE1PQQFX79JCX83YCTNYW46M","RAID Controllers","","raid-controllers","pcat_01KE1PPB81J41E4DHBVBSK81D1.pcat_01KE1PQNSFKWS419CNSEJ5KZM9.pcat_01KE1PQNVWG9X2GBJFYMKD1Y36.pcat_01KE1PQPNTVGMTHV2Q2BE3M1AZ.pcat_01KE1PQQ9DBRY8YA8ZKEGXC2QR.pcat_01KE1PQQFX79JCX83YCTNYW46M",True,False,2,"pcat_01KE1PQQ9DBRY8YA8ZKEGXC2QR","2026-01-03 10:34:03.133+00","2026-01-03 10:34:03.133+00",NULL,"{""original_id"": ""3015424011"", ""original_path"": ""Electronics > Computers & Accessories > Computer Components > Internal Components > I/O Port Cards > RAID Controllers"", ""original_level"": 0}"
"pcat_01KE1PQQJD4PPS9P7B3VDBEH62","SCSI Port Cards","","scsi-port-cards","pcat_01KE1PPB81J41E4DHBVBSK81D1.pcat_01KE1PQNSFKWS419CNSEJ5KZM9.pcat_01KE1PQNVWG9X2GBJFYMKD1Y36.pcat_01KE1PQPNTVGMTHV2Q2BE3M1AZ.pcat_01KE1PQQ9DBRY8YA8ZKEGXC2QR.pcat_01KE1PQQJD4PPS9P7B3VDBEH62",True,False,3,"pcat_01KE1PQQ9DBRY8YA8ZKEGXC2QR","2026-01-03 10:34:03.213+00","2026-01-03 10:34:03.213+00",NULL,"{""original_id"": ""284718"", ""original_path"": ""Electronics > Computers & Accessories > Computer Components > Internal Components > I/O Port Cards > SCSI Port Cards"", ""original_level"": 0}"
"pcat_01KE1PQQN702DJF1F29JCGBV0Y","Serial Port Cards","","serial-port-cards","pcat_01KE1PPB81J41E4DHBVBSK81D1.pcat_01KE1PQNSFKWS419CNSEJ5KZM9.pcat_01KE1PQNVWG9X2GBJFYMKD1Y36.pcat_01KE1PQPNTVGMTHV2Q2BE3M1AZ.pcat_01KE1PQQ9DBRY8YA8ZKEGXC2QR.pcat_01KE1PQQN702DJF1F29JCGBV0Y",True,False,4,"pcat_01KE1PQQ9DBRY8YA8ZKEGXC2QR","2026-01-03 10:34:03.303+00","2026-01-03 10:34:03.303+00",NULL,"{""original_id"": ""3015425011"", ""original_path"": ""Computers > Computer Components > Internal Components > I/O Port Cards > Serial Port Cards"", ""original_level"": 0}"
"pcat_01KE1PQQQC1NT1T8BFT9MZQK6P","USB Port Cards","","usb-port-cards","pcat_01KE1PPB81J41E4DHBVBSK81D1.pcat_01KE1PQNSFKWS419CNSEJ5KZM9.pcat_01KE1PQNVWG9X2GBJFYMKD1Y36.pcat_01KE1PQPNTVGMTHV2Q2BE3M1AZ.pcat_01KE1PQQ9DBRY8YA8ZKEGXC2QR.pcat_01KE1PQQQC1NT1T8BFT9MZQK6P",True,False,5,"pcat_01KE1PQQ9DBRY8YA8ZKEGXC2QR","2026-01-03 10:34:03.373+00","2026-01-03 10:34:03.373+00",NULL,"{""original_id"": ""229185"", ""original_path"": ""Computers > Computer Components > Internal Components > I/O Port Cards > USB Port Cards"", ""original_level"": 0}"
"pcat_01KE1PQQSTTYJ18DDNX22V45M9","Internal Hard Drives","","internal-hard-drives","pcat_01KE1PPB81J41E4DHBVBSK81D1.pcat_01KE1PQNSFKWS419CNSEJ5KZM9.pcat_01KE1PQNVWG9X2GBJFYMKD1Y36.pcat_01KE1PQPNTVGMTHV2Q2BE3M1AZ.pcat_01KE1PQQSTTYJ18DDNX22V45M9",True,False,4,"pcat_01KE1PQPNTVGMTHV2Q2BE3M1AZ","2026-01-03 10:34:03.45+00","2026-01-03 10:34:03.45+00",NULL,"{""original_id"": ""1254762011"", ""original_path"": ""Electronics > Computers & Accessories > Computer Components > Internal Components > Internal Hard Drives"", ""original_level"": 4}"
"pcat_01KE1PQQWCE1XGJB1PKEMVPARM","Internal Memory Card Readers","","internal-memory-card-readers","pcat_01KE1PPB81J41E4DHBVBSK81D1.pcat_01KE1PQNSFKWS419CNSEJ5KZM9.pcat_01KE1PQNVWG9X2GBJFYMKD1Y36.pcat_01KE1PQPNTVGMTHV2Q2BE3M1AZ.pcat_01KE1PQQWCE1XGJB1PKEMVPARM",True,False,5,"pcat_01KE1PQPNTVGMTHV2Q2BE3M1AZ","2026-01-03 10:34:03.532+00","2026-01-03 10:34:03.532+00",NULL,"{""original_id"": ""3310626011"", ""original_path"": ""Electronics > Computers & Accessories > Computer Components > Internal Components > Internal Memory Card Readers"", ""original_level"": 4}"
"pcat_01KE1PQQYT5DBYTQTJETHMAAZ2","Internal Modems","","internal-modems","pcat_01KE1PPB81J41E4DHBVBSK81D1.pcat_01KE1PQNSFKWS419CNSEJ5KZM9.pcat_01KE1PQNVWG9X2GBJFYMKD1Y36.pcat_01KE1PQPNTVGMTHV2Q2BE3M1AZ.pcat_01KE1PQQYT5DBYTQTJETHMAAZ2",True,False,6,"pcat_01KE1PQPNTVGMTHV2Q2BE3M1AZ","2026-01-03 10:34:03.61+00","2026-01-03 10:34:03.61+00",NULL,"{""original_id"": ""172508"", ""original_path"": ""Electronics > Computers & Accessories > Computer Components > Internal Components > Internal Modems"", ""original_level"": 4}"
"pcat_01KE1PQR0T8GFXJWN9MCWNPQFH","Internal Optical Drives","","internal-optical-drives","pcat_01KE1PPB81J41E4DHBVBSK81D1.pcat_01KE1PQNSFKWS419CNSEJ5KZM9.pcat_01KE1PQNVWG9X2GBJFYMKD1Y36.pcat_01KE1PQPNTVGMTHV2Q2BE3M1AZ.pcat_01KE1PQR0T8GFXJWN9MCWNPQFH",True,False,7,"pcat_01KE1PQPNTVGMTHV2Q2BE3M1AZ","2026-01-03 10:34:03.674+00","2026-01-03 10:34:03.674+00",NULL,"{""original_id"": ""1292107011"", ""original_path"": ""Electronics > Computers & Accessories > Computer Components > Internal Components > Internal Optical Drives"", ""original_level"": 4}"
"pcat_01KE1PQR31AXXPQKP9ZHNVXEA0","Internal Blu-ray Drives","","internal-blu-ray-drives","pcat_01KE1PPB81J41E4DHBVBSK81D1.pcat_01KE1PQNSFKWS419CNSEJ5KZM9.pcat_01KE1PQNVWG9X2GBJFYMKD1Y36.pcat_01KE1PQPNTVGMTHV2Q2BE3M1AZ.pcat_01KE1PQR0T8GFXJWN9MCWNPQFH.pcat_01KE1PQR31AXXPQKP9ZHNVXEA0",True,False,0,"pcat_01KE1PQR0T8GFXJWN9MCWNPQFH","2026-01-03 10:34:03.745+00","2026-01-03 10:34:03.745+00",NULL,"{""original_id"": ""668573011"", ""original_path"": ""Electronics > Computers & Accessories > Computer Components > Internal Components > Internal Optical Drives > Internal Blu-ray Drives"", ""original_level"": 0}"
"pcat_01KE1PQS77G69AEFT0QZKH3DEK","Floppy & Tape Drives","","floppy-tape-drives","pcat_01KE1PPB81J41E4DHBVBSK81D1.pcat_01KE1PQNSFKWS419CNSEJ5KZM9.pcat_01KE1PQS1541ZWB825HKVWB1JN.pcat_01KE1PQS77G69AEFT0QZKH3DEK",True,False,2,"pcat_01KE1PQS1541ZWB825HKVWB1JN","2026-01-03 10:34:04.904+00","2026-01-03 10:34:04.904+00",NULL,"{""original_id"": ""6795226011"", ""original_path"": ""Computers > Data Storage > Floppy & Tape Drives"", ""original_level"": 3}"
"pcat_01KE1PQR4ZKB53K8MS312497XY","Internal CD & DVD Drives","","internal-cd-dvd-drives","pcat_01KE1PPB81J41E4DHBVBSK81D1.pcat_01KE1PQNSFKWS419CNSEJ5KZM9.pcat_01KE1PQNVWG9X2GBJFYMKD1Y36.pcat_01KE1PQPNTVGMTHV2Q2BE3M1AZ.pcat_01KE1PQR0T8GFXJWN9MCWNPQFH.pcat_01KE1PQR4ZKB53K8MS312497XY",True,False,1,"pcat_01KE1PQR0T8GFXJWN9MCWNPQFH","2026-01-03 10:34:03.807+00","2026-01-03 10:34:03.807+00",NULL,"{""original_id"": ""172480"", ""original_path"": ""Electronics > Computers & Accessories > Computer Components > Internal Components > Internal Optical Drives > Internal CD & DVD Drives"", ""original_level"": 0}"
"pcat_01KE1PQR6ZKQXXYG8RKSCWMAZD","Internal Power Supplies","","internal-power-supplies","pcat_01KE1PPB81J41E4DHBVBSK81D1.pcat_01KE1PQNSFKWS419CNSEJ5KZM9.pcat_01KE1PQNVWG9X2GBJFYMKD1Y36.pcat_01KE1PQPNTVGMTHV2Q2BE3M1AZ.pcat_01KE1PQR6ZKQXXYG8RKSCWMAZD",True,False,8,"pcat_01KE1PQPNTVGMTHV2Q2BE3M1AZ","2026-01-03 10:34:03.872+00","2026-01-03 10:34:03.872+00",NULL,"{""original_id"": ""1161760"", ""original_path"": ""Electronics > Computers & Accessories > Computer Components > Internal Components > Internal Power Supplies"", ""original_level"": 4}"
"pcat_01KE1PQR96T7RJZH3WGVAGYVYN","Internal Solid State Drives","","internal-solid-state-drives","pcat_01KE1PPB81J41E4DHBVBSK81D1.pcat_01KE1PQNSFKWS419CNSEJ5KZM9.pcat_01KE1PQNVWG9X2GBJFYMKD1Y36.pcat_01KE1PQPNTVGMTHV2Q2BE3M1AZ.pcat_01KE1PQR96T7RJZH3WGVAGYVYN",True,False,9,"pcat_01KE1PQPNTVGMTHV2Q2BE3M1AZ","2026-01-03 10:34:03.942+00","2026-01-03 10:34:03.942+00",NULL,"{""original_id"": ""1292116011"", ""original_path"": ""Electronics > Computers & Accessories > Computer Components > Internal Components > Internal Solid State Drives"", ""original_level"": 4}"
"pcat_01KE1PQRB9ZHXQYR5QZSQVFCVF","Internal Sound Cards","","internal-sound-cards","pcat_01KE1PPB81J41E4DHBVBSK81D1.pcat_01KE1PQNSFKWS419CNSEJ5KZM9.pcat_01KE1PQNVWG9X2GBJFYMKD1Y36.pcat_01KE1PQPNTVGMTHV2Q2BE3M1AZ.pcat_01KE1PQRB9ZHXQYR5QZSQVFCVF",True,False,10,"pcat_01KE1PQPNTVGMTHV2Q2BE3M1AZ","2026-01-03 10:34:04.009+00","2026-01-03 10:34:04.009+00",NULL,"{""original_id"": ""284823"", ""original_path"": ""Electronics > Computers & Accessories > Computer Components > Internal Components > Internal Sound Cards"", ""original_level"": 4}"
"pcat_01KE1PQRDDNF86MGYDW3AT0PA7","Internal TV Tuner & Capture Cards","","internal-tv-tuner-capture-cards","pcat_01KE1PPB81J41E4DHBVBSK81D1.pcat_01KE1PQNSFKWS419CNSEJ5KZM9.pcat_01KE1PQNVWG9X2GBJFYMKD1Y36.pcat_01KE1PQPNTVGMTHV2Q2BE3M1AZ.pcat_01KE1PQRDDNF86MGYDW3AT0PA7",True,False,11,"pcat_01KE1PQPNTVGMTHV2Q2BE3M1AZ","2026-01-03 10:34:04.077+00","2026-01-03 10:34:04.077+00",NULL,"{""original_id"": ""6795230011"", ""original_path"": ""Electronics > Computers & Accessories > Computer Components > Internal Components > Internal TV Tuner & Capture Cards"", ""original_level"": 4}"
"pcat_01KE1PQRFCR2BJAZ4KQ0BVZE5J","Memory","","memory","pcat_01KE1PPB81J41E4DHBVBSK81D1.pcat_01KE1PQNSFKWS419CNSEJ5KZM9.pcat_01KE1PQNVWG9X2GBJFYMKD1Y36.pcat_01KE1PQPNTVGMTHV2Q2BE3M1AZ.pcat_01KE1PQRFCR2BJAZ4KQ0BVZE5J",True,False,12,"pcat_01KE1PQPNTVGMTHV2Q2BE3M1AZ","2026-01-03 10:34:04.14+00","2026-01-03 10:34:04.14+00",NULL,"{""original_id"": ""172500"", ""original_path"": ""Electronics > Computers & Accessories > Computer Components > Internal Components > Memory"", ""original_level"": 4}"
"pcat_01KE1PQRHEE186T6RYA2WZHKR7","Motherboards","","motherboards","pcat_01KE1PPB81J41E4DHBVBSK81D1.pcat_01KE1PQNSFKWS419CNSEJ5KZM9.pcat_01KE1PQNVWG9X2GBJFYMKD1Y36.pcat_01KE1PQPNTVGMTHV2Q2BE3M1AZ.pcat_01KE1PQRHEE186T6RYA2WZHKR7",True,False,13,"pcat_01KE1PQPNTVGMTHV2Q2BE3M1AZ","2026-01-03 10:34:04.207+00","2026-01-03 10:34:04.207+00",NULL,"{""original_id"": ""1048424"", ""original_path"": ""Electronics > Computers & Accessories > Computer Components > Internal Components > Motherboards"", ""original_level"": 4}"
"pcat_01KE1PQRKE2DE789EJ8NQD47ZQ","Network Cards","","network-cards","pcat_01KE1PPB81J41E4DHBVBSK81D1.pcat_01KE1PQNSFKWS419CNSEJ5KZM9.pcat_01KE1PQNVWG9X2GBJFYMKD1Y36.pcat_01KE1PQPNTVGMTHV2Q2BE3M1AZ.pcat_01KE1PQRKE2DE789EJ8NQD47ZQ",True,False,14,"pcat_01KE1PQPNTVGMTHV2Q2BE3M1AZ","2026-01-03 10:34:04.271+00","2026-01-03 10:34:04.271+00",NULL,"{""original_id"": ""13983711"", ""original_path"": ""Electronics > Computers & Accessories > Computer Components > Internal Components > Network Cards"", ""original_level"": 4}"
"pcat_01KE1PQRNDD03VTFXRJ5ZQRJK0","Laptop Replacement Parts","","laptop-replacement-parts","pcat_01KE1PPB81J41E4DHBVBSK81D1.pcat_01KE1PQNSFKWS419CNSEJ5KZM9.pcat_01KE1PQNVWG9X2GBJFYMKD1Y36.pcat_01KE1PQRNDD03VTFXRJ5ZQRJK0",True,False,3,"pcat_01KE1PQNVWG9X2GBJFYMKD1Y36","2026-01-03 10:34:04.333+00","2026-01-03 10:34:04.333+00",NULL,"{""original_id"": ""6795229011"", ""original_path"": ""Electronics > Computers & Accessories > Computer Components > Laptop Replacement Parts"", ""original_level"": 3}"
"pcat_01KE1PQRQB23QTK82E81TGYYJE","Single Board Computers","","single-board-computers","pcat_01KE1PPB81J41E4DHBVBSK81D1.pcat_01KE1PQNSFKWS419CNSEJ5KZM9.pcat_01KE1PQNVWG9X2GBJFYMKD1Y36.pcat_01KE1PQRQB23QTK82E81TGYYJE",True,False,4,"pcat_01KE1PQNVWG9X2GBJFYMKD1Y36","2026-01-03 10:34:04.395+00","2026-01-03 10:34:04.395+00",NULL,"{""original_id"": ""17441247011"", ""original_path"": ""Electronics > Computers & Accessories > Computer Components > Single Board Computers"", ""original_level"": 3}"
"pcat_01KE1PQRSHXDYFXP6CP18VCFZD","Computers & Tablets","","computers-tablets","pcat_01KE1PPB81J41E4DHBVBSK81D1.pcat_01KE1PQNSFKWS419CNSEJ5KZM9.pcat_01KE1PQRSHXDYFXP6CP18VCFZD",True,False,1,"pcat_01KE1PQNSFKWS419CNSEJ5KZM9","2026-01-03 10:34:04.465+00","2026-01-03 10:34:04.465+00",NULL,"{""original_id"": ""13896617011"", ""original_path"": ""Electronics > Computers & Accessories > Computers & Tablets"", ""original_level"": 2}"
"pcat_01KE1PQRVFN7J0ZR2Q3S3A87B7","Desktops","","desktops","pcat_01KE1PPB81J41E4DHBVBSK81D1.pcat_01KE1PQNSFKWS419CNSEJ5KZM9.pcat_01KE1PQRSHXDYFXP6CP18VCFZD.pcat_01KE1PQRVFN7J0ZR2Q3S3A87B7",True,False,0,"pcat_01KE1PQRSHXDYFXP6CP18VCFZD","2026-01-03 10:34:04.527+00","2026-01-03 10:34:04.527+00",NULL,"{""original_id"": ""565098"", ""original_path"": ""Computers > Computers & Tablets > Desktops"", ""original_level"": 3}"
"pcat_01KE1PQRXCPXA9EXC7MGX6VW73","Laptops","","laptops","pcat_01KE1PPB81J41E4DHBVBSK81D1.pcat_01KE1PQNSFKWS419CNSEJ5KZM9.pcat_01KE1PQRSHXDYFXP6CP18VCFZD.pcat_01KE1PQRXCPXA9EXC7MGX6VW73",True,False,1,"pcat_01KE1PQRSHXDYFXP6CP18VCFZD","2026-01-03 10:34:04.588+00","2026-01-03 10:34:04.588+00",NULL,"{""original_id"": ""565108"", ""original_path"": ""Computers > Computers & Tablets > Laptops"", ""original_level"": 3}"
"pcat_01KE1PQRZ3WH7KK04E5QWAV3ZM","Tablets","","tablets","pcat_01KE1PPB81J41E4DHBVBSK81D1.pcat_01KE1PQNSFKWS419CNSEJ5KZM9.pcat_01KE1PQRSHXDYFXP6CP18VCFZD.pcat_01KE1PQRZ3WH7KK04E5QWAV3ZM",True,False,2,"pcat_01KE1PQRSHXDYFXP6CP18VCFZD","2026-01-03 10:34:04.644+00","2026-01-03 10:34:04.644+00",NULL,"{""original_id"": ""1232597011"", ""original_path"": ""Computers > Computers & Tablets > Tablets"", ""original_level"": 3}"
"pcat_01KE1PQS1541ZWB825HKVWB1JN","Data Storage","","data-storage","pcat_01KE1PPB81J41E4DHBVBSK81D1.pcat_01KE1PQNSFKWS419CNSEJ5KZM9.pcat_01KE1PQS1541ZWB825HKVWB1JN",True,False,2,"pcat_01KE1PQNSFKWS419CNSEJ5KZM9","2026-01-03 10:34:04.709+00","2026-01-03 10:34:04.709+00",NULL,"{""original_id"": ""1292110011"", ""original_path"": ""Electronics > Computers & Accessories > Data Storage"", ""original_level"": 2}"
"pcat_01KE1PQS35F58NPW284AT83X2P","External Solid State Drives","","external-solid-state-drives","pcat_01KE1PPB81J41E4DHBVBSK81D1.pcat_01KE1PQNSFKWS419CNSEJ5KZM9.pcat_01KE1PQS1541ZWB825HKVWB1JN.pcat_01KE1PQS35F58NPW284AT83X2P",True,False,0,"pcat_01KE1PQS1541ZWB825HKVWB1JN","2026-01-03 10:34:04.773+00","2026-01-03 10:34:04.773+00",NULL,"{""original_id"": ""3015429011"", ""original_path"": ""Computers > Data Storage > External Solid State Drives"", ""original_level"": 3}"
"pcat_01KE1PQS56WSPX5TFEE3F22V9E","External Zip Drives","","external-zip-drives","pcat_01KE1PPB81J41E4DHBVBSK81D1.pcat_01KE1PQNSFKWS419CNSEJ5KZM9.pcat_01KE1PQS1541ZWB825HKVWB1JN.pcat_01KE1PQS56WSPX5TFEE3F22V9E",True,False,1,"pcat_01KE1PQS1541ZWB825HKVWB1JN","2026-01-03 10:34:04.838+00","2026-01-03 10:34:04.838+00",NULL,"{""original_id"": ""1193862"", ""original_path"": ""Computers > Data Storage > External Zip Drives"", ""original_level"": 3}"
"pcat_01KE1PQS99Q7SG0G9J1M791S73","Network Attached Storage","","network-attached-storage","pcat_01KE1PPB81J41E4DHBVBSK81D1.pcat_01KE1PQNSFKWS419CNSEJ5KZM9.pcat_01KE1PQS1541ZWB825HKVWB1JN.pcat_01KE1PQS99Q7SG0G9J1M791S73",True,False,3,"pcat_01KE1PQS1541ZWB825HKVWB1JN","2026-01-03 10:34:04.969+00","2026-01-03 10:34:04.969+00",NULL,"{""original_id"": ""13436301"", ""original_path"": ""Computers > Data Storage > Network Attached Storage"", ""original_level"": 3}"
"pcat_01KE1PQSBHA36D392E550JT6K1","Tape Libraries","","tape-libraries","pcat_01KE1PPB81J41E4DHBVBSK81D1.pcat_01KE1PQNSFKWS419CNSEJ5KZM9.pcat_01KE1PQS1541ZWB825HKVWB1JN.pcat_01KE1PQSBHA36D392E550JT6K1",True,False,4,"pcat_01KE1PQS1541ZWB825HKVWB1JN","2026-01-03 10:34:05.042+00","2026-01-03 10:34:05.042+00",NULL,"{""original_id"": ""6795227011"", ""original_path"": ""Computers > Data Storage > Tape Libraries"", ""original_level"": 3}"
"pcat_01KE1PQSDQZTXEZ1TS9Z7QBG30","USB Flash Drives","","usb-flash-drives","pcat_01KE1PPB81J41E4DHBVBSK81D1.pcat_01KE1PQNSFKWS419CNSEJ5KZM9.pcat_01KE1PQS1541ZWB825HKVWB1JN.pcat_01KE1PQSDQZTXEZ1TS9Z7QBG30",True,False,5,"pcat_01KE1PQS1541ZWB825HKVWB1JN","2026-01-03 10:34:05.111+00","2026-01-03 10:34:05.111+00",NULL,"{""original_id"": ""3151491"", ""original_path"": ""Computers > Data Storage > USB Flash Drives"", ""original_level"": 3}"
"pcat_01KE1PQSG17Y0STWJV6H5283YG","Laptop Accessories","","laptop-accessories","pcat_01KE1PPB81J41E4DHBVBSK81D1.pcat_01KE1PQNSFKWS419CNSEJ5KZM9.pcat_01KE1PQSG17Y0STWJV6H5283YG",True,False,3,"pcat_01KE1PQNSFKWS419CNSEJ5KZM9","2026-01-03 10:34:05.185+00","2026-01-03 10:34:05.185+00",NULL,"{""original_id"": ""3011391011"", ""original_path"": ""Electronics > Computers & Accessories > Laptop Accessories"", ""original_level"": 2}"
"pcat_01KE1PQSJPVBN16QDSKRH13GJJ","Bags, Cases & Sleeves","","bags-cases-sleeves","pcat_01KE1PPB81J41E4DHBVBSK81D1.pcat_01KE1PQNSFKWS419CNSEJ5KZM9.pcat_01KE1PQSG17Y0STWJV6H5283YG.pcat_01KE1PQSJPVBN16QDSKRH13GJJ",True,False,0,"pcat_01KE1PQSG17Y0STWJV6H5283YG","2026-01-03 10:34:05.271+00","2026-01-03 10:34:05.271+00",NULL,"{""original_id"": ""172470"", ""original_path"": ""Computers > Laptop Accessories > Bags, Cases & Sleeves"", ""original_level"": 3}"
"pcat_01KE1PQSMVAWDAS98M4EDJYYZ0","Batteries","","batteries-5","pcat_01KE1PPB81J41E4DHBVBSK81D1.pcat_01KE1PQNSFKWS419CNSEJ5KZM9.pcat_01KE1PQSG17Y0STWJV6H5283YG.pcat_01KE1PQSMVAWDAS98M4EDJYYZ0",True,False,1,"pcat_01KE1PQSG17Y0STWJV6H5283YG","2026-01-03 10:34:05.339+00","2026-01-03 10:34:05.339+00",NULL,"{""original_id"": ""720576"", ""original_path"": ""Computers > Laptop Accessories > Batteries"", ""original_level"": 3}"
"pcat_01KE1PQSPZF1BMR0AB94877E1H","Chargers & Adapters","","chargers-adapters","pcat_01KE1PPB81J41E4DHBVBSK81D1.pcat_01KE1PQNSFKWS419CNSEJ5KZM9.pcat_01KE1PQSG17Y0STWJV6H5283YG.pcat_01KE1PQSPZF1BMR0AB94877E1H",True,False,2,"pcat_01KE1PQSG17Y0STWJV6H5283YG","2026-01-03 10:34:05.407+00","2026-01-03 10:34:05.407+00",NULL,"{""original_id"": ""11041841"", ""original_path"": ""Computers > Laptop Accessories > Chargers & Adapters"", ""original_level"": 3}"
"pcat_01KE1PQSS5H8JESGW7RQYFZY8Y","Cooling Pads & External Fans","","cooling-pads-external-fans","pcat_01KE1PPB81J41E4DHBVBSK81D1.pcat_01KE1PQNSFKWS419CNSEJ5KZM9.pcat_01KE1PQSG17Y0STWJV6H5283YG.pcat_01KE1PQSS5H8JESGW7RQYFZY8Y",True,False,3,"pcat_01KE1PQSG17Y0STWJV6H5283YG","2026-01-03 10:34:05.477+00","2026-01-03 10:34:05.477+00",NULL,"{""original_id"": ""2243862011"", ""original_path"": ""Computers > Laptop Accessories > Cooling Pads & External Fans"", ""original_level"": 3}"
"pcat_01KE1PQSV5Z8T7XVG19957EZV2","Docking Stations","","docking-stations-2","pcat_01KE1PPB81J41E4DHBVBSK81D1.pcat_01KE1PQNSFKWS419CNSEJ5KZM9.pcat_01KE1PQSG17Y0STWJV6H5283YG.pcat_01KE1PQSV5Z8T7XVG19957EZV2",True,False,4,"pcat_01KE1PQSG17Y0STWJV6H5283YG","2026-01-03 10:34:05.541+00","2026-01-03 10:34:05.541+00",NULL,"{""original_id"": ""778660"", ""original_path"": ""Computers > Laptop Accessories > Docking Stations"", ""original_level"": 3}"
"pcat_01KE1PQSX5AD1PRF6RAZEFBZRW","Lapdesks","","lapdesks","pcat_01KE1PPB81J41E4DHBVBSK81D1.pcat_01KE1PQNSFKWS419CNSEJ5KZM9.pcat_01KE1PQSG17Y0STWJV6H5283YG.pcat_01KE1PQSX5AD1PRF6RAZEFBZRW",True,False,5,"pcat_01KE1PQSG17Y0STWJV6H5283YG","2026-01-03 10:34:05.605+00","2026-01-03 10:34:05.605+00",NULL,"{""original_id"": ""490924011"", ""original_path"": ""Computers > Laptop Accessories > Lapdesks"", ""original_level"": 3}"
"pcat_01KE1PQSYZ5FHME9T837NTB4YB","Mounts","","mounts-3","pcat_01KE1PPB81J41E4DHBVBSK81D1.pcat_01KE1PQNSFKWS419CNSEJ5KZM9.pcat_01KE1PQSG17Y0STWJV6H5283YG.pcat_01KE1PQSYZ5FHME9T837NTB4YB",True,False,6,"pcat_01KE1PQSG17Y0STWJV6H5283YG","2026-01-03 10:34:05.663+00","2026-01-03 10:34:05.663+00",NULL,"{""original_id"": ""3015408011"", ""original_path"": ""Computers > Laptop Accessories > Mounts"", ""original_level"": 3}"
"pcat_01KE1PQT0QTDYGYW0BXTEB84AN","Replacement Screens","","replacement-screens","pcat_01KE1PPB81J41E4DHBVBSK81D1.pcat_01KE1PQNSFKWS419CNSEJ5KZM9.pcat_01KE1PQSG17Y0STWJV6H5283YG.pcat_01KE1PQT0QTDYGYW0BXTEB84AN",True,False,7,"pcat_01KE1PQSG17Y0STWJV6H5283YG","2026-01-03 10:34:05.719+00","2026-01-03 10:34:05.719+00",NULL,"{""original_id"": ""2612045011"", ""original_path"": ""Computers > Laptop Accessories > Replacement Screens"", ""original_level"": 3}"
"pcat_01KE1PQT2HCZFNFT818NTZ8RVH","Screen Filters","","screen-filters","pcat_01KE1PPB81J41E4DHBVBSK81D1.pcat_01KE1PQNSFKWS419CNSEJ5KZM9.pcat_01KE1PQSG17Y0STWJV6H5283YG.pcat_01KE1PQT2HCZFNFT818NTZ8RVH",True,False,8,"pcat_01KE1PQSG17Y0STWJV6H5283YG","2026-01-03 10:34:05.777+00","2026-01-03 10:34:05.777+00",NULL,"{""original_id"": ""3012922011"", ""original_path"": ""Computers > Laptop Accessories > Screen Filters"", ""original_level"": 3}"
"pcat_01KE1PQT4PMZZ3N3E4JCB3N4VG","Screen Protectors","","screen-protectors-3","pcat_01KE1PPB81J41E4DHBVBSK81D1.pcat_01KE1PQNSFKWS419CNSEJ5KZM9.pcat_01KE1PQSG17Y0STWJV6H5283YG.pcat_01KE1PQT4PMZZ3N3E4JCB3N4VG",True,False,9,"pcat_01KE1PQSG17Y0STWJV6H5283YG","2026-01-03 10:34:05.846+00","2026-01-03 10:34:05.846+00",NULL,"{""original_id"": ""3012923011"", ""original_path"": ""Computers > Laptop Accessories > Screen Protectors"", ""original_level"": 3}"
"pcat_01KE1PQT6R2CGN9J60E2QJ4H9M","Security Locks","","security-locks","pcat_01KE1PPB81J41E4DHBVBSK81D1.pcat_01KE1PQNSFKWS419CNSEJ5KZM9.pcat_01KE1PQSG17Y0STWJV6H5283YG.pcat_01KE1PQT6R2CGN9J60E2QJ4H9M",True,False,10,"pcat_01KE1PQSG17Y0STWJV6H5283YG","2026-01-03 10:34:05.912+00","2026-01-03 10:34:05.912+00",NULL,"{""original_id"": ""3012924011"", ""original_path"": ""Computers > Laptop Accessories > Security Locks"", ""original_level"": 3}"
"pcat_01KE1PQT8RPZNM454HQ1G0XS0S","Skins & Decals","","skins-decals","pcat_01KE1PPB81J41E4DHBVBSK81D1.pcat_01KE1PQNSFKWS419CNSEJ5KZM9.pcat_01KE1PQSG17Y0STWJV6H5283YG.pcat_01KE1PQT8RPZNM454HQ1G0XS0S",True,False,11,"pcat_01KE1PQSG17Y0STWJV6H5283YG","2026-01-03 10:34:05.976+00","2026-01-03 10:34:05.976+00",NULL,"{""original_id"": ""3011392011"", ""original_path"": ""Computers > Laptop Accessories > Skins & Decals"", ""original_level"": 3}"
"pcat_01KE1PQTAJYHE6N9C7PQCT61D1","Stands","","stands-3","pcat_01KE1PPB81J41E4DHBVBSK81D1.pcat_01KE1PQNSFKWS419CNSEJ5KZM9.pcat_01KE1PQSG17Y0STWJV6H5283YG.pcat_01KE1PQTAJYHE6N9C7PQCT61D1",True,False,12,"pcat_01KE1PQSG17Y0STWJV6H5283YG","2026-01-03 10:34:06.034+00","2026-01-03 10:34:06.034+00",NULL,"{""original_id"": ""3015409011"", ""original_path"": ""Computers > Laptop Accessories > Stands"", ""original_level"": 3}"
"pcat_01KE1PQTCN9B0TSC6Z20YJ2R69","Monitors","","monitors","pcat_01KE1PPB81J41E4DHBVBSK81D1.pcat_01KE1PQNSFKWS419CNSEJ5KZM9.pcat_01KE1PQTCN9B0TSC6Z20YJ2R69",True,False,4,"pcat_01KE1PQNSFKWS419CNSEJ5KZM9","2026-01-03 10:34:06.101+00","2026-01-03 10:34:06.101+00",NULL,"{""original_id"": ""1292115011"", ""original_path"": ""Computers > Monitors"", ""original_level"": 2}"
"pcat_01KE1PQTEMJ5J44CE0VD4FQNTN","Networking Products","","networking-products","pcat_01KE1PPB81J41E4DHBVBSK81D1.pcat_01KE1PQNSFKWS419CNSEJ5KZM9.pcat_01KE1PQTEMJ5J44CE0VD4FQNTN",True,False,5,"pcat_01KE1PQNSFKWS419CNSEJ5KZM9","2026-01-03 10:34:06.164+00","2026-01-03 10:34:06.164+00",NULL,"{""original_id"": ""172504"", ""original_path"": ""Electronics > Computers & Accessories > Networking Products"", ""original_level"": 2}"
"pcat_01KE1PQTGM2W2NYW64S8JFQMRJ","Device Servers","","device-servers","pcat_01KE1PPB81J41E4DHBVBSK81D1.pcat_01KE1PQNSFKWS419CNSEJ5KZM9.pcat_01KE1PQTEMJ5J44CE0VD4FQNTN.pcat_01KE1PQTGM2W2NYW64S8JFQMRJ",True,False,0,"pcat_01KE1PQTEMJ5J44CE0VD4FQNTN","2026-01-03 10:34:06.228+00","2026-01-03 10:34:06.228+00",NULL,"{""original_id"": ""13983751"", ""original_path"": ""Electronics > Computers & Accessories > Networking Products > Device Servers"", ""original_level"": 3}"
"pcat_01KE1PQTJSH1NJTDWJ9N7H1NW6","Hubs","","hubs","pcat_01KE1PPB81J41E4DHBVBSK81D1.pcat_01KE1PQNSFKWS419CNSEJ5KZM9.pcat_01KE1PQTEMJ5J44CE0VD4FQNTN.pcat_01KE1PQTJSH1NJTDWJ9N7H1NW6",True,False,1,"pcat_01KE1PQTEMJ5J44CE0VD4FQNTN","2026-01-03 10:34:06.297+00","2026-01-03 10:34:06.297+00",NULL,"{""original_id"": ""281413"", ""original_path"": ""Computers > Networking Products > Hubs"", ""original_level"": 3}"
"pcat_01KE1PQTN6XR26E9HMBG2F2GX2","Modem Router Combos","","modem-router-combos","pcat_01KE1PPB81J41E4DHBVBSK81D1.pcat_01KE1PQNSFKWS419CNSEJ5KZM9.pcat_01KE1PQTEMJ5J44CE0VD4FQNTN.pcat_01KE1PQTN6XR26E9HMBG2F2GX2",True,False,2,"pcat_01KE1PQTEMJ5J44CE0VD4FQNTN","2026-01-03 10:34:06.375+00","2026-01-03 10:34:06.375+00",NULL,"{""original_id"": ""17442743011"", ""original_path"": ""Computers > Networking Products > Modem Router Combos"", ""original_level"": 3}"
"pcat_01KE1PQTQ6MB8VJBNBYHS4MYTZ","Modems","","modems","pcat_01KE1PPB81J41E4DHBVBSK81D1.pcat_01KE1PQNSFKWS419CNSEJ5KZM9.pcat_01KE1PQTEMJ5J44CE0VD4FQNTN.pcat_01KE1PQTQ6MB8VJBNBYHS4MYTZ",True,False,3,"pcat_01KE1PQTEMJ5J44CE0VD4FQNTN","2026-01-03 10:34:06.438+00","2026-01-03 10:34:06.438+00",NULL,"{""original_id"": ""284715"", ""original_path"": ""Computers > Networking Products > Modems"", ""original_level"": 3}"
"pcat_01KE1PQTS2TKER0XZEQB4EMH02","Network Adapters","","network-adapters","pcat_01KE1PPB81J41E4DHBVBSK81D1.pcat_01KE1PQNSFKWS419CNSEJ5KZM9.pcat_01KE1PQTEMJ5J44CE0VD4FQNTN.pcat_01KE1PQTS2TKER0XZEQB4EMH02",True,False,4,"pcat_01KE1PQTEMJ5J44CE0VD4FQNTN","2026-01-03 10:34:06.498+00","2026-01-03 10:34:06.498+00",NULL,"{""original_id"": ""490499011"", ""original_path"": ""Computers > Networking Products > Network Adapters"", ""original_level"": 3}"
"pcat_01KE1PQTTVH0XFYNMRK377YM69","Bluetooth Network Adapters","","bluetooth-network-adapters","pcat_01KE1PPB81J41E4DHBVBSK81D1.pcat_01KE1PQNSFKWS419CNSEJ5KZM9.pcat_01KE1PQTEMJ5J44CE0VD4FQNTN.pcat_01KE1PQTS2TKER0XZEQB4EMH02.pcat_01KE1PQTTVH0XFYNMRK377YM69",True,False,0,"pcat_01KE1PQTS2TKER0XZEQB4EMH02","2026-01-03 10:34:06.555+00","2026-01-03 10:34:06.555+00",NULL,"{""original_id"": ""3015437011"", ""original_path"": ""Electronics > Computers & Accessories > Networking Products > Network Adapters > Bluetooth Network Adapters"", ""original_level"": 4}"
"pcat_01KE1PR1F5WNE2G9Z3E5Y7MABA","DVD Players & Recorders","","dvd-players-recorders","pcat_01KE1PPB81J41E4DHBVBSK81D1.pcat_01KE1PR12H8GF21ZEN8ZVXBA7E.pcat_01KE1PR1F5WNE2G9Z3E5Y7MABA",True,False,3,"pcat_01KE1PR12H8GF21ZEN8ZVXBA7E","2026-01-03 10:34:13.349+00","2026-01-03 10:34:13.349+00",NULL,"{""original_id"": ""3213027011"", ""original_path"": ""Electronics > Television & Video > DVD Players & Recorders"", ""original_level"": 2}"
"pcat_01KE1PQTWSP2QKH4Q097AF2YP0","Laptop Network Adapters","","laptop-network-adapters","pcat_01KE1PPB81J41E4DHBVBSK81D1.pcat_01KE1PQNSFKWS419CNSEJ5KZM9.pcat_01KE1PQTEMJ5J44CE0VD4FQNTN.pcat_01KE1PQTS2TKER0XZEQB4EMH02.pcat_01KE1PQTWSP2QKH4Q097AF2YP0",True,False,1,"pcat_01KE1PQTS2TKER0XZEQB4EMH02","2026-01-03 10:34:06.617+00","2026-01-03 10:34:06.617+00",NULL,"{""original_id"": ""13983731"", ""original_path"": ""Electronics > Computers & Accessories > Networking Products > Network Adapters > Laptop Network Adapters"", ""original_level"": 4}"
"pcat_01KE1PQTYM9XC8WEYENAY6QCPK","Powerline Network Adapters","","powerline-network-adapters","pcat_01KE1PPB81J41E4DHBVBSK81D1.pcat_01KE1PQNSFKWS419CNSEJ5KZM9.pcat_01KE1PQTEMJ5J44CE0VD4FQNTN.pcat_01KE1PQTS2TKER0XZEQB4EMH02.pcat_01KE1PQTYM9XC8WEYENAY6QCPK",True,False,2,"pcat_01KE1PQTS2TKER0XZEQB4EMH02","2026-01-03 10:34:06.676+00","2026-01-03 10:34:06.676+00",NULL,"{""original_id"": ""1194444"", ""original_path"": ""Electronics > Computers & Accessories > Networking Products > Network Adapters > Powerline Network Adapters"", ""original_level"": 4}"
"pcat_01KE1PQV0S7VEK02ZV5G36RWQV","Network Antennas","","network-antennas","pcat_01KE1PPB81J41E4DHBVBSK81D1.pcat_01KE1PQNSFKWS419CNSEJ5KZM9.pcat_01KE1PQTEMJ5J44CE0VD4FQNTN.pcat_01KE1PQV0S7VEK02ZV5G36RWQV",True,False,5,"pcat_01KE1PQTEMJ5J44CE0VD4FQNTN","2026-01-03 10:34:06.745+00","2026-01-03 10:34:06.745+00",NULL,"{""original_id"": ""3015438011"", ""original_path"": ""Computers > Networking Products > Network Antennas"", ""original_level"": 3}"
"pcat_01KE1PQV2MJA5VWQQ0Z5D1H0XJ","Network Transceivers","","network-transceivers","pcat_01KE1PPB81J41E4DHBVBSK81D1.pcat_01KE1PQNSFKWS419CNSEJ5KZM9.pcat_01KE1PQTEMJ5J44CE0VD4FQNTN.pcat_01KE1PQV2MJA5VWQQ0Z5D1H0XJ",True,False,6,"pcat_01KE1PQTEMJ5J44CE0VD4FQNTN","2026-01-03 10:34:06.804+00","2026-01-03 10:34:06.804+00",NULL,"{""original_id"": ""537316"", ""original_path"": ""Computers > Networking Products > Network Transceivers"", ""original_level"": 3}"
"pcat_01KE1PQV4NTDN6N0WQAQZFVT6M","Print Servers","","print-servers","pcat_01KE1PPB81J41E4DHBVBSK81D1.pcat_01KE1PQNSFKWS419CNSEJ5KZM9.pcat_01KE1PQTEMJ5J44CE0VD4FQNTN.pcat_01KE1PQV4NTDN6N0WQAQZFVT6M",True,False,7,"pcat_01KE1PQTEMJ5J44CE0VD4FQNTN","2026-01-03 10:34:06.869+00","2026-01-03 10:34:06.869+00",NULL,"{""original_id"": ""13983761"", ""original_path"": ""Computers > Networking Products > Print Servers"", ""original_level"": 3}"
"pcat_01KE1PQV6KPPBE4SH5XEQEE612","Repeaters","","repeaters","pcat_01KE1PPB81J41E4DHBVBSK81D1.pcat_01KE1PQNSFKWS419CNSEJ5KZM9.pcat_01KE1PQTEMJ5J44CE0VD4FQNTN.pcat_01KE1PQV6KPPBE4SH5XEQEE612",True,False,8,"pcat_01KE1PQTEMJ5J44CE0VD4FQNTN","2026-01-03 10:34:06.931+00","2026-01-03 10:34:06.931+00",NULL,"{""original_id"": ""3015439011"", ""original_path"": ""Computers > Networking Products > Repeaters"", ""original_level"": 3}"
"pcat_01KE1PQV8HFHQVB0VC9JA8SZB4","Routers","","routers","pcat_01KE1PPB81J41E4DHBVBSK81D1.pcat_01KE1PQNSFKWS419CNSEJ5KZM9.pcat_01KE1PQTEMJ5J44CE0VD4FQNTN.pcat_01KE1PQV8HFHQVB0VC9JA8SZB4",True,False,9,"pcat_01KE1PQTEMJ5J44CE0VD4FQNTN","2026-01-03 10:34:06.993+00","2026-01-03 10:34:06.993+00",NULL,"{""original_id"": ""300189"", ""original_path"": ""Computers > Networking Products > Routers"", ""original_level"": 3}"
"pcat_01KE1PQVCMNJNRRNV9DAQCWRNT","Switches","","switches","pcat_01KE1PPB81J41E4DHBVBSK81D1.pcat_01KE1PQNSFKWS419CNSEJ5KZM9.pcat_01KE1PQTEMJ5J44CE0VD4FQNTN.pcat_01KE1PQVCMNJNRRNV9DAQCWRNT",True,False,11,"pcat_01KE1PQTEMJ5J44CE0VD4FQNTN","2026-01-03 10:34:07.124+00","2026-01-03 10:34:07.124+00",NULL,"{""original_id"": ""281414"", ""original_path"": ""Computers > Networking Products > Switches"", ""original_level"": 3}"
"pcat_01KE1PQVENQW520Z7AW3BXR7RV","Whole Home & Mesh Wi-Fi Systems","","whole-home-mesh-wi-fi-systems","pcat_01KE1PPB81J41E4DHBVBSK81D1.pcat_01KE1PQNSFKWS419CNSEJ5KZM9.pcat_01KE1PQTEMJ5J44CE0VD4FQNTN.pcat_01KE1PQVENQW520Z7AW3BXR7RV",True,False,12,"pcat_01KE1PQTEMJ5J44CE0VD4FQNTN","2026-01-03 10:34:07.19+00","2026-01-03 10:34:07.19+00",NULL,"{""original_id"": ""17935294011"", ""original_path"": ""Computers > Networking Products > Whole Home & Mesh Wi-Fi Systems"", ""original_level"": 3}"
"pcat_01KE1PQVH5JKSKGZBGEF8D2NBS","Wireless Access Points","","wireless-access-points","pcat_01KE1PPB81J41E4DHBVBSK81D1.pcat_01KE1PQNSFKWS419CNSEJ5KZM9.pcat_01KE1PQTEMJ5J44CE0VD4FQNTN.pcat_01KE1PQVH5JKSKGZBGEF8D2NBS",True,False,13,"pcat_01KE1PQTEMJ5J44CE0VD4FQNTN","2026-01-03 10:34:07.269+00","2026-01-03 10:34:07.269+00",NULL,"{""original_id"": ""1194486"", ""original_path"": ""Computers > Networking Products > Wireless Access Points"", ""original_level"": 3}"
"pcat_01KE1PQVK1S9HZFXZ90T38YM5E","Servers","","servers","pcat_01KE1PPB81J41E4DHBVBSK81D1.pcat_01KE1PQNSFKWS419CNSEJ5KZM9.pcat_01KE1PQVK1S9HZFXZ90T38YM5E",True,False,6,"pcat_01KE1PQNSFKWS419CNSEJ5KZM9","2026-01-03 10:34:07.329+00","2026-01-03 10:34:07.329+00",NULL,"{""original_id"": ""11036071"", ""original_path"": ""Electronics > Computers & Accessories > Servers"", ""original_level"": 2}"
"pcat_01KE1PQVQ07ZSCFW3MXHTTCN0K","Bags, Cases & Sleeves","","bags-cases-sleeves-2","pcat_01KE1PPB81J41E4DHBVBSK81D1.pcat_01KE1PQNSFKWS419CNSEJ5KZM9.pcat_01KE1PQVN001F48494X0RYCZEY.pcat_01KE1PQVQ07ZSCFW3MXHTTCN0K",True,False,0,"pcat_01KE1PQVN001F48494X0RYCZEY","2026-01-03 10:34:07.456+00","2026-01-03 10:34:07.456+00",NULL,"{""original_id"": ""2348629011"", ""original_path"": ""Electronics > Computers & Accessories > Tablet Accessories > Bags, Cases & Sleeves"", ""original_level"": 3}"
"pcat_01KE1PQVV73BABPTCHCJX1R8XW","Cases","","cases-3","pcat_01KE1PPB81J41E4DHBVBSK81D1.pcat_01KE1PQNSFKWS419CNSEJ5KZM9.pcat_01KE1PQVN001F48494X0RYCZEY.pcat_01KE1PQVQ07ZSCFW3MXHTTCN0K.pcat_01KE1PQVV73BABPTCHCJX1R8XW",True,False,1,"pcat_01KE1PQVQ07ZSCFW3MXHTTCN0K","2026-01-03 10:34:07.591+00","2026-01-03 10:34:07.591+00",NULL,"{""original_id"": ""3012929011"", ""original_path"": ""Electronics > Computers & Accessories > Tablet Accessories > Bags, Cases & Sleeves > Cases"", ""original_level"": 4}"
"pcat_01KE1PQVX4HT9AGQR6X1XACSAF","Keyboard Cases","","keyboard-cases","pcat_01KE1PPB81J41E4DHBVBSK81D1.pcat_01KE1PQNSFKWS419CNSEJ5KZM9.pcat_01KE1PQVN001F48494X0RYCZEY.pcat_01KE1PQVQ07ZSCFW3MXHTTCN0K.pcat_01KE1PQVX4HT9AGQR6X1XACSAF",True,False,2,"pcat_01KE1PQVQ07ZSCFW3MXHTTCN0K","2026-01-03 10:34:07.652+00","2026-01-03 10:34:07.652+00",NULL,"{""original_id"": ""11548963011"", ""original_path"": ""Electronics > Computers & Accessories > Tablet Accessories > Bags, Cases & Sleeves > Keyboard Cases"", ""original_level"": 4}"
"pcat_01KE1PR2R3VH8NXFA5K42YT1J6","Nintendo DS","","nintendo-ds","pcat_01KE1PPB81J41E4DHBVBSK81D1.pcat_01KE1PR2HF0KA8AGEF5SPP6F7C.pcat_01KE1PR2R3VH8NXFA5K42YT1J6",True,False,2,"pcat_01KE1PR2HF0KA8AGEF5SPP6F7C","2026-01-03 10:34:14.659+00","2026-01-03 10:34:14.659+00",NULL,"{""original_id"": ""7926849011"", ""original_path"": ""Electronics > Video Game Consoles & Accessories > Nintendo DS"", ""original_level"": 2}"
"pcat_01KE1PQVZ23BJPZMDFXAGB698D","Sleeves","","sleeves-2","pcat_01KE1PPB81J41E4DHBVBSK81D1.pcat_01KE1PQNSFKWS419CNSEJ5KZM9.pcat_01KE1PQVN001F48494X0RYCZEY.pcat_01KE1PQVQ07ZSCFW3MXHTTCN0K.pcat_01KE1PQVZ23BJPZMDFXAGB698D",True,False,3,"pcat_01KE1PQVQ07ZSCFW3MXHTTCN0K","2026-01-03 10:34:07.714+00","2026-01-03 10:34:07.714+00",NULL,"{""original_id"": ""3012930011"", ""original_path"": ""Electronics > Computers & Accessories > Tablet Accessories > Bags, Cases & Sleeves > Sleeves"", ""original_level"": 4}"
"pcat_01KE1PQW0WBFCMM8TWJWGMMRAB","Chargers & Adapters","","chargers-adapters-2","pcat_01KE1PPB81J41E4DHBVBSK81D1.pcat_01KE1PQNSFKWS419CNSEJ5KZM9.pcat_01KE1PQVN001F48494X0RYCZEY.pcat_01KE1PQW0WBFCMM8TWJWGMMRAB",True,False,1,"pcat_01KE1PQVN001F48494X0RYCZEY","2026-01-03 10:34:07.772+00","2026-01-03 10:34:07.772+00",NULL,"{""original_id"": ""2516700011"", ""original_path"": ""Electronics > Computers & Accessories > Tablet Accessories > Chargers & Adapters"", ""original_level"": 3}"
"pcat_01KE1PQW2WJ4ARR0AARFC9ZVA0","Keyboards","","keyboards-2","pcat_01KE1PPB81J41E4DHBVBSK81D1.pcat_01KE1PQNSFKWS419CNSEJ5KZM9.pcat_01KE1PQVN001F48494X0RYCZEY.pcat_01KE1PQW2WJ4ARR0AARFC9ZVA0",True,False,2,"pcat_01KE1PQVN001F48494X0RYCZEY","2026-01-03 10:34:07.836+00","2026-01-03 10:34:07.836+00",NULL,"{""original_id"": ""11548965011"", ""original_path"": ""Electronics > Computers & Accessories > Tablet Accessories > Keyboards"", ""original_level"": 3}"
"pcat_01KE1PQW4R9BAMP4XS2M2R51ET","Mounts","","mounts-4","pcat_01KE1PPB81J41E4DHBVBSK81D1.pcat_01KE1PQNSFKWS419CNSEJ5KZM9.pcat_01KE1PQVN001F48494X0RYCZEY.pcat_01KE1PQW4R9BAMP4XS2M2R51ET",True,False,3,"pcat_01KE1PQVN001F48494X0RYCZEY","2026-01-03 10:34:07.896+00","2026-01-03 10:34:07.896+00",NULL,"{""original_id"": ""11548967011"", ""original_path"": ""Electronics > Computers & Accessories > Tablet Accessories > Mounts"", ""original_level"": 3}"
"pcat_01KE1PQW6JHH3P6SA457KR8JC8","Screen Filters","","screen-filters-2","pcat_01KE1PPB81J41E4DHBVBSK81D1.pcat_01KE1PQNSFKWS419CNSEJ5KZM9.pcat_01KE1PQVN001F48494X0RYCZEY.pcat_01KE1PQW6JHH3P6SA457KR8JC8",True,False,4,"pcat_01KE1PQVN001F48494X0RYCZEY","2026-01-03 10:34:07.954+00","2026-01-03 10:34:07.954+00",NULL,"{""original_id"": ""11548971011"", ""original_path"": ""Computers > Tablet Accessories > Screen Filters"", ""original_level"": 3}"
"pcat_01KE1PQW8H72TC23Q00KMVBGB0","Screen Protectors","","screen-protectors-4","pcat_01KE1PPB81J41E4DHBVBSK81D1.pcat_01KE1PQNSFKWS419CNSEJ5KZM9.pcat_01KE1PQVN001F48494X0RYCZEY.pcat_01KE1PQW8H72TC23Q00KMVBGB0",True,False,5,"pcat_01KE1PQVN001F48494X0RYCZEY","2026-01-03 10:34:08.018+00","2026-01-03 10:34:08.018+00",NULL,"{""original_id"": ""2348631011"", ""original_path"": ""Electronics > Computers & Accessories > Tablet Accessories > Screen Protectors"", ""original_level"": 3}"
"pcat_01KE1PQWAC60RSP8WGRHEVJ3E2","Stands","","stands-4","pcat_01KE1PPB81J41E4DHBVBSK81D1.pcat_01KE1PQNSFKWS419CNSEJ5KZM9.pcat_01KE1PQVN001F48494X0RYCZEY.pcat_01KE1PQWAC60RSP8WGRHEVJ3E2",True,False,6,"pcat_01KE1PQVN001F48494X0RYCZEY","2026-01-03 10:34:08.076+00","2026-01-03 10:34:08.076+00",NULL,"{""original_id"": ""3015412011"", ""original_path"": ""Computers > Tablet Accessories > Stands"", ""original_level"": 3}"
"pcat_01KE1PQWC4WJM5H5ZRMFPY1CNF","Tablet Replacement Parts","","tablet-replacement-parts","pcat_01KE1PPB81J41E4DHBVBSK81D1.pcat_01KE1PQNSFKWS419CNSEJ5KZM9.pcat_01KE1PQWC4WJM5H5ZRMFPY1CNF",True,False,8,"pcat_01KE1PQNSFKWS419CNSEJ5KZM9","2026-01-03 10:34:08.132+00","2026-01-03 10:34:08.132+00",NULL,"{""original_id"": ""15524379011"", ""original_path"": ""Electronics > Computers & Accessories > Tablet Replacement Parts"", ""original_level"": 2}"
"pcat_01KE1PQWE3PTY47Y5G36SVM4K5","Batteries","","batteries-6","pcat_01KE1PPB81J41E4DHBVBSK81D1.pcat_01KE1PQNSFKWS419CNSEJ5KZM9.pcat_01KE1PQWC4WJM5H5ZRMFPY1CNF.pcat_01KE1PQWE3PTY47Y5G36SVM4K5",True,False,0,"pcat_01KE1PQWC4WJM5H5ZRMFPY1CNF","2026-01-03 10:34:08.195+00","2026-01-03 10:34:08.195+00",NULL,"{""original_id"": ""15524387011"", ""original_path"": ""Electronics > Computers & Accessories > Tablet Replacement Parts > Batteries"", ""original_level"": 3}"
"pcat_01KE1PQWGQXZMMXCS8WX75QTST","Digitizers","","digitizers","pcat_01KE1PPB81J41E4DHBVBSK81D1.pcat_01KE1PQNSFKWS419CNSEJ5KZM9.pcat_01KE1PQWC4WJM5H5ZRMFPY1CNF.pcat_01KE1PQWGQXZMMXCS8WX75QTST",True,False,1,"pcat_01KE1PQWC4WJM5H5ZRMFPY1CNF","2026-01-03 10:34:08.279+00","2026-01-03 10:34:08.279+00",NULL,"{""original_id"": ""15524388011"", ""original_path"": ""Computers > Tablet Replacement Parts > Digitizers"", ""original_level"": 3}"
"pcat_01KE1PQWJNYMHYAT2PMNEG1YKA","Flex Cables","","flex-cables","pcat_01KE1PPB81J41E4DHBVBSK81D1.pcat_01KE1PQNSFKWS419CNSEJ5KZM9.pcat_01KE1PQWC4WJM5H5ZRMFPY1CNF.pcat_01KE1PQWJNYMHYAT2PMNEG1YKA",True,False,2,"pcat_01KE1PQWC4WJM5H5ZRMFPY1CNF","2026-01-03 10:34:08.341+00","2026-01-03 10:34:08.341+00",NULL,"{""original_id"": ""15524389011"", ""original_path"": ""Computers > Tablet Replacement Parts > Flex Cables"", ""original_level"": 3}"
"pcat_01KE1PQWMFYBJVC86QPT196RVZ","LCD Displays","","lcd-displays","pcat_01KE1PPB81J41E4DHBVBSK81D1.pcat_01KE1PQNSFKWS419CNSEJ5KZM9.pcat_01KE1PQWC4WJM5H5ZRMFPY1CNF.pcat_01KE1PQWMFYBJVC86QPT196RVZ",True,False,3,"pcat_01KE1PQWC4WJM5H5ZRMFPY1CNF","2026-01-03 10:34:08.399+00","2026-01-03 10:34:08.399+00",NULL,"{""original_id"": ""15524390011"", ""original_path"": ""Electronics > Computers & Accessories > Tablet Replacement Parts > LCD Displays"", ""original_level"": 3}"
"pcat_01KE1PQWP6510K0CK11H4VZD7S","Screens","","screens-2","pcat_01KE1PPB81J41E4DHBVBSK81D1.pcat_01KE1PQNSFKWS419CNSEJ5KZM9.pcat_01KE1PQWC4WJM5H5ZRMFPY1CNF.pcat_01KE1PQWP6510K0CK11H4VZD7S",True,False,4,"pcat_01KE1PQWC4WJM5H5ZRMFPY1CNF","2026-01-03 10:34:08.454+00","2026-01-03 10:34:08.454+00",NULL,"{""original_id"": ""11548969011"", ""original_path"": ""Computers > Tablet Replacement Parts > Screens"", ""original_level"": 3}"
"pcat_01KE1PQWR2KJEQWY96ZQCJCC5D","Warranties & Services","","warranties-services","pcat_01KE1PPB81J41E4DHBVBSK81D1.pcat_01KE1PQNSFKWS419CNSEJ5KZM9.pcat_01KE1PQWR2KJEQWY96ZQCJCC5D",True,False,9,"pcat_01KE1PQNSFKWS419CNSEJ5KZM9","2026-01-03 10:34:08.514+00","2026-01-03 10:34:08.514+00",NULL,"{""original_id"": ""16285851"", ""original_path"": ""Electronics > Computers & Accessories > Warranties & Services"", ""original_level"": 2}"
"pcat_01KE1PQWSYWYV3FH21A3QAD9FN","Computer Equipment Warranties","","computer-equipment-warranties","pcat_01KE1PPB81J41E4DHBVBSK81D1.pcat_01KE1PQNSFKWS419CNSEJ5KZM9.pcat_01KE1PQWR2KJEQWY96ZQCJCC5D.pcat_01KE1PQWSYWYV3FH21A3QAD9FN",True,False,0,"pcat_01KE1PQWR2KJEQWY96ZQCJCC5D","2026-01-03 10:34:08.574+00","2026-01-03 10:34:08.574+00",NULL,"{""original_id"": ""917652"", ""original_path"": ""Electronics > Computers & Accessories > Warranties & Services > Computer Equipment Warranties"", ""original_level"": 3}"
"pcat_01KE1PQWW75W4RSKTM35D438A4","Installation Services","","installation-services-4","pcat_01KE1PPB81J41E4DHBVBSK81D1.pcat_01KE1PQNSFKWS419CNSEJ5KZM9.pcat_01KE1PQWR2KJEQWY96ZQCJCC5D.pcat_01KE1PQWW75W4RSKTM35D438A4",True,False,1,"pcat_01KE1PQWR2KJEQWY96ZQCJCC5D","2026-01-03 10:34:08.647+00","2026-01-03 10:34:08.647+00",NULL,"{""original_id"": ""2632818011"", ""original_path"": ""Computers > Warranties & Services > Installation Services"", ""original_level"": 3}"
"pcat_01KE1PQWY6EK7MY25CD6F0DV1F","Service Plans","","service-plans","pcat_01KE1PPB81J41E4DHBVBSK81D1.pcat_01KE1PQNSFKWS419CNSEJ5KZM9.pcat_01KE1PQWR2KJEQWY96ZQCJCC5D.pcat_01KE1PQWY6EK7MY25CD6F0DV1F",True,False,2,"pcat_01KE1PQWR2KJEQWY96ZQCJCC5D","2026-01-03 10:34:08.71+00","2026-01-03 10:34:08.71+00",NULL,"{""original_id"": ""16285871"", ""original_path"": ""Electronics > Computers & Accessories > Warranties & Services > Service Plans"", ""original_level"": 3}"
"pcat_01KE1PQX0666X4927AVZ87TEHP","Computer Add-Ons","","computer-add-ons","pcat_01KE1PPB81J41E4DHBVBSK81D1.pcat_01KE1PQNSFKWS419CNSEJ5KZM9.pcat_01KE1PQWR2KJEQWY96ZQCJCC5D.pcat_01KE1PQWY6EK7MY25CD6F0DV1F.pcat_01KE1PQX0666X4927AVZ87TEHP",True,False,0,"pcat_01KE1PQWY6EK7MY25CD6F0DV1F","2026-01-03 10:34:08.774+00","2026-01-03 10:34:08.774+00",NULL,"{""original_id"": ""16285881"", ""original_path"": ""Electronics > Computers & Accessories > Warranties & Services > Service Plans > Computer Add-Ons"", ""original_level"": 4}"
"pcat_01KE1PQX2C6WY0SR8MXX4M5DGP","Computers","","computers","pcat_01KE1PPB81J41E4DHBVBSK81D1.pcat_01KE1PQNSFKWS419CNSEJ5KZM9.pcat_01KE1PQWR2KJEQWY96ZQCJCC5D.pcat_01KE1PQWY6EK7MY25CD6F0DV1F.pcat_01KE1PQX2C6WY0SR8MXX4M5DGP",True,False,1,"pcat_01KE1PQWY6EK7MY25CD6F0DV1F","2026-01-03 10:34:08.844+00","2026-01-03 10:34:08.844+00",NULL,"{""original_id"": ""16285891"", ""original_path"": ""Electronics > Computers & Accessories > Warranties & Services > Service Plans > Computers"", ""original_level"": 4}"
"pcat_01KE1PQX63P14KPA7ZF24APARJ","Item Finders","","item-finders","pcat_01KE1PPB81J41E4DHBVBSK81D1.pcat_01KE1PQX49MJQRMP4NCFWNZJXK.pcat_01KE1PQX63P14KPA7ZF24APARJ",True,False,0,"pcat_01KE1PQX49MJQRMP4NCFWNZJXK","2026-01-03 10:34:08.963+00","2026-01-03 10:34:08.963+00",NULL,"{""original_id"": ""18022313011"", ""original_path"": ""Electronics > GPS, Finders & Accessories > Item Finders"", ""original_level"": 2}"
"pcat_01KE1PQX8BD8KXSZ8WRX3GKZRH","Home Audio","","home-audio","pcat_01KE1PPB81J41E4DHBVBSK81D1.pcat_01KE1PQX8BD8KXSZ8WRX3GKZRH",True,False,6,"pcat_01KE1PPB81J41E4DHBVBSK81D1","2026-01-03 10:34:09.035+00","2026-01-03 10:34:09.035+00",NULL,"{""original_id"": ""667846011"", ""original_path"": ""Electronics > Home Audio"", ""original_level"": 1}"
"pcat_01KE1PQXAJA4HYZJ6KCMACC85W","Compact Radios & Stereos","","compact-radios-stereos","pcat_01KE1PPB81J41E4DHBVBSK81D1.pcat_01KE1PQX8BD8KXSZ8WRX3GKZRH.pcat_01KE1PQXAJA4HYZJ6KCMACC85W",True,False,0,"pcat_01KE1PQX8BD8KXSZ8WRX3GKZRH","2026-01-03 10:34:09.106+00","2026-01-03 10:34:09.106+00",NULL,"{""original_id"": ""9977441011"", ""original_path"": ""Electronics > Home Audio > Compact Radios & Stereos"", ""original_level"": 2}"
"pcat_01KE1PQXCJN8FRF4XA7QB8NVB0","Clock Radios","","clock-radios","pcat_01KE1PPB81J41E4DHBVBSK81D1.pcat_01KE1PQX8BD8KXSZ8WRX3GKZRH.pcat_01KE1PQXAJA4HYZJ6KCMACC85W.pcat_01KE1PQXCJN8FRF4XA7QB8NVB0",True,False,0,"pcat_01KE1PQXAJA4HYZJ6KCMACC85W","2026-01-03 10:34:09.17+00","2026-01-03 10:34:09.17+00",NULL,"{""original_id"": ""2563847011"", ""original_path"": ""Electronics > Home Audio > Compact Radios & Stereos > Clock Radios"", ""original_level"": 3}"
"pcat_01KE1PQXENYNY88J3K9CZ32B2J","Shower Radios","","shower-radios","pcat_01KE1PPB81J41E4DHBVBSK81D1.pcat_01KE1PQX8BD8KXSZ8WRX3GKZRH.pcat_01KE1PQXAJA4HYZJ6KCMACC85W.pcat_01KE1PQXENYNY88J3K9CZ32B2J",True,False,1,"pcat_01KE1PQXAJA4HYZJ6KCMACC85W","2026-01-03 10:34:09.237+00","2026-01-03 10:34:09.237+00",NULL,"{""original_id"": ""1065910"", ""original_path"": ""Electronics > Home Audio > Compact Radios & Stereos > Shower Radios"", ""original_level"": 3}"
"pcat_01KE1PQXH6S4J5NHY8ZEKRAQFQ","Stereo Shelf Systems","","stereo-shelf-systems","pcat_01KE1PPB81J41E4DHBVBSK81D1.pcat_01KE1PQX8BD8KXSZ8WRX3GKZRH.pcat_01KE1PQXAJA4HYZJ6KCMACC85W.pcat_01KE1PQXH6S4J5NHY8ZEKRAQFQ",True,False,2,"pcat_01KE1PQXAJA4HYZJ6KCMACC85W","2026-01-03 10:34:09.318+00","2026-01-03 10:34:09.318+00",NULL,"{""original_id"": ""9977444011"", ""original_path"": ""Electronics > Home Audio > Compact Radios & Stereos > Stereo Shelf Systems"", ""original_level"": 3}"
"pcat_01KE1PQXQVHTX0BXFEMSY6SJNP","Phono Preamps","","phono-preamps","pcat_01KE1PPB81J41E4DHBVBSK81D1.pcat_01KE1PQX8BD8KXSZ8WRX3GKZRH.pcat_01KE1PQXKDDFFCX62C2KXF5GMZ.pcat_01KE1PQXQVHTX0BXFEMSY6SJNP",True,False,1,"pcat_01KE1PQXKDDFFCX62C2KXF5GMZ","2026-01-03 10:34:09.531+00","2026-01-03 10:34:09.531+00",NULL,"{""original_id"": ""3265758011"", ""original_path"": ""Electronics > Home Audio > Home Theater > Phono Preamps"", ""original_level"": 3}"
"pcat_01KE1PQXSRW2RZWD13WYDGN1PN","Speakers","","speakers-2","pcat_01KE1PPB81J41E4DHBVBSK81D1.pcat_01KE1PQX8BD8KXSZ8WRX3GKZRH.pcat_01KE1PQXKDDFFCX62C2KXF5GMZ.pcat_01KE1PQXSRW2RZWD13WYDGN1PN",True,False,2,"pcat_01KE1PQXKDDFFCX62C2KXF5GMZ","2026-01-03 10:34:09.593+00","2026-01-03 10:34:09.593+00",NULL,"{""original_id"": ""12097481011"", ""original_path"": ""Electronics > Home Audio > Home Theater > Speakers"", ""original_level"": 3}"
"pcat_01KE1PQXVM32WYJ6PS5TRJ7NTH","Ceiling & In-Wall Speakers","","ceiling-in-wall-speakers","pcat_01KE1PPB81J41E4DHBVBSK81D1.pcat_01KE1PQX8BD8KXSZ8WRX3GKZRH.pcat_01KE1PQXKDDFFCX62C2KXF5GMZ.pcat_01KE1PQXSRW2RZWD13WYDGN1PN.pcat_01KE1PQXVM32WYJ6PS5TRJ7NTH",True,False,0,"pcat_01KE1PQXSRW2RZWD13WYDGN1PN","2026-01-03 10:34:09.652+00","2026-01-03 10:34:09.652+00",NULL,"{""original_id"": ""12097474011"", ""original_path"": ""Electronics > Home Audio > Home Theater > Speakers > Ceiling & In-Wall Speakers"", ""original_level"": 4}"
"pcat_01KE1PQXXGXDCMAY8AHRYVCJYY","Satellite Speakers","","satellite-speakers","pcat_01KE1PPB81J41E4DHBVBSK81D1.pcat_01KE1PQX8BD8KXSZ8WRX3GKZRH.pcat_01KE1PQXKDDFFCX62C2KXF5GMZ.pcat_01KE1PQXSRW2RZWD13WYDGN1PN.pcat_01KE1PQXXGXDCMAY8AHRYVCJYY",True,False,1,"pcat_01KE1PQXSRW2RZWD13WYDGN1PN","2026-01-03 10:34:09.712+00","2026-01-03 10:34:09.712+00",NULL,"{""original_id"": ""3236454011"", ""original_path"": ""Electronics > Home Audio > Home Theater > Speakers > Satellite Speakers"", ""original_level"": 4}"
"pcat_01KE1PQXZJF6NE4NYCBQ0CCZM8","Surround Sound Systems","","surround-sound-systems","pcat_01KE1PPB81J41E4DHBVBSK81D1.pcat_01KE1PQX8BD8KXSZ8WRX3GKZRH.pcat_01KE1PQXKDDFFCX62C2KXF5GMZ.pcat_01KE1PQXSRW2RZWD13WYDGN1PN.pcat_01KE1PQXZJF6NE4NYCBQ0CCZM8",True,False,2,"pcat_01KE1PQXSRW2RZWD13WYDGN1PN","2026-01-03 10:34:09.778+00","2026-01-03 10:34:09.778+00",NULL,"{""original_id"": ""3025451"", ""original_path"": ""Electronics > Home Audio > Home Theater > Speakers > Surround Sound Systems"", ""original_level"": 4}"
"pcat_01KE1PQY1SV10C351BHRW7FY5D","Speakers","","speakers-3","pcat_01KE1PPB81J41E4DHBVBSK81D1.pcat_01KE1PQX8BD8KXSZ8WRX3GKZRH.pcat_01KE1PQY1SV10C351BHRW7FY5D",True,False,2,"pcat_01KE1PQX8BD8KXSZ8WRX3GKZRH","2026-01-03 10:34:09.849+00","2026-01-03 10:34:09.849+00",NULL,"{""original_id"": ""172563"", ""original_path"": ""Electronics > Home Audio > Speakers"", ""original_level"": 2}"
"pcat_01KE1PQY3KX3CRGMMQTAGFGDEN","Bookshelf Speakers","","bookshelf-speakers","pcat_01KE1PPB81J41E4DHBVBSK81D1.pcat_01KE1PQX8BD8KXSZ8WRX3GKZRH.pcat_01KE1PQY1SV10C351BHRW7FY5D.pcat_01KE1PQY3KX3CRGMMQTAGFGDEN",True,False,0,"pcat_01KE1PQY1SV10C351BHRW7FY5D","2026-01-03 10:34:09.907+00","2026-01-03 10:34:09.907+00",NULL,"{""original_id"": ""3236451011"", ""original_path"": ""Electronics > Home Audio > Speakers > Bookshelf Speakers"", ""original_level"": 3}"
"pcat_01KE1PQY5FKZ7WDQC0FD2DZ1M6","Center-Channel Speakers","","center-channel-speakers-2","pcat_01KE1PPB81J41E4DHBVBSK81D1.pcat_01KE1PQX8BD8KXSZ8WRX3GKZRH.pcat_01KE1PQY1SV10C351BHRW7FY5D.pcat_01KE1PQY5FKZ7WDQC0FD2DZ1M6",True,False,1,"pcat_01KE1PQY1SV10C351BHRW7FY5D","2026-01-03 10:34:09.967+00","2026-01-03 10:34:09.967+00",NULL,"{""original_id"": ""3236452011"", ""original_path"": ""Electronics > Home Audio > Speakers > Center-Channel Speakers"", ""original_level"": 3}"
"pcat_01KE1PQY789J2XDPWSEQY9JWRH","Floorstanding Speakers","","floorstanding-speakers","pcat_01KE1PPB81J41E4DHBVBSK81D1.pcat_01KE1PQX8BD8KXSZ8WRX3GKZRH.pcat_01KE1PQY1SV10C351BHRW7FY5D.pcat_01KE1PQY789J2XDPWSEQY9JWRH",True,False,2,"pcat_01KE1PQY1SV10C351BHRW7FY5D","2026-01-03 10:34:10.024+00","2026-01-03 10:34:10.024+00",NULL,"{""original_id"": ""3236453011"", ""original_path"": ""Electronics > Home Audio > Speakers > Floorstanding Speakers"", ""original_level"": 3}"
"pcat_01KE1PQY905EXZCD7CFTKTVK3H","Multiroom Digital Music Systems","","multiroom-digital-music-systems","pcat_01KE1PPB81J41E4DHBVBSK81D1.pcat_01KE1PQX8BD8KXSZ8WRX3GKZRH.pcat_01KE1PQY1SV10C351BHRW7FY5D.pcat_01KE1PQY905EXZCD7CFTKTVK3H",True,False,3,"pcat_01KE1PQY1SV10C351BHRW7FY5D","2026-01-03 10:34:10.08+00","2026-01-03 10:34:10.08+00",NULL,"{""original_id"": ""12097482011"", ""original_path"": ""Electronics > Home Audio > Speakers > Multiroom Digital Music Systems"", ""original_level"": 3}"
"pcat_01KE1PQYAT0VF9M5YE03YZPR94","Outdoor Speakers","","outdoor-speakers","pcat_01KE1PPB81J41E4DHBVBSK81D1.pcat_01KE1PQX8BD8KXSZ8WRX3GKZRH.pcat_01KE1PQY1SV10C351BHRW7FY5D.pcat_01KE1PQYAT0VF9M5YE03YZPR94",True,False,4,"pcat_01KE1PQY1SV10C351BHRW7FY5D","2026-01-03 10:34:10.138+00","2026-01-03 10:34:10.138+00",NULL,"{""original_id"": ""12097477011"", ""original_path"": ""Electronics > Home Audio > Speakers > Outdoor Speakers"", ""original_level"": 3}"
"pcat_01KE1PQYCRVSM5C73GDD9MH8JQ","Sound Bars","","sound-bars","pcat_01KE1PPB81J41E4DHBVBSK81D1.pcat_01KE1PQX8BD8KXSZ8WRX3GKZRH.pcat_01KE1PQY1SV10C351BHRW7FY5D.pcat_01KE1PQYCRVSM5C73GDD9MH8JQ",True,False,5,"pcat_01KE1PQY1SV10C351BHRW7FY5D","2026-01-03 10:34:10.201+00","2026-01-03 10:34:10.201+00",NULL,"{""original_id"": ""3237803011"", ""original_path"": ""Electronics > Home Audio > Speakers > Sound Bars"", ""original_level"": 3}"
"pcat_01KE1PQYESN782JC4R16GWZ9FZ","Subwoofers","","subwoofers-2","pcat_01KE1PPB81J41E4DHBVBSK81D1.pcat_01KE1PQX8BD8KXSZ8WRX3GKZRH.pcat_01KE1PQY1SV10C351BHRW7FY5D.pcat_01KE1PQYESN782JC4R16GWZ9FZ",True,False,6,"pcat_01KE1PQY1SV10C351BHRW7FY5D","2026-01-03 10:34:10.266+00","2026-01-03 10:34:10.266+00",NULL,"{""original_id"": ""172568"", ""original_path"": ""Electronics > Home Audio > Speakers > Subwoofers"", ""original_level"": 3}"
"pcat_01KE1PQYGM75T9WJDZG4D2GT85","Stereo System Components","","stereo-system-components","pcat_01KE1PPB81J41E4DHBVBSK81D1.pcat_01KE1PQX8BD8KXSZ8WRX3GKZRH.pcat_01KE1PQYGM75T9WJDZG4D2GT85",True,False,3,"pcat_01KE1PQX8BD8KXSZ8WRX3GKZRH","2026-01-03 10:34:10.324+00","2026-01-03 10:34:10.324+00",NULL,"{""original_id"": ""12097483011"", ""original_path"": ""Electronics > Home Audio > Stereo System Components"", ""original_level"": 2}"
"pcat_01KE1PQYJF1VSZ6SVB9WZPYKQ6","CD & Tape Players","","cd-tape-players","pcat_01KE1PPB81J41E4DHBVBSK81D1.pcat_01KE1PQX8BD8KXSZ8WRX3GKZRH.pcat_01KE1PQYGM75T9WJDZG4D2GT85.pcat_01KE1PQYJF1VSZ6SVB9WZPYKQ6",True,False,0,"pcat_01KE1PQYGM75T9WJDZG4D2GT85","2026-01-03 10:34:10.383+00","2026-01-03 10:34:10.383+00",NULL,"{""original_id"": ""172552"", ""original_path"": ""Electronics > Home Audio > Stereo System Components > CD & Tape Players"", ""original_level"": 3}"
"pcat_01KE1PQYM8A91ZQP1FBVY43D6F","CD Players","","cd-players","pcat_01KE1PPB81J41E4DHBVBSK81D1.pcat_01KE1PQX8BD8KXSZ8WRX3GKZRH.pcat_01KE1PQYGM75T9WJDZG4D2GT85.pcat_01KE1PQYJF1VSZ6SVB9WZPYKQ6.pcat_01KE1PQYM8A91ZQP1FBVY43D6F",True,False,0,"pcat_01KE1PQYJF1VSZ6SVB9WZPYKQ6","2026-01-03 10:34:10.44+00","2026-01-03 10:34:10.44+00",NULL,"{""original_id"": ""172557"", ""original_path"": ""Electronics > Home Audio > Stereo System Components > CD & Tape Players > CD Players"", ""original_level"": 4}"
"pcat_01KE1PQYPDKG2HXK3EJBR8S3HG","CD Recorders","","cd-recorders","pcat_01KE1PPB81J41E4DHBVBSK81D1.pcat_01KE1PQX8BD8KXSZ8WRX3GKZRH.pcat_01KE1PQYGM75T9WJDZG4D2GT85.pcat_01KE1PQYJF1VSZ6SVB9WZPYKQ6.pcat_01KE1PQYPDKG2HXK3EJBR8S3HG",True,False,1,"pcat_01KE1PQYJF1VSZ6SVB9WZPYKQ6","2026-01-03 10:34:10.509+00","2026-01-03 10:34:10.509+00",NULL,"{""original_id"": ""172556"", ""original_path"": ""Electronics > Home Audio > Stereo System Components > CD & Tape Players > CD Recorders"", ""original_level"": 4}"
"pcat_01KE1PR0YSSYFG31MR9C2WTQN9","Shortwave Radios","","shortwave-radios","pcat_01KE1PPB81J41E4DHBVBSK81D1.pcat_01KE1PQZE2GBCGEK1MGC4CQHXD.pcat_01KE1PR0V1RRT8EC8B01VZPSYE.pcat_01KE1PR0YSSYFG31MR9C2WTQN9",True,False,1,"pcat_01KE1PR0V1RRT8EC8B01VZPSYE","2026-01-03 10:34:12.825+00","2026-01-03 10:34:12.825+00",NULL,"{""original_id"": ""172653"", ""original_path"": ""Electronics > Portable Audio & Video > Radios > Shortwave Radios"", ""original_level"": 3}"
"pcat_01KE1PQYRG5F8234G5M95YYT8P","Tape Decks","","tape-decks","pcat_01KE1PPB81J41E4DHBVBSK81D1.pcat_01KE1PQX8BD8KXSZ8WRX3GKZRH.pcat_01KE1PQYGM75T9WJDZG4D2GT85.pcat_01KE1PQYJF1VSZ6SVB9WZPYKQ6.pcat_01KE1PQYRG5F8234G5M95YYT8P",True,False,2,"pcat_01KE1PQYJF1VSZ6SVB9WZPYKQ6","2026-01-03 10:34:10.576+00","2026-01-03 10:34:10.576+00",NULL,"{""original_id"": ""172550"", ""original_path"": ""Electronics > Home Audio > Stereo System Components > CD & Tape Players > Tape Decks"", ""original_level"": 4}"
"pcat_01KE1PQYTDY76JD95WRQ8QN9QM","Receivers & Amplifiers","","receivers-amplifiers","pcat_01KE1PPB81J41E4DHBVBSK81D1.pcat_01KE1PQX8BD8KXSZ8WRX3GKZRH.pcat_01KE1PQYGM75T9WJDZG4D2GT85.pcat_01KE1PQYTDY76JD95WRQ8QN9QM",True,False,1,"pcat_01KE1PQYGM75T9WJDZG4D2GT85","2026-01-03 10:34:10.637+00","2026-01-03 10:34:10.637+00",NULL,"{""original_id"": ""281053"", ""original_path"": ""Electronics > Home Audio > Stereo System Components > Receivers & Amplifiers"", ""original_level"": 3}"
"pcat_01KE1PQYWDN3J0CXEW8QWT1YFJ","Amplifiers","","amplifiers-2","pcat_01KE1PPB81J41E4DHBVBSK81D1.pcat_01KE1PQX8BD8KXSZ8WRX3GKZRH.pcat_01KE1PQYGM75T9WJDZG4D2GT85.pcat_01KE1PQYTDY76JD95WRQ8QN9QM.pcat_01KE1PQYWDN3J0CXEW8QWT1YFJ",True,False,0,"pcat_01KE1PQYTDY76JD95WRQ8QN9QM","2026-01-03 10:34:10.701+00","2026-01-03 10:34:10.701+00",NULL,"{""original_id"": ""537344"", ""original_path"": ""Electronics > Home Audio > Stereo System Components > Receivers & Amplifiers > Amplifiers"", ""original_level"": 4}"
"pcat_01KE1PQYY834W0DZAGV4TMGRPM","Preamplifiers","","preamplifiers","pcat_01KE1PPB81J41E4DHBVBSK81D1.pcat_01KE1PQX8BD8KXSZ8WRX3GKZRH.pcat_01KE1PQYGM75T9WJDZG4D2GT85.pcat_01KE1PQYTDY76JD95WRQ8QN9QM.pcat_01KE1PQYY834W0DZAGV4TMGRPM",True,False,1,"pcat_01KE1PQYTDY76JD95WRQ8QN9QM","2026-01-03 10:34:10.76+00","2026-01-03 10:34:10.76+00",NULL,"{""original_id"": ""689995011"", ""original_path"": ""Electronics > Home Audio > Stereo System Components > Receivers & Amplifiers > Preamplifiers"", ""original_level"": 4}"
"pcat_01KE1PQZ043BWDMSTDXG2NN3KZ","Receivers","","receivers","pcat_01KE1PPB81J41E4DHBVBSK81D1.pcat_01KE1PQX8BD8KXSZ8WRX3GKZRH.pcat_01KE1PQYGM75T9WJDZG4D2GT85.pcat_01KE1PQYTDY76JD95WRQ8QN9QM.pcat_01KE1PQZ043BWDMSTDXG2NN3KZ",True,False,2,"pcat_01KE1PQYTDY76JD95WRQ8QN9QM","2026-01-03 10:34:10.82+00","2026-01-03 10:34:10.82+00",NULL,"{""original_id"": ""14269301"", ""original_path"": ""Electronics > Home Audio > Stereo System Components > Receivers & Amplifiers > Receivers"", ""original_level"": 4}"
"pcat_01KE1PQZ20V92BGQHHNS008YEG","Tuners","","tuners","pcat_01KE1PPB81J41E4DHBVBSK81D1.pcat_01KE1PQX8BD8KXSZ8WRX3GKZRH.pcat_01KE1PQYGM75T9WJDZG4D2GT85.pcat_01KE1PQZ20V92BGQHHNS008YEG",True,False,2,"pcat_01KE1PQYGM75T9WJDZG4D2GT85","2026-01-03 10:34:10.88+00","2026-01-03 10:34:10.88+00",NULL,"{""original_id"": ""13308581"", ""original_path"": ""Electronics > Home Audio > Stereo System Components > Tuners"", ""original_level"": 3}"
"pcat_01KE1PQZ3YWKVFBYJQSQRYTTMB","Turntables & Accessories","","turntables-accessories","pcat_01KE1PPB81J41E4DHBVBSK81D1.pcat_01KE1PQX8BD8KXSZ8WRX3GKZRH.pcat_01KE1PQZ3YWKVFBYJQSQRYTTMB",True,False,4,"pcat_01KE1PQX8BD8KXSZ8WRX3GKZRH","2026-01-03 10:34:10.942+00","2026-01-03 10:34:10.942+00",NULL,"{""original_id"": ""9977443011"", ""original_path"": ""Electronics > Home Audio > Turntables & Accessories"", ""original_level"": 2}"
"pcat_01KE1PQZ60N5SNGYMTKZQSR8AD","Turntables","","turntables","pcat_01KE1PPB81J41E4DHBVBSK81D1.pcat_01KE1PQX8BD8KXSZ8WRX3GKZRH.pcat_01KE1PQZ3YWKVFBYJQSQRYTTMB.pcat_01KE1PQZ60N5SNGYMTKZQSR8AD",True,False,0,"pcat_01KE1PQZ3YWKVFBYJQSQRYTTMB","2026-01-03 10:34:11.008+00","2026-01-03 10:34:11.008+00",NULL,"{""original_id"": ""3003611"", ""original_path"": ""Electronics > Home Audio > Turntables & Accessories > Turntables"", ""original_level"": 3}"
"pcat_01KE1PQZA3MFE5B5P911M7HFHK","Internet Radios","","internet-radios","pcat_01KE1PPB81J41E4DHBVBSK81D1.pcat_01KE1PQX8BD8KXSZ8WRX3GKZRH.pcat_01KE1PQZ85G54HEBFN7TBKWCXS.pcat_01KE1PQZA3MFE5B5P911M7HFHK",True,False,0,"pcat_01KE1PQZ85G54HEBFN7TBKWCXS","2026-01-03 10:34:11.139+00","2026-01-03 10:34:11.139+00",NULL,"{""original_id"": ""3236446011"", ""original_path"": ""Electronics > Home Audio > Wireless & Streaming Audio > Internet Radios"", ""original_level"": 3}"
"pcat_01KE1PQZC3A73TPKC0DAWZK2S0","Wireless Audio Receivers & Adapters","","wireless-audio-receivers-adapters","pcat_01KE1PPB81J41E4DHBVBSK81D1.pcat_01KE1PQX8BD8KXSZ8WRX3GKZRH.pcat_01KE1PQZ85G54HEBFN7TBKWCXS.pcat_01KE1PQZC3A73TPKC0DAWZK2S0",True,False,1,"pcat_01KE1PQZ85G54HEBFN7TBKWCXS","2026-01-03 10:34:11.203+00","2026-01-03 10:34:11.203+00",NULL,"{""original_id"": ""10110414011"", ""original_path"": ""Electronics > Home Audio > Wireless & Streaming Audio > Wireless Audio Receivers & Adapters"", ""original_level"": 3}"
"pcat_01KE1PQZE2GBCGEK1MGC4CQHXD","Portable Audio & Video","","portable-audio-video","pcat_01KE1PPB81J41E4DHBVBSK81D1.pcat_01KE1PQZE2GBCGEK1MGC4CQHXD",True,False,7,"pcat_01KE1PPB81J41E4DHBVBSK81D1","2026-01-03 10:34:11.266+00","2026-01-03 10:34:11.266+00",NULL,"{""original_id"": ""172623"", ""original_path"": ""Electronics > Portable Audio & Video"", ""original_level"": 1}"
"pcat_01KE1PQZG3V4S7G5WYERN8XH3S","Boomboxes","","boomboxes","pcat_01KE1PPB81J41E4DHBVBSK81D1.pcat_01KE1PQZE2GBCGEK1MGC4CQHXD.pcat_01KE1PQZG3V4S7G5WYERN8XH3S",True,False,0,"pcat_01KE1PQZE2GBCGEK1MGC4CQHXD","2026-01-03 10:34:11.331+00","2026-01-03 10:34:11.331+00",NULL,"{""original_id"": ""172633"", ""original_path"": ""Electronics > Portable Audio & Video > Boomboxes"", ""original_level"": 2}"
"pcat_01KE1PQZJ0PB471BVGFF9BSC6Q","Cassette Players & Recorders","","cassette-players-recorders","pcat_01KE1PPB81J41E4DHBVBSK81D1.pcat_01KE1PQZE2GBCGEK1MGC4CQHXD.pcat_01KE1PQZJ0PB471BVGFF9BSC6Q",True,False,1,"pcat_01KE1PQZE2GBCGEK1MGC4CQHXD","2026-01-03 10:34:11.392+00","2026-01-03 10:34:11.392+00",NULL,"{""original_id"": ""172628"", ""original_path"": ""Electronics > Portable Audio & Video > Cassette Players & Recorders"", ""original_level"": 2}"
"pcat_01KE1PQZM01KPCYZ2YMZESV45R","Digital Voice Recorders","","digital-voice-recorders","pcat_01KE1PPB81J41E4DHBVBSK81D1.pcat_01KE1PQZE2GBCGEK1MGC4CQHXD.pcat_01KE1PQZM01KPCYZ2YMZESV45R",True,False,2,"pcat_01KE1PQZE2GBCGEK1MGC4CQHXD","2026-01-03 10:34:11.456+00","2026-01-03 10:34:11.456+00",NULL,"{""original_id"": ""227758"", ""original_path"": ""Electronics > Portable Audio & Video > Digital Voice Recorders"", ""original_level"": 2}"
"pcat_01KE1PQZNXSCTWKDPRZFZ99QA6","MP3 & MP4 Player Accessories","","mp3-mp4-player-accessories","pcat_01KE1PPB81J41E4DHBVBSK81D1.pcat_01KE1PQZE2GBCGEK1MGC4CQHXD.pcat_01KE1PQZNXSCTWKDPRZFZ99QA6",True,False,3,"pcat_01KE1PQZE2GBCGEK1MGC4CQHXD","2026-01-03 10:34:11.517+00","2026-01-03 10:34:11.517+00",NULL,"{""original_id"": ""290438"", ""original_path"": ""Electronics > Portable Audio & Video > MP3 & MP4 Player Accessories"", ""original_level"": 2}"
"pcat_01KE1PQZQWD4FBCKTDSMYJE1QH","Armbands","","armbands-2","pcat_01KE1PPB81J41E4DHBVBSK81D1.pcat_01KE1PQZE2GBCGEK1MGC4CQHXD.pcat_01KE1PQZNXSCTWKDPRZFZ99QA6.pcat_01KE1PQZQWD4FBCKTDSMYJE1QH",True,False,0,"pcat_01KE1PQZNXSCTWKDPRZFZ99QA6","2026-01-03 10:34:11.58+00","2026-01-03 10:34:11.58+00",NULL,"{""original_id"": ""13981491"", ""original_path"": ""Electronics > Portable Audio & Video > MP3 & MP4 Player Accessories > Armbands"", ""original_level"": 3}"
"pcat_01KE1PQZSNYGPSQK2AJGZC8H1Y","Batteries & Battery Packs","","batteries-battery-packs-2","pcat_01KE1PPB81J41E4DHBVBSK81D1.pcat_01KE1PQZE2GBCGEK1MGC4CQHXD.pcat_01KE1PQZNXSCTWKDPRZFZ99QA6.pcat_01KE1PQZSNYGPSQK2AJGZC8H1Y",True,False,1,"pcat_01KE1PQZNXSCTWKDPRZFZ99QA6","2026-01-03 10:34:11.637+00","2026-01-03 10:34:11.637+00",NULL,"{""original_id"": ""12661614011"", ""original_path"": ""Electronics > Portable Audio & Video > MP3 & MP4 Player Accessories > Batteries & Battery Packs"", ""original_level"": 3}"
"pcat_01KE1PQZVF9TEGRHM9SM9V5KVT","Batteries","","batteries-7","pcat_01KE1PPB81J41E4DHBVBSK81D1.pcat_01KE1PQZE2GBCGEK1MGC4CQHXD.pcat_01KE1PQZNXSCTWKDPRZFZ99QA6.pcat_01KE1PQZSNYGPSQK2AJGZC8H1Y.pcat_01KE1PQZVF9TEGRHM9SM9V5KVT",True,False,0,"pcat_01KE1PQZSNYGPSQK2AJGZC8H1Y","2026-01-03 10:34:11.695+00","2026-01-03 10:34:11.695+00",NULL,"{""original_id"": ""515383011"", ""original_path"": ""Electronics > Portable Audio & Video > MP3 & MP4 Player Accessories > Batteries & Battery Packs > Batteries"", ""original_level"": 4}"
"pcat_01KE1PQZXD5ZXYMQV15EG6R1AG","Bluetooth & FM Transmitters","","bluetooth-fm-transmitters","pcat_01KE1PPB81J41E4DHBVBSK81D1.pcat_01KE1PQZE2GBCGEK1MGC4CQHXD.pcat_01KE1PQZNXSCTWKDPRZFZ99QA6.pcat_01KE1PQZXD5ZXYMQV15EG6R1AG",True,False,2,"pcat_01KE1PQZNXSCTWKDPRZFZ99QA6","2026-01-03 10:34:11.757+00","2026-01-03 10:34:11.757+00",NULL,"{""original_id"": ""9926001011"", ""original_path"": ""Electronics > Portable Audio & Video > MP3 & MP4 Player Accessories > Bluetooth & FM Transmitters"", ""original_level"": 3}"
"pcat_01KE1PQZZDYNJYDGZCFDFMV12F","Bluetooth Transmitters","","bluetooth-transmitters","pcat_01KE1PPB81J41E4DHBVBSK81D1.pcat_01KE1PQZE2GBCGEK1MGC4CQHXD.pcat_01KE1PQZNXSCTWKDPRZFZ99QA6.pcat_01KE1PQZXD5ZXYMQV15EG6R1AG.pcat_01KE1PQZZDYNJYDGZCFDFMV12F",True,False,0,"pcat_01KE1PQZXD5ZXYMQV15EG6R1AG","2026-01-03 10:34:11.821+00","2026-01-03 10:34:11.821+00",NULL,"{""original_id"": ""9926003011"", ""original_path"": ""Electronics > Portable Audio & Video > MP3 & MP4 Player Accessories > Bluetooth & FM Transmitters > Bluetooth Transmitters"", ""original_level"": 4}"
"pcat_01KE1PR01DYGJZR1FK0DBBRCFR","Cables","","cables-3","pcat_01KE1PPB81J41E4DHBVBSK81D1.pcat_01KE1PQZE2GBCGEK1MGC4CQHXD.pcat_01KE1PQZNXSCTWKDPRZFZ99QA6.pcat_01KE1PR01DYGJZR1FK0DBBRCFR",True,False,3,"pcat_01KE1PQZNXSCTWKDPRZFZ99QA6","2026-01-03 10:34:11.885+00","2026-01-03 10:34:11.885+00",NULL,"{""original_id"": ""12661615011"", ""original_path"": ""Electronics > Portable Audio & Video > MP3 & MP4 Player Accessories > Cables"", ""original_level"": 3}"
"pcat_01KE1PR03BN57E2HC7T601M48S","Cases","","cases-4","pcat_01KE1PPB81J41E4DHBVBSK81D1.pcat_01KE1PQZE2GBCGEK1MGC4CQHXD.pcat_01KE1PQZNXSCTWKDPRZFZ99QA6.pcat_01KE1PR03BN57E2HC7T601M48S",True,False,4,"pcat_01KE1PQZNXSCTWKDPRZFZ99QA6","2026-01-03 10:34:11.948+00","2026-01-03 10:34:11.948+00",NULL,"{""original_id"": ""290605"", ""original_path"": ""Electronics > Portable Audio & Video > MP3 & MP4 Player Accessories > Cases"", ""original_level"": 3}"
"pcat_01KE1PR056495PBQN7BDXCY47E","Chargers & Power Adapters","","chargers-power-adapters-2","pcat_01KE1PPB81J41E4DHBVBSK81D1.pcat_01KE1PQZE2GBCGEK1MGC4CQHXD.pcat_01KE1PQZNXSCTWKDPRZFZ99QA6.pcat_01KE1PR056495PBQN7BDXCY47E",True,False,5,"pcat_01KE1PQZNXSCTWKDPRZFZ99QA6","2026-01-03 10:34:12.006+00","2026-01-03 10:34:12.006+00",NULL,"{""original_id"": ""15379741"", ""original_path"": ""Electronics > Portable Audio & Video > MP3 & MP4 Player Accessories > Chargers & Power Adapters"", ""original_level"": 3}"
"pcat_01KE1PR2P5BSERPEZYN95DD1CH","Nintendo 3DS","","nintendo-3ds","pcat_01KE1PPB81J41E4DHBVBSK81D1.pcat_01KE1PR2HF0KA8AGEF5SPP6F7C.pcat_01KE1PR2P5BSERPEZYN95DD1CH",True,False,1,"pcat_01KE1PR2HF0KA8AGEF5SPP6F7C","2026-01-03 10:34:14.597+00","2026-01-03 10:34:14.597+00",NULL,"{""original_id"": ""7926850011"", ""original_path"": ""Electronics > Video Game Consoles & Accessories > Nintendo 3DS"", ""original_level"": 2}"
"pcat_01KE1PR071A4Y1X0W9YAHXC3PT","Charging Cradles &  Stations","","charging-cradles-stations","pcat_01KE1PPB81J41E4DHBVBSK81D1.pcat_01KE1PQZE2GBCGEK1MGC4CQHXD.pcat_01KE1PQZNXSCTWKDPRZFZ99QA6.pcat_01KE1PR056495PBQN7BDXCY47E.pcat_01KE1PR071A4Y1X0W9YAHXC3PT",True,False,0,"pcat_01KE1PR056495PBQN7BDXCY47E","2026-01-03 10:34:12.065+00","2026-01-03 10:34:12.065+00",NULL,"{""original_id"": ""7965840011"", ""original_path"": ""Electronics > Portable Audio & Video > MP3 & MP4 Player Accessories > Chargers & Power Adapters > Charging Cradles &  Stations"", ""original_level"": 4}"
"pcat_01KE1PR092FTVY7N1382WG8YC2","Wall Chargers","","wall-chargers-2","pcat_01KE1PPB81J41E4DHBVBSK81D1.pcat_01KE1PQZE2GBCGEK1MGC4CQHXD.pcat_01KE1PQZNXSCTWKDPRZFZ99QA6.pcat_01KE1PR056495PBQN7BDXCY47E.pcat_01KE1PR092FTVY7N1382WG8YC2",True,False,1,"pcat_01KE1PR056495PBQN7BDXCY47E","2026-01-03 10:34:12.13+00","2026-01-03 10:34:12.13+00",NULL,"{""original_id"": ""7965831011"", ""original_path"": ""Electronics > Portable Audio & Video > MP3 & MP4 Player Accessories > Chargers & Power Adapters > Wall Chargers"", ""original_level"": 4}"
"pcat_01KE1PR0B2MJFNZ2EK1H04HP0C","Remote Controls","","remote-controls-7","pcat_01KE1PPB81J41E4DHBVBSK81D1.pcat_01KE1PQZE2GBCGEK1MGC4CQHXD.pcat_01KE1PQZNXSCTWKDPRZFZ99QA6.pcat_01KE1PR0B2MJFNZ2EK1H04HP0C",True,False,6,"pcat_01KE1PQZNXSCTWKDPRZFZ99QA6","2026-01-03 10:34:12.194+00","2026-01-03 10:34:12.194+00",NULL,"{""original_id"": ""13981651"", ""original_path"": ""Electronics > Portable Audio & Video > MP3 & MP4 Player Accessories > Remote Controls"", ""original_level"": 3}"
"pcat_01KE1PR0DKBWA22EW80YTS8EB5","Screen Protectors","","screen-protectors-5","pcat_01KE1PPB81J41E4DHBVBSK81D1.pcat_01KE1PQZE2GBCGEK1MGC4CQHXD.pcat_01KE1PQZNXSCTWKDPRZFZ99QA6.pcat_01KE1PR0DKBWA22EW80YTS8EB5",True,False,7,"pcat_01KE1PQZNXSCTWKDPRZFZ99QA6","2026-01-03 10:34:12.275+00","2026-01-03 10:34:12.275+00",NULL,"{""original_id"": ""2665394011"", ""original_path"": ""Electronics > Portable Audio & Video > MP3 & MP4 Player Accessories > Screen Protectors"", ""original_level"": 3}"
"pcat_01KE1PR0FQKPZB8GT61V7YQMXK","Skins & Decals","","skins-decals-2","pcat_01KE1PPB81J41E4DHBVBSK81D1.pcat_01KE1PQZE2GBCGEK1MGC4CQHXD.pcat_01KE1PQZNXSCTWKDPRZFZ99QA6.pcat_01KE1PR0FQKPZB8GT61V7YQMXK",True,False,8,"pcat_01KE1PQZNXSCTWKDPRZFZ99QA6","2026-01-03 10:34:12.343+00","2026-01-03 10:34:12.343+00",NULL,"{""original_id"": ""3247177011"", ""original_path"": ""Electronics > Portable Audio & Video > MP3 & MP4 Player Accessories > Skins & Decals"", ""original_level"": 3}"
"pcat_01KE1PR0HKMEF27Z7E70YNBKQF","MP3 & MP4 Players","","mp3-mp4-players","pcat_01KE1PPB81J41E4DHBVBSK81D1.pcat_01KE1PQZE2GBCGEK1MGC4CQHXD.pcat_01KE1PR0HKMEF27Z7E70YNBKQF",True,False,4,"pcat_01KE1PQZE2GBCGEK1MGC4CQHXD","2026-01-03 10:34:12.403+00","2026-01-03 10:34:12.403+00",NULL,"{""original_id"": ""1264866011"", ""original_path"": ""Electronics > Portable Audio & Video > MP3 & MP4 Players"", ""original_level"": 2}"
"pcat_01KE1PR0KH6RMMZK6B6R02YES3","Microcassette Recorders","","microcassette-recorders","pcat_01KE1PPB81J41E4DHBVBSK81D1.pcat_01KE1PQZE2GBCGEK1MGC4CQHXD.pcat_01KE1PR0KH6RMMZK6B6R02YES3",True,False,5,"pcat_01KE1PQZE2GBCGEK1MGC4CQHXD","2026-01-03 10:34:12.465+00","2026-01-03 10:34:12.465+00",NULL,"{""original_id"": ""172632"", ""original_path"": ""Electronics > Portable Audio & Video > Microcassette Recorders"", ""original_level"": 2}"
"pcat_01KE1PR0NMZ4H9NM8AHP40KWKZ","Minidisc Players","","minidisc-players","pcat_01KE1PPB81J41E4DHBVBSK81D1.pcat_01KE1PQZE2GBCGEK1MGC4CQHXD.pcat_01KE1PR0NMZ4H9NM8AHP40KWKZ",True,False,6,"pcat_01KE1PQZE2GBCGEK1MGC4CQHXD","2026-01-03 10:34:12.532+00","2026-01-03 10:34:12.532+00",NULL,"{""original_id"": ""172631"", ""original_path"": ""Electronics > Portable Audio & Video > Minidisc Players"", ""original_level"": 2}"
"pcat_01KE1PR0QE9B72WJ8WC72KW1B7","Portable & Handheld TVs","","portable-handheld-tvs","pcat_01KE1PPB81J41E4DHBVBSK81D1.pcat_01KE1PQZE2GBCGEK1MGC4CQHXD.pcat_01KE1PR0QE9B72WJ8WC72KW1B7",True,False,7,"pcat_01KE1PQZE2GBCGEK1MGC4CQHXD","2026-01-03 10:34:12.59+00","2026-01-03 10:34:12.59+00",NULL,"{""original_id"": ""979930011"", ""original_path"": ""Electronics > Portable Audio & Video > Portable & Handheld TVs"", ""original_level"": 2}"
"pcat_01KE1PR0S5F6AFRW1NX5JZY463","Portable CD Players","","portable-cd-players","pcat_01KE1PPB81J41E4DHBVBSK81D1.pcat_01KE1PQZE2GBCGEK1MGC4CQHXD.pcat_01KE1PR0S5F6AFRW1NX5JZY463",True,False,8,"pcat_01KE1PQZE2GBCGEK1MGC4CQHXD","2026-01-03 10:34:12.645+00","2026-01-03 10:34:12.645+00",NULL,"{""original_id"": ""465608"", ""original_path"": ""Electronics > Portable Audio & Video > Portable CD Players"", ""original_level"": 2}"
"pcat_01KE1PR0V1RRT8EC8B01VZPSYE","Radios","","radios","pcat_01KE1PPB81J41E4DHBVBSK81D1.pcat_01KE1PQZE2GBCGEK1MGC4CQHXD.pcat_01KE1PR0V1RRT8EC8B01VZPSYE",True,False,9,"pcat_01KE1PQZE2GBCGEK1MGC4CQHXD","2026-01-03 10:34:12.705+00","2026-01-03 10:34:12.705+00",NULL,"{""original_id"": ""172681"", ""original_path"": ""Electronics > Portable Audio & Video > Radios"", ""original_level"": 2}"
"pcat_01KE1PR0WT9V92E7401AK7P9K1","Personal Radios","","personal-radios","pcat_01KE1PPB81J41E4DHBVBSK81D1.pcat_01KE1PQZE2GBCGEK1MGC4CQHXD.pcat_01KE1PR0V1RRT8EC8B01VZPSYE.pcat_01KE1PR0WT9V92E7401AK7P9K1",True,False,0,"pcat_01KE1PR0V1RRT8EC8B01VZPSYE","2026-01-03 10:34:12.762+00","2026-01-03 10:34:12.762+00",NULL,"{""original_id"": ""1065908"", ""original_path"": ""Electronics > Portable Audio & Video > Radios > Personal Radios"", ""original_level"": 3}"
"pcat_01KE1PR10PAYRZAKF9BMQMZP2T","Weather Radios","","weather-radios","pcat_01KE1PPB81J41E4DHBVBSK81D1.pcat_01KE1PQZE2GBCGEK1MGC4CQHXD.pcat_01KE1PR0V1RRT8EC8B01VZPSYE.pcat_01KE1PR10PAYRZAKF9BMQMZP2T",True,False,2,"pcat_01KE1PR0V1RRT8EC8B01VZPSYE","2026-01-03 10:34:12.887+00","2026-01-03 10:34:12.887+00",NULL,"{""original_id"": ""6893245011"", ""original_path"": ""Electronics > Portable Audio & Video > Radios > Weather Radios"", ""original_level"": 3}"
"pcat_01KE1PR12H8GF21ZEN8ZVXBA7E","Television & Video","","television-video","pcat_01KE1PPB81J41E4DHBVBSK81D1.pcat_01KE1PR12H8GF21ZEN8ZVXBA7E",True,False,8,"pcat_01KE1PPB81J41E4DHBVBSK81D1","2026-01-03 10:34:12.945+00","2026-01-03 10:34:12.945+00",NULL,"{""original_id"": ""1266092011"", ""original_path"": ""Electronics > Television & Video"", ""original_level"": 1}"
"pcat_01KE1PR14G6Z1332Z8PRQ5SGQD","AV Receivers & Amplifiers","","av-receivers-amplifiers","pcat_01KE1PPB81J41E4DHBVBSK81D1.pcat_01KE1PR12H8GF21ZEN8ZVXBA7E.pcat_01KE1PR14G6Z1332Z8PRQ5SGQD",True,False,0,"pcat_01KE1PR12H8GF21ZEN8ZVXBA7E","2026-01-03 10:34:13.008+00","2026-01-03 10:34:13.008+00",NULL,"{""original_id"": ""3213035011"", ""original_path"": ""Electronics > Television & Video > AV Receivers & Amplifiers"", ""original_level"": 2}"
"pcat_01KE1PR16Q9HV5B8JSF3W4KSSG","Analog-to-Digital (DTV) Converters","","analog-to-digital-dtv-converters","pcat_01KE1PPB81J41E4DHBVBSK81D1.pcat_01KE1PR12H8GF21ZEN8ZVXBA7E.pcat_01KE1PR16Q9HV5B8JSF3W4KSSG",True,False,1,"pcat_01KE1PR12H8GF21ZEN8ZVXBA7E","2026-01-03 10:34:13.08+00","2026-01-03 10:34:13.08+00",NULL,"{""original_id"": ""979935011"", ""original_path"": ""Electronics > Television & Video > Analog-to-Digital (DTV) Converters"", ""original_level"": 2}"
"pcat_01KE1PR18Q9JYY13022Y4RA8HJ","Blu-ray Players & Recorders","","blu-ray-players-recorders","pcat_01KE1PPB81J41E4DHBVBSK81D1.pcat_01KE1PR12H8GF21ZEN8ZVXBA7E.pcat_01KE1PR18Q9JYY13022Y4RA8HJ",True,False,2,"pcat_01KE1PR12H8GF21ZEN8ZVXBA7E","2026-01-03 10:34:13.143+00","2026-01-03 10:34:13.143+00",NULL,"{""original_id"": ""3213025011"", ""original_path"": ""Electronics > Television & Video > Blu-ray Players & Recorders"", ""original_level"": 2}"
"pcat_01KE1PR1AW89XBA6RFADRQ904M","Blu-ray Players","","blu-ray-players","pcat_01KE1PPB81J41E4DHBVBSK81D1.pcat_01KE1PR12H8GF21ZEN8ZVXBA7E.pcat_01KE1PR18Q9JYY13022Y4RA8HJ.pcat_01KE1PR1AW89XBA6RFADRQ904M",True,False,0,"pcat_01KE1PR18Q9JYY13022Y4RA8HJ","2026-01-03 10:34:13.212+00","2026-01-03 10:34:13.212+00",NULL,"{""original_id"": ""352697011"", ""original_path"": ""Electronics > Television & Video > Blu-ray Players & Recorders > Blu-ray Players"", ""original_level"": 3}"
"pcat_01KE1PR1D3XD42SMC27AF72NDD","Blu-ray Recorders","","blu-ray-recorders","pcat_01KE1PPB81J41E4DHBVBSK81D1.pcat_01KE1PR12H8GF21ZEN8ZVXBA7E.pcat_01KE1PR18Q9JYY13022Y4RA8HJ.pcat_01KE1PR1D3XD42SMC27AF72NDD",True,False,1,"pcat_01KE1PR18Q9JYY13022Y4RA8HJ","2026-01-03 10:34:13.283+00","2026-01-03 10:34:13.283+00",NULL,"{""original_id"": ""3213026011"", ""original_path"": ""Electronics > Television & Video > Blu-ray Players & Recorders > Blu-ray Recorders"", ""original_level"": 3}"
"pcat_01KE1PRB3C42R2C9C3KB7MYHTY","Covers","","covers-2","pcat_01KE1PPB81J41E4DHBVBSK81D1.pcat_01KE1PRAZBB4WT0RS7Z7CX3FY5.pcat_01KE1PRB3C42R2C9C3KB7MYHTY",True,False,1,"pcat_01KE1PRAZBB4WT0RS7Z7CX3FY5","2026-01-03 10:34:23.212+00","2026-01-03 10:34:23.212+00",NULL,"{""original_id"": ""2642131011"", ""original_path"": ""Electronics > eBook Readers & Accessories > Covers"", ""original_level"": 2}"
"pcat_01KE1PR1H5251CB4MC4GVEGD0R","DVD Players","","dvd-players","pcat_01KE1PPB81J41E4DHBVBSK81D1.pcat_01KE1PR12H8GF21ZEN8ZVXBA7E.pcat_01KE1PR1F5WNE2G9Z3E5Y7MABA.pcat_01KE1PR1H5251CB4MC4GVEGD0R",True,False,0,"pcat_01KE1PR1F5WNE2G9Z3E5Y7MABA","2026-01-03 10:34:13.413+00","2026-01-03 10:34:13.413+00",NULL,"{""original_id"": ""1036922"", ""original_path"": ""Electronics > Television & Video > DVD Players & Recorders > DVD Players"", ""original_level"": 3}"
"pcat_01KE1PR1K4STD5E18T9M2E8SCX","DVD Recorders","","dvd-recorders","pcat_01KE1PPB81J41E4DHBVBSK81D1.pcat_01KE1PR12H8GF21ZEN8ZVXBA7E.pcat_01KE1PR1F5WNE2G9Z3E5Y7MABA.pcat_01KE1PR1K4STD5E18T9M2E8SCX",True,False,1,"pcat_01KE1PR1F5WNE2G9Z3E5Y7MABA","2026-01-03 10:34:13.476+00","2026-01-03 10:34:13.476+00",NULL,"{""original_id"": ""1036920"", ""original_path"": ""Electronics > Television & Video > DVD Players & Recorders > DVD Recorders"", ""original_level"": 3}"
"pcat_01KE1PR1N234KJPX55W80WX3T7","Portable DVD Players","","portable-dvd-players","pcat_01KE1PPB81J41E4DHBVBSK81D1.pcat_01KE1PR12H8GF21ZEN8ZVXBA7E.pcat_01KE1PR1F5WNE2G9Z3E5Y7MABA.pcat_01KE1PR1N234KJPX55W80WX3T7",True,False,2,"pcat_01KE1PR1F5WNE2G9Z3E5Y7MABA","2026-01-03 10:34:13.538+00","2026-01-03 10:34:13.538+00",NULL,"{""original_id"": ""172521"", ""original_path"": ""Electronics > Television & Video > DVD Players & Recorders > Portable DVD Players"", ""original_level"": 3}"
"pcat_01KE1PR1PSJJHBRMR57S4C4A2A","DVD-VCR Combos","","dvd-vcr-combos","pcat_01KE1PPB81J41E4DHBVBSK81D1.pcat_01KE1PR12H8GF21ZEN8ZVXBA7E.pcat_01KE1PR1PSJJHBRMR57S4C4A2A",True,False,4,"pcat_01KE1PR12H8GF21ZEN8ZVXBA7E","2026-01-03 10:34:13.593+00","2026-01-03 10:34:13.593+00",NULL,"{""original_id"": ""886258"", ""original_path"": ""Electronics > Television & Video > DVD-VCR Combos"", ""original_level"": 2}"
"pcat_01KE1PR1RNS6R5TERDAE6961Y3","HD DVD Players","","hd-dvd-players","pcat_01KE1PPB81J41E4DHBVBSK81D1.pcat_01KE1PR12H8GF21ZEN8ZVXBA7E.pcat_01KE1PR1RNS6R5TERDAE6961Y3",True,False,5,"pcat_01KE1PR12H8GF21ZEN8ZVXBA7E","2026-01-03 10:34:13.653+00","2026-01-03 10:34:13.653+00",NULL,"{""original_id"": ""352696011"", ""original_path"": ""Electronics > Television & Video > HD DVD Players"", ""original_level"": 2}"
"pcat_01KE1PR1TKQZ9X977NZ0NZQBK6","Home Theater Systems","","home-theater-systems","pcat_01KE1PPB81J41E4DHBVBSK81D1.pcat_01KE1PR12H8GF21ZEN8ZVXBA7E.pcat_01KE1PR1TKQZ9X977NZ0NZQBK6",True,False,6,"pcat_01KE1PR12H8GF21ZEN8ZVXBA7E","2026-01-03 10:34:13.715+00","2026-01-03 10:34:13.715+00",NULL,"{""original_id"": ""281056"", ""original_path"": ""Electronics > Television & Video > Home Theater Systems"", ""original_level"": 2}"
"pcat_01KE1PR1WJ6CTE66RQDAWYBDMV","Satellite Television","","satellite-television","pcat_01KE1PPB81J41E4DHBVBSK81D1.pcat_01KE1PR12H8GF21ZEN8ZVXBA7E.pcat_01KE1PR1WJ6CTE66RQDAWYBDMV",True,False,7,"pcat_01KE1PR12H8GF21ZEN8ZVXBA7E","2026-01-03 10:34:13.778+00","2026-01-03 10:34:13.778+00",NULL,"{""original_id"": ""400080"", ""original_path"": ""Electronics > Television & Video > Satellite Television"", ""original_level"": 2}"
"pcat_01KE1PR1YTKBZ7DQP9WND9F6W5","Receivers","","receivers-2","pcat_01KE1PPB81J41E4DHBVBSK81D1.pcat_01KE1PR12H8GF21ZEN8ZVXBA7E.pcat_01KE1PR1WJ6CTE66RQDAWYBDMV.pcat_01KE1PR1YTKBZ7DQP9WND9F6W5",True,False,0,"pcat_01KE1PR1WJ6CTE66RQDAWYBDMV","2026-01-03 10:34:13.85+00","2026-01-03 10:34:13.85+00",NULL,"{""original_id"": ""572052"", ""original_path"": ""Electronics > Television & Video > Satellite Television > Receivers"", ""original_level"": 3}"
"pcat_01KE1PR20YH1V3HXEA28GXHBJ7","Satellite Dishes","","satellite-dishes","pcat_01KE1PPB81J41E4DHBVBSK81D1.pcat_01KE1PR12H8GF21ZEN8ZVXBA7E.pcat_01KE1PR1WJ6CTE66RQDAWYBDMV.pcat_01KE1PR20YH1V3HXEA28GXHBJ7",True,False,1,"pcat_01KE1PR1WJ6CTE66RQDAWYBDMV","2026-01-03 10:34:13.918+00","2026-01-03 10:34:13.918+00",NULL,"{""original_id"": ""3213028011"", ""original_path"": ""Electronics > Television & Video > Satellite Television > Satellite Dishes"", ""original_level"": 3}"
"pcat_01KE1PR22T7EQ0X9T00BMBX3PZ","Systems","","systems","pcat_01KE1PPB81J41E4DHBVBSK81D1.pcat_01KE1PR12H8GF21ZEN8ZVXBA7E.pcat_01KE1PR1WJ6CTE66RQDAWYBDMV.pcat_01KE1PR22T7EQ0X9T00BMBX3PZ",True,False,2,"pcat_01KE1PR1WJ6CTE66RQDAWYBDMV","2026-01-03 10:34:13.978+00","2026-01-03 10:34:13.978+00",NULL,"{""original_id"": ""400082"", ""original_path"": ""Electronics > Television & Video > Satellite Television > Systems"", ""original_level"": 3}"
"pcat_01KE1PR24NSZVVCZHX8CJ2NA0P","TV-DVD Combos","","tv-dvd-combos","pcat_01KE1PPB81J41E4DHBVBSK81D1.pcat_01KE1PR12H8GF21ZEN8ZVXBA7E.pcat_01KE1PR24NSZVVCZHX8CJ2NA0P",True,False,8,"pcat_01KE1PR12H8GF21ZEN8ZVXBA7E","2026-01-03 10:34:14.037+00","2026-01-03 10:34:14.037+00",NULL,"{""original_id"": ""578960"", ""original_path"": ""Electronics > Television & Video > TV-DVD Combos"", ""original_level"": 2}"
"pcat_01KE1PR28TVF4N7VQT6JNQZQKK","LED & LCD TVs","","led-lcd-tvs","pcat_01KE1PPB81J41E4DHBVBSK81D1.pcat_01KE1PR12H8GF21ZEN8ZVXBA7E.pcat_01KE1PR26GMRHVEZJF3BM0D0D0.pcat_01KE1PR28TVF4N7VQT6JNQZQKK",True,False,0,"pcat_01KE1PR26GMRHVEZJF3BM0D0D0","2026-01-03 10:34:14.17+00","2026-01-03 10:34:14.17+00",NULL,"{""original_id"": ""6459737011"", ""original_path"": ""Electronics > Television & Video > Televisions > LED & LCD TVs"", ""original_level"": 3}"
"pcat_01KE1PR2B3HXCVR0HPWPMA8RP1","OLED TVs","","oled-tvs","pcat_01KE1PPB81J41E4DHBVBSK81D1.pcat_01KE1PR12H8GF21ZEN8ZVXBA7E.pcat_01KE1PR26GMRHVEZJF3BM0D0D0.pcat_01KE1PR2B3HXCVR0HPWPMA8RP1",True,False,1,"pcat_01KE1PR26GMRHVEZJF3BM0D0D0","2026-01-03 10:34:14.243+00","2026-01-03 10:34:14.243+00",NULL,"{""original_id"": ""6463520011"", ""original_path"": ""Electronics > Television & Video > Televisions > OLED TVs"", ""original_level"": 3}"
"pcat_01KE1PR2D7DDM3E3YZVNXYQ1VV","VCRs","","vcrs","pcat_01KE1PPB81J41E4DHBVBSK81D1.pcat_01KE1PR12H8GF21ZEN8ZVXBA7E.pcat_01KE1PR2D7DDM3E3YZVNXYQ1VV",True,False,10,"pcat_01KE1PR12H8GF21ZEN8ZVXBA7E","2026-01-03 10:34:14.311+00","2026-01-03 10:34:14.311+00",NULL,"{""original_id"": ""172669"", ""original_path"": ""Electronics > Television & Video > VCRs"", ""original_level"": 2}"
"pcat_01KE1PR2F82Q3C4FAJTSWGC9MT","Video Glasses","","video-glasses","pcat_01KE1PPB81J41E4DHBVBSK81D1.pcat_01KE1PR12H8GF21ZEN8ZVXBA7E.pcat_01KE1PR2F82Q3C4FAJTSWGC9MT",True,False,11,"pcat_01KE1PR12H8GF21ZEN8ZVXBA7E","2026-01-03 10:34:14.376+00","2026-01-03 10:34:14.376+00",NULL,"{""original_id"": ""3213034011"", ""original_path"": ""Electronics > Television & Video > Video Glasses"", ""original_level"": 2}"
"pcat_01KE1PR2HF0KA8AGEF5SPP6F7C","Video Game Consoles & Accessories","","video-game-consoles-accessories","pcat_01KE1PPB81J41E4DHBVBSK81D1.pcat_01KE1PR2HF0KA8AGEF5SPP6F7C",True,False,9,"pcat_01KE1PPB81J41E4DHBVBSK81D1","2026-01-03 10:34:14.447+00","2026-01-03 10:34:14.447+00",NULL,"{""original_id"": ""7926841011"", ""original_path"": ""Electronics > Video Game Consoles & Accessories"", ""original_level"": 1}"
"pcat_01KE1PR2KWDC9ERWTG3A79CY41","Fire TV","","fire-tv","pcat_01KE1PPB81J41E4DHBVBSK81D1.pcat_01KE1PR2HF0KA8AGEF5SPP6F7C.pcat_01KE1PR2KWDC9ERWTG3A79CY41",True,False,0,"pcat_01KE1PR2HF0KA8AGEF5SPP6F7C","2026-01-03 10:34:14.524+00","2026-01-03 10:34:14.524+00",NULL,"{""original_id"": ""8946437011"", ""original_path"": ""Electronics > Video Game Consoles & Accessories > Fire TV"", ""original_level"": 2}"
"pcat_01KE1PR2TA9ESFXAJ1C08G7BQ7","Accessories","","accessories-2","pcat_01KE1PPB81J41E4DHBVBSK81D1.pcat_01KE1PR2HF0KA8AGEF5SPP6F7C.pcat_01KE1PR2R3VH8NXFA5K42YT1J6.pcat_01KE1PR2TA9ESFXAJ1C08G7BQ7",True,False,0,"pcat_01KE1PR2R3VH8NXFA5K42YT1J6","2026-01-03 10:34:14.73+00","2026-01-03 10:34:14.73+00",NULL,"{""original_id"": ""11076521"", ""original_path"": ""Electronics > Video Game Consoles & Accessories > Nintendo DS > Accessories"", ""original_level"": 3}"
"pcat_01KE1PR2W55RVCFJBC2QFRT628","Accessory Kits","","accessory-kits-3","pcat_01KE1PPB81J41E4DHBVBSK81D1.pcat_01KE1PR2HF0KA8AGEF5SPP6F7C.pcat_01KE1PR2R3VH8NXFA5K42YT1J6.pcat_01KE1PR2TA9ESFXAJ1C08G7BQ7.pcat_01KE1PR2W55RVCFJBC2QFRT628",True,False,0,"pcat_01KE1PR2TA9ESFXAJ1C08G7BQ7","2026-01-03 10:34:14.789+00","2026-01-03 10:34:14.789+00",NULL,"{""original_id"": ""353829011"", ""original_path"": ""Video Games > Nintendo DS > Accessories > Accessory Kits"", ""original_level"": 4}"
"pcat_01KE1PR2Y5YRK9N4ET5MQFH6Y2","Batteries & Chargers","","batteries-chargers-2","pcat_01KE1PPB81J41E4DHBVBSK81D1.pcat_01KE1PR2HF0KA8AGEF5SPP6F7C.pcat_01KE1PR2R3VH8NXFA5K42YT1J6.pcat_01KE1PR2TA9ESFXAJ1C08G7BQ7.pcat_01KE1PR2Y5YRK9N4ET5MQFH6Y2",True,False,1,"pcat_01KE1PR2TA9ESFXAJ1C08G7BQ7","2026-01-03 10:34:14.854+00","2026-01-03 10:34:14.854+00",NULL,"{""original_id"": ""11076531"", ""original_path"": ""Electronics > Video Game Consoles & Accessories > Nintendo DS > Accessories > Batteries & Chargers"", ""original_level"": 4}"
"pcat_01KE1PR30YTZ1VECADVVXCNXE4","Batteries","","batteries-8","pcat_01KE1PPB81J41E4DHBVBSK81D1.pcat_01KE1PR2HF0KA8AGEF5SPP6F7C.pcat_01KE1PR2R3VH8NXFA5K42YT1J6.pcat_01KE1PR2TA9ESFXAJ1C08G7BQ7.pcat_01KE1PR2Y5YRK9N4ET5MQFH6Y2.pcat_01KE1PR30YTZ1VECADVVXCNXE4",True,False,0,"pcat_01KE1PR2Y5YRK9N4ET5MQFH6Y2","2026-01-03 10:34:14.942+00","2026-01-03 10:34:14.942+00",NULL,"{""original_id"": ""724069011"", ""original_path"": ""Video Games > Nintendo DS > Accessories > Batteries & Chargers > Batteries"", ""original_level"": 0}"
"pcat_01KE1PR33EXKMM0Q1N8DA4JTV0","Chargers","","chargers","pcat_01KE1PPB81J41E4DHBVBSK81D1.pcat_01KE1PR2HF0KA8AGEF5SPP6F7C.pcat_01KE1PR2R3VH8NXFA5K42YT1J6.pcat_01KE1PR2TA9ESFXAJ1C08G7BQ7.pcat_01KE1PR2Y5YRK9N4ET5MQFH6Y2.pcat_01KE1PR33EXKMM0Q1N8DA4JTV0",True,False,1,"pcat_01KE1PR2Y5YRK9N4ET5MQFH6Y2","2026-01-03 10:34:15.022+00","2026-01-03 10:34:15.022+00",NULL,"{""original_id"": ""724063011"", ""original_path"": ""Video Games > Nintendo DS > Accessories > Batteries & Chargers > Chargers"", ""original_level"": 0}"
"pcat_01KE1PR35F98VSG2H8MYKHFZD3","Cables & Adapters","","cables-adapters","pcat_01KE1PPB81J41E4DHBVBSK81D1.pcat_01KE1PR2HF0KA8AGEF5SPP6F7C.pcat_01KE1PR2R3VH8NXFA5K42YT1J6.pcat_01KE1PR2TA9ESFXAJ1C08G7BQ7.pcat_01KE1PR35F98VSG2H8MYKHFZD3",True,False,2,"pcat_01KE1PR2TA9ESFXAJ1C08G7BQ7","2026-01-03 10:34:15.087+00","2026-01-03 10:34:15.087+00",NULL,"{""original_id"": ""11076541"", ""original_path"": ""Electronics > Video Game Consoles & Accessories > Nintendo DS > Accessories > Cables & Adapters"", ""original_level"": 4}"
"pcat_01KE1PR37VK1Q56DE4DHX520QB","Adapters","","adapters-3","pcat_01KE1PPB81J41E4DHBVBSK81D1.pcat_01KE1PR2HF0KA8AGEF5SPP6F7C.pcat_01KE1PR2R3VH8NXFA5K42YT1J6.pcat_01KE1PR2TA9ESFXAJ1C08G7BQ7.pcat_01KE1PR35F98VSG2H8MYKHFZD3.pcat_01KE1PR37VK1Q56DE4DHX520QB",True,False,0,"pcat_01KE1PR35F98VSG2H8MYKHFZD3","2026-01-03 10:34:15.163+00","2026-01-03 10:34:15.163+00",NULL,"{""original_id"": ""724137011"", ""original_path"": ""Video Games > Nintendo DS > Accessories > Cables & Adapters > Adapters"", ""original_level"": 0}"
"pcat_01KE1PR3AE582D0TBSFCNXPXP9","Cables","","cables-4","pcat_01KE1PPB81J41E4DHBVBSK81D1.pcat_01KE1PR2HF0KA8AGEF5SPP6F7C.pcat_01KE1PR2R3VH8NXFA5K42YT1J6.pcat_01KE1PR2TA9ESFXAJ1C08G7BQ7.pcat_01KE1PR35F98VSG2H8MYKHFZD3.pcat_01KE1PR3AE582D0TBSFCNXPXP9",True,False,1,"pcat_01KE1PR35F98VSG2H8MYKHFZD3","2026-01-03 10:34:15.247+00","2026-01-03 10:34:15.247+00",NULL,"{""original_id"": ""724128011"", ""original_path"": ""Video Games > Nintendo DS > Accessories > Cables & Adapters > Cables"", ""original_level"": 0}"
"pcat_01KE1PR3CXYM185XKAXEF2WVTB","Cases & Storage","","cases-storage","pcat_01KE1PPB81J41E4DHBVBSK81D1.pcat_01KE1PR2HF0KA8AGEF5SPP6F7C.pcat_01KE1PR2R3VH8NXFA5K42YT1J6.pcat_01KE1PR2TA9ESFXAJ1C08G7BQ7.pcat_01KE1PR3CXYM185XKAXEF2WVTB",True,False,3,"pcat_01KE1PR2TA9ESFXAJ1C08G7BQ7","2026-01-03 10:34:15.326+00","2026-01-03 10:34:15.326+00",NULL,"{""original_id"": ""11076551"", ""original_path"": ""Video Games > Nintendo DS > Accessories > Cases & Storage"", ""original_level"": 4}"
"pcat_01KE1PR3F8S478XV875DGX46JD","Hand Grips","","hand-grips","pcat_01KE1PPB81J41E4DHBVBSK81D1.pcat_01KE1PR2HF0KA8AGEF5SPP6F7C.pcat_01KE1PR2R3VH8NXFA5K42YT1J6.pcat_01KE1PR2TA9ESFXAJ1C08G7BQ7.pcat_01KE1PR3F8S478XV875DGX46JD",True,False,4,"pcat_01KE1PR2TA9ESFXAJ1C08G7BQ7","2026-01-03 10:34:15.4+00","2026-01-03 10:34:15.4+00",NULL,"{""original_id"": ""10110990011"", ""original_path"": ""Video Games > Nintendo DS > Accessories > Hand Grips"", ""original_level"": 4}"
"pcat_01KE1PR3HD0PGH4V6E77NP80J2","Headsets","","headsets-4","pcat_01KE1PPB81J41E4DHBVBSK81D1.pcat_01KE1PR2HF0KA8AGEF5SPP6F7C.pcat_01KE1PR2R3VH8NXFA5K42YT1J6.pcat_01KE1PR2TA9ESFXAJ1C08G7BQ7.pcat_01KE1PR3HD0PGH4V6E77NP80J2",True,False,5,"pcat_01KE1PR2TA9ESFXAJ1C08G7BQ7","2026-01-03 10:34:15.47+00","2026-01-03 10:34:15.47+00",NULL,"{""original_id"": ""2607927011"", ""original_path"": ""Video Games > Nintendo DS > Accessories > Headsets"", ""original_level"": 4}"
"pcat_01KE1PR3KE72MSAA1FKRGTAADS","Stylus Pens","","stylus-pens","pcat_01KE1PPB81J41E4DHBVBSK81D1.pcat_01KE1PR2HF0KA8AGEF5SPP6F7C.pcat_01KE1PR2R3VH8NXFA5K42YT1J6.pcat_01KE1PR2TA9ESFXAJ1C08G7BQ7.pcat_01KE1PR3KE72MSAA1FKRGTAADS",True,False,6,"pcat_01KE1PR2TA9ESFXAJ1C08G7BQ7","2026-01-03 10:34:15.534+00","2026-01-03 10:34:15.534+00",NULL,"{""original_id"": ""10110996011"", ""original_path"": ""Electronics > Video Game Consoles & Accessories > Nintendo DS > Accessories > Stylus Pens"", ""original_level"": 4}"
"pcat_01KE1PR3NNS8Q0PHFYHP2B3070","Consoles","","consoles","pcat_01KE1PPB81J41E4DHBVBSK81D1.pcat_01KE1PR2HF0KA8AGEF5SPP6F7C.pcat_01KE1PR2R3VH8NXFA5K42YT1J6.pcat_01KE1PR3NNS8Q0PHFYHP2B3070",True,False,1,"pcat_01KE1PR2R3VH8NXFA5K42YT1J6","2026-01-03 10:34:15.605+00","2026-01-03 10:34:15.605+00",NULL,"{""original_id"": ""11076561"", ""original_path"": ""Electronics > Video Game Consoles & Accessories > Nintendo DS > Consoles"", ""original_level"": 3}"
"pcat_01KE1PR3QT7M7W2R22X9MDKXA0","PlayStation 3","","playstation-3","pcat_01KE1PPB81J41E4DHBVBSK81D1.pcat_01KE1PR2HF0KA8AGEF5SPP6F7C.pcat_01KE1PR3QT7M7W2R22X9MDKXA0",True,False,3,"pcat_01KE1PR2HF0KA8AGEF5SPP6F7C","2026-01-03 10:34:15.674+00","2026-01-03 10:34:15.674+00",NULL,"{""original_id"": ""7926843011"", ""original_path"": ""Electronics > Video Game Consoles & Accessories > PlayStation 3"", ""original_level"": 2}"
"pcat_01KE1PR3SPMT2QSYEVAJ3V82KM","Consoles","","consoles-2","pcat_01KE1PPB81J41E4DHBVBSK81D1.pcat_01KE1PR2HF0KA8AGEF5SPP6F7C.pcat_01KE1PR3QT7M7W2R22X9MDKXA0.pcat_01KE1PR3SPMT2QSYEVAJ3V82KM",True,False,0,"pcat_01KE1PR3QT7M7W2R22X9MDKXA0","2026-01-03 10:34:15.734+00","2026-01-03 10:34:15.734+00",NULL,"{""original_id"": ""14210711"", ""original_path"": ""Electronics > Video Game Consoles & Accessories > PlayStation 3 > Consoles"", ""original_level"": 3}"
"pcat_01KE1PR3VKZQ9DT0AFPWVHRJPZ","PlayStation 4","","playstation-4","pcat_01KE1PPB81J41E4DHBVBSK81D1.pcat_01KE1PR2HF0KA8AGEF5SPP6F7C.pcat_01KE1PR3VKZQ9DT0AFPWVHRJPZ",True,False,4,"pcat_01KE1PR2HF0KA8AGEF5SPP6F7C","2026-01-03 10:34:15.795+00","2026-01-03 10:34:15.795+00",NULL,"{""original_id"": ""7926842011"", ""original_path"": ""Electronics > Video Game Consoles & Accessories > PlayStation 4"", ""original_level"": 2}"
"pcat_01KE1PR3XF7FZWPAQH7FVVS3WJ","Consoles","","consoles-3","pcat_01KE1PPB81J41E4DHBVBSK81D1.pcat_01KE1PR2HF0KA8AGEF5SPP6F7C.pcat_01KE1PR3VKZQ9DT0AFPWVHRJPZ.pcat_01KE1PR3XF7FZWPAQH7FVVS3WJ",True,False,0,"pcat_01KE1PR3VKZQ9DT0AFPWVHRJPZ","2026-01-03 10:34:15.855+00","2026-01-03 10:34:15.855+00",NULL,"{""original_id"": ""6427871011"", ""original_path"": ""Electronics > Video Game Consoles & Accessories > PlayStation 4 > Consoles"", ""original_level"": 3}"
"pcat_01KE1PR3ZC1SZK01Z3KX957V5M","PlayStation Vita","","playstation-vita","pcat_01KE1PPB81J41E4DHBVBSK81D1.pcat_01KE1PR2HF0KA8AGEF5SPP6F7C.pcat_01KE1PR3ZC1SZK01Z3KX957V5M",True,False,5,"pcat_01KE1PR2HF0KA8AGEF5SPP6F7C","2026-01-03 10:34:15.916+00","2026-01-03 10:34:15.916+00",NULL,"{""original_id"": ""7926852011"", ""original_path"": ""Electronics > Video Game Consoles & Accessories > PlayStation Vita"", ""original_level"": 2}"
"pcat_01KE1PR41H1ZP6AWQRX7F9DSAK","Accessories","","accessories-3","pcat_01KE1PPB81J41E4DHBVBSK81D1.pcat_01KE1PR2HF0KA8AGEF5SPP6F7C.pcat_01KE1PR3ZC1SZK01Z3KX957V5M.pcat_01KE1PR41H1ZP6AWQRX7F9DSAK",True,False,0,"pcat_01KE1PR3ZC1SZK01Z3KX957V5M","2026-01-03 10:34:15.985+00","2026-01-03 10:34:15.985+00",NULL,"{""original_id"": ""3010600011"", ""original_path"": ""Electronics > Video Game Consoles & Accessories > PlayStation Vita > Accessories"", ""original_level"": 3}"
"pcat_01KE1PR442FDAZ64TE25R2Q8QT","Accessory Kits","","accessory-kits-4","pcat_01KE1PPB81J41E4DHBVBSK81D1.pcat_01KE1PR2HF0KA8AGEF5SPP6F7C.pcat_01KE1PR3ZC1SZK01Z3KX957V5M.pcat_01KE1PR41H1ZP6AWQRX7F9DSAK.pcat_01KE1PR442FDAZ64TE25R2Q8QT",True,False,0,"pcat_01KE1PR41H1ZP6AWQRX7F9DSAK","2026-01-03 10:34:16.067+00","2026-01-03 10:34:16.067+00",NULL,"{""original_id"": ""3010602011"", ""original_path"": ""Electronics > Video Game Consoles & Accessories > PlayStation Vita > Accessories > Accessory Kits"", ""original_level"": 4}"
"pcat_01KE1PR465H1Z2EMZTF6Y3TXC6","Batteries & Chargers","","batteries-chargers-3","pcat_01KE1PPB81J41E4DHBVBSK81D1.pcat_01KE1PR2HF0KA8AGEF5SPP6F7C.pcat_01KE1PR3ZC1SZK01Z3KX957V5M.pcat_01KE1PR41H1ZP6AWQRX7F9DSAK.pcat_01KE1PR465H1Z2EMZTF6Y3TXC6",True,False,1,"pcat_01KE1PR41H1ZP6AWQRX7F9DSAK","2026-01-03 10:34:16.133+00","2026-01-03 10:34:16.133+00",NULL,"{""original_id"": ""3010603011"", ""original_path"": ""Electronics > Video Game Consoles & Accessories > PlayStation Vita > Accessories > Batteries & Chargers"", ""original_level"": 4}"
"pcat_01KE1PR4801WA4VMEMJSV5KTTW","Batteries","","batteries-9","pcat_01KE1PPB81J41E4DHBVBSK81D1.pcat_01KE1PR2HF0KA8AGEF5SPP6F7C.pcat_01KE1PR3ZC1SZK01Z3KX957V5M.pcat_01KE1PR41H1ZP6AWQRX7F9DSAK.pcat_01KE1PR465H1Z2EMZTF6Y3TXC6.pcat_01KE1PR4801WA4VMEMJSV5KTTW",True,False,0,"pcat_01KE1PR465H1Z2EMZTF6Y3TXC6","2026-01-03 10:34:16.192+00","2026-01-03 10:34:16.192+00",NULL,"{""original_id"": ""3010605011"", ""original_path"": ""Video Games > PlayStation Vita > Accessories > Batteries & Chargers > Batteries"", ""original_level"": 0}"
"pcat_01KE1PR49T66525DXDBCEJCXNS","Chargers","","chargers-2","pcat_01KE1PPB81J41E4DHBVBSK81D1.pcat_01KE1PR2HF0KA8AGEF5SPP6F7C.pcat_01KE1PR3ZC1SZK01Z3KX957V5M.pcat_01KE1PR41H1ZP6AWQRX7F9DSAK.pcat_01KE1PR465H1Z2EMZTF6Y3TXC6.pcat_01KE1PR49T66525DXDBCEJCXNS",True,False,1,"pcat_01KE1PR465H1Z2EMZTF6Y3TXC6","2026-01-03 10:34:16.251+00","2026-01-03 10:34:16.251+00",NULL,"{""original_id"": ""3010604011"", ""original_path"": ""Video Games > PlayStation Vita > Accessories > Batteries & Chargers > Chargers"", ""original_level"": 0}"
"pcat_01KE1PR4BQ9DVRJ5QT5G21RHDF","Cables & Adapters","","cables-adapters-2","pcat_01KE1PPB81J41E4DHBVBSK81D1.pcat_01KE1PR2HF0KA8AGEF5SPP6F7C.pcat_01KE1PR3ZC1SZK01Z3KX957V5M.pcat_01KE1PR41H1ZP6AWQRX7F9DSAK.pcat_01KE1PR4BQ9DVRJ5QT5G21RHDF",True,False,2,"pcat_01KE1PR41H1ZP6AWQRX7F9DSAK","2026-01-03 10:34:16.311+00","2026-01-03 10:34:16.311+00",NULL,"{""original_id"": ""3010606011"", ""original_path"": ""Electronics > Video Game Consoles & Accessories > PlayStation Vita > Accessories > Cables & Adapters"", ""original_level"": 4}"
"pcat_01KE1PR4DYRJGBGZJJT8W43N4N","Adapters","","adapters-4","pcat_01KE1PPB81J41E4DHBVBSK81D1.pcat_01KE1PR2HF0KA8AGEF5SPP6F7C.pcat_01KE1PR3ZC1SZK01Z3KX957V5M.pcat_01KE1PR41H1ZP6AWQRX7F9DSAK.pcat_01KE1PR4BQ9DVRJ5QT5G21RHDF.pcat_01KE1PR4DYRJGBGZJJT8W43N4N",True,False,0,"pcat_01KE1PR4BQ9DVRJ5QT5G21RHDF","2026-01-03 10:34:16.382+00","2026-01-03 10:34:16.382+00",NULL,"{""original_id"": ""3010608011"", ""original_path"": ""Video Games > PlayStation Vita > Accessories > Cables & Adapters > Adapters"", ""original_level"": 0}"
"pcat_01KE1PR4FZ1GZ5M81JM08ZM2C0","Cables","","cables-5","pcat_01KE1PPB81J41E4DHBVBSK81D1.pcat_01KE1PR2HF0KA8AGEF5SPP6F7C.pcat_01KE1PR3ZC1SZK01Z3KX957V5M.pcat_01KE1PR41H1ZP6AWQRX7F9DSAK.pcat_01KE1PR4BQ9DVRJ5QT5G21RHDF.pcat_01KE1PR4FZ1GZ5M81JM08ZM2C0",True,False,1,"pcat_01KE1PR4BQ9DVRJ5QT5G21RHDF","2026-01-03 10:34:16.447+00","2026-01-03 10:34:16.447+00",NULL,"{""original_id"": ""3010607011"", ""original_path"": ""Video Games > PlayStation Vita > Accessories > Cables & Adapters > Cables"", ""original_level"": 0}"
"pcat_01KE1PR4HW9FRZDF0JK4XQP5K6","Cases & Storage","","cases-storage-2","pcat_01KE1PPB81J41E4DHBVBSK81D1.pcat_01KE1PR2HF0KA8AGEF5SPP6F7C.pcat_01KE1PR3ZC1SZK01Z3KX957V5M.pcat_01KE1PR41H1ZP6AWQRX7F9DSAK.pcat_01KE1PR4HW9FRZDF0JK4XQP5K6",True,False,3,"pcat_01KE1PR41H1ZP6AWQRX7F9DSAK","2026-01-03 10:34:16.508+00","2026-01-03 10:34:16.508+00",NULL,"{""original_id"": ""3010609011"", ""original_path"": ""Electronics > Video Game Consoles & Accessories > PlayStation Vita > Accessories > Cases & Storage"", ""original_level"": 4}"
"pcat_01KE1PR6K1JHQ21QAJDMDM300Y","Cables & Adapters","","cables-adapters-4","pcat_01KE1PPB81J41E4DHBVBSK81D1.pcat_01KE1PR2HF0KA8AGEF5SPP6F7C.pcat_01KE1PR67BPW4X9WW35WRKXF97.pcat_01KE1PR69DHNYRVAAJZTYHRZS1.pcat_01KE1PR6K1JHQ21QAJDMDM300Y",True,False,2,"pcat_01KE1PR69DHNYRVAAJZTYHRZS1","2026-01-03 10:34:18.593+00","2026-01-03 10:34:18.593+00",NULL,"{""original_id"": ""14218841"", ""original_path"": ""Electronics > Video Game Consoles & Accessories > Wii > Accessories > Cables & Adapters"", ""original_level"": 4}"
"pcat_01KE1PR4KZAMEQJV295X4TWWXB","Faceplates, Protectors & Skins","","faceplates-protectors-skins","pcat_01KE1PPB81J41E4DHBVBSK81D1.pcat_01KE1PR2HF0KA8AGEF5SPP6F7C.pcat_01KE1PR3ZC1SZK01Z3KX957V5M.pcat_01KE1PR41H1ZP6AWQRX7F9DSAK.pcat_01KE1PR4KZAMEQJV295X4TWWXB",True,False,4,"pcat_01KE1PR41H1ZP6AWQRX7F9DSAK","2026-01-03 10:34:16.575+00","2026-01-03 10:34:16.575+00",NULL,"{""original_id"": ""10111065011"", ""original_path"": ""Electronics > Video Game Consoles & Accessories > PlayStation Vita > Accessories > Faceplates, Protectors & Skins"", ""original_level"": 4}"
"pcat_01KE1PR4P360D3KHM34V8SQWMH","Faceplates","","faceplates","pcat_01KE1PPB81J41E4DHBVBSK81D1.pcat_01KE1PR2HF0KA8AGEF5SPP6F7C.pcat_01KE1PR3ZC1SZK01Z3KX957V5M.pcat_01KE1PR41H1ZP6AWQRX7F9DSAK.pcat_01KE1PR4KZAMEQJV295X4TWWXB.pcat_01KE1PR4P360D3KHM34V8SQWMH",True,False,0,"pcat_01KE1PR4KZAMEQJV295X4TWWXB","2026-01-03 10:34:16.643+00","2026-01-03 10:34:16.643+00",NULL,"{""original_id"": ""3010620011"", ""original_path"": ""Video Games > PlayStation Vita > Accessories > Faceplates, Protectors & Skins > Faceplates"", ""original_level"": 0}"
"pcat_01KE1PR4R711Q04SZG382PM9SG","Protectors","","protectors","pcat_01KE1PPB81J41E4DHBVBSK81D1.pcat_01KE1PR2HF0KA8AGEF5SPP6F7C.pcat_01KE1PR3ZC1SZK01Z3KX957V5M.pcat_01KE1PR41H1ZP6AWQRX7F9DSAK.pcat_01KE1PR4KZAMEQJV295X4TWWXB.pcat_01KE1PR4R711Q04SZG382PM9SG",True,False,1,"pcat_01KE1PR4KZAMEQJV295X4TWWXB","2026-01-03 10:34:16.711+00","2026-01-03 10:34:16.711+00",NULL,"{""original_id"": ""10111067011"", ""original_path"": ""Video Games > PlayStation Vita > Accessories > Faceplates, Protectors & Skins > Protectors"", ""original_level"": 0}"
"pcat_01KE1PR4T7X24D2KWBKAKJBTER","Skins","","skins","pcat_01KE1PPB81J41E4DHBVBSK81D1.pcat_01KE1PR2HF0KA8AGEF5SPP6F7C.pcat_01KE1PR3ZC1SZK01Z3KX957V5M.pcat_01KE1PR41H1ZP6AWQRX7F9DSAK.pcat_01KE1PR4KZAMEQJV295X4TWWXB.pcat_01KE1PR4T7X24D2KWBKAKJBTER",True,False,2,"pcat_01KE1PR4KZAMEQJV295X4TWWXB","2026-01-03 10:34:16.775+00","2026-01-03 10:34:16.775+00",NULL,"{""original_id"": ""3010625011"", ""original_path"": ""Video Games > PlayStation Vita > Accessories > Faceplates, Protectors & Skins > Skins"", ""original_level"": 0}"
"pcat_01KE1PR4W7MEBV36MX5VDF4GNZ","Hand Grips","","hand-grips-2","pcat_01KE1PPB81J41E4DHBVBSK81D1.pcat_01KE1PR2HF0KA8AGEF5SPP6F7C.pcat_01KE1PR3ZC1SZK01Z3KX957V5M.pcat_01KE1PR41H1ZP6AWQRX7F9DSAK.pcat_01KE1PR4W7MEBV36MX5VDF4GNZ",True,False,5,"pcat_01KE1PR41H1ZP6AWQRX7F9DSAK","2026-01-03 10:34:16.839+00","2026-01-03 10:34:16.839+00",NULL,"{""original_id"": ""10111068011"", ""original_path"": ""Video Games > PlayStation Vita > Accessories > Hand Grips"", ""original_level"": 4}"
"pcat_01KE1PR4Y4C6GFHZ3NV71TP7SV","Headsets","","headsets-5","pcat_01KE1PPB81J41E4DHBVBSK81D1.pcat_01KE1PR2HF0KA8AGEF5SPP6F7C.pcat_01KE1PR3ZC1SZK01Z3KX957V5M.pcat_01KE1PR41H1ZP6AWQRX7F9DSAK.pcat_01KE1PR4Y4C6GFHZ3NV71TP7SV",True,False,6,"pcat_01KE1PR41H1ZP6AWQRX7F9DSAK","2026-01-03 10:34:16.9+00","2026-01-03 10:34:16.9+00",NULL,"{""original_id"": ""3010622011"", ""original_path"": ""Video Games > PlayStation Vita > Accessories > Headsets"", ""original_level"": 4}"
"pcat_01KE1PR50J3JJ3CS1W0HP55A2H","Memory","","memory-2","pcat_01KE1PPB81J41E4DHBVBSK81D1.pcat_01KE1PR2HF0KA8AGEF5SPP6F7C.pcat_01KE1PR3ZC1SZK01Z3KX957V5M.pcat_01KE1PR41H1ZP6AWQRX7F9DSAK.pcat_01KE1PR50J3JJ3CS1W0HP55A2H",True,False,7,"pcat_01KE1PR41H1ZP6AWQRX7F9DSAK","2026-01-03 10:34:16.978+00","2026-01-03 10:34:16.978+00",NULL,"{""original_id"": ""3010623011"", ""original_path"": ""Video Games > PlayStation Vita > Accessories > Memory"", ""original_level"": 4}"
"pcat_01KE1PR52M6FZZ2SSV80E7353T","Consoles","","consoles-4","pcat_01KE1PPB81J41E4DHBVBSK81D1.pcat_01KE1PR2HF0KA8AGEF5SPP6F7C.pcat_01KE1PR3ZC1SZK01Z3KX957V5M.pcat_01KE1PR52M6FZZ2SSV80E7353T",True,False,1,"pcat_01KE1PR3ZC1SZK01Z3KX957V5M","2026-01-03 10:34:17.044+00","2026-01-03 10:34:17.044+00",NULL,"{""original_id"": ""3010601011"", ""original_path"": ""Electronics > Video Game Consoles & Accessories > PlayStation Vita > Consoles"", ""original_level"": 3}"
"pcat_01KE1PR54SDSX2G0D4BJZP7KSC","Sony PSP","","sony-psp","pcat_01KE1PPB81J41E4DHBVBSK81D1.pcat_01KE1PR2HF0KA8AGEF5SPP6F7C.pcat_01KE1PR54SDSX2G0D4BJZP7KSC",True,False,6,"pcat_01KE1PR2HF0KA8AGEF5SPP6F7C","2026-01-03 10:34:17.113+00","2026-01-03 10:34:17.113+00",NULL,"{""original_id"": ""7926851011"", ""original_path"": ""Electronics > Video Game Consoles & Accessories > Sony PSP"", ""original_level"": 2}"
"pcat_01KE1PR56MKS69YZ2B58BK39ER","Accessories","","accessories-4","pcat_01KE1PPB81J41E4DHBVBSK81D1.pcat_01KE1PR2HF0KA8AGEF5SPP6F7C.pcat_01KE1PR54SDSX2G0D4BJZP7KSC.pcat_01KE1PR56MKS69YZ2B58BK39ER",True,False,0,"pcat_01KE1PR54SDSX2G0D4BJZP7KSC","2026-01-03 10:34:17.172+00","2026-01-03 10:34:17.172+00",NULL,"{""original_id"": ""11076441"", ""original_path"": ""Electronics > Video Game Consoles & Accessories > Sony PSP > Accessories"", ""original_level"": 3}"
"pcat_01KE1PR58GGEABSRSNT16MMEPY","Accessory Kits","","accessory-kits-5","pcat_01KE1PPB81J41E4DHBVBSK81D1.pcat_01KE1PR2HF0KA8AGEF5SPP6F7C.pcat_01KE1PR54SDSX2G0D4BJZP7KSC.pcat_01KE1PR56MKS69YZ2B58BK39ER.pcat_01KE1PR58GGEABSRSNT16MMEPY",True,False,0,"pcat_01KE1PR56MKS69YZ2B58BK39ER","2026-01-03 10:34:17.232+00","2026-01-03 10:34:17.232+00",NULL,"{""original_id"": ""353828011"", ""original_path"": ""Electronics > Video Game Consoles & Accessories > Sony PSP > Accessories > Accessory Kits"", ""original_level"": 4}"
"pcat_01KE1PR5AA4S6DMKJ3SGJY6D0C","Batteries & Chargers","","batteries-chargers-4","pcat_01KE1PPB81J41E4DHBVBSK81D1.pcat_01KE1PR2HF0KA8AGEF5SPP6F7C.pcat_01KE1PR54SDSX2G0D4BJZP7KSC.pcat_01KE1PR56MKS69YZ2B58BK39ER.pcat_01KE1PR5AA4S6DMKJ3SGJY6D0C",True,False,1,"pcat_01KE1PR56MKS69YZ2B58BK39ER","2026-01-03 10:34:17.291+00","2026-01-03 10:34:17.291+00",NULL,"{""original_id"": ""11076451"", ""original_path"": ""Electronics > Video Game Consoles & Accessories > Sony PSP > Accessories > Batteries & Chargers"", ""original_level"": 4}"
"pcat_01KE1PR5C3A1FT6027XR6AA7G8","Batteries","","batteries-10","pcat_01KE1PPB81J41E4DHBVBSK81D1.pcat_01KE1PR2HF0KA8AGEF5SPP6F7C.pcat_01KE1PR54SDSX2G0D4BJZP7KSC.pcat_01KE1PR56MKS69YZ2B58BK39ER.pcat_01KE1PR5AA4S6DMKJ3SGJY6D0C.pcat_01KE1PR5C3A1FT6027XR6AA7G8",True,False,0,"pcat_01KE1PR5AA4S6DMKJ3SGJY6D0C","2026-01-03 10:34:17.347+00","2026-01-03 10:34:17.347+00",NULL,"{""original_id"": ""724071011"", ""original_path"": ""Electronics > Video Game Consoles & Accessories > Sony PSP > Accessories > Batteries & Chargers > Batteries"", ""original_level"": 0}"
"pcat_01KE1PR5DWSKAZTGDB6HYZZEJQ","Chargers","","chargers-3","pcat_01KE1PPB81J41E4DHBVBSK81D1.pcat_01KE1PR2HF0KA8AGEF5SPP6F7C.pcat_01KE1PR54SDSX2G0D4BJZP7KSC.pcat_01KE1PR56MKS69YZ2B58BK39ER.pcat_01KE1PR5AA4S6DMKJ3SGJY6D0C.pcat_01KE1PR5DWSKAZTGDB6HYZZEJQ",True,False,1,"pcat_01KE1PR5AA4S6DMKJ3SGJY6D0C","2026-01-03 10:34:17.404+00","2026-01-03 10:34:17.404+00",NULL,"{""original_id"": ""724065011"", ""original_path"": ""Electronics > Video Game Consoles & Accessories > Sony PSP > Accessories > Batteries & Chargers > Chargers"", ""original_level"": 0}"
"pcat_01KE1PR5FKQPGT3KY8NB31CE7W","Cables & Adapters","","cables-adapters-3","pcat_01KE1PPB81J41E4DHBVBSK81D1.pcat_01KE1PR2HF0KA8AGEF5SPP6F7C.pcat_01KE1PR54SDSX2G0D4BJZP7KSC.pcat_01KE1PR56MKS69YZ2B58BK39ER.pcat_01KE1PR5FKQPGT3KY8NB31CE7W",True,False,2,"pcat_01KE1PR56MKS69YZ2B58BK39ER","2026-01-03 10:34:17.46+00","2026-01-03 10:34:17.46+00",NULL,"{""original_id"": ""11076461"", ""original_path"": ""Electronics > Video Game Consoles & Accessories > Sony PSP > Accessories > Cables & Adapters"", ""original_level"": 4}"
"pcat_01KE1PR5HAV5G02DZBXXXQYDVP","Adapters","","adapters-5","pcat_01KE1PPB81J41E4DHBVBSK81D1.pcat_01KE1PR2HF0KA8AGEF5SPP6F7C.pcat_01KE1PR54SDSX2G0D4BJZP7KSC.pcat_01KE1PR56MKS69YZ2B58BK39ER.pcat_01KE1PR5FKQPGT3KY8NB31CE7W.pcat_01KE1PR5HAV5G02DZBXXXQYDVP",True,False,0,"pcat_01KE1PR5FKQPGT3KY8NB31CE7W","2026-01-03 10:34:17.514+00","2026-01-03 10:34:17.514+00",NULL,"{""original_id"": ""724140011"", ""original_path"": ""Electronics > Video Game Consoles & Accessories > Sony PSP > Accessories > Cables & Adapters > Adapters"", ""original_level"": 0}"
"pcat_01KE1PR5K5TESR3JC1A1FBQPGF","Cables","","cables-6","pcat_01KE1PPB81J41E4DHBVBSK81D1.pcat_01KE1PR2HF0KA8AGEF5SPP6F7C.pcat_01KE1PR54SDSX2G0D4BJZP7KSC.pcat_01KE1PR56MKS69YZ2B58BK39ER.pcat_01KE1PR5FKQPGT3KY8NB31CE7W.pcat_01KE1PR5K5TESR3JC1A1FBQPGF",True,False,1,"pcat_01KE1PR5FKQPGT3KY8NB31CE7W","2026-01-03 10:34:17.573+00","2026-01-03 10:34:17.573+00",NULL,"{""original_id"": ""724131011"", ""original_path"": ""Electronics > Video Game Consoles & Accessories > Sony PSP > Accessories > Cables & Adapters > Cables"", ""original_level"": 0}"
"pcat_01KE1PR5N1X7JQ71HRJ48MFJEV","Cases & Storage","","cases-storage-3","pcat_01KE1PPB81J41E4DHBVBSK81D1.pcat_01KE1PR2HF0KA8AGEF5SPP6F7C.pcat_01KE1PR54SDSX2G0D4BJZP7KSC.pcat_01KE1PR56MKS69YZ2B58BK39ER.pcat_01KE1PR5N1X7JQ71HRJ48MFJEV",True,False,3,"pcat_01KE1PR56MKS69YZ2B58BK39ER","2026-01-03 10:34:17.633+00","2026-01-03 10:34:17.633+00",NULL,"{""original_id"": ""11076471"", ""original_path"": ""Video Games > Sony PSP > Accessories > Cases & Storage"", ""original_level"": 4}"
"pcat_01KE1PR5Q2ME8Q983KGZCCC5A1","Faceplates, Protectors & Skins","","faceplates-protectors-skins-2","pcat_01KE1PPB81J41E4DHBVBSK81D1.pcat_01KE1PR2HF0KA8AGEF5SPP6F7C.pcat_01KE1PR54SDSX2G0D4BJZP7KSC.pcat_01KE1PR56MKS69YZ2B58BK39ER.pcat_01KE1PR5Q2ME8Q983KGZCCC5A1",True,False,4,"pcat_01KE1PR56MKS69YZ2B58BK39ER","2026-01-03 10:34:17.698+00","2026-01-03 10:34:17.698+00",NULL,"{""original_id"": ""10111081011"", ""original_path"": ""Electronics > Video Game Consoles & Accessories > Sony PSP > Accessories > Faceplates, Protectors & Skins"", ""original_level"": 4}"
"pcat_01KE1PR5RZKD1ZT8RA6M1RQDFS","Faceplates","","faceplates-2","pcat_01KE1PPB81J41E4DHBVBSK81D1.pcat_01KE1PR2HF0KA8AGEF5SPP6F7C.pcat_01KE1PR54SDSX2G0D4BJZP7KSC.pcat_01KE1PR56MKS69YZ2B58BK39ER.pcat_01KE1PR5Q2ME8Q983KGZCCC5A1.pcat_01KE1PR5RZKD1ZT8RA6M1RQDFS",True,False,0,"pcat_01KE1PR5Q2ME8Q983KGZCCC5A1","2026-01-03 10:34:17.759+00","2026-01-03 10:34:17.759+00",NULL,"{""original_id"": ""353452011"", ""original_path"": ""Electronics > Video Game Consoles & Accessories > Sony PSP > Accessories > Faceplates, Protectors & Skins > Faceplates"", ""original_level"": 0}"
"pcat_01KE1PR5TTNBPXPC2FX462WY92","Screen Protectors","","screen-protectors-6","pcat_01KE1PPB81J41E4DHBVBSK81D1.pcat_01KE1PR2HF0KA8AGEF5SPP6F7C.pcat_01KE1PR54SDSX2G0D4BJZP7KSC.pcat_01KE1PR56MKS69YZ2B58BK39ER.pcat_01KE1PR5Q2ME8Q983KGZCCC5A1.pcat_01KE1PR5TTNBPXPC2FX462WY92",True,False,1,"pcat_01KE1PR5Q2ME8Q983KGZCCC5A1","2026-01-03 10:34:17.818+00","2026-01-03 10:34:17.818+00",NULL,"{""original_id"": ""2607934011"", ""original_path"": ""Electronics > Video Game Consoles & Accessories > Sony PSP > Accessories > Faceplates, Protectors & Skins > Screen Protectors"", ""original_level"": 0}"
"pcat_01KE1PR5WMESCFM31YJAKD7TK2","Skins","","skins-2","pcat_01KE1PPB81J41E4DHBVBSK81D1.pcat_01KE1PR2HF0KA8AGEF5SPP6F7C.pcat_01KE1PR54SDSX2G0D4BJZP7KSC.pcat_01KE1PR56MKS69YZ2B58BK39ER.pcat_01KE1PR5Q2ME8Q983KGZCCC5A1.pcat_01KE1PR5WMESCFM31YJAKD7TK2",True,False,2,"pcat_01KE1PR5Q2ME8Q983KGZCCC5A1","2026-01-03 10:34:17.876+00","2026-01-03 10:34:17.876+00",NULL,"{""original_id"": ""2348567011"", ""original_path"": ""Electronics > Video Game Consoles & Accessories > Sony PSP > Accessories > Faceplates, Protectors & Skins > Skins"", ""original_level"": 0}"
"pcat_01KE1PR5YFQMVS2X07R3CR4515","Hand Grips","","hand-grips-3","pcat_01KE1PPB81J41E4DHBVBSK81D1.pcat_01KE1PR2HF0KA8AGEF5SPP6F7C.pcat_01KE1PR54SDSX2G0D4BJZP7KSC.pcat_01KE1PR56MKS69YZ2B58BK39ER.pcat_01KE1PR5YFQMVS2X07R3CR4515",True,False,5,"pcat_01KE1PR56MKS69YZ2B58BK39ER","2026-01-03 10:34:17.935+00","2026-01-03 10:34:17.935+00",NULL,"{""original_id"": ""10111083011"", ""original_path"": ""Video Games > Sony PSP > Accessories > Hand Grips"", ""original_level"": 4}"
"pcat_01KE1PR60PAR57Q20ZDPZCJ54A","Headsets","","headsets-6","pcat_01KE1PPB81J41E4DHBVBSK81D1.pcat_01KE1PR2HF0KA8AGEF5SPP6F7C.pcat_01KE1PR54SDSX2G0D4BJZP7KSC.pcat_01KE1PR56MKS69YZ2B58BK39ER.pcat_01KE1PR60PAR57Q20ZDPZCJ54A",True,False,6,"pcat_01KE1PR56MKS69YZ2B58BK39ER","2026-01-03 10:34:18.006+00","2026-01-03 10:34:18.006+00",NULL,"{""original_id"": ""2607926011"", ""original_path"": ""Video Games > Sony PSP > Accessories > Headsets"", ""original_level"": 4}"
"pcat_01KE1PR635KAVH4QBZV16CKYYZ","Memory","","memory-3","pcat_01KE1PPB81J41E4DHBVBSK81D1.pcat_01KE1PR2HF0KA8AGEF5SPP6F7C.pcat_01KE1PR54SDSX2G0D4BJZP7KSC.pcat_01KE1PR56MKS69YZ2B58BK39ER.pcat_01KE1PR635KAVH4QBZV16CKYYZ",True,False,7,"pcat_01KE1PR56MKS69YZ2B58BK39ER","2026-01-03 10:34:18.085+00","2026-01-03 10:34:18.085+00",NULL,"{""original_id"": ""11076511"", ""original_path"": ""Video Games > Sony PSP > Accessories > Memory"", ""original_level"": 4}"
"pcat_01KE1PR6599NZA09YPPSKPMGVN","Speakers","","speakers-4","pcat_01KE1PPB81J41E4DHBVBSK81D1.pcat_01KE1PR2HF0KA8AGEF5SPP6F7C.pcat_01KE1PR54SDSX2G0D4BJZP7KSC.pcat_01KE1PR56MKS69YZ2B58BK39ER.pcat_01KE1PR6599NZA09YPPSKPMGVN",True,False,8,"pcat_01KE1PR56MKS69YZ2B58BK39ER","2026-01-03 10:34:18.153+00","2026-01-03 10:34:18.153+00",NULL,"{""original_id"": ""307032011"", ""original_path"": ""Video Games > Sony PSP > Accessories > Speakers"", ""original_level"": 4}"
"pcat_01KE1PR67BPW4X9WW35WRKXF97","Wii","","wii","pcat_01KE1PPB81J41E4DHBVBSK81D1.pcat_01KE1PR2HF0KA8AGEF5SPP6F7C.pcat_01KE1PR67BPW4X9WW35WRKXF97",True,False,7,"pcat_01KE1PR2HF0KA8AGEF5SPP6F7C","2026-01-03 10:34:18.219+00","2026-01-03 10:34:18.219+00",NULL,"{""original_id"": ""7926847011"", ""original_path"": ""Electronics > Video Game Consoles & Accessories > Wii"", ""original_level"": 2}"
"pcat_01KE1PR69DHNYRVAAJZTYHRZS1","Accessories","","accessories-5","pcat_01KE1PPB81J41E4DHBVBSK81D1.pcat_01KE1PR2HF0KA8AGEF5SPP6F7C.pcat_01KE1PR67BPW4X9WW35WRKXF97.pcat_01KE1PR69DHNYRVAAJZTYHRZS1",True,False,0,"pcat_01KE1PR67BPW4X9WW35WRKXF97","2026-01-03 10:34:18.285+00","2026-01-03 10:34:18.285+00",NULL,"{""original_id"": ""14218821"", ""original_path"": ""Electronics > Video Game Consoles & Accessories > Wii > Accessories"", ""original_level"": 3}"
"pcat_01KE1PR6BC69P2DFWT9PAR3HZD","Accessory Kits","","accessory-kits-6","pcat_01KE1PPB81J41E4DHBVBSK81D1.pcat_01KE1PR2HF0KA8AGEF5SPP6F7C.pcat_01KE1PR67BPW4X9WW35WRKXF97.pcat_01KE1PR69DHNYRVAAJZTYHRZS1.pcat_01KE1PR6BC69P2DFWT9PAR3HZD",True,False,0,"pcat_01KE1PR69DHNYRVAAJZTYHRZS1","2026-01-03 10:34:18.349+00","2026-01-03 10:34:18.349+00",NULL,"{""original_id"": ""353826011"", ""original_path"": ""Electronics > Video Game Consoles & Accessories > Wii > Accessories > Accessory Kits"", ""original_level"": 4}"
"pcat_01KE1PR6D80W5KMG9NY67DK43E","Batteries & Chargers","","batteries-chargers-5","pcat_01KE1PPB81J41E4DHBVBSK81D1.pcat_01KE1PR2HF0KA8AGEF5SPP6F7C.pcat_01KE1PR67BPW4X9WW35WRKXF97.pcat_01KE1PR69DHNYRVAAJZTYHRZS1.pcat_01KE1PR6D80W5KMG9NY67DK43E",True,False,1,"pcat_01KE1PR69DHNYRVAAJZTYHRZS1","2026-01-03 10:34:18.408+00","2026-01-03 10:34:18.408+00",NULL,"{""original_id"": ""353455011"", ""original_path"": ""Electronics > Video Game Consoles & Accessories > Wii > Accessories > Batteries & Chargers"", ""original_level"": 4}"
"pcat_01KE1PR6F1N1FM5Z0JMYVCWMW5","Batteries","","batteries-11","pcat_01KE1PPB81J41E4DHBVBSK81D1.pcat_01KE1PR2HF0KA8AGEF5SPP6F7C.pcat_01KE1PR67BPW4X9WW35WRKXF97.pcat_01KE1PR69DHNYRVAAJZTYHRZS1.pcat_01KE1PR6D80W5KMG9NY67DK43E.pcat_01KE1PR6F1N1FM5Z0JMYVCWMW5",True,False,0,"pcat_01KE1PR6D80W5KMG9NY67DK43E","2026-01-03 10:34:18.465+00","2026-01-03 10:34:18.465+00",NULL,"{""original_id"": ""724072011"", ""original_path"": ""Electronics > Video Game Consoles & Accessories > Wii > Accessories > Batteries & Chargers > Batteries"", ""original_level"": 0}"
"pcat_01KE1PR6GYWZ9QNA368KR4EJCK","Chargers","","chargers-4","pcat_01KE1PPB81J41E4DHBVBSK81D1.pcat_01KE1PR2HF0KA8AGEF5SPP6F7C.pcat_01KE1PR67BPW4X9WW35WRKXF97.pcat_01KE1PR69DHNYRVAAJZTYHRZS1.pcat_01KE1PR6D80W5KMG9NY67DK43E.pcat_01KE1PR6GYWZ9QNA368KR4EJCK",True,False,1,"pcat_01KE1PR6D80W5KMG9NY67DK43E","2026-01-03 10:34:18.526+00","2026-01-03 10:34:18.526+00",NULL,"{""original_id"": ""724066011"", ""original_path"": ""Electronics > Video Game Consoles & Accessories > Wii > Accessories > Batteries & Chargers > Chargers"", ""original_level"": 0}"
"pcat_01KE1PR6MT8VA7A5B7092FPK82","Adapters","","adapters-6","pcat_01KE1PPB81J41E4DHBVBSK81D1.pcat_01KE1PR2HF0KA8AGEF5SPP6F7C.pcat_01KE1PR67BPW4X9WW35WRKXF97.pcat_01KE1PR69DHNYRVAAJZTYHRZS1.pcat_01KE1PR6K1JHQ21QAJDMDM300Y.pcat_01KE1PR6MT8VA7A5B7092FPK82",True,False,0,"pcat_01KE1PR6K1JHQ21QAJDMDM300Y","2026-01-03 10:34:18.65+00","2026-01-03 10:34:18.65+00",NULL,"{""original_id"": ""724141011"", ""original_path"": ""Electronics > Video Game Consoles & Accessories > Wii > Accessories > Cables & Adapters > Adapters"", ""original_level"": 0}"
"pcat_01KE1PR6PQNF7GV4F628CRH0BA","Cables","","cables-7","pcat_01KE1PPB81J41E4DHBVBSK81D1.pcat_01KE1PR2HF0KA8AGEF5SPP6F7C.pcat_01KE1PR67BPW4X9WW35WRKXF97.pcat_01KE1PR69DHNYRVAAJZTYHRZS1.pcat_01KE1PR6K1JHQ21QAJDMDM300Y.pcat_01KE1PR6PQNF7GV4F628CRH0BA",True,False,1,"pcat_01KE1PR6K1JHQ21QAJDMDM300Y","2026-01-03 10:34:18.711+00","2026-01-03 10:34:18.711+00",NULL,"{""original_id"": ""724132011"", ""original_path"": ""Electronics > Video Game Consoles & Accessories > Wii > Accessories > Cables & Adapters > Cables"", ""original_level"": 0}"
"pcat_01KE1PR6RD2HRXMDSC1FKY2DTR","Cases & Storage","","cases-storage-4","pcat_01KE1PPB81J41E4DHBVBSK81D1.pcat_01KE1PR2HF0KA8AGEF5SPP6F7C.pcat_01KE1PR67BPW4X9WW35WRKXF97.pcat_01KE1PR69DHNYRVAAJZTYHRZS1.pcat_01KE1PR6RD2HRXMDSC1FKY2DTR",True,False,3,"pcat_01KE1PR69DHNYRVAAJZTYHRZS1","2026-01-03 10:34:18.765+00","2026-01-03 10:34:18.765+00",NULL,"{""original_id"": ""14218851"", ""original_path"": ""Electronics > Video Game Consoles & Accessories > Wii > Accessories > Cases & Storage"", ""original_level"": 4}"
"pcat_01KE1PR6T9YHQDFY1NWQ8A8K20","Controllers","","controllers-3","pcat_01KE1PPB81J41E4DHBVBSK81D1.pcat_01KE1PR2HF0KA8AGEF5SPP6F7C.pcat_01KE1PR67BPW4X9WW35WRKXF97.pcat_01KE1PR69DHNYRVAAJZTYHRZS1.pcat_01KE1PR6T9YHQDFY1NWQ8A8K20",True,False,4,"pcat_01KE1PR69DHNYRVAAJZTYHRZS1","2026-01-03 10:34:18.825+00","2026-01-03 10:34:18.825+00",NULL,"{""original_id"": ""14218871"", ""original_path"": ""Electronics > Video Game Consoles & Accessories > Wii > Accessories > Controllers"", ""original_level"": 4}"
"pcat_01KE1PR6W6S3HM3GHFPAH1K0GS","Dance Pads","","dance-pads","pcat_01KE1PPB81J41E4DHBVBSK81D1.pcat_01KE1PR2HF0KA8AGEF5SPP6F7C.pcat_01KE1PR67BPW4X9WW35WRKXF97.pcat_01KE1PR69DHNYRVAAJZTYHRZS1.pcat_01KE1PR6T9YHQDFY1NWQ8A8K20.pcat_01KE1PR6W6S3HM3GHFPAH1K0GS",True,False,0,"pcat_01KE1PR6T9YHQDFY1NWQ8A8K20","2026-01-03 10:34:18.886+00","2026-01-03 10:34:18.886+00",NULL,"{""original_id"": ""1232369011"", ""original_path"": ""Electronics > Video Game Consoles & Accessories > Wii > Accessories > Controllers > Dance Pads"", ""original_level"": 0}"
"pcat_01KE1PR6Y6CYRPXEC1VVSCZQZK","Gamepads & Standard Controllers","","gamepads-standard-controllers","pcat_01KE1PPB81J41E4DHBVBSK81D1.pcat_01KE1PR2HF0KA8AGEF5SPP6F7C.pcat_01KE1PR67BPW4X9WW35WRKXF97.pcat_01KE1PR69DHNYRVAAJZTYHRZS1.pcat_01KE1PR6T9YHQDFY1NWQ8A8K20.pcat_01KE1PR6Y6CYRPXEC1VVSCZQZK",True,False,1,"pcat_01KE1PR6T9YHQDFY1NWQ8A8K20","2026-01-03 10:34:18.95+00","2026-01-03 10:34:18.95+00",NULL,"{""original_id"": ""1232371011"", ""original_path"": ""Electronics > Video Game Consoles & Accessories > Wii > Accessories > Controllers > Gamepads & Standard Controllers"", ""original_level"": 0}"
"pcat_01KE1PR704CT08HMA69FGKRNF7","Joysticks","","joysticks","pcat_01KE1PPB81J41E4DHBVBSK81D1.pcat_01KE1PR2HF0KA8AGEF5SPP6F7C.pcat_01KE1PR67BPW4X9WW35WRKXF97.pcat_01KE1PR69DHNYRVAAJZTYHRZS1.pcat_01KE1PR6T9YHQDFY1NWQ8A8K20.pcat_01KE1PR704CT08HMA69FGKRNF7",True,False,2,"pcat_01KE1PR6T9YHQDFY1NWQ8A8K20","2026-01-03 10:34:19.012+00","2026-01-03 10:34:19.012+00",NULL,"{""original_id"": ""1232373011"", ""original_path"": ""Electronics > Video Game Consoles & Accessories > Wii > Accessories > Controllers > Joysticks"", ""original_level"": 0}"
"pcat_01KE1PR722YWZTXAA5R3Z39XEA","Keyboards","","keyboards-3","pcat_01KE1PPB81J41E4DHBVBSK81D1.pcat_01KE1PR2HF0KA8AGEF5SPP6F7C.pcat_01KE1PR67BPW4X9WW35WRKXF97.pcat_01KE1PR69DHNYRVAAJZTYHRZS1.pcat_01KE1PR6T9YHQDFY1NWQ8A8K20.pcat_01KE1PR722YWZTXAA5R3Z39XEA",True,False,3,"pcat_01KE1PR6T9YHQDFY1NWQ8A8K20","2026-01-03 10:34:19.074+00","2026-01-03 10:34:19.074+00",NULL,"{""original_id"": ""1232374011"", ""original_path"": ""Electronics > Video Game Consoles & Accessories > Wii > Accessories > Controllers > Keyboards"", ""original_level"": 0}"
"pcat_01KE1PR740FF496C3TX8WS8YK8","Motion Controllers","","motion-controllers","pcat_01KE1PPB81J41E4DHBVBSK81D1.pcat_01KE1PR2HF0KA8AGEF5SPP6F7C.pcat_01KE1PR67BPW4X9WW35WRKXF97.pcat_01KE1PR69DHNYRVAAJZTYHRZS1.pcat_01KE1PR6T9YHQDFY1NWQ8A8K20.pcat_01KE1PR740FF496C3TX8WS8YK8",True,False,4,"pcat_01KE1PR6T9YHQDFY1NWQ8A8K20","2026-01-03 10:34:19.137+00","2026-01-03 10:34:19.137+00",NULL,"{""original_id"": ""10111123011"", ""original_path"": ""Electronics > Video Game Consoles & Accessories > Wii > Accessories > Controllers > Motion Controllers"", ""original_level"": 0}"
"pcat_01KE1PR75ZB973NZMSJK0H3635","Music Controllers","","music-controllers","pcat_01KE1PPB81J41E4DHBVBSK81D1.pcat_01KE1PR2HF0KA8AGEF5SPP6F7C.pcat_01KE1PR67BPW4X9WW35WRKXF97.pcat_01KE1PR69DHNYRVAAJZTYHRZS1.pcat_01KE1PR6T9YHQDFY1NWQ8A8K20.pcat_01KE1PR75ZB973NZMSJK0H3635",True,False,5,"pcat_01KE1PR6T9YHQDFY1NWQ8A8K20","2026-01-03 10:34:19.199+00","2026-01-03 10:34:19.199+00",NULL,"{""original_id"": ""10111124011"", ""original_path"": ""Electronics > Video Game Consoles & Accessories > Wii > Accessories > Controllers > Music Controllers"", ""original_level"": 0}"
"pcat_01KE1PR77X6YEZJP1MWF5C53TT","Racing Wheels","","racing-wheels","pcat_01KE1PPB81J41E4DHBVBSK81D1.pcat_01KE1PR2HF0KA8AGEF5SPP6F7C.pcat_01KE1PR67BPW4X9WW35WRKXF97.pcat_01KE1PR69DHNYRVAAJZTYHRZS1.pcat_01KE1PR6T9YHQDFY1NWQ8A8K20.pcat_01KE1PR77X6YEZJP1MWF5C53TT",True,False,6,"pcat_01KE1PR6T9YHQDFY1NWQ8A8K20","2026-01-03 10:34:19.261+00","2026-01-03 10:34:19.261+00",NULL,"{""original_id"": ""1232376011"", ""original_path"": ""Electronics > Video Game Consoles & Accessories > Wii > Accessories > Controllers > Racing Wheels"", ""original_level"": 0}"
"pcat_01KE1PR79T3C80TW1MP34PYEVM","Remotes","","remotes","pcat_01KE1PPB81J41E4DHBVBSK81D1.pcat_01KE1PR2HF0KA8AGEF5SPP6F7C.pcat_01KE1PR67BPW4X9WW35WRKXF97.pcat_01KE1PR69DHNYRVAAJZTYHRZS1.pcat_01KE1PR6T9YHQDFY1NWQ8A8K20.pcat_01KE1PR79T3C80TW1MP34PYEVM",True,False,7,"pcat_01KE1PR6T9YHQDFY1NWQ8A8K20","2026-01-03 10:34:19.322+00","2026-01-03 10:34:19.322+00",NULL,"{""original_id"": ""1232377011"", ""original_path"": ""Electronics > Video Game Consoles & Accessories > Wii > Accessories > Controllers > Remotes"", ""original_level"": 0}"
"pcat_01KE1PR7BPVSVR8F8YNZAS6PXS","Cooling Systems","","cooling-systems","pcat_01KE1PPB81J41E4DHBVBSK81D1.pcat_01KE1PR2HF0KA8AGEF5SPP6F7C.pcat_01KE1PR67BPW4X9WW35WRKXF97.pcat_01KE1PR69DHNYRVAAJZTYHRZS1.pcat_01KE1PR7BPVSVR8F8YNZAS6PXS",True,False,5,"pcat_01KE1PR69DHNYRVAAJZTYHRZS1","2026-01-03 10:34:19.382+00","2026-01-03 10:34:19.382+00",NULL,"{""original_id"": ""10111122011"", ""original_path"": ""Electronics > Video Game Consoles & Accessories > Wii > Accessories > Cooling Systems"", ""original_level"": 4}"
"pcat_01KE1PR7DJP1VMQQ4214CPMZWS","Faceplates, Protectors & Skins","","faceplates-protectors-skins-3","pcat_01KE1PPB81J41E4DHBVBSK81D1.pcat_01KE1PR2HF0KA8AGEF5SPP6F7C.pcat_01KE1PR67BPW4X9WW35WRKXF97.pcat_01KE1PR69DHNYRVAAJZTYHRZS1.pcat_01KE1PR7DJP1VMQQ4214CPMZWS",True,False,6,"pcat_01KE1PR69DHNYRVAAJZTYHRZS1","2026-01-03 10:34:19.443+00","2026-01-03 10:34:19.443+00",NULL,"{""original_id"": ""10111125011"", ""original_path"": ""Electronics > Video Game Consoles & Accessories > Wii > Accessories > Faceplates, Protectors & Skins"", ""original_level"": 4}"
"pcat_01KE1PR7FNQBFM2FD3PFXCM72C","Faceplates","","faceplates-3","pcat_01KE1PPB81J41E4DHBVBSK81D1.pcat_01KE1PR2HF0KA8AGEF5SPP6F7C.pcat_01KE1PR67BPW4X9WW35WRKXF97.pcat_01KE1PR69DHNYRVAAJZTYHRZS1.pcat_01KE1PR7DJP1VMQQ4214CPMZWS.pcat_01KE1PR7FNQBFM2FD3PFXCM72C",True,False,0,"pcat_01KE1PR7DJP1VMQQ4214CPMZWS","2026-01-03 10:34:19.509+00","2026-01-03 10:34:19.509+00",NULL,"{""original_id"": ""353450011"", ""original_path"": ""Electronics > Video Game Consoles & Accessories > Wii > Accessories > Faceplates, Protectors & Skins > Faceplates"", ""original_level"": 0}"
"pcat_01KE1PR7HQS5FRSDCEXP0GFVCH","Protectors","","protectors-2","pcat_01KE1PPB81J41E4DHBVBSK81D1.pcat_01KE1PR2HF0KA8AGEF5SPP6F7C.pcat_01KE1PR67BPW4X9WW35WRKXF97.pcat_01KE1PR69DHNYRVAAJZTYHRZS1.pcat_01KE1PR7DJP1VMQQ4214CPMZWS.pcat_01KE1PR7HQS5FRSDCEXP0GFVCH",True,False,1,"pcat_01KE1PR7DJP1VMQQ4214CPMZWS","2026-01-03 10:34:19.575+00","2026-01-03 10:34:19.575+00",NULL,"{""original_id"": ""10111127011"", ""original_path"": ""Electronics > Video Game Consoles & Accessories > Wii > Accessories > Faceplates, Protectors & Skins > Protectors"", ""original_level"": 0}"
"pcat_01KE1PR7KVFZ5MAJ7BE451798N","Skins","","skins-3","pcat_01KE1PPB81J41E4DHBVBSK81D1.pcat_01KE1PR2HF0KA8AGEF5SPP6F7C.pcat_01KE1PR67BPW4X9WW35WRKXF97.pcat_01KE1PR69DHNYRVAAJZTYHRZS1.pcat_01KE1PR7DJP1VMQQ4214CPMZWS.pcat_01KE1PR7KVFZ5MAJ7BE451798N",True,False,2,"pcat_01KE1PR7DJP1VMQQ4214CPMZWS","2026-01-03 10:34:19.643+00","2026-01-03 10:34:19.643+00",NULL,"{""original_id"": ""2348565011"", ""original_path"": ""Electronics > Video Game Consoles & Accessories > Wii > Accessories > Faceplates, Protectors & Skins > Skins"", ""original_level"": 0}"
"pcat_01KE1PR7NSWHBBQQT50HBPXN85","Fitness Accessories","","fitness-accessories","pcat_01KE1PPB81J41E4DHBVBSK81D1.pcat_01KE1PR2HF0KA8AGEF5SPP6F7C.pcat_01KE1PR67BPW4X9WW35WRKXF97.pcat_01KE1PR69DHNYRVAAJZTYHRZS1.pcat_01KE1PR7NSWHBBQQT50HBPXN85",True,False,7,"pcat_01KE1PR69DHNYRVAAJZTYHRZS1","2026-01-03 10:34:19.705+00","2026-01-03 10:34:19.705+00",NULL,"{""original_id"": ""2668877011"", ""original_path"": ""Electronics > Video Game Consoles & Accessories > Wii > Accessories > Fitness Accessories"", ""original_level"": 4}"
"pcat_01KE1PR7QPKRWB142MNPZXHS01","Headsets","","headsets-7","pcat_01KE1PPB81J41E4DHBVBSK81D1.pcat_01KE1PR2HF0KA8AGEF5SPP6F7C.pcat_01KE1PR67BPW4X9WW35WRKXF97.pcat_01KE1PR69DHNYRVAAJZTYHRZS1.pcat_01KE1PR7QPKRWB142MNPZXHS01",True,False,8,"pcat_01KE1PR69DHNYRVAAJZTYHRZS1","2026-01-03 10:34:19.767+00","2026-01-03 10:34:19.767+00",NULL,"{""original_id"": ""2563173011"", ""original_path"": ""Electronics > Video Game Consoles & Accessories > Wii > Accessories > Headsets"", ""original_level"": 4}"
"pcat_01KE1PR7SNRZAA2PPX6JT2Y6PQ","Memory","","memory-4","pcat_01KE1PPB81J41E4DHBVBSK81D1.pcat_01KE1PR2HF0KA8AGEF5SPP6F7C.pcat_01KE1PR67BPW4X9WW35WRKXF97.pcat_01KE1PR69DHNYRVAAJZTYHRZS1.pcat_01KE1PR7SNRZAA2PPX6JT2Y6PQ",True,False,9,"pcat_01KE1PR69DHNYRVAAJZTYHRZS1","2026-01-03 10:34:19.829+00","2026-01-03 10:34:19.829+00",NULL,"{""original_id"": ""14218891"", ""original_path"": ""Electronics > Video Game Consoles & Accessories > Wii > Accessories > Memory"", ""original_level"": 4}"
"pcat_01KE1PR7VH5JC0GSPSN16XSSFJ","Mounts, Brackets & Stands","","mounts-brackets-stands","pcat_01KE1PPB81J41E4DHBVBSK81D1.pcat_01KE1PR2HF0KA8AGEF5SPP6F7C.pcat_01KE1PR67BPW4X9WW35WRKXF97.pcat_01KE1PR69DHNYRVAAJZTYHRZS1.pcat_01KE1PR7VH5JC0GSPSN16XSSFJ",True,False,10,"pcat_01KE1PR69DHNYRVAAJZTYHRZS1","2026-01-03 10:34:19.889+00","2026-01-03 10:34:19.889+00",NULL,"{""original_id"": ""10111128011"", ""original_path"": ""Electronics > Video Game Consoles & Accessories > Wii > Accessories > Mounts, Brackets & Stands"", ""original_level"": 4}"
"pcat_01KE1PR7XADJW749672Q0SWS6M","Sensor Bars","","sensor-bars","pcat_01KE1PPB81J41E4DHBVBSK81D1.pcat_01KE1PR2HF0KA8AGEF5SPP6F7C.pcat_01KE1PR67BPW4X9WW35WRKXF97.pcat_01KE1PR69DHNYRVAAJZTYHRZS1.pcat_01KE1PR7XADJW749672Q0SWS6M",True,False,11,"pcat_01KE1PR69DHNYRVAAJZTYHRZS1","2026-01-03 10:34:19.946+00","2026-01-03 10:34:19.946+00",NULL,"{""original_id"": ""2411943011"", ""original_path"": ""Electronics > Video Game Consoles & Accessories > Wii > Accessories > Sensor Bars"", ""original_level"": 4}"
"pcat_01KE1PR7Z2XQRW8001W90YDBW3","Consoles","","consoles-5","pcat_01KE1PPB81J41E4DHBVBSK81D1.pcat_01KE1PR2HF0KA8AGEF5SPP6F7C.pcat_01KE1PR67BPW4X9WW35WRKXF97.pcat_01KE1PR7Z2XQRW8001W90YDBW3",True,False,1,"pcat_01KE1PR67BPW4X9WW35WRKXF97","2026-01-03 10:34:20.002+00","2026-01-03 10:34:20.002+00",NULL,"{""original_id"": ""14218861"", ""original_path"": ""Electronics > Video Game Consoles & Accessories > Wii > Consoles"", ""original_level"": 3}"
"pcat_01KE1PR81A2QS5ACWKVYKG9JSC","Wii U","","wii-u","pcat_01KE1PPB81J41E4DHBVBSK81D1.pcat_01KE1PR2HF0KA8AGEF5SPP6F7C.pcat_01KE1PR81A2QS5ACWKVYKG9JSC",True,False,8,"pcat_01KE1PR2HF0KA8AGEF5SPP6F7C","2026-01-03 10:34:20.074+00","2026-01-03 10:34:20.074+00",NULL,"{""original_id"": ""7926848011"", ""original_path"": ""Electronics > Video Game Consoles & Accessories > Wii U"", ""original_level"": 2}"
"pcat_01KE1PR838XFW9VD42DN47RQX5","Accessories","","accessories-6","pcat_01KE1PPB81J41E4DHBVBSK81D1.pcat_01KE1PR2HF0KA8AGEF5SPP6F7C.pcat_01KE1PR81A2QS5ACWKVYKG9JSC.pcat_01KE1PR838XFW9VD42DN47RQX5",True,False,0,"pcat_01KE1PR81A2QS5ACWKVYKG9JSC","2026-01-03 10:34:20.136+00","2026-01-03 10:34:20.136+00",NULL,"{""original_id"": ""3075113011"", ""original_path"": ""Electronics > Video Game Consoles & Accessories > Wii U > Accessories"", ""original_level"": 3}"
"pcat_01KE1PR85GNWDYCKJVWJF3PRQM","Accessory Kits","","accessory-kits-7","pcat_01KE1PPB81J41E4DHBVBSK81D1.pcat_01KE1PR2HF0KA8AGEF5SPP6F7C.pcat_01KE1PR81A2QS5ACWKVYKG9JSC.pcat_01KE1PR838XFW9VD42DN47RQX5.pcat_01KE1PR85GNWDYCKJVWJF3PRQM",True,False,0,"pcat_01KE1PR838XFW9VD42DN47RQX5","2026-01-03 10:34:20.208+00","2026-01-03 10:34:20.208+00",NULL,"{""original_id"": ""3075151011"", ""original_path"": ""Electronics > Video Game Consoles & Accessories > Wii U > Accessories > Accessory Kits"", ""original_level"": 4}"
"pcat_01KE1PR87V7MJZRR5V5RCW8N0J","Batteries & Chargers","","batteries-chargers-6","pcat_01KE1PPB81J41E4DHBVBSK81D1.pcat_01KE1PR2HF0KA8AGEF5SPP6F7C.pcat_01KE1PR81A2QS5ACWKVYKG9JSC.pcat_01KE1PR838XFW9VD42DN47RQX5.pcat_01KE1PR87V7MJZRR5V5RCW8N0J",True,False,1,"pcat_01KE1PR838XFW9VD42DN47RQX5","2026-01-03 10:34:20.283+00","2026-01-03 10:34:20.283+00",NULL,"{""original_id"": ""3075150011"", ""original_path"": ""Electronics > Video Game Consoles & Accessories > Wii U > Accessories > Batteries & Chargers"", ""original_level"": 4}"
"pcat_01KE1PR8AAN22GGHB84YDPZ0KN","Batteries","","batteries-12","pcat_01KE1PPB81J41E4DHBVBSK81D1.pcat_01KE1PR2HF0KA8AGEF5SPP6F7C.pcat_01KE1PR81A2QS5ACWKVYKG9JSC.pcat_01KE1PR838XFW9VD42DN47RQX5.pcat_01KE1PR87V7MJZRR5V5RCW8N0J.pcat_01KE1PR8AAN22GGHB84YDPZ0KN",True,False,0,"pcat_01KE1PR87V7MJZRR5V5RCW8N0J","2026-01-03 10:34:20.362+00","2026-01-03 10:34:20.362+00",NULL,"{""original_id"": ""3075154011"", ""original_path"": ""Electronics > Video Game Consoles & Accessories > Wii U > Accessories > Batteries & Chargers > Batteries"", ""original_level"": 0}"
"pcat_01KE1PR8CCB767Z117GTZPT0PP","Chargers","","chargers-5","pcat_01KE1PPB81J41E4DHBVBSK81D1.pcat_01KE1PR2HF0KA8AGEF5SPP6F7C.pcat_01KE1PR81A2QS5ACWKVYKG9JSC.pcat_01KE1PR838XFW9VD42DN47RQX5.pcat_01KE1PR87V7MJZRR5V5RCW8N0J.pcat_01KE1PR8CCB767Z117GTZPT0PP",True,False,1,"pcat_01KE1PR87V7MJZRR5V5RCW8N0J","2026-01-03 10:34:20.428+00","2026-01-03 10:34:20.428+00",NULL,"{""original_id"": ""3075153011"", ""original_path"": ""Electronics > Video Game Consoles & Accessories > Wii U > Accessories > Batteries & Chargers > Chargers"", ""original_level"": 0}"
"pcat_01KE1PR8EC53S96HGNWPQYP0CT","Cables & Adapters","","cables-adapters-5","pcat_01KE1PPB81J41E4DHBVBSK81D1.pcat_01KE1PR2HF0KA8AGEF5SPP6F7C.pcat_01KE1PR81A2QS5ACWKVYKG9JSC.pcat_01KE1PR838XFW9VD42DN47RQX5.pcat_01KE1PR8EC53S96HGNWPQYP0CT",True,False,2,"pcat_01KE1PR838XFW9VD42DN47RQX5","2026-01-03 10:34:20.492+00","2026-01-03 10:34:20.492+00",NULL,"{""original_id"": ""3075114011"", ""original_path"": ""Electronics > Video Game Consoles & Accessories > Wii U > Accessories > Cables & Adapters"", ""original_level"": 4}"
"pcat_01KE1PR8GEQ6AJFG7KJCTGXHQ2","Adapters","","adapters-7","pcat_01KE1PPB81J41E4DHBVBSK81D1.pcat_01KE1PR2HF0KA8AGEF5SPP6F7C.pcat_01KE1PR81A2QS5ACWKVYKG9JSC.pcat_01KE1PR838XFW9VD42DN47RQX5.pcat_01KE1PR8EC53S96HGNWPQYP0CT.pcat_01KE1PR8GEQ6AJFG7KJCTGXHQ2",True,False,0,"pcat_01KE1PR8EC53S96HGNWPQYP0CT","2026-01-03 10:34:20.558+00","2026-01-03 10:34:20.558+00",NULL,"{""original_id"": ""3075156011"", ""original_path"": ""Electronics > Video Game Consoles & Accessories > Wii U > Accessories > Cables & Adapters > Adapters"", ""original_level"": 0}"
"pcat_01KE1PR8JA5DWFSE2GAEAGZ9W5","Cables","","cables-8","pcat_01KE1PPB81J41E4DHBVBSK81D1.pcat_01KE1PR2HF0KA8AGEF5SPP6F7C.pcat_01KE1PR81A2QS5ACWKVYKG9JSC.pcat_01KE1PR838XFW9VD42DN47RQX5.pcat_01KE1PR8EC53S96HGNWPQYP0CT.pcat_01KE1PR8JA5DWFSE2GAEAGZ9W5",True,False,1,"pcat_01KE1PR8EC53S96HGNWPQYP0CT","2026-01-03 10:34:20.618+00","2026-01-03 10:34:20.618+00",NULL,"{""original_id"": ""3075155011"", ""original_path"": ""Electronics > Video Game Consoles & Accessories > Wii U > Accessories > Cables & Adapters > Cables"", ""original_level"": 0}"
"pcat_01KE1PR8M2020GMGDC4QCDD8DD","Cases & Storage","","cases-storage-5","pcat_01KE1PPB81J41E4DHBVBSK81D1.pcat_01KE1PR2HF0KA8AGEF5SPP6F7C.pcat_01KE1PR81A2QS5ACWKVYKG9JSC.pcat_01KE1PR838XFW9VD42DN47RQX5.pcat_01KE1PR8M2020GMGDC4QCDD8DD",True,False,3,"pcat_01KE1PR838XFW9VD42DN47RQX5","2026-01-03 10:34:20.675+00","2026-01-03 10:34:20.675+00",NULL,"{""original_id"": ""3075115011"", ""original_path"": ""Electronics > Video Game Consoles & Accessories > Wii U > Accessories > Cases & Storage"", ""original_level"": 4}"
"pcat_01KE1PR8P5K45HB1WHV15PSQSS","Controllers","","controllers-4","pcat_01KE1PPB81J41E4DHBVBSK81D1.pcat_01KE1PR2HF0KA8AGEF5SPP6F7C.pcat_01KE1PR81A2QS5ACWKVYKG9JSC.pcat_01KE1PR838XFW9VD42DN47RQX5.pcat_01KE1PR8P5K45HB1WHV15PSQSS",True,False,4,"pcat_01KE1PR838XFW9VD42DN47RQX5","2026-01-03 10:34:20.741+00","2026-01-03 10:34:20.741+00",NULL,"{""original_id"": ""3075117011"", ""original_path"": ""Electronics > Video Game Consoles & Accessories > Wii U > Accessories > Controllers"", ""original_level"": 4}"
"pcat_01KE1PR8R1Z1VP3GG7S8H1D9C2","Gamepads & Standard Controllers","","gamepads-standard-controllers-2","pcat_01KE1PPB81J41E4DHBVBSK81D1.pcat_01KE1PR2HF0KA8AGEF5SPP6F7C.pcat_01KE1PR81A2QS5ACWKVYKG9JSC.pcat_01KE1PR838XFW9VD42DN47RQX5.pcat_01KE1PR8P5K45HB1WHV15PSQSS.pcat_01KE1PR8R1Z1VP3GG7S8H1D9C2",True,False,0,"pcat_01KE1PR8P5K45HB1WHV15PSQSS","2026-01-03 10:34:20.802+00","2026-01-03 10:34:20.802+00",NULL,"{""original_id"": ""3075159011"", ""original_path"": ""Electronics > Video Game Consoles & Accessories > Wii U > Accessories > Controllers > Gamepads & Standard Controllers"", ""original_level"": 0}"
"pcat_01KE1PR8TY6K8VZED5B8J2M1BD","Motion Controllers","","motion-controllers-2","pcat_01KE1PPB81J41E4DHBVBSK81D1.pcat_01KE1PR2HF0KA8AGEF5SPP6F7C.pcat_01KE1PR81A2QS5ACWKVYKG9JSC.pcat_01KE1PR838XFW9VD42DN47RQX5.pcat_01KE1PR8P5K45HB1WHV15PSQSS.pcat_01KE1PR8TY6K8VZED5B8J2M1BD",True,False,1,"pcat_01KE1PR8P5K45HB1WHV15PSQSS","2026-01-03 10:34:20.894+00","2026-01-03 10:34:20.894+00",NULL,"{""original_id"": ""10111098011"", ""original_path"": ""Electronics > Video Game Consoles & Accessories > Wii U > Accessories > Controllers > Motion Controllers"", ""original_level"": 0}"
"pcat_01KE1PR8X64TR8DZCQ0E9B08WF","Music Controllers","","music-controllers-2","pcat_01KE1PPB81J41E4DHBVBSK81D1.pcat_01KE1PR2HF0KA8AGEF5SPP6F7C.pcat_01KE1PR81A2QS5ACWKVYKG9JSC.pcat_01KE1PR838XFW9VD42DN47RQX5.pcat_01KE1PR8P5K45HB1WHV15PSQSS.pcat_01KE1PR8X64TR8DZCQ0E9B08WF",True,False,2,"pcat_01KE1PR8P5K45HB1WHV15PSQSS","2026-01-03 10:34:20.966+00","2026-01-03 10:34:20.966+00",NULL,"{""original_id"": ""10111099011"", ""original_path"": ""Electronics > Video Game Consoles & Accessories > Wii U > Accessories > Controllers > Music Controllers"", ""original_level"": 0}"
"pcat_01KE1PR8ZE785HTM7KMB5W0PQB","Racing Wheels","","racing-wheels-2","pcat_01KE1PPB81J41E4DHBVBSK81D1.pcat_01KE1PR2HF0KA8AGEF5SPP6F7C.pcat_01KE1PR81A2QS5ACWKVYKG9JSC.pcat_01KE1PR838XFW9VD42DN47RQX5.pcat_01KE1PR8P5K45HB1WHV15PSQSS.pcat_01KE1PR8ZE785HTM7KMB5W0PQB",True,False,3,"pcat_01KE1PR8P5K45HB1WHV15PSQSS","2026-01-03 10:34:21.038+00","2026-01-03 10:34:21.038+00",NULL,"{""original_id"": ""3075164011"", ""original_path"": ""Electronics > Video Game Consoles & Accessories > Wii U > Accessories > Controllers > Racing Wheels"", ""original_level"": 0}"
"pcat_01KE1PR91FKG1N2S2AB90GZQMR","Faceplates, Protectors & Skins","","faceplates-protectors-skins-4","pcat_01KE1PPB81J41E4DHBVBSK81D1.pcat_01KE1PR2HF0KA8AGEF5SPP6F7C.pcat_01KE1PR81A2QS5ACWKVYKG9JSC.pcat_01KE1PR838XFW9VD42DN47RQX5.pcat_01KE1PR91FKG1N2S2AB90GZQMR",True,False,5,"pcat_01KE1PR838XFW9VD42DN47RQX5","2026-01-03 10:34:21.103+00","2026-01-03 10:34:21.103+00",NULL,"{""original_id"": ""10111100011"", ""original_path"": ""Electronics > Video Game Consoles & Accessories > Wii U > Accessories > Faceplates, Protectors & Skins"", ""original_level"": 4}"
"pcat_01KE1PR9354XH1AQXN5D8X6RZW","Faceplates","","faceplates-4","pcat_01KE1PPB81J41E4DHBVBSK81D1.pcat_01KE1PR2HF0KA8AGEF5SPP6F7C.pcat_01KE1PR81A2QS5ACWKVYKG9JSC.pcat_01KE1PR838XFW9VD42DN47RQX5.pcat_01KE1PR91FKG1N2S2AB90GZQMR.pcat_01KE1PR9354XH1AQXN5D8X6RZW",True,False,0,"pcat_01KE1PR91FKG1N2S2AB90GZQMR","2026-01-03 10:34:21.157+00","2026-01-03 10:34:21.157+00",NULL,"{""original_id"": ""3075149011"", ""original_path"": ""Electronics > Video Game Consoles & Accessories > Wii U > Accessories > Faceplates, Protectors & Skins > Faceplates"", ""original_level"": 0}"
"pcat_01KE1PR957DF2PPYAZ5VAZTQCX","Protectors","","protectors-3","pcat_01KE1PPB81J41E4DHBVBSK81D1.pcat_01KE1PR2HF0KA8AGEF5SPP6F7C.pcat_01KE1PR81A2QS5ACWKVYKG9JSC.pcat_01KE1PR838XFW9VD42DN47RQX5.pcat_01KE1PR91FKG1N2S2AB90GZQMR.pcat_01KE1PR957DF2PPYAZ5VAZTQCX",True,False,1,"pcat_01KE1PR91FKG1N2S2AB90GZQMR","2026-01-03 10:34:21.223+00","2026-01-03 10:34:21.223+00",NULL,"{""original_id"": ""10111102011"", ""original_path"": ""Electronics > Video Game Consoles & Accessories > Wii U > Accessories > Faceplates, Protectors & Skins > Protectors"", ""original_level"": 0}"
"pcat_01KE1PR982P81BWVW9M5HNYTS8","Skins","","skins-4","pcat_01KE1PPB81J41E4DHBVBSK81D1.pcat_01KE1PR2HF0KA8AGEF5SPP6F7C.pcat_01KE1PR81A2QS5ACWKVYKG9JSC.pcat_01KE1PR838XFW9VD42DN47RQX5.pcat_01KE1PR91FKG1N2S2AB90GZQMR.pcat_01KE1PR982P81BWVW9M5HNYTS8",True,False,2,"pcat_01KE1PR91FKG1N2S2AB90GZQMR","2026-01-03 10:34:21.315+00","2026-01-03 10:34:21.315+00",NULL,"{""original_id"": ""3075170011"", ""original_path"": ""Electronics > Video Game Consoles & Accessories > Wii U > Accessories > Faceplates, Protectors & Skins > Skins"", ""original_level"": 0}"
"pcat_01KE1PR9A7BNKK2PQ97EY3HJYG","Fitness Accessories","","fitness-accessories-2","pcat_01KE1PPB81J41E4DHBVBSK81D1.pcat_01KE1PR2HF0KA8AGEF5SPP6F7C.pcat_01KE1PR81A2QS5ACWKVYKG9JSC.pcat_01KE1PR838XFW9VD42DN47RQX5.pcat_01KE1PR9A7BNKK2PQ97EY3HJYG",True,False,6,"pcat_01KE1PR838XFW9VD42DN47RQX5","2026-01-03 10:34:21.383+00","2026-01-03 10:34:21.383+00",NULL,"{""original_id"": ""3075173011"", ""original_path"": ""Electronics > Video Game Consoles & Accessories > Wii U > Accessories > Fitness Accessories"", ""original_level"": 4}"
"pcat_01KE1PR9C6XYANH55280FV9RZV","Headsets","","headsets-8","pcat_01KE1PPB81J41E4DHBVBSK81D1.pcat_01KE1PR2HF0KA8AGEF5SPP6F7C.pcat_01KE1PR81A2QS5ACWKVYKG9JSC.pcat_01KE1PR838XFW9VD42DN47RQX5.pcat_01KE1PR9C6XYANH55280FV9RZV",True,False,7,"pcat_01KE1PR838XFW9VD42DN47RQX5","2026-01-03 10:34:21.446+00","2026-01-03 10:34:21.446+00",NULL,"{""original_id"": ""3075172011"", ""original_path"": ""Electronics > Video Game Consoles & Accessories > Wii U > Accessories > Headsets"", ""original_level"": 4}"
"pcat_01KE1PR9EB3X2HNN74758XG11A","Memory","","memory-5","pcat_01KE1PPB81J41E4DHBVBSK81D1.pcat_01KE1PR2HF0KA8AGEF5SPP6F7C.pcat_01KE1PR81A2QS5ACWKVYKG9JSC.pcat_01KE1PR838XFW9VD42DN47RQX5.pcat_01KE1PR9EB3X2HNN74758XG11A",True,False,8,"pcat_01KE1PR838XFW9VD42DN47RQX5","2026-01-03 10:34:21.515+00","2026-01-03 10:34:21.515+00",NULL,"{""original_id"": ""3075118011"", ""original_path"": ""Electronics > Video Game Consoles & Accessories > Wii U > Accessories > Memory"", ""original_level"": 4}"
"pcat_01KE1PR9GH5FJ53DNEENK9RBK0","Mounts, Brackets & Stands","","mounts-brackets-stands-2","pcat_01KE1PPB81J41E4DHBVBSK81D1.pcat_01KE1PR2HF0KA8AGEF5SPP6F7C.pcat_01KE1PR81A2QS5ACWKVYKG9JSC.pcat_01KE1PR838XFW9VD42DN47RQX5.pcat_01KE1PR9GH5FJ53DNEENK9RBK0",True,False,9,"pcat_01KE1PR838XFW9VD42DN47RQX5","2026-01-03 10:34:21.585+00","2026-01-03 10:34:21.585+00",NULL,"{""original_id"": ""10111103011"", ""original_path"": ""Electronics > Video Game Consoles & Accessories > Wii U > Accessories > Mounts, Brackets & Stands"", ""original_level"": 4}"
"pcat_01KE1PR9JET1ME224AT089TNM1","Sensor Bars","","sensor-bars-2","pcat_01KE1PPB81J41E4DHBVBSK81D1.pcat_01KE1PR2HF0KA8AGEF5SPP6F7C.pcat_01KE1PR81A2QS5ACWKVYKG9JSC.pcat_01KE1PR838XFW9VD42DN47RQX5.pcat_01KE1PR9JET1ME224AT089TNM1",True,False,10,"pcat_01KE1PR838XFW9VD42DN47RQX5","2026-01-03 10:34:21.646+00","2026-01-03 10:34:21.646+00",NULL,"{""original_id"": ""3075171011"", ""original_path"": ""Electronics > Video Game Consoles & Accessories > Wii U > Accessories > Sensor Bars"", ""original_level"": 4}"
"pcat_01KE1PR9MDQQ4A86E8PRMKT8YT","Consoles","","consoles-6","pcat_01KE1PPB81J41E4DHBVBSK81D1.pcat_01KE1PR2HF0KA8AGEF5SPP6F7C.pcat_01KE1PR81A2QS5ACWKVYKG9JSC.pcat_01KE1PR9MDQQ4A86E8PRMKT8YT",True,False,1,"pcat_01KE1PR81A2QS5ACWKVYKG9JSC","2026-01-03 10:34:21.709+00","2026-01-03 10:34:21.709+00",NULL,"{""original_id"": ""3075116011"", ""original_path"": ""Electronics > Video Game Consoles & Accessories > Wii U > Consoles"", ""original_level"": 3}"
"pcat_01KE1PR9P51JGYWHRZFRC6J05D","Xbox 360","","xbox-360","pcat_01KE1PPB81J41E4DHBVBSK81D1.pcat_01KE1PR2HF0KA8AGEF5SPP6F7C.pcat_01KE1PR9P51JGYWHRZFRC6J05D",True,False,9,"pcat_01KE1PR2HF0KA8AGEF5SPP6F7C","2026-01-03 10:34:21.766+00","2026-01-03 10:34:21.766+00",NULL,"{""original_id"": ""7926846011"", ""original_path"": ""Electronics > Video Game Consoles & Accessories > Xbox 360"", ""original_level"": 2}"
"pcat_01KE1PR9R3RXVGA0QSMHG5FRWY","Accessories","","accessories-7","pcat_01KE1PPB81J41E4DHBVBSK81D1.pcat_01KE1PR2HF0KA8AGEF5SPP6F7C.pcat_01KE1PR9P51JGYWHRZFRC6J05D.pcat_01KE1PR9R3RXVGA0QSMHG5FRWY",True,False,0,"pcat_01KE1PR9P51JGYWHRZFRC6J05D","2026-01-03 10:34:21.827+00","2026-01-03 10:34:21.827+00",NULL,"{""original_id"": ""14112941"", ""original_path"": ""Electronics > Video Game Consoles & Accessories > Xbox 360 > Accessories"", ""original_level"": 3}"
"pcat_01KE1PR9T13Y2JQJTHF74F1NWZ","Accessory Kits","","accessory-kits-8","pcat_01KE1PPB81J41E4DHBVBSK81D1.pcat_01KE1PR2HF0KA8AGEF5SPP6F7C.pcat_01KE1PR9P51JGYWHRZFRC6J05D.pcat_01KE1PR9R3RXVGA0QSMHG5FRWY.pcat_01KE1PR9T13Y2JQJTHF74F1NWZ",True,False,0,"pcat_01KE1PR9R3RXVGA0QSMHG5FRWY","2026-01-03 10:34:21.889+00","2026-01-03 10:34:21.889+00",NULL,"{""original_id"": ""353830011"", ""original_path"": ""Video Games > Xbox 360 > Accessories > Accessory Kits"", ""original_level"": 4}"
"pcat_01KE1PR9W0G1P7N1529TWK5YAA","Batteries & Chargers","","batteries-chargers-7","pcat_01KE1PPB81J41E4DHBVBSK81D1.pcat_01KE1PR2HF0KA8AGEF5SPP6F7C.pcat_01KE1PR9P51JGYWHRZFRC6J05D.pcat_01KE1PR9R3RXVGA0QSMHG5FRWY.pcat_01KE1PR9W0G1P7N1529TWK5YAA",True,False,1,"pcat_01KE1PR9R3RXVGA0QSMHG5FRWY","2026-01-03 10:34:21.952+00","2026-01-03 10:34:21.952+00",NULL,"{""original_id"": ""353456011"", ""original_path"": ""Video Games > Xbox 360 > Accessories > Batteries & Chargers"", ""original_level"": 4}"
"pcat_01KE1PR9XXX8Q6N1S9JV9HF38X","Cables & Adapters","","cables-adapters-6","pcat_01KE1PPB81J41E4DHBVBSK81D1.pcat_01KE1PR2HF0KA8AGEF5SPP6F7C.pcat_01KE1PR9P51JGYWHRZFRC6J05D.pcat_01KE1PR9R3RXVGA0QSMHG5FRWY.pcat_01KE1PR9XXX8Q6N1S9JV9HF38X",True,False,2,"pcat_01KE1PR9R3RXVGA0QSMHG5FRWY","2026-01-03 10:34:22.013+00","2026-01-03 10:34:22.013+00",NULL,"{""original_id"": ""14112951"", ""original_path"": ""Video Games > Xbox 360 > Accessories > Cables & Adapters"", ""original_level"": 4}"
"pcat_01KE1PR9ZPWZEXNNJTCBC9K31D","Cases & Storage","","cases-storage-6","pcat_01KE1PPB81J41E4DHBVBSK81D1.pcat_01KE1PR2HF0KA8AGEF5SPP6F7C.pcat_01KE1PR9P51JGYWHRZFRC6J05D.pcat_01KE1PR9R3RXVGA0QSMHG5FRWY.pcat_01KE1PR9ZPWZEXNNJTCBC9K31D",True,False,3,"pcat_01KE1PR9R3RXVGA0QSMHG5FRWY","2026-01-03 10:34:22.07+00","2026-01-03 10:34:22.07+00",NULL,"{""original_id"": ""14112961"", ""original_path"": ""Video Games > Xbox 360 > Accessories > Cases & Storage"", ""original_level"": 4}"
"pcat_01KE1PRA1E5TT5H4SMD1VY8SN8","Controllers","","controllers-5","pcat_01KE1PPB81J41E4DHBVBSK81D1.pcat_01KE1PR2HF0KA8AGEF5SPP6F7C.pcat_01KE1PR9P51JGYWHRZFRC6J05D.pcat_01KE1PR9R3RXVGA0QSMHG5FRWY.pcat_01KE1PRA1E5TT5H4SMD1VY8SN8",True,False,4,"pcat_01KE1PR9R3RXVGA0QSMHG5FRWY","2026-01-03 10:34:22.126+00","2026-01-03 10:34:22.126+00",NULL,"{""original_id"": ""14112981"", ""original_path"": ""Video Games > Xbox 360 > Accessories > Controllers"", ""original_level"": 4}"
"pcat_01KE1PRA3B12G3ZV0PB67PP66Y","Cooling Systems","","cooling-systems-2","pcat_01KE1PPB81J41E4DHBVBSK81D1.pcat_01KE1PR2HF0KA8AGEF5SPP6F7C.pcat_01KE1PR9P51JGYWHRZFRC6J05D.pcat_01KE1PR9R3RXVGA0QSMHG5FRWY.pcat_01KE1PRA3B12G3ZV0PB67PP66Y",True,False,5,"pcat_01KE1PR9R3RXVGA0QSMHG5FRWY","2026-01-03 10:34:22.187+00","2026-01-03 10:34:22.187+00",NULL,"{""original_id"": ""10111154011"", ""original_path"": ""Video Games > Xbox 360 > Accessories > Cooling Systems"", ""original_level"": 4}"
"pcat_01KE1PRA55N27NJEGD27GCPCC1","Faceplates, Protectors & Skins","","faceplates-protectors-skins-5","pcat_01KE1PPB81J41E4DHBVBSK81D1.pcat_01KE1PR2HF0KA8AGEF5SPP6F7C.pcat_01KE1PR9P51JGYWHRZFRC6J05D.pcat_01KE1PR9R3RXVGA0QSMHG5FRWY.pcat_01KE1PRA55N27NJEGD27GCPCC1",True,False,6,"pcat_01KE1PR9R3RXVGA0QSMHG5FRWY","2026-01-03 10:34:22.245+00","2026-01-03 10:34:22.245+00",NULL,"{""original_id"": ""10111155011"", ""original_path"": ""Video Games > Xbox 360 > Accessories > Faceplates, Protectors & Skins"", ""original_level"": 4}"
"pcat_01KE1PRA73QVTQ6QX2SQD9GEYK","Headsets","","headsets-9","pcat_01KE1PPB81J41E4DHBVBSK81D1.pcat_01KE1PR2HF0KA8AGEF5SPP6F7C.pcat_01KE1PR9P51JGYWHRZFRC6J05D.pcat_01KE1PR9R3RXVGA0QSMHG5FRWY.pcat_01KE1PRA73QVTQ6QX2SQD9GEYK",True,False,7,"pcat_01KE1PR9R3RXVGA0QSMHG5FRWY","2026-01-03 10:34:22.307+00","2026-01-03 10:34:22.307+00",NULL,"{""original_id"": ""676963011"", ""original_path"": ""Video Games > Xbox 360 > Accessories > Headsets"", ""original_level"": 4}"
"pcat_01KE1PRA90MZMHV0XC6DZSRQN5","Memory","","memory-6","pcat_01KE1PPB81J41E4DHBVBSK81D1.pcat_01KE1PR2HF0KA8AGEF5SPP6F7C.pcat_01KE1PR9P51JGYWHRZFRC6J05D.pcat_01KE1PR9R3RXVGA0QSMHG5FRWY.pcat_01KE1PRA90MZMHV0XC6DZSRQN5",True,False,8,"pcat_01KE1PR9R3RXVGA0QSMHG5FRWY","2026-01-03 10:34:22.368+00","2026-01-03 10:34:22.368+00",NULL,"{""original_id"": ""14112991"", ""original_path"": ""Video Games > Xbox 360 > Accessories > Memory"", ""original_level"": 4}"
"pcat_01KE1PRAB028ADVMCHYBT6D5PR","Mounts, Brackets & Stands","","mounts-brackets-stands-3","pcat_01KE1PPB81J41E4DHBVBSK81D1.pcat_01KE1PR2HF0KA8AGEF5SPP6F7C.pcat_01KE1PR9P51JGYWHRZFRC6J05D.pcat_01KE1PR9R3RXVGA0QSMHG5FRWY.pcat_01KE1PRAB028ADVMCHYBT6D5PR",True,False,9,"pcat_01KE1PR9R3RXVGA0QSMHG5FRWY","2026-01-03 10:34:22.433+00","2026-01-03 10:34:22.433+00",NULL,"{""original_id"": ""10111158011"", ""original_path"": ""Video Games > Xbox 360 > Accessories > Mounts, Brackets & Stands"", ""original_level"": 4}"
"pcat_01KE1PRACYJR8KKTHGCFSFRWA8","Thumb Grips","","thumb-grips","pcat_01KE1PPB81J41E4DHBVBSK81D1.pcat_01KE1PR2HF0KA8AGEF5SPP6F7C.pcat_01KE1PR9P51JGYWHRZFRC6J05D.pcat_01KE1PR9R3RXVGA0QSMHG5FRWY.pcat_01KE1PRACYJR8KKTHGCFSFRWA8",True,False,10,"pcat_01KE1PR9R3RXVGA0QSMHG5FRWY","2026-01-03 10:34:22.494+00","2026-01-03 10:34:22.494+00",NULL,"{""original_id"": ""10111172011"", ""original_path"": ""Video Games > Xbox 360 > Accessories > Thumb Grips"", ""original_level"": 4}"
"pcat_01KE1PRAF15H34G9EYJTBDSJKQ","Xbox One","","xbox-one","pcat_01KE1PPB81J41E4DHBVBSK81D1.pcat_01KE1PR2HF0KA8AGEF5SPP6F7C.pcat_01KE1PRAF15H34G9EYJTBDSJKQ",True,False,10,"pcat_01KE1PR2HF0KA8AGEF5SPP6F7C","2026-01-03 10:34:22.561+00","2026-01-03 10:34:22.561+00",NULL,"{""original_id"": ""7926844011"", ""original_path"": ""Electronics > Video Game Consoles & Accessories > Xbox One"", ""original_level"": 2}"
"pcat_01KE1PRAH8RGFJZYYKB1RKVADC","Video Projectors","","video-projectors","pcat_01KE1PPB81J41E4DHBVBSK81D1.pcat_01KE1PRAH8RGFJZYYKB1RKVADC",True,False,10,"pcat_01KE1PPB81J41E4DHBVBSK81D1","2026-01-03 10:34:22.632+00","2026-01-03 10:34:22.632+00",NULL,"{""original_id"": ""300334"", ""original_path"": ""Electronics > Video Projectors"", ""original_level"": 1}"
"pcat_01KE1PRAKMEB8M5YQPT8FWDXRY","Wearable Technology","","wearable-technology","pcat_01KE1PPB81J41E4DHBVBSK81D1.pcat_01KE1PRAKMEB8M5YQPT8FWDXRY",True,False,11,"pcat_01KE1PPB81J41E4DHBVBSK81D1","2026-01-03 10:34:22.708+00","2026-01-03 10:34:22.708+00",NULL,"{""original_id"": ""10048700011"", ""original_path"": ""Electronics > Wearable Technology"", ""original_level"": 1}"
"pcat_01KE1PRASM5W0RDP29X8C3Z0G5","Rings","","rings","pcat_01KE1PPB81J41E4DHBVBSK81D1.pcat_01KE1PRAKMEB8M5YQPT8FWDXRY.pcat_01KE1PRASM5W0RDP29X8C3Z0G5",True,False,2,"pcat_01KE1PRAKMEB8M5YQPT8FWDXRY","2026-01-03 10:34:22.9+00","2026-01-03 10:34:22.9+00",NULL,"{""original_id"": ""10048711011"", ""original_path"": ""Electronics > Wearable Technology > Rings"", ""original_level"": 2}"
"pcat_01KE1PRAVMEFJ2D0V3Y7P44ZSJ","Virtual Reality","","virtual-reality","pcat_01KE1PPB81J41E4DHBVBSK81D1.pcat_01KE1PRAKMEB8M5YQPT8FWDXRY.pcat_01KE1PRAVMEFJ2D0V3Y7P44ZSJ",True,False,3,"pcat_01KE1PRAKMEB8M5YQPT8FWDXRY","2026-01-03 10:34:22.964+00","2026-01-03 10:34:22.964+00",NULL,"{""original_id"": ""14775003011"", ""original_path"": ""Electronics > Wearable Technology > Virtual Reality"", ""original_level"": 2}"
"pcat_01KE1PRAXM0VXMP2A7Y2XNQBR2","VR Headsets","","vr-headsets","pcat_01KE1PPB81J41E4DHBVBSK81D1.pcat_01KE1PRAKMEB8M5YQPT8FWDXRY.pcat_01KE1PRAVMEFJ2D0V3Y7P44ZSJ.pcat_01KE1PRAXM0VXMP2A7Y2XNQBR2",True,False,0,"pcat_01KE1PRAVMEFJ2D0V3Y7P44ZSJ","2026-01-03 10:34:23.028+00","2026-01-03 10:34:23.028+00",NULL,"{""original_id"": ""14670126011"", ""original_path"": ""Electronics > Wearable Technology > Virtual Reality > VR Headsets"", ""original_level"": 3}"
"pcat_01KE1PRAZBB4WT0RS7Z7CX3FY5","eBook Readers & Accessories","","ebook-readers-accessories","pcat_01KE1PPB81J41E4DHBVBSK81D1.pcat_01KE1PRAZBB4WT0RS7Z7CX3FY5",True,False,12,"pcat_01KE1PPB81J41E4DHBVBSK81D1","2026-01-03 10:34:23.083+00","2026-01-03 10:34:23.083+00",NULL,"{""original_id"": ""2642125011"", ""original_path"": ""Electronics > eBook Readers & Accessories"", ""original_level"": 1}"
"pcat_01KE1PRB1EJ5BM6PMVKE4DZ88R","Bundles","","bundles","pcat_01KE1PPB81J41E4DHBVBSK81D1.pcat_01KE1PRAZBB4WT0RS7Z7CX3FY5.pcat_01KE1PRB1EJ5BM6PMVKE4DZ88R",True,False,0,"pcat_01KE1PRAZBB4WT0RS7Z7CX3FY5","2026-01-03 10:34:23.15+00","2026-01-03 10:34:23.15+00",NULL,"{""original_id"": ""2642130011"", ""original_path"": ""Electronics > eBook Readers & Accessories > Bundles"", ""original_level"": 2}"
"pcat_01KE1PRB5HCN0B0E52GBGNNNVW","Power Adapters","","power-adapters-2","pcat_01KE1PPB81J41E4DHBVBSK81D1.pcat_01KE1PRAZBB4WT0RS7Z7CX3FY5.pcat_01KE1PRB5HCN0B0E52GBGNNNVW",True,False,2,"pcat_01KE1PRAZBB4WT0RS7Z7CX3FY5","2026-01-03 10:34:23.281+00","2026-01-03 10:34:23.281+00",NULL,"{""original_id"": ""2642132011"", ""original_path"": ""Electronics > eBook Readers & Accessories > Power Adapters"", ""original_level"": 2}"
"pcat_01KE1PRB7FDE2A594FVMAS53HJ","Power Cables","","power-cables-2","pcat_01KE1PPB81J41E4DHBVBSK81D1.pcat_01KE1PRAZBB4WT0RS7Z7CX3FY5.pcat_01KE1PRB7FDE2A594FVMAS53HJ",True,False,3,"pcat_01KE1PRAZBB4WT0RS7Z7CX3FY5","2026-01-03 10:34:23.343+00","2026-01-03 10:34:23.343+00",NULL,"{""original_id"": ""2642133011"", ""original_path"": ""Electronics > eBook Readers & Accessories > Power Cables"", ""original_level"": 2}"
"pcat_01KE1PRB9HPV6KMN810D0F27VW","Reading Lights","","reading-lights","pcat_01KE1PPB81J41E4DHBVBSK81D1.pcat_01KE1PRAZBB4WT0RS7Z7CX3FY5.pcat_01KE1PRB9HPV6KMN810D0F27VW",True,False,4,"pcat_01KE1PRAZBB4WT0RS7Z7CX3FY5","2026-01-03 10:34:23.409+00","2026-01-03 10:34:23.409+00",NULL,"{""original_id"": ""2642134011"", ""original_path"": ""Electronics > eBook Readers & Accessories > Reading Lights"", ""original_level"": 2}"
"pcat_01KE1PRBBEC06NJZXV30CBKC5Z","Screen Protectors","","screen-protectors-7","pcat_01KE1PPB81J41E4DHBVBSK81D1.pcat_01KE1PRAZBB4WT0RS7Z7CX3FY5.pcat_01KE1PRBBEC06NJZXV30CBKC5Z",True,False,5,"pcat_01KE1PRAZBB4WT0RS7Z7CX3FY5","2026-01-03 10:34:23.47+00","2026-01-03 10:34:23.47+00",NULL,"{""original_id"": ""2642135011"", ""original_path"": ""Electronics > eBook Readers & Accessories > Screen Protectors"", ""original_level"": 2}"
"pcat_01KE1PRBDFXAVERMPMQPAGCM9Q","Skins","","skins-5","pcat_01KE1PPB81J41E4DHBVBSK81D1.pcat_01KE1PRAZBB4WT0RS7Z7CX3FY5.pcat_01KE1PRBDFXAVERMPMQPAGCM9Q",True,False,6,"pcat_01KE1PRAZBB4WT0RS7Z7CX3FY5","2026-01-03 10:34:23.535+00","2026-01-03 10:34:23.535+00",NULL,"{""original_id"": ""2642136011"", ""original_path"": ""Electronics > eBook Readers & Accessories > Skins"", ""original_level"": 2}"
"pcat_01KE1PRBFJ8EKWYB5QMX46HNR5","Sleeves","","sleeves-3","pcat_01KE1PPB81J41E4DHBVBSK81D1.pcat_01KE1PRAZBB4WT0RS7Z7CX3FY5.pcat_01KE1PRBFJ8EKWYB5QMX46HNR5",True,False,7,"pcat_01KE1PRAZBB4WT0RS7Z7CX3FY5","2026-01-03 10:34:23.602+00","2026-01-03 10:34:23.602+00",NULL,"{""original_id"": ""2642137011"", ""original_path"": ""Electronics > eBook Readers & Accessories > Sleeves"", ""original_level"": 2}"
"pcat_01KE1PRBHPPF5Z046525GX9809","Stands","","stands-5","pcat_01KE1PPB81J41E4DHBVBSK81D1.pcat_01KE1PRAZBB4WT0RS7Z7CX3FY5.pcat_01KE1PRBHPPF5Z046525GX9809",True,False,8,"pcat_01KE1PRAZBB4WT0RS7Z7CX3FY5","2026-01-03 10:34:23.671+00","2026-01-03 10:34:23.671+00",NULL,"{""original_id"": ""2642138011"", ""original_path"": ""Electronics > eBook Readers & Accessories > Stands"", ""original_level"": 2}"
"pcat_01KE1PRBKT5C7V73YZKWDQ2QA1","eBook Readers","","ebook-readers","pcat_01KE1PPB81J41E4DHBVBSK81D1.pcat_01KE1PRAZBB4WT0RS7Z7CX3FY5.pcat_01KE1PRBKT5C7V73YZKWDQ2QA1",True,False,9,"pcat_01KE1PRAZBB4WT0RS7Z7CX3FY5","2026-01-03 10:34:23.739+00","2026-01-03 10:34:23.739+00",NULL,"{""original_id"": ""2642129011"", ""original_path"": ""Electronics > eBook Readers & Accessories > eBook Readers"", ""original_level"": 2}"
